booking_id,session_id,user_id,hotel_id,checkin_date,nights,gross_amount_thb,created_ts
1,3,2,751,2027-02-05,2,3757,2026-12-16T14:29:15+07:00
2,7,3,534,2026-11-06,2,8708,2026-11-06T05:19:02+07:00
3,24,6,214,2026-09-25,3,22535,2026-09-10T14:21:15+07:00
4,36,11,139,2026-12-17,5,25346,2026-12-02T23:46:11+07:00
5,40,13,575,2026-11-29,1,13242,2026-11-25T22:13:12+07:00
6,42,14,253,2027-01-16,10,36266,2026-12-04T07:53:41+07:00
7,67,21,715,2026-12-18,2,8162,2026-10-22T12:12:49+07:00
8,74,22,84,2026-04-23,12,33582,2026-03-14T11:19:21+07:00
9,73,22,99,2026-07-07,6,12202,2026-06-07T21:59:40+07:00
10,86,26,506,2026-09-15,1,7197,2026-09-11T12:47:14+07:00
11,96,28,57,2026-07-27,4,14744,2026-07-07T16:27:23+07:00
12,103,29,718,2026-10-16,11,7009,2026-09-10T19:01:35+07:00
13,102,29,619,2026-12-10,6,8098,2026-11-16T01:12:21+07:00
14,108,30,769,2026-12-23,11,9782,2026-12-13T02:05:07+07:00
15,119,32,416,2026-05-08,3,8520,2026-03-19T15:57:09+07:00
16,136,39,10,2027-01-25,11,19717,2026-12-15T10:03:25+07:00
17,143,43,32,2026-10-27,2,26886,2026-10-23T16:08:36+07:00
18,150,46,615,2026-10-31,12,22757,2026-10-23T16:16:22+07:00
19,152,46,173,2027-01-14,7,12942,2026-12-08T03:04:56+07:00
20,151,46,249,2027-01-14,12,47821,
21,153,47,778,2026-12-11,5,5723,2026-10-26T21:01:25+07:00
22,155,48,275,2026-11-10,4,30463,2026-10-14T20:12:44+07:00
23,173,54,29,2026-07-04,9,33191,2026-06-27T18:22:38+07:00
24,188,59,203,2026-06-02,11,47233,2026-05-27T10:54:51+07:00
25,200,61,716,2026-09-15,4,11122,2026-08-23T01:51:50+07:00
26,197,61,606,2026-09-18,2,8730,2026-08-30T23:47:18+07:00
27,195,61,88,2026-11-20,5,18300,2026-11-01T03:45:25+07:00
28,219,67,403,2027-01-22,3,28491,2026-12-21T01:42:31+07:00
29,231,70,225,2027-02-05,3,9885,
30,238,73,798,2026-11-14,7,16257,2026-11-01T00:59:20+07:00
31,250,79,74,2027-01-17,2,8407,2026-12-15T13:01:42+07:00
32,259,81,36,2026-09-05,4,13520,2026-08-07T22:48:48+07:00
33,287,88,332,2026-06-23,3,6207,2026-04-27T12:48:16+07:00
34,291,92,661,2026-09-28,3,4635,2026-08-19T08:57:12+07:00
35,293,93,17,2026-08-21,1,4201,2026-08-17T09:48:59+07:00
36,297,95,267,2026-12-04,3,7231,2026-11-14T19:44:51+07:00
37,317,103,207,2026-09-10,7,7357,2026-08-16T19:06:01+07:00
38,323,104,605,2026-11-30,2,35443,2026-11-30T17:15:38+07:00
39,338,109,439,2026-01-22,1,10441,2026-01-22T20:36:04+07:00
40,347,111,621,2026-11-20,4,17652,2026-09-30T17:09:05+07:00
41,349,112,380,2026-11-13,2,12327,2026-10-09T15:49:37+07:00
42,355,113,263,2027-02-05,2,5321,2026-12-26T17:50:45+07:00
43,356,114,366,2026-06-24,8,17121,2026-05-26T16:39:14+07:00
44,357,115,581,2026-08-25,12,17118,2026-07-26T13:59:29+07:00
45,361,115,62,2026-10-15,8,23030,2026-09-10T16:19:39+07:00
46,366,116,750,2026-11-01,1,3575,2026-11-01T23:40:06+07:00
47,372,118,177,2026-06-12,5,6063,2026-05-23T17:45:01+07:00
48,375,119,538,2026-06-15,3,8707,2026-06-01T12:52:50+07:00
49,380,120,196,2026-11-05,9,29134,2026-09-30T13:19:03+07:00
50,386,121,453,2026-08-07,2,6372,2026-07-22T11:41:39+07:00
51,391,122,46,2026-05-09,3,24622,2026-03-24T14:40:27+07:00
52,388,122,746,2026-04-24,3,6471,2026-03-25T14:08:10+07:00
53,393,123,535,2026-12-20,5,3806,2026-12-14T22:22:40+07:00
54,404,126,39,2026-12-31,12,25661,2026-11-20T13:35:29+07:00
55,410,127,594,2026-03-07,1,4807,2026-03-07T09:56:08+07:00
56,411,128,758,2026-07-18,1,12446,2026-07-16T17:03:16+07:00
57,420,130,553,2026-12-26,4,6191,2026-11-11T21:48:52+07:00
58,432,134,552,2026-12-04,3,5316,2026-10-25T22:06:41+07:00
59,436,135,696,2026-07-15,3,5049,2026-06-18T15:43:13+07:00
60,448,138,103,2026-09-13,6,12265,2026-08-26T11:17:34+07:00
61,451,139,41,2026-10-29,9,38601,2026-10-13T11:09:29+07:00
62,456,141,337,2026-12-22,3,4028,2026-11-21T20:06:41+07:00
63,469,143,119,2026-02-27,4,13674,2026-02-09T19:11:16+07:00
64,492,153,517,2026-05-02,5,12992,2026-03-26T19:56:04+07:00
65,510,160,543,2026-10-20,1,5555,
66,514,161,174,2026-12-21,1,9340,2026-12-17T10:44:46+07:00
67,532,169,483,2026-04-25,1,4180,2026-04-22T00:41:23+07:00
68,534,170,144,2026-09-04,4,21342,2026-07-07T16:53:43+07:00
69,539,171,315,2027-02-12,3,6328,2026-12-19T19:20:28+07:00
70,541,172,791,2026-10-30,6,8089,2026-10-01T11:59:43+07:00
71,552,175,391,2026-10-24,2,13771,2026-10-04T16:02:26+07:00
72,553,176,167,2026-11-21,3,19745,2026-10-10T15:28:04+07:00
73,557,177,125,2026-07-14,6,8100,2026-07-01T10:24:41+07:00
74,561,178,606,2026-09-22,3,12139,2026-09-21T22:38:37+07:00
75,569,180,222,2026-08-02,3,12481,2026-07-28T20:25:53+07:00
76,572,181,332,2026-12-18,2,3762,2026-10-26T06:05:17+07:00
77,591,188,119,2026-10-04,12,40744,2026-09-24T23:57:14+07:00
78,594,190,286,2026-09-08,10,13798,2026-08-17T00:25:39+07:00
79,599,191,547,2026-04-06,9,26931,2026-03-26T23:19:29+07:00
80,605,193,480,2026-11-06,3,4078,
81,609,195,753,2026-09-18,3,7697,2026-08-28T21:42:21+07:00
82,627,205,516,2026-08-13,7,20072,2026-07-07T19:02:07+07:00
83,637,207,570,2026-07-03,7,16459,2026-06-21T08:56:41+07:00
84,669,217,512,2026-10-30,3,9107,2026-10-26T12:01:44+07:00
85,677,219,565,2026-07-12,2,11413,2026-05-15T13:05:12+07:00
86,686,221,138,2026-12-14,5,12499,2026-11-08T16:09:17+07:00
87,689,222,1,2026-12-27,1,5124,2026-12-23T22:28:50+07:00
88,705,226,231,2026-12-27,12,23025,2026-12-06T19:44:49+07:00
89,710,228,164,2026-12-11,5,4688,2026-11-20T22:18:12+07:00
90,716,231,168,2026-08-21,3,10756,2026-07-29T18:55:03+07:00
91,720,232,89,2026-09-19,4,8760,2026-09-01T02:19:07+07:00
92,726,233,658,2026-05-01,7,13114,2026-04-13T00:01:28+07:00
93,730,234,2,2026-06-03,7,28130,2026-04-28T15:31:52+07:00
94,734,236,798,2026-08-25,4,8593,2026-08-06T18:00:02+07:00
95,745,240,49,2026-11-20,3,21080,2026-09-27T20:27:56+07:00
96,758,246,434,2026-09-08,5,37802,2026-08-23T15:35:40+07:00
97,767,249,204,2026-08-16,3,4683,2026-08-05T19:03:30+07:00
98,773,251,145,2026-08-22,9,12435,2026-07-17T22:51:30+07:00
99,785,256,318,2026-10-10,1,6953,2026-10-07T09:31:45+07:00
100,788,256,79,2026-12-18,1,5026,2026-12-17T12:32:12+07:00
101,786,256,214,2026-12-30,1,7132,2026-12-29T20:03:53+07:00
102,792,258,303,2026-03-29,12,34494,2026-03-16T19:48:29+07:00
103,803,261,332,2026-08-14,3,5997,2026-07-15T08:48:53+07:00
104,808,262,79,2027-01-22,5,28055,2026-12-15T22:01:35+07:00
105,815,265,44,2026-04-18,12,29103,2026-03-08T19:14:33+07:00
106,817,265,289,2026-04-17,4,5658,2026-03-16T14:28:37+07:00
107,819,266,446,2026-12-11,2,16367,2026-11-19T14:06:33+07:00
108,833,269,242,2026-07-17,4,25264,2026-07-02T14:18:24+07:00
109,843,272,99,2026-10-23,3,5033,2026-09-29T00:45:53+07:00
110,852,277,718,2026-10-27,3,2301,2026-09-17T18:58:04+07:00
111,858,278,754,2026-10-19,11,28322,2026-10-04T22:38:31+07:00
112,863,279,139,2026-12-14,1,5405,2026-12-10T07:51:15+07:00
113,871,284,270,2026-05-04,9,10918,
114,907,295,220,2026-12-25,2,9667,2026-11-08T15:36:59+07:00
115,912,296,321,2026-10-05,1,13426,2026-10-05T14:08:28+07:00
116,916,297,98,2026-07-17,7,8821,2026-07-11T17:51:11+07:00
117,926,300,693,2026-04-30,5,11151,2026-04-09T00:55:41+07:00
118,927,300,140,2026-05-17,4,7126,2026-04-11T01:52:11+07:00
119,928,301,1,2026-10-30,4,22986,2026-10-06T13:32:58+07:00
120,939,306,165,2026-12-27,1,3063,2026-12-25T00:03:24+07:00
121,958,311,542,2027-01-29,4,18630,2026-12-24T23:48:35+07:00
122,963,313,549,2026-02-17,3,12651,2026-01-16T22:58:44+07:00
123,970,316,288,2026-12-18,2,3166,
124,996,327,367,2026-02-13,2,8792,2026-02-04T17:23:11+07:00
125,998,328,103,2026-05-21,4,8319,2026-04-03T13:15:27+07:00
126,1000,329,608,2026-05-09,7,5240,
127,1025,335,350,2026-10-01,6,7379,2026-09-22T21:05:47+07:00
128,1039,339,169,2026-08-03,8,15020,2026-07-16T12:09:23+07:00
129,1057,346,474,2026-11-10,11,14867,2026-09-27T17:08:24+07:00
130,1070,351,428,2026-04-04,5,62442,2026-03-23T11:18:45+07:00
131,1074,352,655,2026-07-03,1,7039,2026-07-03T09:49:36+07:00
132,1079,355,419,2026-08-01,12,57362,2026-07-04T07:56:05+07:00
133,1084,356,644,2026-07-22,9,22883,
134,1125,372,239,2026-11-02,12,19088,2026-10-21T01:27:30+07:00
135,1135,375,499,2027-01-11,3,6950,2026-12-21T18:42:37+07:00
136,1137,376,561,2026-08-16,10,11393,2026-08-03T18:33:16+07:00
137,1149,380,77,2026-10-16,2,6289,
138,1165,386,144,2026-10-23,4,20939,2026-10-03T08:48:06+07:00
139,1180,392,354,2026-09-11,3,18688,2026-07-23T14:18:25+07:00
140,1181,392,63,2026-10-07,2,13043,2026-08-26T21:43:25+07:00
141,1205,402,46,2026-12-11,4,35106,2026-11-12T14:21:43+07:00
142,1209,404,721,2026-11-25,11,18665,2026-11-01T02:43:55+07:00
143,1214,405,432,2026-12-18,3,25303,2026-11-14T15:11:53+07:00
144,1211,405,64,2026-12-11,4,36196,2026-11-14T23:06:35+07:00
145,1210,405,323,2026-12-25,3,10011,2026-12-11T10:16:27+07:00
146,1220,407,88,2026-08-14,9,31508,2026-08-06T08:58:08+07:00
147,1222,408,268,2026-11-20,4,8942,2026-10-13T21:54:24+07:00
148,1224,410,13,2026-08-29,1,7571,2026-08-25T14:35:39+07:00
149,1230,412,665,2026-08-16,8,9610,2026-08-05T04:04:59+07:00
150,1234,413,766,2026-11-01,5,3197,2026-10-20T14:21:47+07:00
151,1258,423,225,2026-04-07,5,17952,2026-02-22T20:02:28+07:00
152,1277,427,145,2026-12-04,3,4188,2026-11-09T01:13:02+07:00
153,1288,430,147,2027-01-29,3,7083,2026-12-01T07:31:11+07:00
154,1303,434,310,2026-10-25,8,9148,2026-10-04T17:27:26+07:00
155,1301,434,379,2026-12-05,6,12638,2026-11-05T20:23:07+07:00
156,1305,435,745,2027-02-03,12,19316,2026-12-27T14:20:22+07:00
157,1316,442,652,2026-12-28,1,16396,2026-12-26T17:50:17+07:00
158,1320,443,552,2027-01-15,5,9751,2026-12-08T08:58:13+07:00
159,1343,449,547,2027-01-29,7,22739,2026-12-16T13:05:24+07:00
160,1348,451,755,2026-03-01,2,13171,2026-02-26T11:43:05+07:00
161,1357,455,502,2026-10-13,2,39164,2026-10-11T21:14:39+07:00
162,1363,457,192,2026-08-08,9,19626,2026-08-05T01:13:47+07:00
163,1384,464,60,2027-01-11,3,4155,2026-11-28T11:04:10+07:00
164,1388,465,126,2026-10-30,4,6822,2026-10-20T14:20:56+07:00
165,1398,469,154,2026-09-02,3,12842,2026-07-27T22:44:04+07:00
166,1411,475,315,2026-10-26,9,22468,2026-10-21T16:35:46+07:00
167,1414,477,750,2026-03-16,3,10514,2026-02-17T17:05:04+07:00
168,1436,485,576,2027-02-05,3,5994,2026-12-30T19:31:09+07:00
169,1446,489,134,2027-01-18,10,19786,2026-12-11T02:47:16+07:00
170,1449,491,398,2026-05-25,4,15517,2026-05-16T05:58:40+07:00
171,1456,493,385,2026-10-10,4,7094,2026-10-07T00:27:48+07:00
172,1463,495,58,2026-06-06,3,20213,2026-05-23T22:24:15+07:00
173,1465,497,37,2026-10-20,5,5566,
174,1479,502,715,2026-05-15,3,10525,2026-03-19T09:53:31+07:00
175,1487,504,573,2026-12-04,2,3542,2026-11-20T17:15:35+07:00
176,1486,504,180,2027-02-05,2,11864,2026-12-31T02:08:01+07:00
177,1491,505,425,2026-11-28,1,10779,2026-11-25T11:01:01+07:00
178,1502,506,511,2026-09-22,6,8628,2026-09-13T01:17:42+07:00
179,1497,506,555,2026-11-20,6,7328,2026-10-10T08:24:55+07:00
180,1499,506,486,2026-11-09,11,26286,2026-10-22T08:36:44+07:00
181,1507,507,771,2026-11-06,4,6887,2026-09-08T16:26:39+07:00
182,1518,511,393,2026-02-20,3,23070,2026-02-07T09:45:07+07:00
183,1540,518,618,2026-09-03,4,6312,2026-08-03T11:25:12+07:00
184,1541,519,333,2026-10-02,3,15972,2026-08-01T18:45:34+07:00
185,1545,521,81,2026-12-01,1,5784,2026-12-01T08:15:07+07:00
186,1557,524,563,2027-01-29,2,14844,2026-12-31T23:13:05+07:00
187,1572,527,262,2026-05-21,1,6074,2026-05-20T17:19:44+07:00
188,1580,529,631,2026-07-13,2,16688,2026-07-09T11:48:10+07:00
189,1578,529,301,2026-08-15,1,5981,2026-08-13T17:07:36+07:00
190,1588,531,7,2026-10-16,3,21933,2026-08-19T13:22:54+07:00
191,1600,533,346,2026-06-19,2,15064,2026-04-22T19:58:20+07:00
192,1608,534,51,2027-01-15,3,7075,2026-12-19T15:15:41+07:00
193,1609,534,31,2026-12-29,2,13055,2026-12-22T23:09:53+07:00
194,1639,545,676,2026-11-03,10,11838,2026-10-09T00:21:32+07:00
195,1638,545,337,2026-10-29,4,4902,2026-10-15T01:04:57+07:00
196,1641,546,196,2026-12-28,8,24878,2026-12-21T12:36:50+07:00
197,1647,549,236,2027-01-06,2,10498,2026-11-13T00:02:54+07:00
198,1646,549,216,2027-02-09,2,14173,2026-12-21T18:11:01+07:00
199,1663,553,617,2027-02-05,3,11586,2026-12-10T11:23:49+07:00
200,1658,553,401,2027-01-31,3,7086,2026-12-31T02:23:54+07:00
201,1664,554,331,2026-11-06,2,9444,2026-10-03T10:51:03+07:00
202,1665,554,532,2027-02-05,2,7338,2026-12-08T17:49:05+07:00
203,1667,555,748,2026-08-14,3,8177,2026-08-01T12:22:55+07:00
204,1672,556,119,2026-07-28,12,50410,2026-06-18T07:49:02+07:00
205,1673,557,46,2026-12-04,2,15211,2026-10-20T15:04:14+07:00
206,1675,558,676,2026-10-15,7,8668,2026-09-17T15:00:32+07:00
207,1676,559,145,2026-04-04,3,4102,2026-03-23T08:24:00+07:00
208,1680,560,307,2026-08-18,11,35775,2026-08-01T09:19:58+07:00
209,1686,561,363,2026-11-09,10,16510,2026-11-01T01:02:27+07:00
210,1685,561,169,2026-11-25,4,6596,2026-11-20T12:46:41+07:00
211,1694,564,697,2027-01-06,3,10877,2026-11-20T11:19:53+07:00
212,1695,564,627,2027-02-12,2,6275,2026-12-19T00:42:00+07:00
213,1697,565,577,2026-06-11,1,16070,2026-06-08T15:14:25+07:00
214,1707,568,254,2026-10-22,4,13748,2026-10-06T01:14:24+07:00
215,1706,568,790,2026-12-05,2,6102,2026-10-29T14:58:20+07:00
216,1728,574,695,2026-05-06,2,33095,2026-05-03T18:36:12+07:00
217,1738,577,436,2026-05-08,8,41621,2026-04-25T19:49:23+07:00
218,1736,577,705,2026-07-06,10,20750,2026-07-01T23:44:28+07:00
219,1744,581,97,2026-06-03,12,30549,2026-05-21T22:39:38+07:00
220,1746,582,141,2026-05-29,4,6635,2026-03-29T23:15:53+07:00
221,1760,589,10,2026-12-19,2,3597,2026-12-03T16:33:57+07:00
222,1758,589,185,2027-01-10,4,26827,2026-12-27T09:25:59+07:00
223,1767,590,37,2026-03-01,11,10854,
224,1769,591,778,2026-07-26,2,1986,2026-06-27T19:03:49+07:00
225,1770,591,748,2026-09-18,4,11800,2026-08-12T17:40:03+07:00
226,1783,595,243,2027-01-07,3,7197,2026-12-09T04:35:14+07:00
227,1789,597,167,2026-10-02,3,16979,2026-08-25T17:00:40+07:00
228,1790,598,147,2026-07-17,4,10579,2026-06-24T12:47:59+07:00
229,1794,599,611,2026-06-27,3,12957,
230,1795,599,740,2026-06-21,2,3733,2026-05-28T19:26:03+07:00
231,1799,600,654,2026-12-29,5,10494,2026-11-25T17:25:34+07:00
232,1808,602,686,2026-06-24,12,24092,2026-06-11T16:45:53+07:00
233,1811,603,512,2026-12-04,3,8647,2026-11-01T22:29:02+07:00
234,1813,605,260,2026-07-08,2,13817,2026-07-07T19:01:21+07:00
235,1816,606,777,2027-02-16,5,13841,2026-12-21T00:41:49+07:00
236,1832,611,616,2026-04-24,3,20026,2026-03-02T00:16:41+07:00
237,1830,611,684,2026-04-18,4,6469,2026-03-25T10:44:54+07:00
238,1831,611,497,2026-05-15,3,6714,2026-04-28T13:53:24+07:00
239,1834,612,653,2026-05-22,2,10282,2026-03-31T22:30:32+07:00
240,1835,613,453,2026-10-24,2,6330,2026-10-22T12:32:55+07:00
241,1850,618,183,2026-12-11,3,6941,2026-11-24T19:35:13+07:00
242,1860,621,117,2026-10-21,1,6996,2026-10-17T10:03:36+07:00
243,1868,623,404,2026-08-07,11,17889,2026-07-20T19:57:45+07:00
244,1871,624,691,2026-03-27,3,6813,2026-02-09T23:39:24+07:00
245,1877,626,176,2027-01-17,10,14159,2026-12-15T19:30:28+07:00
246,1890,632,428,2026-12-11,2,26327,2026-10-19T15:55:40+07:00
247,1893,632,358,2026-11-20,4,20115,2026-11-04T17:06:24+07:00
248,1891,632,248,2026-12-13,4,8950,2026-11-07T13:17:44+07:00
249,1896,634,51,2026-11-21,4,9672,2026-10-26T01:45:26+07:00
250,1897,634,384,2027-01-15,2,4461,2026-11-12T17:55:39+07:00
251,1902,635,402,2026-08-25,1,38649,2026-08-25T06:07:29+07:00
252,1903,636,372,2026-10-03,3,8307,2026-08-30T01:15:25+07:00
253,1906,637,192,2026-05-22,2,4203,2026-04-11T15:43:54+07:00
254,1909,638,172,2026-10-26,11,26911,2026-09-24T12:41:15+07:00
255,1920,641,29,2026-11-10,7,24186,2026-11-04T17:06:41+07:00
256,1934,644,597,2026-11-06,4,18995,2026-10-13T01:05:23+07:00
257,1935,644,168,2026-11-28,3,10097,2026-11-15T00:05:54+07:00
258,1939,645,638,2026-11-22,1,3969,2026-11-19T12:37:49+07:00
259,1941,645,773,2026-12-29,1,4827,2026-12-27T07:05:23+07:00
260,1946,646,352,2026-07-27,4,12710,2026-07-13T11:43:38+07:00
261,1955,648,409,2026-09-17,9,22107,2026-08-22T10:54:11+07:00
262,1968,652,734,2026-11-06,2,5689,2026-09-30T11:35:58+07:00
263,1975,654,740,2026-06-01,10,18614,2026-04-18T01:56:13+07:00
264,1978,655,358,2026-07-21,2,11253,2026-07-20T00:39:22+07:00
265,1982,657,656,2026-07-15,11,14592,
266,1992,658,58,2026-04-25,4,32927,2026-02-27T22:24:15+07:00
267,1995,660,680,2026-09-30,8,16097,2026-09-02T16:51:42+07:00
268,2000,661,245,2026-05-15,1,6603,2026-05-13T09:46:54+07:00
269,2005,662,660,2026-11-22,10,25466,2026-10-10T20:48:58+07:00
270,2012,663,10,2026-04-01,4,6904,2026-03-08T02:18:57+07:00
271,2019,665,317,2026-09-12,3,11410,2026-08-14T21:18:12+07:00
272,2027,671,800,2026-08-28,1,5717,2026-08-27T08:31:14+07:00
273,2030,672,285,2026-06-06,4,26375,2026-05-18T02:13:42+07:00
274,2034,673,42,2026-12-02,2,7927,2026-11-12T21:53:52+07:00
275,2035,674,256,2026-08-21,3,17096,2026-08-01T08:16:06+07:00
276,2039,675,396,2026-08-15,4,15822,2026-08-03T14:14:31+07:00
277,2047,679,559,2026-07-17,4,21078,2026-07-03T20:56:38+07:00
278,2055,680,136,2026-05-14,10,7956,2026-05-11T15:39:58+07:00
279,2057,681,284,2026-12-04,3,6397,2026-11-15T21:52:04+07:00
280,2072,684,793,2026-06-30,4,8381,2026-06-17T14:05:40+07:00
281,2077,685,737,2026-10-30,3,5423,2026-09-11T10:26:53+07:00
282,2081,686,478,2026-07-06,2,13485,2026-05-12T21:19:42+07:00
283,2113,698,269,2026-09-07,12,13704,2026-07-31T01:32:49+07:00
284,2116,700,18,2026-11-15,8,10392,2026-11-12T20:46:56+07:00
285,2120,704,440,2026-03-18,2,12892,2026-03-18T14:54:00+07:00
286,2129,707,239,2026-09-28,5,8055,2026-08-23T20:34:27+07:00
287,2127,707,89,2026-12-09,10,23516,2026-10-26T02:12:13+07:00
288,2131,708,716,2027-01-23,9,22252,2026-12-19T17:45:37+07:00
289,2132,708,350,2027-01-31,5,5402,2026-12-20T17:52:04+07:00
290,2139,712,764,2026-12-30,6,5492,2026-12-06T21:03:41+07:00
291,2141,714,397,2026-07-10,3,31160,2026-07-07T16:46:56+07:00
292,2143,715,423,2026-11-29,11,24266,2026-11-01T20:11:37+07:00
293,2149,717,586,2026-12-17,1,6190,2026-12-15T00:19:15+07:00
294,2165,723,88,2026-12-18,5,18058,2026-10-28T01:53:29+07:00
295,2171,725,373,2026-08-26,4,10735,2026-08-22T07:41:58+07:00
296,2173,726,60,2026-09-02,6,7139,2026-08-18T21:28:34+07:00
297,2176,727,394,2026-08-28,3,36216,
298,2182,729,383,2026-12-04,2,15347,2026-11-04T06:09:00+07:00
299,2187,730,571,2026-11-13,3,5280,2026-10-26T10:20:38+07:00
300,2194,731,171,2026-12-01,3,4885,2026-11-10T17:57:04+07:00
301,2198,733,724,2026-10-08,3,57657,2026-10-06T23:33:06+07:00
302,2200,733,749,2026-10-08,2,7219,2026-10-08T01:38:31+07:00
303,2203,735,130,2026-07-11,4,25705,2026-06-06T23:59:18+07:00
304,2214,739,716,2026-10-09,5,13778,2026-09-21T22:58:05+07:00
305,2215,740,734,2026-06-24,8,20285,2026-05-15T00:52:12+07:00
306,2239,747,117,2026-05-28,3,18972,2026-04-15T23:05:54+07:00
307,2246,748,47,2027-01-01,2,6690,2026-11-06T19:47:35+07:00
308,2254,750,374,2027-01-22,4,8190,2026-12-06T18:19:26+07:00
309,2265,753,691,2026-11-14,3,6216,2026-09-27T20:57:30+07:00
310,2267,754,573,2026-07-19,3,5354,2026-06-23T18:25:15+07:00
311,2269,755,170,2026-09-23,1,19106,2026-09-21T18:55:53+07:00
312,2293,761,245,2026-12-25,3,17666,2026-12-11T23:04:33+07:00
313,2295,761,146,2027-02-12,5,6630,2026-12-21T19:55:35+07:00
314,2300,763,229,2026-09-08,2,18573,2026-08-20T10:00:48+07:00
315,2307,764,225,2026-07-15,7,26154,2026-06-19T14:09:03+07:00
316,2318,767,604,2026-10-17,1,3377,2026-10-14T17:20:40+07:00
317,2349,776,135,2026-11-21,1,3529,2026-11-17T17:47:20+07:00
318,2352,778,445,2027-02-05,4,15577,2026-12-27T17:21:39+07:00
319,2355,778,734,2027-02-12,2,6178,2026-12-27T19:25:23+07:00
320,2359,779,232,2026-09-25,10,19953,2026-09-16T22:38:15+07:00
321,2366,782,131,2026-10-09,3,10896,2026-08-09T00:45:22+07:00
322,2377,784,373,2026-11-28,2,5252,2026-10-21T23:01:01+07:00
323,2387,786,74,2026-07-13,10,39620,2026-06-30T13:28:46+07:00
324,2392,788,348,2026-06-19,3,12477,2026-05-25T18:09:47+07:00
325,2393,788,559,2026-07-17,3,16063,2026-05-28T13:56:10+07:00
326,2434,800,30,2026-06-23,3,23285,2026-06-23T15:03:50+07:00
327,2440,801,495,2026-06-25,2,14930,2026-05-22T17:26:50+07:00
328,2452,805,656,2026-11-27,4,5537,2026-11-03T00:57:30+07:00
329,2474,813,658,2026-09-26,5,8103,2026-08-26T16:49:15+07:00
330,2477,814,143,2026-09-29,1,15116,2026-09-25T13:40:25+07:00
331,2486,817,459,2026-06-27,3,17690,2026-05-28T11:58:43+07:00
332,2485,817,352,2026-07-25,3,10734,2026-06-11T22:55:03+07:00
333,2493,820,89,2026-09-19,3,6688,2026-07-30T18:50:56+07:00
334,2497,821,318,2026-04-04,1,6097,2026-03-31T10:33:10+07:00
335,2515,826,348,2026-09-29,11,41227,2026-09-09T07:58:06+07:00
336,2512,826,164,2026-11-23,4,3879,2026-11-06T12:26:37+07:00
337,2517,829,668,2026-10-01,2,35988,2026-09-30T23:00:45+07:00
338,2528,831,87,2026-09-25,4,21599,2026-07-24T23:22:16+07:00
339,2530,832,449,2026-11-01,5,13577,2026-10-21T10:22:27+07:00
340,2532,832,364,2026-11-18,12,16983,2026-11-13T13:03:15+07:00
341,2538,834,165,2026-05-11,1,3363,2026-05-07T18:27:08+07:00
342,2539,835,669,2026-06-26,3,6030,2026-05-17T11:25:01+07:00
343,2554,839,584,2026-09-02,8,15104,2026-08-22T16:22:07+07:00
344,2572,847,578,2026-10-23,2,15549,2026-10-10T00:33:35+07:00
345,2573,848,683,2026-03-09,10,11106,2026-02-04T14:50:31+07:00
346,2578,850,551,2026-07-10,5,16079,2026-06-03T18:28:23+07:00
347,2579,850,696,2026-08-05,3,5352,2026-06-26T19:27:30+07:00
348,2605,861,665,2026-12-17,12,15201,2026-11-23T23:01:51+07:00
349,2611,863,332,2026-10-19,9,17865,2026-09-25T20:31:49+07:00
350,2624,870,66,2026-02-27,2,16375,2026-01-24T20:18:08+07:00
351,2628,872,344,2027-01-01,2,22620,2026-11-12T23:02:44+07:00
352,2631,873,352,2027-02-06,2,6060,2026-12-09T22:09:37+07:00
353,2634,874,711,2026-12-10,3,31650,2026-12-08T15:07:28+07:00
354,2651,882,10,2026-07-24,3,6353,2026-07-04T17:51:05+07:00
355,2664,887,69,2026-02-15,12,18241,2026-01-31T16:58:53+07:00
356,2662,887,2,2026-03-27,12,45080,2026-02-18T20:55:24+07:00
357,2665,888,647,2027-01-04,6,4400,2026-12-24T22:20:12+07:00
358,2678,892,34,2026-12-04,4,13883,
359,2683,896,661,2026-11-03,3,5009,2026-10-02T13:11:09+07:00
360,2701,902,267,2027-01-29,3,7238,2026-12-17T08:17:41+07:00
361,2714,906,2,2026-10-16,3,10463,2026-09-21T21:59:17+07:00
362,2733,913,25,2026-06-01,1,8654,2026-05-30T22:12:47+07:00
363,2742,916,523,2026-09-04,2,4180,2026-08-22T23:17:08+07:00
364,2749,918,43,2026-07-24,3,15184,2026-07-15T17:14:17+07:00
365,2752,919,102,2026-09-20,1,5670,2026-09-18T12:07:01+07:00
366,2760,922,115,2026-12-01,4,12293,2026-11-17T18:11:12+07:00
367,2767,924,32,2026-09-12,3,33995,2026-09-09T14:50:14+07:00
368,2772,927,598,2026-11-13,5,12616,2026-10-07T19:17:31+07:00
369,2777,928,125,2026-10-04,11,16771,2026-08-22T15:36:23+07:00
370,2795,933,357,2026-11-06,5,34917,2026-09-29T21:03:07+07:00
371,2797,934,755,2026-09-18,2,13018,2026-09-15T07:33:44+07:00
372,2799,935,626,2026-12-15,4,5260,2026-12-10T16:05:59+07:00
373,2817,938,201,2026-05-08,3,30084,2026-03-13T21:05:49+07:00
374,2812,938,563,2026-06-06,5,35133,2026-04-22T20:51:40+07:00
375,2845,949,437,2027-01-11,10,18237,2026-12-05T18:59:34+07:00
376,2862,956,273,2026-11-08,9,9941,2026-10-17T14:50:02+07:00
377,2869,958,362,2026-06-25,6,7901,2026-06-08T19:45:27+07:00
378,2872,961,374,2026-10-19,10,23957,2026-09-06T19:16:42+07:00
379,2876,961,263,2026-09-28,8,20071,2026-09-07T17:41:02+07:00
380,2882,964,703,2026-11-11,3,7199,2026-10-22T14:58:06+07:00
381,2920,978,314,2026-11-01,5,18079,2026-10-28T12:05:29+07:00
382,2933,983,549,2026-04-02,1,4202,2026-03-29T12:58:13+07:00
383,2930,983,697,2026-05-16,2,6706,2026-05-12T07:52:46+07:00
384,2936,985,46,2026-04-16,1,8581,2026-04-15T00:53:07+07:00
385,2942,986,227,2026-10-05,3,3813,2026-09-10T09:04:57+07:00
386,2944,987,135,2026-10-08,2,7227,2026-10-08T14:57:10+07:00
387,2952,988,418,2026-08-29,3,25207,2026-07-04T17:39:22+07:00
388,2947,988,546,2026-09-25,4,10209,2026-09-08T09:56:05+07:00
389,2964,996,272,2026-07-30,3,10510,2026-06-17T23:51:52+07:00
390,2979,1000,152,2026-03-20,1,18544,2026-03-17T20:25:25+07:00
391,3004,1009,362,2026-04-06,6,8007,2026-03-24T11:50:48+07:00
392,3020,1013,21,2026-03-13,1,8406,2026-03-12T16:30:19+07:00
393,3021,1014,120,2026-10-23,3,13208,2026-09-11T21:26:59+07:00
394,3024,1014,481,2026-12-04,4,8798,2026-10-07T23:31:18+07:00
395,3026,1015,200,2026-11-24,3,7298,2026-10-08T13:12:45+07:00
396,3027,1016,375,2027-01-17,7,13818,2026-12-18T01:11:41+07:00
397,3032,1019,97,2026-11-09,5,13335,2026-10-24T18:00:52+07:00
398,3033,1020,247,2026-10-19,2,18469,2026-09-17T18:37:55+07:00
399,3050,1026,537,2026-04-16,6,19112,2026-03-30T00:18:47+07:00
400,3053,1027,526,2026-10-23,6,17284,2026-10-17T21:04:49+07:00
401,3060,1029,276,2026-12-04,3,5298,2026-11-08T10:38:42+07:00
402,3071,1033,288,2026-07-09,5,9478,
403,3074,1034,637,2027-02-12,3,17741,2026-12-18T20:55:37+07:00
404,3087,1038,620,2026-11-09,4,2867,2026-10-25T12:31:13+07:00
405,3099,1041,56,2026-02-08,1,5116,2026-02-06T20:10:50+07:00
406,3106,1045,243,2026-05-22,5,10019,2026-04-23T18:12:49+07:00
407,3108,1046,157,2026-11-21,6,6464,2026-11-10T20:03:03+07:00
408,3126,1052,639,2026-04-18,2,9093,2026-04-16T11:17:48+07:00
409,3133,1053,114,2027-01-14,2,9078,2026-12-08T02:01:52+07:00
410,3129,1053,372,2027-01-22,3,8698,2026-12-13T19:50:48+07:00
411,3128,1053,149,2027-01-09,3,7079,2026-12-23T08:51:43+07:00
412,3138,1056,421,2026-10-17,4,30272,2026-09-25T22:04:11+07:00
413,3142,1056,400,2026-12-20,3,9937,2026-11-24T12:22:15+07:00
414,3151,1058,596,2026-04-09,3,7512,2026-03-23T15:36:56+07:00
415,3166,1063,588,2026-10-20,10,21554,2026-09-30T15:52:34+07:00
416,3178,1066,445,2027-02-19,4,16755,2026-12-21T14:48:25+07:00
417,3191,1070,673,2026-11-08,2,34832,2026-11-07T14:49:05+07:00
418,3202,1072,691,2026-08-11,9,22374,2026-07-17T21:37:40+07:00
419,3214,1077,231,2026-04-04,4,7099,2026-02-25T00:06:44+07:00
420,3221,1079,29,2027-01-12,8,27496,2026-12-03T00:53:25+07:00
421,3230,1080,538,2026-12-26,4,11806,2026-11-30T16:45:09+07:00
422,3234,1082,323,2026-11-24,2,6092,2026-11-09T00:06:59+07:00
423,3238,1084,36,2026-06-16,12,40024,2026-05-29T00:12:54+07:00
424,3252,1090,220,2026-05-04,4,15586,2026-04-29T17:46:36+07:00
425,3255,1091,227,2026-07-07,11,13319,2026-06-30T08:32:32+07:00
426,3261,1094,285,2026-11-27,4,30757,2026-10-17T13:38:50+07:00
427,3266,1094,774,2026-11-28,3,11812,2026-11-12T01:21:25+07:00
428,3300,1101,247,2026-10-11,4,32526,2026-10-01T03:29:43+07:00
429,3308,1104,498,2026-09-11,3,13579,2026-07-24T20:51:56+07:00
430,3311,1105,408,2026-08-23,1,7564,2026-08-19T21:35:46+07:00
431,3313,1106,549,2027-01-01,5,17624,2026-11-16T21:20:31+07:00
432,3316,1108,233,2026-10-14,3,70434,2026-10-13T21:33:43+07:00
433,3326,1111,482,2026-05-27,9,21282,2026-05-21T19:00:53+07:00
434,3355,1118,624,2026-03-10,7,16194,2026-02-26T18:11:24+07:00
435,3351,1118,624,2026-06-07,7,15731,2026-05-04T01:11:45+07:00
436,3369,1122,315,2026-10-06,6,14536,2026-08-27T02:42:25+07:00
437,3370,1123,275,2026-09-10,2,13844,2026-09-10T16:18:44+07:00
438,3372,1123,390,2026-10-06,2,56542,2026-10-05T13:38:34+07:00
439,3389,1128,702,2026-12-25,3,7534,2026-11-29T08:54:24+07:00
440,3397,1132,676,2026-04-29,12,14247,2026-04-18T10:57:33+07:00
441,3416,1135,533,2026-11-26,4,7281,2026-11-09T13:32:57+07:00
442,3419,1136,207,2026-09-16,9,8759,2026-08-28T16:20:30+07:00
443,3443,1141,782,2026-04-08,2,15099,2026-04-07T01:40:10+07:00
444,3447,1143,234,2026-08-07,3,22836,2026-08-06T19:34:39+07:00
445,3448,1144,789,2026-06-05,4,16636,2026-04-13T20:52:47+07:00
446,3453,1146,151,2026-07-17,3,16160,2026-06-13T18:20:57+07:00
447,3455,1148,151,2026-07-24,2,9923,2026-06-24T17:52:11+07:00
448,3456,1148,31,2026-07-25,4,31565,2026-07-04T12:25:13+07:00
449,3459,1149,357,2026-09-30,2,16343,2026-09-26T15:02:11+07:00
450,3506,1162,528,2026-11-19,2,46476,2026-11-17T20:16:04+07:00
451,3512,1164,673,2026-12-11,1,16098,
452,3520,1168,103,2026-06-26,3,5694,2026-05-07T13:21:26+07:00
453,3525,1170,96,2026-10-16,3,20978,2026-10-08T23:12:05+07:00
454,3529,1171,363,2026-08-27,11,20772,2026-08-13T22:27:09+07:00
455,3533,1172,8,2026-05-10,1,4401,2026-05-10T08:23:11+07:00
456,3531,1172,201,2026-05-10,1,10354,2026-05-10T13:46:07+07:00
457,3540,1174,1,2026-10-30,2,10951,
458,3554,1180,705,2027-01-16,3,6579,2026-12-31T10:07:37+07:00
459,3562,1182,195,2026-08-28,2,4260,2026-08-21T00:48:45+07:00
460,3565,1182,411,2026-10-30,4,31462,2026-09-10T17:22:03+07:00
461,3572,1185,147,2026-08-27,7,20646,2026-07-22T17:44:27+07:00
462,3585,1191,263,2026-07-25,2,5233,2026-06-10T23:09:26+07:00
463,3586,1191,499,2026-06-27,2,3847,2026-06-13T15:08:23+07:00
464,3588,1194,743,2026-08-17,1,11234,2026-08-15T14:08:55+07:00
465,3591,1197,793,2026-09-25,4,7861,2026-08-26T14:06:11+07:00
466,3596,1199,81,2026-08-26,1,6321,2026-08-25T11:19:20+07:00
467,3604,1201,338,2026-05-31,3,16235,
468,3609,1203,249,2026-09-07,4,17172,2026-08-20T05:50:21+07:00
469,3610,1203,150,2026-09-20,5,5841,2026-08-30T13:52:35+07:00
470,3615,1205,462,2026-06-18,11,9640,2026-05-28T20:19:53+07:00
471,3619,1206,81,2027-01-15,2,12087,2026-12-29T01:38:03+07:00
472,3621,1207,177,2026-10-31,10,14076,2026-10-14T17:36:41+07:00
473,3620,1207,250,2026-12-18,12,40661,2026-11-23T21:22:25+07:00
474,3623,1209,457,2026-04-28,1,23693,2026-04-25T17:29:14+07:00
475,3629,1211,663,2026-07-24,3,5021,2026-07-06T18:28:17+07:00
476,3637,1213,427,2026-08-16,8,24406,2026-07-10T13:47:34+07:00
477,3640,1214,87,2026-09-02,5,27345,2026-08-20T12:42:14+07:00
478,3651,1217,355,2026-10-23,2,4890,2026-09-05T11:12:58+07:00
479,3669,1223,501,2026-10-23,2,13104,2026-09-12T00:29:06+07:00
480,3719,1238,180,2027-01-08,2,10965,2026-12-06T01:24:41+07:00
481,3715,1238,34,2027-01-17,3,10504,2026-12-18T10:32:36+07:00
482,3722,1240,159,2026-08-14,4,15368,2026-07-28T18:57:52+07:00
483,3736,1244,36,2026-08-07,10,37346,2026-07-02T10:14:36+07:00
484,3747,1249,107,2026-12-04,5,17146,2026-11-03T20:07:09+07:00
485,3762,1254,242,2027-01-01,3,17708,
486,3759,1254,163,2026-12-30,2,3800,2026-11-25T01:58:41+07:00
487,3765,1255,40,2026-06-27,1,9237,2026-06-23T11:18:28+07:00
488,3772,1257,17,2026-06-26,1,4180,2026-06-22T20:10:02+07:00
489,3780,1260,538,2026-10-09,11,36763,2026-09-15T22:19:04+07:00
490,3779,1260,9,2026-11-19,4,6154,2026-10-27T15:18:52+07:00
491,3787,1261,135,2026-05-08,3,11902,2026-04-09T19:18:33+07:00
492,3793,1263,105,2026-07-15,3,11903,2026-07-12T10:55:26+07:00
493,3802,1269,80,2027-01-22,3,21884,2026-11-24T16:54:27+07:00
494,3813,1273,147,2026-06-19,3,7306,2026-04-29T17:02:37+07:00
495,3814,1273,71,2026-07-31,2,5537,2026-06-07T07:19:21+07:00
496,3825,1276,51,2026-08-12,3,6388,2026-07-18T02:50:23+07:00
497,3832,1278,15,2026-04-29,9,24830,2026-04-21T19:28:19+07:00
498,3846,1283,214,2027-01-22,5,36649,2026-12-15T19:33:14+07:00
499,3856,1287,352,2026-08-28,3,9892,2026-07-24T18:59:29+07:00
500,3855,1287,254,2026-08-23,5,19244,2026-07-31T21:34:41+07:00
501,3858,1288,238,2026-11-07,4,32405,2026-10-28T07:08:43+07:00
502,3876,1293,240,2026-12-02,7,9388,2026-11-07T08:43:27+07:00
503,3885,1295,351,2026-07-30,1,6047,2026-07-30T17:27:48+07:00
504,3883,1295,479,2026-08-11,1,5631,2026-08-11T15:42:04+07:00
505,3911,1304,543,2026-10-08,3,18767,2026-10-07T22:08:49+07:00
506,3909,1304,212,2026-10-15,2,16966,2026-10-14T17:37:11+07:00
507,3923,1310,53,2027-01-08,4,39399,2026-12-20T22:23:52+07:00
508,3924,1310,147,2027-02-19,2,5464,2026-12-30T09:12:49+07:00
509,3937,1315,103,2027-01-19,3,5949,2026-12-31T23:03:17+07:00
510,3947,1318,13,2026-10-02,3,21187,2026-09-06T21:21:54+07:00
511,3954,1319,322,2026-10-30,2,5543,2026-09-27T20:45:52+07:00
512,3952,1319,345,2026-10-09,3,30797,2026-10-01T08:53:54+07:00
513,3960,1320,677,2026-11-26,3,61112,2026-11-25T09:23:36+07:00
514,3971,1325,242,2026-11-18,1,5386,2026-11-18T23:51:04+07:00
515,3974,1325,599,2026-11-28,2,39966,2026-11-28T07:53:42+07:00
516,3982,1328,332,2026-05-06,10,19569,2026-04-28T13:16:57+07:00
517,3985,1329,154,2026-07-04,4,16522,2026-06-02T21:52:40+07:00
518,3995,1332,570,2026-08-16,7,17405,2026-08-04T20:00:55+07:00
519,4000,1333,401,2026-12-04,3,6755,
520,3996,1333,426,2026-12-11,5,61662,2026-11-11T00:09:44+07:00
521,4006,1336,336,2026-09-11,2,12956,2026-09-10T11:00:03+07:00
522,4009,1337,288,2026-05-22,4,7144,2026-03-30T14:07:44+07:00
523,4038,1347,229,2026-09-21,1,8064,2026-09-20T20:32:19+07:00
524,4050,1352,274,2026-04-30,3,12084,2026-03-12T02:14:10+07:00
525,4058,1354,122,2026-10-30,5,43376,2026-10-14T19:22:30+07:00
526,4062,1356,544,2026-07-01,2,23424,2026-06-27T11:22:44+07:00
527,4067,1357,212,2026-03-26,2,16589,2026-03-15T11:56:45+07:00
528,4096,1368,55,2026-10-22,1,5118,2026-10-21T12:41:46+07:00
529,4112,1373,361,2026-09-11,1,13751,2026-09-09T13:22:45+07:00
530,4121,1376,149,2026-12-11,2,4217,
531,4127,1378,411,2026-10-03,2,14281,2026-09-09T11:21:51+07:00
532,4139,1381,26,2026-10-04,10,20820,
533,4173,1394,248,2026-11-24,7,16182,2026-10-23T08:28:31+07:00
534,4177,1396,203,2026-08-30,4,16003,2026-08-27T15:37:46+07:00
535,4180,1397,509,2026-12-04,5,14389,2026-10-24T12:57:09+07:00
536,4182,1398,737,2026-03-20,2,3773,2026-02-07T06:04:49+07:00
537,4195,1404,316,2026-12-23,2,6305,2026-11-07T20:38:58+07:00
538,4199,1406,622,2026-10-27,7,15773,2026-09-27T12:24:10+07:00
539,4208,1408,418,2026-08-28,3,28820,2026-07-04T06:53:31+07:00
540,4212,1409,697,2026-12-15,1,3399,2026-12-13T07:31:11+07:00
541,4218,1411,16,2027-01-16,2,5560,2026-11-26T10:43:38+07:00
542,4225,1413,339,2026-12-10,12,13994,2026-11-22T12:53:03+07:00
543,4232,1417,461,2026-04-10,1,5037,
544,4244,1424,593,2026-11-18,5,14615,2026-10-16T18:25:09+07:00
545,4242,1424,149,2026-12-15,12,27361,2026-11-08T12:13:02+07:00
546,4246,1425,93,2026-06-16,11,37910,2026-05-19T19:13:49+07:00
547,4252,1426,227,2026-07-27,5,6902,2026-07-17T22:48:07+07:00
548,4251,1426,753,2026-08-07,10,23158,
549,4253,1426,220,2026-10-07,10,46427,2026-09-06T10:32:31+07:00
550,4264,1430,442,2026-03-20,2,6720,2026-02-20T20:34:54+07:00
551,4270,1432,180,2026-08-20,2,10227,2026-08-20T21:46:12+07:00
552,4283,1436,745,2026-10-03,10,15302,2026-09-08T22:44:28+07:00
553,4299,1441,713,2026-10-06,2,7758,2026-10-05T20:45:47+07:00
554,4304,1445,81,2026-03-16,2,12488,2026-03-15T08:22:31+07:00
555,4305,1445,428,2026-03-19,1,12776,2026-03-16T13:56:56+07:00
556,4307,1445,182,2026-03-20,1,8983,2026-03-19T02:17:18+07:00
557,4330,1453,133,2026-09-06,3,24806,2026-09-04T01:50:36+07:00
558,4326,1453,87,2026-09-24,2,10384,2026-09-24T08:20:38+07:00
559,4328,1453,260,2026-11-06,1,7888,2026-11-03T17:09:49+07:00
560,4344,1458,230,2026-09-08,8,11720,2026-08-29T20:06:00+07:00
561,4352,1460,542,2026-09-25,5,23465,2026-08-11T21:44:09+07:00
562,4369,1465,64,2026-05-01,2,18813,2026-05-01T18:52:28+07:00
563,4370,1466,93,2027-01-22,3,10994,2026-12-18T23:00:52+07:00
564,4374,1468,740,2026-06-12,4,6476,2026-05-14T13:17:25+07:00
565,4377,1469,421,2026-11-13,2,18456,2026-10-09T08:38:39+07:00
566,4394,1473,568,2026-06-07,5,5099,2026-05-19T17:38:15+07:00
567,4393,1473,596,2026-06-28,3,7743,2026-05-28T00:48:18+07:00
568,4399,1478,301,2026-11-12,2,11972,2026-11-10T01:27:48+07:00
569,4402,1479,345,2026-09-23,2,18663,2026-09-19T12:13:31+07:00
570,4406,1480,413,2026-10-13,10,16189,2026-09-22T15:35:31+07:00
571,4409,1482,446,2026-09-20,3,26928,2026-08-13T21:06:41+07:00
572,4417,1487,556,2027-01-15,2,3202,2026-11-21T14:51:21+07:00
573,4420,1489,788,2026-06-01,7,17923,2026-05-23T21:00:01+07:00
574,4426,1492,466,2026-07-17,2,14792,2026-06-18T16:55:18+07:00
575,4431,1493,444,2027-01-29,4,14268,2026-12-30T14:10:27+07:00
576,4432,1494,608,2026-11-22,6,4341,2026-10-24T15:28:36+07:00
577,4438,1495,308,2026-08-29,3,13890,2026-08-27T06:19:26+07:00
578,4453,1500,56,2026-06-05,3,15568,2026-05-10T10:12:10+07:00
579,4461,1502,158,2026-06-27,3,10519,2026-06-27T20:35:01+07:00
580,4465,1503,656,2026-12-20,5,6990,2026-11-15T13:35:40+07:00
581,4473,1505,295,2026-11-20,3,16693,2026-11-08T23:33:00+07:00
582,4479,1507,173,2026-08-21,4,7754,2026-07-21T10:30:45+07:00
583,4484,1508,134,2026-12-18,4,7248,2026-11-17T20:28:12+07:00
584,4489,1510,535,2026-05-02,4,3436,2026-04-12T16:40:57+07:00
585,4526,1522,530,2026-12-21,3,7737,2026-11-07T12:50:25+07:00
586,4525,1522,557,2026-12-25,3,9210,2026-12-11T21:07:04+07:00
587,4539,1526,269,2026-11-11,8,9227,2026-10-15T18:15:28+07:00
588,4543,1529,693,2026-08-18,5,12824,2026-08-01T07:57:37+07:00
589,4560,1533,286,2026-11-20,4,5038,2026-09-28T10:11:46+07:00
590,4573,1538,29,2026-03-06,9,35155,
591,4574,1538,731,2026-04-12,12,20909,2026-03-06T14:09:54+07:00
592,4585,1542,215,2026-05-08,2,15418,2026-04-08T23:28:09+07:00
593,4600,1546,199,2026-03-21,9,31755,2026-03-06T23:18:39+07:00
594,4614,1551,601,2026-07-10,12,26266,2026-06-04T19:43:45+07:00
595,4619,1552,658,2026-11-08,5,9104,2026-10-05T11:47:50+07:00
596,4620,1553,243,2026-10-09,8,15631,2026-09-30T21:42:55+07:00
597,4624,1554,755,2026-12-26,2,15347,2026-12-25T00:34:00+07:00
598,4631,1556,669,2026-12-16,11,26933,2026-11-04T19:00:32+07:00
599,4666,1568,251,2026-06-05,2,20168,2026-04-26T14:30:22+07:00
600,4659,1568,2,2026-07-31,2,7470,2026-06-05T19:29:34+07:00
601,4669,1569,425,2026-10-10,2,25898,2026-10-09T09:28:15+07:00
602,4677,1571,748,2026-08-08,4,12001,2026-07-01T14:03:56+07:00
603,4683,1575,355,2026-07-28,10,26200,2026-07-10T18:31:33+07:00
604,4686,1576,156,2026-08-14,3,8151,2026-07-01T00:24:08+07:00
605,4688,1577,258,2026-10-10,11,20720,2026-08-27T23:35:23+07:00
606,4696,1578,137,2026-11-23,2,38300,2026-11-22T23:11:10+07:00
607,4699,1580,95,2026-06-12,11,28693,2026-05-25T10:02:13+07:00
608,4706,1582,59,2026-10-11,8,12731,2026-10-02T09:52:37+07:00
609,4710,1583,151,2026-07-21,1,4580,2026-07-19T19:33:16+07:00
610,4715,1584,119,2026-11-04,12,40791,2026-10-19T06:16:55+07:00
611,4717,1585,553,2027-01-15,4,5957,2026-11-16T08:55:25+07:00
612,4724,1589,84,2026-08-23,6,15221,2026-08-08T16:25:11+07:00
613,4730,1591,791,2026-03-08,9,11436,2026-03-03T15:44:00+07:00
614,4739,1593,301,2026-12-24,2,10153,2026-12-21T15:35:45+07:00
615,4742,1594,135,2026-06-21,1,3779,2026-06-20T08:19:32+07:00
616,4746,1596,436,2026-07-02,8,47144,2026-06-06T08:10:18+07:00
617,4752,1600,273,2026-11-30,4,3746,2026-11-12T00:28:54+07:00
618,4759,1603,394,2026-04-15,2,28019,2026-04-13T15:42:51+07:00
619,4763,1605,356,2026-10-23,3,7589,2026-10-11T23:47:26+07:00
620,4768,1605,65,2026-11-23,3,18049,
621,4777,1607,275,2026-11-11,4,29159,2026-10-08T22:24:45+07:00
622,4781,1608,348,2026-12-26,12,48856,2026-11-23T07:34:43+07:00
623,4787,1612,443,2026-05-22,4,35292,2026-04-21T00:37:06+07:00
624,4794,1614,210,2026-08-29,3,11485,2026-07-20T19:22:11+07:00
625,4795,1614,148,2026-08-18,4,5138,2026-08-04T01:43:11+07:00
626,4798,1616,326,2026-04-21,1,5606,2026-04-21T22:02:00+07:00
627,4803,1617,697,2026-12-12,3,8788,2026-11-26T10:48:19+07:00
628,4805,1618,615,2026-03-02,7,15755,
629,4816,1621,134,2026-08-21,3,5808,2026-07-27T16:35:26+07:00
630,4817,1622,585,2026-08-09,1,15626,2026-08-09T13:21:56+07:00
631,4824,1626,363,2026-05-14,8,13682,2026-04-19T21:09:08+07:00
632,4826,1628,14,2026-10-02,2,13643,2026-09-30T20:59:15+07:00
633,4833,1630,548,2026-07-20,3,4552,2026-06-09T02:22:02+07:00
634,4850,1633,381,2026-05-15,3,20565,2026-04-21T19:13:46+07:00
635,4853,1634,760,2026-08-23,3,3927,2026-07-06T19:58:41+07:00
636,4866,1637,40,2026-06-12,3,26928,2026-06-08T00:59:46+07:00
637,4869,1639,93,2027-01-21,3,11246,2026-12-09T01:40:16+07:00
638,4876,1643,115,2026-04-10,8,25552,
639,4881,1645,255,2027-01-15,5,13732,2026-12-07T13:55:54+07:00
640,4887,1646,159,2026-12-09,3,10583,2026-12-07T00:15:16+07:00
641,4892,1647,378,2026-11-06,3,6771,2026-10-06T17:31:46+07:00
642,4895,1649,63,2026-05-06,1,6217,2026-05-06T21:12:42+07:00
643,4898,1650,374,2026-12-01,11,24002,2026-11-19T23:47:07+07:00
644,4909,1655,37,2026-09-10,5,6171,2026-08-28T14:38:47+07:00
645,4911,1656,310,2026-09-14,12,14101,2026-09-11T09:20:50+07:00
646,4930,1663,48,2026-12-19,5,10896,2026-12-14T01:28:35+07:00
647,4934,1665,257,2026-10-30,2,19655,
648,4935,1665,283,2026-11-20,4,13620,2026-11-09T10:44:51+07:00
649,4938,1666,2,2026-09-07,12,44219,2026-08-30T21:47:00+07:00
650,4946,1669,602,2026-11-15,2,13017,2026-11-15T16:02:22+07:00
651,4950,1670,597,2026-09-24,2,9686,2026-09-03T08:43:19+07:00
652,4952,1670,267,2026-10-08,3,7091,2026-09-20T07:11:40+07:00
653,4963,1674,359,2026-11-21,4,8140,2026-09-25T14:12:58+07:00
654,4966,1676,220,2026-10-09,3,14215,2026-08-12T20:20:40+07:00
655,4970,1678,218,2026-11-14,12,27137,2026-10-03T10:07:08+07:00
656,4985,1682,21,2026-12-16,2,16639,2026-12-16T03:04:56+07:00
657,4987,1683,680,2026-10-06,5,10551,2026-08-18T11:11:57+07:00
658,4988,1683,615,2026-08-28,3,6633,2026-08-18T14:12:28+07:00
659,4994,1685,243,2026-10-19,12,27120,2026-09-13T22:36:18+07:00
660,5006,1688,6,2026-09-26,1,27677,2026-09-25T07:35:10+07:00
661,5012,1691,640,2026-10-20,2,32861,2026-10-19T20:18:12+07:00
662,5017,1693,232,2026-05-09,2,4651,2026-04-18T20:04:09+07:00
663,5021,1695,168,2026-07-22,2,6143,2026-07-22T10:41:23+07:00
664,5022,1697,53,2026-12-09,2,19897,2026-12-09T17:45:13+07:00
665,5032,1699,440,2026-09-24,2,13172,2026-09-23T18:36:14+07:00
666,5030,1699,397,2026-10-30,1,11894,2026-10-29T14:09:10+07:00
667,5035,1701,243,2026-04-02,6,12088,2026-03-19T14:03:00+07:00
668,5040,1702,331,2027-01-29,3,13525,2026-12-02T19:03:29+07:00
669,5044,1703,296,2026-11-08,1,14425,2026-11-05T10:07:20+07:00
670,5050,1705,356,2026-04-10,4,9587,2026-03-29T17:48:55+07:00
671,5055,1707,68,2026-06-06,8,31524,2026-05-28T22:28:17+07:00
672,5057,1708,20,2026-10-20,1,4344,2026-10-19T16:04:07+07:00
673,5059,1710,343,2026-07-13,3,28198,2026-07-09T18:30:27+07:00
674,5077,1716,277,2026-08-09,2,6153,2026-06-25T14:41:28+07:00
675,5078,1717,347,2026-05-15,2,29522,2026-05-12T12:10:07+07:00
676,5084,1719,648,2026-12-10,4,5333,2026-11-04T14:41:17+07:00
677,5087,1719,596,2027-01-30,9,24520,2026-12-22T23:43:43+07:00
678,5109,1731,198,2026-08-12,2,55232,2026-08-11T10:26:00+07:00
679,5118,1733,604,2026-12-04,4,15815,2026-11-11T12:05:36+07:00
680,5133,1738,492,2026-09-01,3,12831,2026-08-15T01:44:19+07:00
681,5134,1739,478,2026-08-14,4,31698,
682,5135,1740,141,2026-06-26,4,6606,2026-04-28T05:12:18+07:00
683,5157,1749,234,2026-09-21,1,8335,2026-09-17T18:44:19+07:00
684,5177,1754,332,2026-08-06,9,19163,2026-06-27T23:54:20+07:00
685,5182,1755,359,2026-10-16,3,5893,2026-09-01T03:25:59+07:00
686,5185,1756,562,2026-09-12,9,16548,2026-08-18T10:27:17+07:00
687,5194,1758,628,2026-10-07,10,10948,2026-09-24T16:25:44+07:00
688,5205,1762,426,2026-10-04,2,25193,2026-09-02T22:22:22+07:00
689,5209,1764,196,2026-04-29,10,32880,2026-04-14T12:30:18+07:00
690,5217,1767,97,2026-11-01,5,11752,2026-10-24T18:59:17+07:00
691,5222,1768,75,2026-08-02,9,15656,2026-07-18T16:20:03+07:00
692,5229,1774,680,2026-10-24,4,6957,2026-10-06T20:07:49+07:00
693,5238,1775,113,2026-10-23,6,22093,2026-09-22T20:01:09+07:00
694,5241,1776,445,2026-12-19,4,15167,2026-12-05T17:46:32+07:00
695,5253,1780,796,2027-01-08,3,2816,2026-11-30T15:06:13+07:00
696,5257,1781,27,2027-01-24,2,3251,2026-12-26T23:34:52+07:00
697,5261,1782,338,2027-01-12,3,15203,2026-12-09T20:14:15+07:00
698,5276,1785,87,2026-03-10,2,12357,2026-03-06T22:13:57+07:00
699,5282,1786,713,2026-07-11,3,14003,2026-07-08T18:43:00+07:00
700,5293,1791,47,2026-11-08,4,14135,2026-10-04T18:55:25+07:00
701,5309,1797,356,2026-08-18,11,27387,2026-08-08T13:36:17+07:00
702,5317,1801,378,2026-07-29,8,19113,2026-07-14T13:51:37+07:00
703,5322,1802,448,2026-10-02,2,17428,2026-07-31T13:57:24+07:00
704,5339,1806,419,2026-12-21,8,38427,2026-11-28T18:10:52+07:00
705,5344,1807,151,2026-11-17,1,4667,2026-11-17T18:47:16+07:00
706,5347,1808,560,2026-11-20,9,23036,2026-10-18T00:58:52+07:00
707,5350,1808,775,2026-11-15,10,11202,2026-10-21T22:58:56+07:00
708,5346,1808,590,2026-12-20,9,8708,2026-12-12T22:41:55+07:00
709,5352,1810,80,2026-06-08,1,7623,2026-06-04T14:57:44+07:00
710,5353,1812,214,2026-05-08,4,29129,2026-04-11T12:37:16+07:00
711,5364,1815,336,2026-10-02,3,18109,2026-08-14T00:55:54+07:00
712,5368,1816,6,2026-11-19,2,47261,2026-11-15T12:52:41+07:00
713,5366,1816,321,2026-12-11,1,12950,2026-12-08T12:29:30+07:00
714,5376,1819,284,2026-12-28,3,5830,2026-12-10T17:40:51+07:00
715,5387,1825,682,2027-02-12,3,8486,2026-12-19T16:02:45+07:00
716,5393,1826,223,2026-10-18,1,5527,2026-10-18T20:44:33+07:00
717,5418,1835,512,2026-05-01,4,11882,2026-04-11T16:08:18+07:00
718,5429,1840,193,2026-06-19,10,16001,
719,5430,1840,255,2026-06-18,8,19298,2026-05-17T15:43:07+07:00
720,5435,1841,56,2026-07-22,2,11984,2026-07-19T09:47:46+07:00
721,5440,1843,304,2026-08-19,9,15247,2026-07-23T16:23:10+07:00
722,5453,1846,338,2026-08-01,4,20378,2026-07-03T10:52:47+07:00
723,5457,1847,333,2026-09-30,2,9179,2026-09-28T17:52:09+07:00
724,5460,1848,99,2026-10-25,9,17145,2026-10-21T12:00:35+07:00
725,5463,1850,305,2026-12-05,1,12485,2026-12-02T21:11:50+07:00
726,5484,1854,476,2026-11-27,3,8113,2026-11-19T14:00:27+07:00
727,5494,1858,641,2026-10-26,2,4927,2026-10-25T15:49:44+07:00
728,5496,1858,613,2026-11-15,1,12888,2026-11-14T11:39:44+07:00
729,5508,1863,567,2026-10-23,1,7955,2026-10-20T06:24:48+07:00
730,5525,1869,41,2026-07-01,9,38323,2026-05-26T22:32:48+07:00
731,5540,1872,96,2026-10-02,2,14521,2026-08-21T01:29:46+07:00
732,5535,1872,446,2026-09-07,3,25977,2026-08-26T16:23:11+07:00
733,5548,1875,261,2026-12-22,5,7330,2026-11-18T08:41:03+07:00
734,5556,1876,524,2026-02-20,2,12850,2026-02-19T17:19:36+07:00
735,5555,1876,532,2026-03-05,3,11638,2026-03-04T23:32:04+07:00
736,5553,1876,174,2026-04-11,1,8837,2026-04-07T14:19:26+07:00
737,5564,1881,40,2026-03-17,2,16041,2026-03-13T20:17:53+07:00
738,5586,1889,549,2026-05-08,4,13570,2026-04-06T19:59:11+07:00
739,5596,1894,48,2027-02-12,2,3977,2026-12-28T18:14:03+07:00
740,5600,1896,424,2026-02-15,4,9216,2026-01-31T18:54:13+07:00
741,5606,1897,75,2026-10-28,4,6487,2026-10-12T07:32:46+07:00
742,5609,1898,449,2026-05-29,3,6768,2026-05-01T11:39:28+07:00
743,5617,1900,190,2026-04-18,4,5026,2026-04-04T21:33:32+07:00
744,5619,1901,788,2026-12-11,3,6825,2026-10-10T10:04:38+07:00
745,5647,1910,321,2026-08-09,1,13644,2026-08-08T15:13:23+07:00
746,5651,1911,96,2026-12-04,4,30987,2026-11-08T07:20:14+07:00
747,5664,1916,532,2026-02-28,2,7875,2026-02-27T19:39:29+07:00
748,5666,1916,185,2026-03-12,1,6676,2026-03-09T19:37:29+07:00
749,5667,1916,394,2026-04-27,2,30214,2026-04-23T20:01:15+07:00
750,5690,1924,263,2026-12-01,4,10091,2026-11-04T22:06:33+07:00
751,5698,1928,214,2026-10-17,4,31755,2026-09-18T09:52:28+07:00
752,5703,1930,568,2026-11-02,4,4506,2026-10-19T02:04:36+07:00
753,5706,1931,678,2026-06-05,3,5166,2026-04-30T13:02:22+07:00
754,5714,1933,208,2026-10-09,4,30210,2026-09-03T05:15:37+07:00
755,5722,1935,534,2027-01-22,2,8578,2026-12-12T01:58:06+07:00
756,5727,1936,618,2026-07-11,7,12211,2026-06-09T08:41:33+07:00
757,5737,1939,269,2026-12-17,4,4961,2026-11-09T10:11:29+07:00
758,5741,1940,352,2027-01-10,5,18952,2026-12-26T15:24:20+07:00
759,5750,1942,699,2026-10-01,1,3751,2026-09-30T09:39:56+07:00
760,5761,1947,476,2026-10-20,3,7829,2026-10-11T19:00:50+07:00
761,5765,1948,304,2026-10-28,6,11632,2026-10-24T09:37:59+07:00
762,5768,1948,18,2026-12-17,7,8950,2026-11-26T00:52:37+07:00
763,5772,1950,135,2026-08-09,2,7388,2026-07-22T13:15:44+07:00
764,5783,1956,55,2026-11-21,5,23072,2026-10-27T18:15:14+07:00
765,5795,1960,474,2027-01-03,10,13502,2026-12-16T19:46:29+07:00
766,5798,1961,470,2026-03-14,3,6748,2026-02-21T22:56:21+07:00
767,5797,1961,57,2026-04-22,2,7357,2026-04-13T21:03:26+07:00
768,5801,1962,655,2026-07-10,1,7868,2026-07-07T08:07:50+07:00
769,5806,1963,716,2026-10-24,8,19820,2026-09-19T10:09:16+07:00
770,5813,1966,707,2026-05-23,2,5150,2026-03-30T23:51:55+07:00
771,5816,1968,365,2026-08-08,3,14077,2026-06-12T18:25:14+07:00
772,5819,1969,293,2026-08-07,2,31524,2026-08-06T02:18:16+07:00
773,5826,1971,146,2026-12-14,4,6020,2026-11-04T14:01:57+07:00
774,5832,1972,197,2026-08-25,1,5380,2026-08-21T03:22:58+07:00
775,5831,1972,301,2026-09-09,1,5986,2026-09-08T00:14:23+07:00
776,5851,1978,477,2026-08-18,11,18172,2026-07-16T23:31:20+07:00
777,5854,1979,343,2026-05-29,2,17894,2026-05-09T17:41:36+07:00
778,5863,1980,327,2026-08-27,2,8973,2026-08-25T01:38:36+07:00
779,5869,1983,89,2026-11-08,5,11305,2026-10-25T14:18:44+07:00
780,5871,1984,4,2027-01-22,4,19728,2026-11-26T13:12:30+07:00
781,5881,1989,428,2026-11-13,2,26402,2026-10-18T12:17:19+07:00
782,5898,1994,180,2026-07-23,1,5467,2026-07-19T18:15:12+07:00
783,5905,1996,309,2026-09-05,11,30325,2026-07-31T12:47:35+07:00
784,5943,2010,46,2026-04-21,3,26330,2026-04-09T19:16:36+07:00
785,5954,2013,536,2026-08-28,11,31301,2026-08-13T23:44:20+07:00
786,5957,2014,504,2026-09-07,4,9595,2026-08-26T09:47:34+07:00
787,5960,2016,341,2026-04-23,4,7714,2026-03-19T22:52:22+07:00
788,5965,2020,635,2026-06-10,7,8305,2026-06-02T15:26:44+07:00
789,5973,2025,116,2026-07-21,1,16627,2026-07-17T22:33:18+07:00
790,5989,2031,171,2026-07-24,3,4744,2026-06-24T14:25:18+07:00
791,5994,2032,263,2026-07-23,3,9146,2026-06-25T10:17:54+07:00
792,5996,2032,483,2026-07-22,4,19050,2026-06-29T12:01:14+07:00
793,5998,2033,408,2026-06-05,4,35622,
794,6004,2035,218,2026-08-18,10,20027,2026-07-16T14:02:22+07:00
795,6015,2038,729,2026-12-04,9,24623,2026-10-30T20:45:18+07:00
796,6010,2038,38,2026-12-15,6,18961,2026-12-08T08:13:09+07:00
797,6016,2039,47,2026-12-22,2,6121,2026-11-05T19:06:48+07:00
798,6023,2041,89,2026-09-04,2,5276,2026-08-06T23:03:36+07:00
799,6039,2046,771,2026-10-16,4,7022,2026-10-04T23:09:45+07:00
800,6062,2053,412,2027-01-23,4,25059,2026-12-08T18:54:17+07:00
801,6068,2054,356,2026-06-20,7,16386,2026-06-04T22:53:02+07:00
802,6072,2056,594,2026-06-26,2,7810,2026-05-28T20:04:08+07:00
803,6071,2056,138,2026-07-24,3,7169,2026-06-26T11:31:56+07:00
804,6078,2058,124,2026-04-03,8,19891,2026-03-05T00:31:48+07:00
805,6082,2060,69,2026-07-30,6,7866,2026-07-27T09:19:57+07:00
806,6083,2060,601,2026-09-14,9,19215,2026-08-05T16:29:24+07:00
807,6081,2060,113,2026-09-12,3,9852,2026-08-22T23:23:54+07:00
808,6085,2060,150,2026-09-29,4,5048,2026-09-08T01:04:19+07:00
809,6094,2065,219,2026-12-24,2,42022,2026-12-21T09:34:45+07:00
810,6099,2066,508,2027-01-15,3,10386,2026-12-09T20:50:29+07:00
811,6116,2070,627,2026-09-22,1,3045,2026-09-20T13:27:51+07:00
812,6123,2073,325,2026-09-01,1,4648,2026-08-28T21:18:27+07:00
813,6132,2078,76,2026-11-15,3,11444,2026-10-03T04:42:52+07:00
814,6134,2079,14,2026-04-17,4,26586,2026-04-07T10:03:11+07:00
815,6141,2081,458,2026-08-27,7,9497,2026-07-27T21:32:52+07:00
816,6155,2083,263,2027-01-15,5,12517,2026-12-07T10:24:07+07:00
817,6163,2086,328,2026-08-03,10,23435,2026-07-13T19:10:17+07:00
818,6166,2087,618,2026-08-20,8,14327,2026-08-16T02:08:18+07:00
819,6169,2088,28,2026-11-05,10,10100,2026-10-16T15:04:42+07:00
820,6190,2094,78,2026-10-21,1,7446,2026-10-19T11:41:43+07:00
821,6191,2094,351,2026-11-01,1,5475,2026-10-29T18:30:57+07:00
822,6203,2097,15,2026-11-07,3,6878,2026-10-04T17:17:38+07:00
823,6211,2098,76,2026-12-30,5,17101,2026-11-16T20:43:51+07:00
824,6214,2099,193,2026-09-20,3,4523,2026-09-11T22:43:23+07:00
825,6219,2101,370,2026-08-17,2,16819,2026-08-14T05:15:46+07:00
826,6227,2102,127,2027-01-27,9,21638,2026-12-21T15:42:37+07:00
827,6228,2103,52,2026-04-05,3,4432,2026-02-23T12:56:11+07:00
828,6231,2104,561,2026-08-17,7,9888,2026-08-03T09:30:15+07:00
829,6237,2106,600,2026-12-21,1,4927,2026-12-18T23:57:37+07:00
830,6243,2108,449,2026-12-26,3,7952,2026-11-24T10:30:42+07:00
831,6247,2110,117,2026-05-09,4,29824,2026-04-17T22:15:15+07:00
832,6250,2110,70,2026-06-15,4,6215,
833,6257,2114,23,2026-10-27,2,20605,2026-10-27T14:41:35+07:00
834,6270,2118,44,2026-01-14,12,33265,
835,6267,2118,123,2026-04-10,4,6139,2026-03-15T07:08:12+07:00
836,6278,2120,270,2026-09-30,10,10242,2026-09-20T02:02:07+07:00
837,6306,2129,237,2026-05-27,6,15759,2026-05-09T12:03:53+07:00
838,6307,2129,90,2026-05-29,7,14980,2026-05-20T18:56:55+07:00
839,6314,2132,426,2027-01-09,3,34807,2026-12-04T08:55:59+07:00
840,6316,2133,416,2026-05-15,12,34187,2026-04-22T14:15:12+07:00
841,6318,2133,786,2026-06-14,12,21616,2026-05-07T01:46:08+07:00
842,6323,2135,718,2026-10-21,12,8219,2026-10-14T19:24:27+07:00
843,6325,2136,523,2026-05-14,9,23180,2026-05-01T15:24:34+07:00
844,6330,2137,628,2026-09-07,3,3201,2026-08-27T10:28:50+07:00
845,6341,2140,146,2026-05-01,3,4772,2026-04-20T02:04:05+07:00
846,6364,2147,699,2026-09-11,4,13088,2026-08-10T21:25:16+07:00
847,6369,2148,737,2026-06-24,11,19425,2026-06-04T17:57:47+07:00
848,6386,2154,121,2026-07-08,2,11610,2026-07-07T14:18:11+07:00
849,6390,2155,383,2026-10-03,4,26521,2026-09-02T18:52:46+07:00
850,6404,2159,338,2026-06-05,5,27031,2026-04-27T18:06:03+07:00
851,6405,2160,426,2026-04-01,2,25269,2026-03-31T07:25:03+07:00
852,6409,2161,436,2026-11-08,9,47271,2026-10-06T20:14:52+07:00
853,6408,2161,10,2026-11-16,3,5912,2026-10-10T22:16:01+07:00
854,6417,2163,675,2026-12-04,2,9046,2026-11-30T11:19:50+07:00
855,6421,2166,379,2026-05-22,2,5012,2026-05-11T09:49:25+07:00
856,6426,2167,745,2026-11-13,3,5472,2026-10-27T14:41:07+07:00
857,6429,2168,429,2026-11-14,6,16564,2026-10-12T10:40:50+07:00
858,6445,2175,196,2026-12-24,3,10513,2026-12-08T00:10:32+07:00
859,6463,2180,546,2026-09-07,3,9085,2026-08-16T12:37:02+07:00
860,6466,2181,36,2026-05-29,10,34867,2026-05-05T14:23:19+07:00
861,6474,2184,232,2026-09-18,4,9170,2026-08-08T19:01:17+07:00
862,6488,2188,162,2026-12-16,1,17285,2026-12-15T12:26:31+07:00
863,6505,2193,244,2026-11-27,4,13047,2026-10-03T12:41:44+07:00
864,6500,2193,445,2026-12-04,2,7797,2026-10-16T15:00:27+07:00
865,6517,2197,263,2027-01-08,2,5133,2026-12-14T16:57:48+07:00
866,6519,2198,167,2026-07-25,2,13357,2026-07-21T11:54:47+07:00
867,6524,2200,530,2027-02-12,2,6144,2026-12-18T07:44:39+07:00
868,6528,2201,395,2027-01-17,8,23240,2026-12-20T09:03:54+07:00
869,6537,2205,305,2026-07-11,2,24603,2026-07-08T15:54:08+07:00
870,6545,2207,288,2026-09-27,6,11287,2026-09-19T20:54:42+07:00
871,6548,2207,103,2026-10-10,6,11009,2026-09-22T01:30:34+07:00
872,6543,2207,99,2026-12-01,10,20690,2026-11-23T13:50:31+07:00
873,6573,2216,371,2026-04-26,2,11816,2026-04-22T22:44:23+07:00
874,6571,2216,327,2026-06-18,3,13765,2026-06-17T16:52:00+07:00
875,6581,2219,31,2026-07-05,2,12780,2026-07-05T00:33:25+07:00
876,6582,2219,242,2026-09-06,1,6207,2026-09-02T18:02:28+07:00
877,6590,2221,43,2026-12-03,3,15667,2026-10-06T15:17:55+07:00
878,6591,2221,58,2026-11-13,3,23142,2026-10-13T09:51:14+07:00
879,6601,2226,629,2027-01-08,2,8590,2026-11-11T17:33:56+07:00
880,6604,2227,95,2027-01-02,4,10611,2026-12-14T15:05:42+07:00
881,6612,2229,46,2026-05-15,2,15845,2026-05-03T17:49:09+07:00
882,6627,2235,609,2026-10-09,4,21810,2026-08-12T17:53:45+07:00
883,6629,2236,172,2027-01-03,9,22684,2026-12-12T00:27:09+07:00
884,6632,2237,667,2026-04-24,2,5990,2026-04-21T10:45:03+07:00
885,6635,2238,332,2026-04-11,5,9244,2026-03-11T16:04:17+07:00
886,6640,2241,623,2026-08-16,1,11915,2026-08-13T17:41:05+07:00
887,6646,2243,634,2026-12-27,8,11903,
888,6649,2244,670,2027-02-19,3,7270,
889,6660,2248,509,2026-09-18,4,11741,2026-07-16T17:02:13+07:00
890,6670,2251,416,2026-09-16,2,5440,2026-07-26T15:54:06+07:00
891,6671,2252,408,2027-01-08,5,44055,2026-12-24T11:49:03+07:00
892,6675,2253,291,2027-01-30,5,32391,2026-12-03T16:29:05+07:00
893,6692,2260,310,2026-12-28,7,8385,2026-12-10T01:36:30+07:00
894,6700,2261,515,2026-12-13,11,23414,2026-12-04T13:28:56+07:00
895,6702,2262,492,2026-07-19,2,8374,2026-07-17T20:44:52+07:00
896,6705,2263,408,2026-12-19,5,39284,2026-12-06T00:20:51+07:00
897,6715,2267,375,2026-10-30,2,3824,2026-09-24T20:27:12+07:00
898,6717,2267,477,2027-01-01,4,6070,2026-11-10T21:29:12+07:00
899,6716,2267,558,2026-12-11,2,4324,2026-11-18T20:53:54+07:00
900,6725,2270,344,2026-04-03,5,55736,2026-03-11T00:01:37+07:00
901,6724,2270,147,2026-04-10,4,10982,2026-03-28T21:18:25+07:00
902,6731,2272,616,2026-09-02,3,16910,2026-09-02T12:28:06+07:00
903,6734,2274,349,2026-05-01,2,11764,2026-04-16T22:23:55+07:00
904,6739,2275,574,2026-12-10,1,4110,2026-12-08T12:04:15+07:00
905,6746,2277,601,2026-09-25,2,4837,2026-08-03T14:17:43+07:00
906,6754,2279,669,2026-11-17,5,12376,2026-11-07T16:33:05+07:00
907,6763,2281,520,2026-12-23,1,3402,2026-12-19T19:55:54+07:00
908,6765,2282,295,2026-09-26,3,16184,2026-09-23T07:03:17+07:00
909,6773,2284,314,2027-01-19,3,9608,2026-12-09T21:07:22+07:00
910,6774,2284,258,2027-01-14,3,4726,2026-12-27T16:43:41+07:00
911,6787,2289,743,2026-11-07,1,13318,2026-11-07T14:05:32+07:00
912,6803,2293,798,2026-09-23,11,21855,2026-08-31T14:04:59+07:00
913,6809,2295,266,2026-11-27,2,5653,2026-10-12T20:31:05+07:00
914,6813,2298,22,2026-11-13,3,7623,2026-09-25T16:05:17+07:00
915,6835,2306,38,2026-11-28,3,10692,
916,6846,2308,161,2026-10-14,6,4742,2026-09-20T09:17:02+07:00
917,6855,2310,629,2026-12-11,1,4429,2026-12-07T06:08:29+07:00
918,6864,2312,366,2027-01-02,3,6571,2026-12-12T02:04:18+07:00
919,6870,2313,95,2026-12-19,12,33563,2026-11-06T22:10:18+07:00
920,6867,2313,545,2026-12-28,12,14783,2026-12-08T19:14:25+07:00
921,6885,2317,285,2026-12-02,4,29639,2026-10-18T19:17:45+07:00
922,6899,2324,664,2026-11-11,4,3752,2026-11-07T12:46:39+07:00
923,6900,2324,93,2026-12-03,9,29657,2026-11-19T20:25:47+07:00
924,6902,2325,772,2026-07-19,1,3862,2026-07-18T05:10:27+07:00
925,6904,2326,444,2026-05-07,11,36578,2026-03-31T11:59:13+07:00
926,6907,2327,285,2026-11-12,1,7454,2026-11-11T16:22:46+07:00
927,6924,2334,30,2026-08-20,2,18079,2026-08-17T09:57:37+07:00
928,6926,2335,29,2026-10-06,10,36152,2026-09-09T00:12:18+07:00
929,6925,2335,337,2026-11-07,10,12979,2026-10-16T03:20:58+07:00
930,6934,2338,336,2026-11-29,2,11870,2026-11-29T01:19:38+07:00
931,6938,2339,724,2026-09-30,2,32931,2026-09-27T19:19:14+07:00
932,6949,2340,798,2027-02-19,4,8870,2026-12-20T13:10:27+07:00
933,6964,2345,154,2026-06-13,1,3781,2026-06-12T00:55:17+07:00
934,6966,2346,163,2026-12-19,3,5684,2026-12-01T11:04:19+07:00
935,6971,2348,151,2026-06-27,1,4319,2026-06-26T21:02:15+07:00
936,6977,2350,47,2026-10-17,11,32223,2026-09-23T08:50:28+07:00
937,6995,2354,548,2026-09-18,3,5222,2026-09-09T00:16:15+07:00
938,7002,2356,734,2026-08-14,3,7573,2026-07-03T13:54:20+07:00
939,7009,2357,229,2026-11-27,3,23958,2026-10-06T20:41:20+07:00
940,7032,2367,408,2026-10-16,3,28754,2026-09-28T18:25:26+07:00
941,7031,2367,329,2026-11-13,2,16312,2026-09-30T14:21:25+07:00
942,7050,2370,650,2026-09-04,12,13332,2026-07-30T16:01:03+07:00
943,7046,2370,384,2026-09-20,6,13758,2026-08-13T16:01:12+07:00
944,7051,2371,710,2026-12-24,8,17028,2026-11-20T01:04:35+07:00
945,7058,2372,73,2026-10-29,2,26039,2026-10-28T00:42:29+07:00
946,7063,2373,13,2026-05-09,1,7028,2026-05-08T12:34:00+07:00
947,7068,2373,382,2026-06-07,2,47072,2026-06-04T14:22:08+07:00
948,7085,2378,274,2027-01-29,4,13680,2026-11-29T01:19:51+07:00
949,7082,2378,359,2027-02-12,4,7805,2026-12-19T09:27:28+07:00
950,7089,2382,221,2026-10-27,3,8275,2026-09-28T20:31:47+07:00
951,7091,2383,676,2026-10-30,2,2247,2026-09-08T12:58:27+07:00
952,7096,2385,338,2026-06-05,4,19217,2026-05-28T11:57:59+07:00
953,7104,2386,209,2026-10-11,11,16864,
954,7118,2391,601,2026-12-11,3,7283,2026-10-16T13:10:36+07:00
955,7124,2395,129,2027-01-03,7,8407,2026-12-24T09:27:34+07:00
956,7131,2398,335,2026-12-29,8,8437,2026-11-26T01:47:34+07:00
957,7134,2400,384,2026-11-09,12,26074,2026-10-28T21:03:52+07:00
958,7148,2405,341,2026-07-12,3,5437,2026-06-12T18:09:55+07:00
959,7154,2406,89,2026-11-05,3,7723,
960,7151,2406,25,2026-10-12,3,29063,2026-09-11T15:20:30+07:00
961,7152,2406,48,2026-11-20,5,10486,2026-09-24T14:18:11+07:00
962,7156,2406,124,2026-12-05,3,8211,2026-10-21T23:27:27+07:00
963,7160,2408,462,2026-07-02,5,3708,2026-06-26T13:29:33+07:00
964,7163,2409,548,2026-12-02,12,18245,2026-11-22T11:05:21+07:00
965,7169,2410,758,2026-01-28,2,27659,2026-01-26T11:40:08+07:00
966,7175,2412,399,2026-09-25,3,17532,2026-07-29T15:56:26+07:00
967,7184,2415,637,2026-07-10,3,16246,2026-05-12T20:26:14+07:00
968,7194,2417,108,2026-12-10,12,45265,2026-11-29T18:47:12+07:00
969,7196,2417,243,2026-12-29,10,21167,2026-12-18T21:14:36+07:00
970,7204,2420,44,2026-08-17,4,9754,2026-07-12T20:37:18+07:00
971,7215,2424,266,2026-12-04,4,10462,2026-11-24T21:07:42+07:00
972,7212,2424,372,2027-01-25,4,9693,2026-12-07T15:05:10+07:00
973,7220,2428,459,2026-04-05,1,6312,2026-04-03T14:19:12+07:00
974,7230,2431,275,2026-10-23,4,24942,2026-10-13T14:12:58+07:00
975,7233,2432,281,2026-08-04,11,13709,2026-07-12T19:57:40+07:00
976,7235,2433,33,2026-09-04,9,26402,2026-08-31T22:21:05+07:00
977,7254,2439,68,2026-06-26,6,24083,2026-05-20T14:01:15+07:00
978,7261,2441,303,2026-12-25,3,7454,2026-10-30T18:24:20+07:00
979,7273,2445,83,2026-11-05,3,19359,2026-10-04T19:37:43+07:00
980,7278,2447,472,2027-01-22,3,9805,2026-12-07T23:09:50+07:00
981,7280,2447,412,2027-01-14,3,18416,2026-12-28T13:31:19+07:00
982,7285,2449,406,2026-12-17,1,30495,2026-12-17T13:18:42+07:00
983,7283,2449,779,2026-12-20,1,5074,2026-12-20T01:43:30+07:00
984,7286,2450,354,2027-01-14,2,13818,2026-12-26T21:05:32+07:00
985,7298,2453,484,2026-04-03,2,5066,2026-02-24T06:19:58+07:00
986,7315,2458,9,2026-11-28,8,14745,2026-11-05T22:37:21+07:00
987,7324,2460,262,2026-11-16,1,5447,2026-11-16T02:42:54+07:00
988,7331,2463,338,2027-01-23,4,21926,2026-12-04T17:34:02+07:00
989,7346,2469,274,2026-11-14,1,3553,2026-11-14T23:33:56+07:00
990,7353,2472,143,2026-09-16,1,16688,2026-09-15T20:29:01+07:00
991,7358,2473,710,2026-12-21,11,26690,2026-12-15T06:13:57+07:00
992,7357,2473,442,2027-01-12,4,11312,2026-12-17T21:45:18+07:00
993,7371,2476,323,2026-05-29,3,10077,2026-04-05T15:01:27+07:00
994,7372,2476,266,2026-06-05,3,8600,2026-05-28T00:08:53+07:00
995,7381,2480,629,2026-10-21,3,14735,2026-09-13T23:56:45+07:00
996,7386,2484,14,2026-11-27,2,13097,2026-10-30T14:09:52+07:00
997,7385,2484,665,2026-12-04,3,3911,2026-11-04T14:23:18+07:00
998,7394,2485,477,2026-09-27,8,13602,2026-09-04T12:55:19+07:00
999,7392,2485,455,2026-11-12,10,9930,2026-09-30T10:38:06+07:00
1000,7391,2485,536,2026-10-28,7,20824,2026-10-03T10:42:52+07:00
1001,7388,2485,519,2026-10-16,10,9525,2026-10-10T19:49:22+07:00
1002,7410,2489,738,2026-09-18,4,8396,2026-09-01T23:02:56+07:00
1003,7417,2492,574,2026-09-21,3,12812,2026-09-04T13:38:52+07:00
1004,7418,2493,162,2026-11-22,2,38444,2026-11-22T13:28:41+07:00
1005,7419,2493,96,2026-12-28,1,6873,2026-12-25T23:53:38+07:00
1006,7424,2495,49,2026-09-04,2,13530,
1007,7426,2495,169,2026-11-09,3,4920,2026-10-13T00:34:01+07:00
1008,7430,2496,234,2026-11-25,1,8645,2026-11-22T08:36:44+07:00
1009,7434,2497,301,2026-09-04,2,11211,2026-08-01T07:48:58+07:00
1010,7444,2502,65,2026-03-09,1,6434,2026-03-05T19:15:28+07:00
1011,7447,2503,352,2026-06-19,5,18421,2026-05-11T08:49:36+07:00
1012,7462,2508,168,2026-09-10,3,9380,2026-09-06T12:33:21+07:00
1013,7461,2508,521,2026-09-16,2,25814,2026-09-13T01:45:31+07:00
1014,7494,2518,168,2026-10-25,1,3069,2026-10-25T00:07:17+07:00
1015,7497,2518,512,2026-12-18,1,2905,2026-12-17T00:12:07+07:00
1016,7513,2523,300,2026-08-30,3,17846,2026-08-29T23:12:07+07:00
1017,7542,2533,717,2026-10-08,1,4739,2026-10-06T01:02:12+07:00
1018,7560,2543,452,2026-10-30,2,35800,2026-10-27T01:05:42+07:00
1019,7564,2545,78,2026-06-17,3,24220,2026-06-16T01:35:17+07:00
1020,7568,2546,153,2026-07-09,9,7742,2026-06-11T12:21:19+07:00
1021,7572,2547,453,2026-03-25,2,5919,2026-03-22T18:26:52+07:00
1022,7577,2548,507,2026-09-18,3,4883,2026-08-14T18:52:52+07:00
1023,7580,2549,50,2026-12-18,11,12102,2026-11-17T15:47:13+07:00
1024,7581,2549,222,2026-12-26,8,30599,2026-12-08T20:02:32+07:00
1025,7582,2550,366,2026-05-22,3,6439,2026-04-08T11:34:10+07:00
1026,7585,2551,400,2027-02-12,3,10428,2026-12-30T16:29:52+07:00
1027,7592,2554,520,2026-08-21,1,3838,2026-08-20T12:04:11+07:00
1028,7597,2556,329,2026-10-27,2,17084,2026-10-23T03:40:37+07:00
1029,7605,2558,736,2026-10-09,4,18000,2026-09-05T01:15:34+07:00
1030,7608,2560,418,2026-09-22,1,8189,2026-09-22T13:21:42+07:00
1031,7612,2562,259,2026-09-05,6,12605,2026-08-28T22:54:50+07:00
1032,7635,2570,790,2026-12-12,3,10122,2026-11-02T17:57:12+07:00
1033,7641,2572,54,2026-02-28,2,17267,2026-02-26T22:53:25+07:00
1034,7645,2573,184,2026-05-09,3,5286,2026-04-01T12:05:51+07:00
1035,7648,2574,534,2026-06-19,1,4532,2026-06-19T10:00:11+07:00
1036,7650,2574,578,2026-08-28,1,8246,2026-08-28T01:06:20+07:00
1037,7660,2577,218,2026-06-07,12,26916,
1038,7669,2580,222,2026-12-18,5,20709,2026-12-01T19:09:00+07:00
1039,7676,2583,417,2027-01-23,4,6214,2026-12-16T09:50:56+07:00
1040,7693,2588,439,2026-08-23,2,19324,2026-08-19T13:07:48+07:00
1041,7705,2591,716,2026-11-09,11,24441,2026-10-24T13:47:56+07:00
1042,7700,2591,635,2026-11-09,6,7181,2026-10-28T18:37:11+07:00
1043,7706,2592,2,2026-12-31,3,9849,2026-11-30T20:27:49+07:00
1044,7710,2593,610,2026-11-21,5,6225,2026-10-24T15:11:24+07:00
1045,7722,2600,547,2026-08-15,11,39656,2026-07-21T07:30:16+07:00
1046,7738,2604,323,2026-12-19,10,30270,2026-11-23T16:18:47+07:00
1047,7746,2607,635,2026-10-23,10,12247,2026-10-03T21:05:00+07:00
1048,7758,2610,553,2026-10-13,4,6493,2026-10-02T10:16:08+07:00
1049,7771,2614,296,2026-12-19,2,24933,2026-12-19T15:25:23+07:00
1050,7775,2615,732,2026-11-26,12,11000,2026-11-01T20:05:31+07:00
1051,7789,2620,402,2026-07-11,1,31612,2026-07-09T21:31:12+07:00
1052,7805,2625,633,2026-12-13,11,6800,2026-10-30T20:31:34+07:00
1053,7811,2626,691,2026-06-29,5,11389,2026-06-19T13:40:45+07:00
1054,7818,2629,520,2026-10-23,2,7004,2026-10-10T12:37:26+07:00
1055,7826,2631,71,2026-07-26,8,22128,2026-06-29T17:03:25+07:00
1056,7849,2639,210,2026-07-15,5,19965,2026-06-04T21:15:17+07:00
1057,7854,2641,121,2026-11-15,1,6314,2026-11-15T13:07:43+07:00
1058,7864,2645,130,2026-12-11,4,29029,2026-10-21T23:46:00+07:00
1059,7868,2647,560,2026-08-31,9,21056,2026-08-07T20:50:36+07:00
1060,7874,2648,165,2026-10-13,1,3076,2026-10-13T19:02:59+07:00
1061,7895,2658,422,2026-11-29,11,13711,2026-11-14T10:31:26+07:00
1062,7902,2660,750,2026-09-10,2,8252,2026-09-08T19:11:23+07:00
1063,7909,2662,650,2026-12-30,9,10302,2026-12-13T14:02:24+07:00
1064,7929,2668,432,2026-10-31,1,8538,2026-10-30T11:09:48+07:00
1065,7949,2674,459,2027-02-13,3,16989,2026-12-17T20:09:55+07:00
1066,7966,2682,14,2026-12-17,3,18698,2026-12-16T00:44:47+07:00
1067,7974,2686,35,2026-11-06,10,31021,2026-10-05T13:34:16+07:00
1068,7977,2687,686,2027-01-10,5,10791,2026-12-28T00:30:57+07:00
1069,7988,2691,178,2026-10-06,2,39998,2026-10-05T00:56:20+07:00
1070,7991,2692,551,2026-09-11,3,9246,2026-08-09T13:20:15+07:00
1071,7998,2694,399,2026-03-31,5,31389,2026-03-19T12:33:02+07:00
1072,8003,2696,794,2026-11-02,7,7446,2026-10-30T13:57:57+07:00
1073,8002,2696,792,2026-11-25,3,6264,2026-11-06T23:08:56+07:00
1074,8018,2701,791,2027-01-15,2,2484,2026-11-24T08:07:18+07:00
1075,8022,2702,476,2026-08-21,2,4689,2026-07-29T16:18:05+07:00
1076,8029,2704,302,2026-12-16,7,5685,2026-11-22T11:55:39+07:00
1077,8036,2706,40,2026-06-03,1,10084,2026-06-02T21:25:00+07:00
1078,8049,2710,294,2026-09-08,4,3512,2026-09-03T21:14:37+07:00
1079,8052,2712,381,2026-06-13,1,6110,2026-06-10T00:22:41+07:00
1080,8058,2713,366,2026-08-25,3,5812,2026-07-28T06:42:21+07:00
1081,8061,2714,232,2026-05-21,4,8700,2026-04-26T03:02:41+07:00
1082,8063,2715,42,2026-06-01,1,3746,2026-05-31T00:09:11+07:00
1083,8074,2716,333,2026-03-28,1,5383,2026-03-27T17:08:55+07:00
1084,8067,2716,23,2026-04-29,1,10779,2026-04-27T19:38:52+07:00
1085,8082,2718,699,2026-02-16,3,10340,2026-02-12T18:12:21+07:00
1086,8104,2724,199,2027-02-07,2,7044,2026-12-17T02:30:46+07:00
1087,8111,2726,468,2026-01-31,1,17159,2026-01-30T18:08:04+07:00
1088,8109,2726,761,2026-04-03,2,11319,2026-04-02T01:20:58+07:00
1089,8121,2729,148,2026-11-20,4,6161,2026-10-04T19:42:44+07:00
1090,8126,2731,220,2027-01-15,3,12015,2026-11-13T23:57:44+07:00
1091,8125,2731,660,2027-01-15,4,9555,2026-12-26T22:45:49+07:00
1092,8139,2735,151,2026-12-04,3,15841,2026-11-09T21:54:31+07:00
1093,8144,2736,84,2026-07-20,5,12898,2026-06-10T01:01:37+07:00
1094,8148,2737,315,2026-05-28,6,12066,2026-04-25T01:44:06+07:00
1095,8150,2738,356,2027-01-05,8,20429,2026-12-08T01:55:39+07:00
1096,8153,2739,39,2027-01-01,5,9902,2026-12-21T12:23:14+07:00
1097,8159,2742,253,2026-06-19,3,11523,2026-04-17T10:02:23+07:00
1098,8166,2745,177,2026-09-16,7,8792,2026-09-06T14:01:00+07:00
1099,8183,2753,546,2026-04-24,2,5912,2026-04-05T19:09:59+07:00
1100,8186,2754,376,2026-09-11,10,13549,2026-08-04T12:12:05+07:00
1101,8193,2755,620,2026-10-22,6,4428,2026-10-16T01:09:49+07:00
1102,8205,2758,114,2026-10-06,1,4719,2026-10-04T18:12:05+07:00
1103,8211,2760,425,2026-12-08,2,24283,2026-12-06T17:53:44+07:00
1104,8218,2762,566,2026-09-20,3,24646,2026-09-20T16:37:22+07:00
1105,8222,2762,101,2026-10-19,2,18410,2026-10-15T10:00:32+07:00
1106,8224,2763,246,2026-10-24,1,33085,2026-10-21T21:42:34+07:00
1107,8227,2764,786,2027-01-11,10,19720,2026-12-01T23:37:29+07:00
1108,8231,2765,254,2026-10-02,7,27549,2026-09-11T20:10:01+07:00
1109,8234,2766,753,2026-05-29,2,5178,2026-04-30T16:29:08+07:00
1110,8243,2769,78,2026-07-28,3,19735,2026-07-26T09:00:36+07:00
1111,8242,2769,55,2026-09-16,1,5214,2026-09-14T16:49:44+07:00
1112,8257,2771,126,2026-12-01,11,18596,2026-11-18T01:47:09+07:00
1113,8253,2771,504,2026-12-04,12,25859,2026-11-30T21:26:48+07:00
1114,8260,2774,185,2026-12-18,2,12829,2026-10-30T10:39:01+07:00
1115,8272,2777,175,2026-12-19,11,13976,2026-11-20T13:33:51+07:00
1116,8277,2780,243,2026-10-01,7,14999,
1117,8293,2785,318,2026-06-19,2,12922,2026-06-16T20:21:22+07:00
1118,8305,2790,160,2026-10-16,4,18504,2026-08-15T10:45:52+07:00
1119,8303,2790,445,2026-10-28,4,16158,2026-10-17T02:25:59+07:00
1120,8315,2793,430,2026-10-12,1,10608,2026-10-09T09:18:07+07:00
1121,8328,2799,196,2026-12-11,3,10428,2026-11-05T11:19:07+07:00
1122,8333,2801,123,2026-11-10,5,8006,2026-10-09T19:20:45+07:00
1123,8344,2804,730,2026-09-19,4,7166,2026-08-22T13:13:14+07:00
1124,8351,2807,131,2026-08-17,3,10571,2026-07-27T18:49:05+07:00
1125,8359,2809,62,2026-04-14,7,22405,2026-03-11T10:14:42+07:00
1126,8368,2811,7,2027-01-16,3,25329,2026-12-02T01:37:52+07:00
1127,8388,2817,661,2026-03-27,2,3364,2026-02-18T08:38:44+07:00
1128,8393,2818,624,2026-11-27,3,6940,2026-10-06T22:42:34+07:00
1129,8400,2820,41,2026-12-04,2,8262,2026-10-14T08:19:49+07:00
1130,8405,2822,553,2026-02-24,6,9163,2026-02-20T21:33:57+07:00
1131,8423,2828,505,2026-08-26,11,21767,2026-08-21T02:12:03+07:00
1132,8432,2833,376,2026-12-22,3,3542,2026-11-20T13:42:52+07:00
1133,8439,2836,632,2026-06-21,3,16162,2026-05-05T12:21:01+07:00
1134,8453,2842,517,2026-11-09,8,21271,2026-11-03T17:39:31+07:00
1135,8465,2846,239,2026-10-14,12,15965,2026-09-05T00:03:00+07:00
1136,8464,2846,115,2026-10-04,3,10019,2026-09-24T01:34:05+07:00
1137,8469,2849,529,2026-07-15,2,6161,2026-07-14T17:35:59+07:00
1138,8474,2851,135,2026-09-11,2,7627,2026-09-01T17:14:52+07:00
1139,8478,2853,378,2026-06-16,3,7122,
1140,8488,2856,133,2027-02-05,2,18254,2026-12-19T15:05:48+07:00
1141,8494,2858,558,2026-10-22,11,25744,2026-09-20T20:25:06+07:00
1142,8498,2859,533,2026-11-03,10,19433,2026-09-27T02:56:22+07:00
1143,8505,2862,549,2026-10-10,1,4115,2026-10-07T21:51:27+07:00
1144,8511,2863,42,2026-07-30,4,16257,2026-06-10T15:45:43+07:00
1145,8508,2863,461,2026-07-17,3,15864,2026-06-14T21:02:13+07:00
1146,8530,2868,36,2026-07-31,3,9510,2026-07-02T18:19:34+07:00
1147,8529,2868,365,2026-08-15,4,15533,2026-07-03T12:01:24+07:00
1148,8534,2870,272,2027-01-08,4,13710,2026-12-14T12:25:53+07:00
1149,8545,2876,448,2026-11-16,1,9344,2026-11-12T08:41:36+07:00
1150,8553,2878,509,2026-04-28,7,19636,2026-03-29T23:18:57+07:00
1151,8559,2879,336,2026-07-04,1,5632,2026-06-30T10:57:53+07:00
1152,8563,2881,697,2026-12-02,2,6502,2026-12-01T02:08:48+07:00
1153,8576,2886,275,2026-09-16,3,21037,2026-09-15T10:38:28+07:00
1154,8584,2888,422,2026-07-02,12,16101,2026-05-27T02:02:03+07:00
1155,8601,2894,635,2026-05-16,5,6432,2026-04-18T00:20:41+07:00
1156,8609,2895,84,2026-12-19,5,12670,2026-11-23T20:13:57+07:00
1157,8611,2896,506,2026-09-14,3,21740,2026-09-12T18:01:42+07:00
1158,8614,2897,187,2026-11-12,4,9914,2026-10-25T22:42:30+07:00
1159,8619,2898,244,2026-12-17,11,36327,2026-11-25T08:41:16+07:00
1160,8629,2902,524,2027-01-29,3,18756,2026-12-03T14:12:52+07:00
1161,8630,2902,145,2027-02-05,2,2638,2026-12-28T06:43:06+07:00
1162,8636,2903,399,2026-09-04,4,20340,2026-07-07T19:36:13+07:00
1163,8647,2907,721,2026-03-19,5,9957,2026-01-23T12:46:31+07:00
1164,8659,2911,2,2027-01-22,3,9634,
1165,8662,2912,676,2026-07-24,4,4526,2026-06-19T19:37:49+07:00
1166,8669,2915,537,2026-11-09,11,30294,2026-10-14T02:18:08+07:00
1167,8677,2918,242,2026-09-06,2,11805,2026-09-03T17:14:28+07:00
1168,8676,2918,182,2026-10-04,3,24869,2026-10-01T13:06:41+07:00
1169,8696,2922,45,2026-11-20,3,28419,2026-10-12T08:07:38+07:00
1170,8700,2924,35,2026-06-12,3,7857,2026-06-05T07:59:59+07:00
1171,8703,2925,743,2026-03-13,2,22345,2026-03-12T14:21:51+07:00
1172,8711,2928,306,2026-12-20,8,24760,2026-11-23T12:33:29+07:00
1173,8721,2930,138,2026-07-12,7,20381,2026-07-05T11:26:53+07:00
1174,8729,2932,281,2026-08-06,3,4022,
1175,8732,2934,356,2026-09-25,4,10151,2026-07-29T02:35:33+07:00
1176,8744,2937,615,2026-05-08,2,4085,2026-04-27T20:05:05+07:00
1177,8748,2938,5,2026-12-02,4,4217,2026-10-28T14:58:27+07:00
1178,8754,2941,676,2026-11-06,2,2483,2026-09-19T20:13:57+07:00
1179,8772,2946,288,2027-02-02,3,4776,2026-12-05T23:48:47+07:00
1180,8776,2947,180,2026-07-23,3,16817,2026-07-22T16:56:48+07:00
1181,8774,2947,559,2026-09-19,3,16952,2026-09-16T20:27:45+07:00
1182,8779,2949,241,2026-06-12,2,19586,2026-06-12T02:15:57+07:00
1183,8783,2950,95,2026-11-13,3,9039,2026-10-09T21:00:47+07:00
1184,8791,2955,189,2026-05-11,2,13518,2026-05-10T14:21:10+07:00
1185,8815,2962,572,2027-01-08,4,23559,2026-11-12T03:15:52+07:00
1186,8818,2963,140,2026-11-09,5,8603,2026-10-23T20:54:01+07:00
1187,8826,2967,735,2026-06-10,9,6400,2026-04-27T02:37:38+07:00
1188,8834,2969,356,2026-10-30,3,8427,2026-10-13T01:07:06+07:00
1189,8845,2972,378,2026-04-10,3,6193,2026-03-09T22:09:25+07:00
1190,8860,2978,285,2026-11-27,2,14187,2026-10-17T13:23:39+07:00
1191,8861,2979,501,2026-10-31,1,6710,2026-10-29T00:01:20+07:00
1192,8873,2982,781,2026-11-22,10,11933,2026-11-18T23:23:08+07:00
1193,8884,2987,211,2026-12-11,4,26492,2026-11-02T12:59:01+07:00
1194,8899,2994,443,2026-06-29,1,8154,2026-06-29T23:04:00+07:00
1195,8901,2995,159,2026-05-11,1,4058,2026-05-10T19:13:20+07:00
1196,8920,3001,228,2026-12-07,2,17291,2026-12-07T20:05:41+07:00
1197,8932,3005,353,2026-02-22,1,10212,2026-02-20T14:09:59+07:00
1198,8942,3006,250,2026-12-28,12,44162,2026-12-11T16:27:21+07:00
1199,8953,3010,36,2026-09-18,11,41572,2026-09-09T08:57:58+07:00
1200,8961,3012,199,2026-09-01,2,6681,2026-08-06T00:59:22+07:00
1201,8970,3016,257,2026-10-04,1,9582,2026-10-04T00:37:38+07:00
1202,8977,3020,184,2026-12-31,3,5433,2026-12-28T00:50:54+07:00
1203,8980,3022,346,2026-10-10,4,26889,2026-09-13T10:38:25+07:00
1204,8986,3025,747,2026-08-05,12,28730,2026-07-14T08:57:20+07:00
1205,8999,3029,617,2026-11-27,3,11283,2026-11-06T22:52:11+07:00
1206,9004,3031,225,2026-08-21,10,37026,2026-08-06T01:30:32+07:00
1207,9016,3036,35,2026-09-04,5,14012,2026-08-03T19:09:09+07:00
1208,9026,3040,232,2026-09-20,2,4913,2026-08-09T01:30:37+07:00
1209,9037,3043,658,2027-01-23,8,12761,2026-12-25T15:21:50+07:00
1210,9044,3045,162,2026-12-11,1,19886,2026-12-09T22:08:04+07:00
1211,9046,3045,214,2026-12-13,3,25263,2026-12-10T13:55:25+07:00
1212,9048,3046,197,2026-08-28,3,17786,
1213,9070,3052,202,2026-03-29,1,20240,2026-03-25T23:41:54+07:00
1214,9088,3057,588,2026-10-16,4,10306,2026-09-26T11:33:49+07:00
1215,9097,3063,28,2026-03-11,7,7169,2026-03-01T04:31:34+07:00
1216,9099,3064,501,2026-10-30,1,6631,2026-10-26T19:44:47+07:00
1217,9106,3067,180,2026-12-22,3,15229,2026-11-14T10:30:47+07:00
1218,9111,3069,135,2027-01-08,4,13745,2026-11-26T02:17:41+07:00
1219,9123,3074,399,2026-12-16,9,47922,2026-11-14T12:27:47+07:00
1220,9129,3076,71,2026-10-30,2,5976,2026-08-28T10:40:01+07:00
1221,9143,3080,56,2026-07-03,4,24127,2026-06-05T13:57:26+07:00
1222,9155,3082,750,2026-05-01,2,7364,2026-04-27T18:15:52+07:00
1223,9162,3083,559,2026-09-05,3,16921,2026-08-12T20:28:49+07:00
1224,9163,3085,13,2026-09-06,1,7550,2026-09-04T19:07:10+07:00
1225,9186,3092,512,2026-09-11,3,10719,
1226,9188,3093,105,2026-06-11,1,3724,2026-06-07T10:56:36+07:00
1227,9192,3095,138,2026-03-27,2,5120,2026-03-14T12:26:21+07:00
1228,9194,3096,658,2026-11-13,4,7066,2026-10-03T22:36:27+07:00
1229,9198,3096,484,2026-10-30,3,8011,2026-10-09T18:05:17+07:00
1230,9199,3097,288,2026-12-04,3,5347,2026-10-04T23:20:31+07:00
1231,9214,3101,767,2026-08-01,9,18586,2026-06-30T10:16:43+07:00
1232,9218,3102,311,2026-03-01,7,25502,2026-02-12T12:33:56+07:00
1233,9229,3106,8,2026-05-08,2,8094,2026-03-19T18:04:16+07:00
1234,9258,3116,44,2026-11-03,8,23116,2026-10-16T13:19:02+07:00
1235,9274,3122,299,2026-12-22,1,4693,2026-12-18T01:37:35+07:00
1236,9282,3125,699,2026-12-25,2,7703,2026-11-18T01:48:49+07:00
1237,9313,3134,706,2026-11-08,2,7956,2026-11-07T21:34:27+07:00
1238,9316,3135,738,2026-07-15,6,13458,2026-06-22T18:21:48+07:00
1239,9321,3137,675,2026-10-22,2,8164,2026-10-20T02:10:10+07:00
1240,9355,3151,215,2026-09-23,1,7885,2026-09-23T13:12:27+07:00
1241,9361,3152,687,2026-08-31,4,7800,2026-07-25T15:10:44+07:00
1242,9368,3154,781,2026-12-24,3,3692,2026-11-30T18:41:03+07:00
1243,9372,3155,218,2026-11-27,3,5478,2026-10-22T23:23:28+07:00
1244,9384,3158,171,2026-02-08,9,12365,2026-02-03T19:35:54+07:00
1245,9408,3163,568,2026-12-14,12,13127,2026-11-19T17:37:09+07:00
1246,9411,3164,249,2026-10-11,8,34141,2026-09-15T22:42:12+07:00
1247,9424,3168,6,2026-03-09,1,23879,2026-03-09T22:18:31+07:00
1248,9423,3168,297,2026-05-24,2,23992,2026-05-23T08:31:57+07:00
1249,9429,3170,39,2026-04-25,12,26390,2026-03-24T20:19:24+07:00
1250,9431,3171,29,2026-12-23,6,20316,2026-12-12T20:03:59+07:00
1251,9436,3173,412,2027-01-09,4,23116,2026-12-23T18:23:56+07:00
1252,9437,3174,659,2026-10-14,3,14191,2026-10-13T18:09:54+07:00
1253,9447,3175,249,2026-11-14,2,8805,2026-10-03T13:14:21+07:00
1254,9452,3177,677,2026-04-29,1,21103,2026-04-28T16:14:59+07:00
1255,9458,3180,186,2026-05-15,3,16772,2026-04-24T18:48:46+07:00
1256,9468,3182,217,2026-07-29,6,6304,2026-07-20T20:01:14+07:00
1257,9480,3187,77,2026-10-26,11,37553,2026-09-17T11:16:05+07:00
1258,9495,3191,644,2026-10-13,8,20817,2026-10-10T18:49:55+07:00
1259,9501,3193,495,2026-08-31,1,7175,2026-08-31T10:31:21+07:00
1260,9505,3194,440,2026-08-29,2,10798,2026-08-28T08:53:12+07:00
1261,9519,3198,246,2026-05-09,1,28367,2026-05-08T03:04:07+07:00
1262,9551,3206,654,2026-12-18,2,3830,2026-11-30T17:46:42+07:00
1263,9550,3206,715,2027-01-15,2,7283,2026-12-16T08:37:39+07:00
1264,9565,3213,413,2026-12-10,7,13462,2026-11-04T00:27:30+07:00
1265,9568,3215,331,2026-05-29,2,8642,2026-03-31T21:23:24+07:00
1266,9572,3215,615,2026-06-12,3,6883,2026-04-16T07:30:01+07:00
1267,9571,3215,751,2026-05-09,5,9244,2026-04-26T19:38:56+07:00
1268,9579,3217,713,2026-10-25,2,7871,2026-10-25T23:42:59+07:00
1269,9587,3220,119,2026-06-24,6,24835,2026-06-10T11:41:56+07:00
1270,9591,3221,175,2026-09-10,12,14612,2026-08-22T23:32:54+07:00
1271,9594,3222,559,2026-11-12,1,5428,2026-11-10T22:36:24+07:00
1272,9595,3223,75,2026-09-30,3,4648,2026-09-09T18:56:36+07:00
1273,9602,3224,284,2026-10-06,6,10957,2026-09-19T22:19:39+07:00
1274,9601,3224,679,2026-11-09,3,1815,2026-09-26T10:46:13+07:00
1275,9614,3229,636,2026-11-29,9,6288,2026-11-04T18:02:46+07:00
1276,9627,3233,784,2026-03-02,2,8725,2026-02-28T17:40:51+07:00
1277,9630,3233,724,2026-04-24,1,17228,2026-04-23T16:37:01+07:00
1278,9637,3235,19,2026-09-25,4,16701,2026-08-15T08:48:18+07:00
1279,9639,3236,97,2026-04-22,5,11789,2026-03-31T11:22:41+07:00
1280,9648,3238,192,2026-03-13,4,7086,2026-02-27T22:47:03+07:00
1281,9662,3242,327,2026-06-26,2,10019,2026-05-18T16:20:02+07:00
1282,9671,3244,238,2026-12-25,5,39537,2026-10-29T17:26:46+07:00
1283,9683,3248,647,2026-10-04,10,8522,2026-09-10T20:05:39+07:00
1284,9723,3261,8,2026-10-09,5,21422,2026-09-14T19:52:40+07:00
1285,9724,3261,602,2026-11-27,2,12178,2026-11-09T12:20:33+07:00
1286,9728,3262,234,2026-06-11,3,28235,2026-06-10T16:39:46+07:00
1287,9733,3264,615,2026-07-16,10,19131,2026-06-24T15:39:13+07:00
1288,9734,3265,253,2026-11-26,3,11620,2026-11-09T20:51:42+07:00
1289,9741,3267,533,2026-06-26,2,3648,2026-06-02T00:42:08+07:00
1290,9740,3267,43,2026-08-01,4,25048,2026-06-04T02:12:38+07:00
1291,9743,3268,187,2026-07-25,8,18470,2026-06-25T17:43:12+07:00
1292,9761,3274,419,2026-12-18,8,35259,2026-11-30T21:33:54+07:00
1293,9763,3275,154,2026-07-06,2,7807,2026-07-06T16:42:55+07:00
1294,9762,3275,202,2026-09-04,2,38350,2026-09-03T21:50:21+07:00
1295,9764,3276,486,2026-03-24,10,23681,2026-03-07T18:30:34+07:00
1296,9773,3278,179,2026-05-07,2,24968,2026-05-04T09:43:18+07:00
1297,9778,3280,787,2026-02-12,1,3769,2026-02-09T19:15:32+07:00
1298,9781,3280,623,2026-04-18,1,12037,2026-04-14T12:02:19+07:00
1299,9790,3282,634,2026-11-23,3,5070,2026-10-22T17:53:24+07:00
1300,9792,3283,317,2026-12-09,10,36310,2026-11-20T14:05:26+07:00
1301,9794,3284,238,2026-10-09,3,27389,2026-09-04T01:47:48+07:00
1302,9800,3286,385,2026-12-25,9,17283,2026-12-18T23:56:30+07:00
1303,9807,3289,62,2027-01-02,5,14426,2026-11-19T15:47:55+07:00
1304,9814,3291,477,2026-12-02,9,13627,2026-10-20T18:52:35+07:00
1305,9815,3291,317,2027-01-14,4,14890,2026-12-07T01:57:11+07:00
1306,9817,3292,127,2026-07-18,7,19886,2026-06-28T20:34:01+07:00
1307,9819,3293,675,2026-08-28,5,19909,2026-07-08T06:40:04+07:00
1308,9820,3293,78,2026-09-11,2,12982,2026-07-23T18:38:38+07:00
1309,9828,3296,432,2026-10-23,2,17077,2026-10-15T00:58:58+07:00
1310,9837,3298,134,2026-11-18,8,17037,2026-11-04T12:12:24+07:00
1311,9840,3299,80,2026-05-30,4,27812,2026-04-09T01:29:05+07:00
1312,9848,3300,535,2026-09-21,6,5097,2026-08-29T20:02:39+07:00
1313,9849,3300,583,2026-10-07,4,3088,2026-09-21T13:32:36+07:00
1314,9847,3300,488,2026-10-25,4,10307,2026-10-11T06:05:18+07:00
1315,9866,3305,42,2026-09-11,2,6980,2026-09-11T12:17:38+07:00
1316,9882,3312,183,2027-01-02,3,7361,2026-12-07T00:58:16+07:00
1317,9896,3316,171,2026-11-14,4,5784,2026-10-22T21:26:36+07:00
1318,9891,3316,412,2026-12-25,3,17905,2026-11-22T12:10:29+07:00
1319,9897,3317,718,2026-05-30,4,2546,2026-04-19T14:32:36+07:00
1320,9904,3319,65,2026-07-03,4,26711,2026-05-08T01:46:25+07:00
1321,9909,3321,365,2026-03-07,1,4076,2026-03-03T20:44:08+07:00
1322,9918,3327,395,2026-10-13,5,13301,2026-10-04T11:44:59+07:00
1323,9926,3329,322,2026-11-20,3,7007,2026-10-05T00:17:20+07:00
1324,9927,3329,256,2026-12-04,4,23142,2026-10-10T00:05:02+07:00
1325,9943,3333,114,2026-11-27,3,14041,2026-10-14T17:06:27+07:00
1326,9942,3333,94,2027-01-22,2,4468,2026-12-23T16:29:38+07:00
1327,9949,3335,95,2026-12-22,3,9123,2026-12-16T13:55:11+07:00
1328,9952,3336,309,2026-10-31,3,8232,2026-10-19T02:30:51+07:00
1329,9956,3337,124,2026-05-05,9,24232,2026-04-18T11:58:24+07:00
1330,9977,3343,678,2026-11-04,8,12364,2026-10-21T12:56:46+07:00
1331,9983,3346,757,2026-10-30,2,3159,2026-10-19T19:46:27+07:00
1332,9990,3350,307,2026-10-16,3,9282,2026-10-01T13:13:03+07:00
1333,9993,3351,219,2026-10-13,1,20119,2026-10-10T09:00:55+07:00
1334,10002,3354,260,2027-01-08,3,22476,2026-12-01T22:25:23+07:00
1335,10020,3359,127,2027-02-06,3,8973,2026-12-19T20:05:50+07:00
1336,10040,3368,176,2026-08-15,5,6989,2026-07-08T01:19:38+07:00
1337,10047,3371,210,2027-01-10,11,41870,2026-11-28T23:21:48+07:00
1338,10051,3374,393,2026-09-18,2,12654,2026-08-12T22:47:54+07:00
1339,10057,3375,85,2026-03-21,9,7461,2026-02-14T00:04:57+07:00
1340,10078,3381,201,2026-09-14,2,19118,2026-09-12T10:09:18+07:00
1341,10090,3385,652,2026-09-06,2,38270,2026-09-05T17:25:35+07:00
1342,10101,3388,20,2026-10-26,2,8433,2026-10-25T19:43:47+07:00
1343,10107,3390,251,2026-08-08,2,21619,2026-07-26T17:32:04+07:00
1344,10111,3391,334,2026-05-27,1,25877,2026-05-26T13:57:17+07:00
1345,10119,3393,284,2026-04-18,10,19042,
1346,10122,3394,190,2026-10-20,8,11232,2026-10-11T11:18:18+07:00
1347,10131,3397,563,2026-12-18,3,20317,2026-11-15T09:41:30+07:00
1348,10136,3398,288,2026-10-02,3,5170,2026-09-19T06:24:48+07:00
1349,10135,3398,315,2026-11-29,3,5926,2026-10-12T08:34:57+07:00
1350,10139,3399,133,2026-09-25,3,24168,2026-07-29T10:33:51+07:00
1351,10142,3400,166,2026-05-08,3,4283,2026-04-18T01:12:57+07:00
1352,10161,3407,565,2026-12-18,4,25719,2026-11-23T08:00:57+07:00
1353,10164,3408,345,2027-01-22,4,43845,2026-12-29T19:52:05+07:00
1354,10169,3410,31,2026-09-07,3,23913,2026-09-07T18:38:47+07:00
1355,10177,3414,721,2026-03-16,11,20296,2026-02-09T12:46:31+07:00
1356,10181,3415,558,2026-12-25,2,5336,
1357,10183,3416,430,2026-07-25,2,19472,2026-07-23T14:41:29+07:00
1358,10191,3418,672,2026-12-11,2,11010,2026-12-10T20:00:33+07:00
1359,10202,3423,617,2027-01-01,4,12953,2026-11-23T17:06:29+07:00
1360,10214,3428,597,2026-11-20,3,15392,2026-11-01T02:44:11+07:00
1361,10220,3431,797,2026-07-24,9,9482,2026-06-18T22:41:44+07:00
1362,10228,3433,5,2026-05-21,4,4496,2026-04-09T11:15:08+07:00
1363,10243,3436,237,2026-10-29,9,25182,2026-09-21T18:07:05+07:00
1364,10255,3440,77,2026-08-27,4,12390,2026-07-09T15:59:58+07:00
1365,10261,3442,327,2026-02-18,3,14912,2026-02-16T11:30:32+07:00
1366,10268,3444,799,2026-08-28,3,9699,2026-07-25T23:17:53+07:00
1367,10269,3445,309,2026-09-26,5,13033,2026-09-15T09:10:09+07:00
1368,10280,3449,757,2026-10-02,4,5871,2026-08-23T11:30:38+07:00
1369,10304,3458,213,2026-11-16,5,8946,2026-09-22T14:13:35+07:00
1370,10312,3460,243,2026-10-22,2,4277,2026-09-13T11:37:16+07:00
1371,10317,3462,781,2027-01-19,4,4957,2026-12-21T13:29:21+07:00
1372,10319,3463,189,2026-06-16,2,13660,2026-06-12T18:40:57+07:00
1373,10328,3465,443,2026-09-02,2,15975,2026-09-01T11:13:33+07:00
1374,10349,3473,172,2026-10-01,11,29294,2026-09-07T00:00:17+07:00
1375,10354,3475,511,2026-06-22,7,10222,2026-06-11T20:01:47+07:00
1376,10370,3480,345,2026-11-13,4,38614,2026-10-10T18:25:54+07:00
1377,10385,3484,737,2026-11-13,2,3783,2026-10-23T16:14:34+07:00
1378,10386,3485,322,2026-04-28,4,11034,2026-04-19T23:41:03+07:00
1379,10388,3486,699,2026-06-30,3,10741,2026-06-26T08:43:39+07:00
1380,10387,3486,478,2026-07-06,2,15208,2026-07-04T19:38:25+07:00
1381,10394,3488,576,2026-06-04,3,5639,2026-04-22T13:36:04+07:00
1382,10401,3490,585,2026-07-18,3,48332,2026-07-17T13:48:11+07:00
1383,10400,3490,578,2026-09-22,1,6740,2026-09-18T20:04:25+07:00
1384,10408,3492,513,2026-11-28,9,13248,2026-11-06T23:07:25+07:00
1385,10409,3493,273,2026-12-13,12,11204,2026-11-18T19:41:41+07:00
1386,10416,3495,730,2026-07-20,8,16958,2026-07-01T09:08:24+07:00
1387,10428,3499,460,2026-01-29,1,3650,2026-01-25T18:08:16+07:00
1388,10427,3499,605,2026-01-30,2,35611,2026-01-28T20:00:08+07:00
1389,10429,3499,463,2026-02-11,1,7772,2026-02-09T22:51:25+07:00
1390,10423,3499,236,2026-02-13,1,5521,2026-02-10T17:43:48+07:00
1391,10424,3499,235,2026-03-18,1,18370,2026-03-17T14:41:57+07:00
1392,10460,3510,194,2026-05-05,2,17109,2026-05-02T19:20:24+07:00
1393,10456,3510,333,2026-05-08,1,4638,2026-05-05T00:08:42+07:00
1394,10458,3510,503,2026-06-12,1,16615,2026-06-08T16:49:04+07:00
1395,10459,3510,447,2026-06-25,2,83106,2026-06-22T23:05:37+07:00
1396,10461,3511,472,2026-02-19,4,12587,2026-01-16T08:44:20+07:00
1397,10465,3512,697,2026-06-30,1,3675,2026-06-28T23:32:37+07:00
1398,10475,3517,335,2026-07-03,12,11941,2026-05-26T17:06:21+07:00
1399,10495,3523,298,2026-06-12,3,18053,2026-04-17T23:34:12+07:00
1400,10509,3527,545,2026-12-15,6,8478,2026-12-05T20:07:54+07:00
1401,10516,3528,135,2026-09-08,1,3929,2026-09-05T07:35:07+07:00
1402,10520,3529,66,2026-08-30,1,7910,2026-08-26T16:53:14+07:00
1403,10536,3533,653,2026-07-31,4,17326,2026-07-07T14:27:55+07:00
1404,10551,3541,722,2026-10-01,2,3493,2026-09-01T00:27:13+07:00
1405,10572,3549,206,2026-04-23,11,31638,2026-04-01T11:29:31+07:00
1406,10585,3552,448,2026-11-25,2,19191,2026-10-11T17:22:28+07:00
1407,10596,3555,529,2026-11-06,3,10520,2026-10-22T11:58:14+07:00
1408,10600,3556,601,2027-01-21,8,17192,2026-12-15T23:22:03+07:00
1409,10603,3558,242,2026-04-04,3,19933,2026-03-31T15:39:58+07:00
1410,10615,3564,108,2026-11-21,6,23302,2026-10-12T21:23:31+07:00
1411,10625,3567,54,2026-07-09,3,27024,2026-07-06T19:44:19+07:00
1412,10624,3567,291,2026-08-21,1,6965,2026-08-17T18:58:35+07:00
1413,10626,3568,697,2026-10-28,1,3593,2026-10-28T21:28:21+07:00
1414,10632,3569,322,2026-08-15,2,5278,2026-06-24T18:13:05+07:00
1415,10643,3573,317,2026-12-22,3,11706,2026-11-28T21:57:35+07:00
1416,10642,3573,253,2026-12-21,5,21529,2026-12-03T14:45:26+07:00
1417,10651,3575,156,2026-12-16,3,8415,2026-12-04T22:59:41+07:00
1418,10660,3578,30,2026-10-02,3,24614,2026-09-04T16:52:21+07:00
1419,10667,3580,482,2026-03-18,3,7528,2026-02-24T12:46:48+07:00
1420,10676,3582,135,2026-07-24,4,15731,2026-06-08T21:53:52+07:00
1421,10684,3584,407,2026-12-18,3,15520,2026-11-06T20:53:56+07:00
1422,10703,3592,136,2026-12-18,6,5225,2026-12-15T10:59:29+07:00
1423,10704,3593,653,2027-01-28,2,9626,2026-12-03T17:51:09+07:00
1424,10711,3595,358,2026-11-13,4,25104,2026-09-22T13:25:16+07:00
1425,10717,3599,210,2026-08-29,12,39045,2026-08-13T11:18:36+07:00
1426,10734,3607,504,2026-08-15,3,6505,2026-06-24T19:52:43+07:00
1427,10738,3608,324,2027-01-22,3,7859,2026-12-08T17:50:09+07:00
1428,10749,3610,565,2026-11-11,2,11028,2026-11-11T12:04:40+07:00
1429,10752,3612,445,2026-11-09,12,51547,2026-10-05T18:33:45+07:00
1430,10765,3617,76,2027-02-04,7,23834,2026-12-25T10:04:14+07:00
1431,10791,3629,262,2026-07-14,1,5373,
1432,10794,3630,164,2026-12-12,11,10639,2026-11-04T00:23:09+07:00
1433,10811,3634,417,2027-02-09,6,8096,2026-12-30T21:34:29+07:00
1434,10823,3638,295,2026-11-27,3,15337,2026-11-27T03:55:27+07:00
1435,10822,3638,750,2026-12-08,2,6913,2026-12-08T09:07:04+07:00
1436,10831,3641,467,2026-03-20,2,12998,2026-03-18T11:02:44+07:00
1437,10830,3641,349,2026-05-01,1,5553,2026-04-29T18:04:11+07:00
1438,10836,3642,8,2026-12-26,1,4337,2026-12-25T18:33:23+07:00
1439,10866,3652,253,2026-11-27,2,8143,2026-10-03T02:18:42+07:00
1440,10883,3657,700,2026-11-03,4,6521,2026-09-23T07:26:41+07:00
1441,10906,3666,738,2026-12-29,9,18975,2026-12-09T22:02:34+07:00
1442,10911,3667,496,2026-09-17,6,8508,2026-09-13T20:51:57+07:00
1443,10915,3668,203,2026-06-05,4,13657,2026-04-12T00:52:24+07:00
1444,10919,3669,204,2026-10-07,6,8267,2026-09-23T11:23:12+07:00
1445,10924,3671,262,2026-04-28,1,6370,2026-04-27T13:55:38+07:00
1446,10928,3673,312,2026-12-30,10,18139,2026-12-19T20:30:38+07:00
1447,10937,3679,787,2026-06-11,1,3850,2026-06-09T23:26:59+07:00
1448,10951,3684,68,2026-10-30,10,39809,2026-10-01T20:14:50+07:00
1449,10952,3685,84,2026-09-30,4,10819,2026-09-16T11:08:36+07:00
1450,10968,3690,194,2026-12-25,2,19164,2026-11-12T13:42:20+07:00
1451,10976,3695,634,2026-10-10,3,5224,2026-09-30T20:30:21+07:00
1452,10985,3698,117,2026-05-25,1,6848,2026-05-23T21:10:08+07:00
1453,10994,3701,406,2026-03-10,3,90872,2026-03-06T16:44:03+07:00
1454,10993,3701,770,2026-04-17,1,3405,2026-04-16T19:17:10+07:00
1455,10996,3702,343,2026-09-08,2,17547,2026-08-13T15:53:25+07:00
1456,11009,3707,244,2026-06-13,10,33763,2026-05-28T11:00:45+07:00
1457,11015,3708,596,2026-09-04,6,16808,2026-07-24T19:04:59+07:00
1458,11023,3710,707,2027-01-22,4,12160,2026-12-20T23:21:29+07:00
1459,11030,3712,352,2026-11-13,4,15285,2026-10-01T11:19:46+07:00
1460,11028,3712,216,2026-11-08,2,15711,2026-10-04T11:24:32+07:00
1461,11044,3716,545,2026-12-08,3,3940,2026-11-19T15:51:59+07:00
1462,11055,3718,464,2026-09-21,6,13205,2026-09-08T17:41:59+07:00
1463,11061,3721,565,2026-09-12,3,17698,2026-08-23T01:42:01+07:00
1464,11069,3722,762,2026-09-22,8,16016,2026-08-19T01:58:06+07:00
1465,11072,3722,477,2026-09-08,6,10590,2026-08-21T09:26:40+07:00
1466,11074,3723,268,2026-07-19,12,25960,2026-06-26T13:40:06+07:00
1467,11085,3726,111,2026-09-25,4,9095,2026-09-01T10:09:58+07:00
1468,11091,3730,34,2026-12-11,2,6538,2026-10-21T14:18:55+07:00
1469,11090,3730,353,2027-01-01,3,30145,2026-11-01T21:48:38+07:00
1470,11105,3736,352,2026-10-11,8,27063,2026-09-16T09:23:43+07:00
1471,11117,3740,552,2027-01-05,8,15617,2026-12-30T00:23:33+07:00
1472,11122,3741,518,2026-11-27,2,6465,2026-11-14T00:10:10+07:00
1473,11134,3744,66,2026-05-09,1,7231,2026-05-09T05:31:16+07:00
1474,11139,3745,783,2026-10-14,3,3900,2026-09-30T21:16:37+07:00
1475,11145,3747,771,2026-10-16,2,2916,2026-09-07T20:10:12+07:00
1476,11153,3748,415,2026-09-27,9,22678,2026-09-22T23:38:58+07:00
1477,11158,3750,345,2026-09-25,2,19348,2026-08-12T02:20:44+07:00
1478,11161,3751,142,2026-09-05,6,8232,
1479,11174,3754,133,2026-10-25,1,8269,2026-10-23T14:16:53+07:00
1480,11175,3755,163,2026-04-27,9,15501,2026-04-06T23:12:14+07:00
1481,11184,3759,519,2026-11-17,8,6923,2026-11-07T07:42:15+07:00
1482,11194,3762,400,2026-09-04,5,18498,2026-08-28T14:29:18+07:00
1483,11222,3768,722,2026-08-07,2,3819,2026-07-23T09:38:18+07:00
1484,11224,3770,79,2027-01-24,2,12291,2026-12-09T17:22:33+07:00
1485,11226,3771,773,2026-05-01,2,9885,2026-04-30T19:34:46+07:00
1486,11228,3772,201,2026-12-03,3,28705,2026-12-02T04:37:15+07:00
1487,11242,3777,36,2026-11-13,3,9892,2026-10-14T09:31:05+07:00
1488,11241,3777,365,2026-12-17,4,18577,
1489,11247,3779,219,2026-08-22,1,20737,2026-08-22T14:54:53+07:00
1490,11266,3786,626,2026-11-13,2,3181,2026-10-06T11:15:48+07:00
1491,11279,3789,555,2026-11-10,5,6534,2026-09-27T21:46:27+07:00
1492,11281,3790,669,2026-11-13,4,7898,2026-09-20T12:55:05+07:00
1493,11282,3790,201,2027-01-08,5,47411,2026-11-18T19:08:01+07:00
1494,11285,3791,44,2026-11-14,2,4904,2026-10-21T14:00:57+07:00
1495,11286,3791,298,2027-01-29,3,20176,
1496,11294,3794,212,2026-11-24,2,17375,2026-11-21T14:15:55+07:00
1497,11305,3800,365,2026-11-27,4,18069,2026-10-22T18:03:15+07:00
1498,11309,3801,206,2026-12-25,3,10022,2026-12-02T22:34:46+07:00
1499,11310,3801,338,2027-02-08,3,17073,2026-12-31T21:56:56+07:00
1500,11316,3803,172,2026-12-27,3,8513,2026-12-06T08:53:09+07:00
1501,11330,3807,105,2026-11-06,5,21096,2026-09-13T21:34:56+07:00
1502,11344,3810,609,2026-09-11,1,5150,2026-09-08T21:24:09+07:00
1503,11359,3814,604,2026-09-01,2,7673,2026-08-30T22:55:59+07:00
1504,11374,3818,232,2026-10-23,4,8300,2026-10-14T17:09:53+07:00
1505,11377,3819,255,2026-11-19,4,9619,2026-10-29T11:55:30+07:00
1506,11379,3820,346,2026-05-29,5,30924,2026-04-24T22:33:36+07:00
1507,11381,3821,460,2026-05-29,3,10012,2026-04-17T14:22:09+07:00
1508,11407,3829,100,2026-09-17,2,41691,2026-09-16T02:05:50+07:00
1509,11419,3834,522,2027-01-02,2,3612,2026-11-17T13:30:16+07:00
1510,11422,3834,371,2026-12-04,2,11705,2026-11-18T19:17:10+07:00
1511,11442,3843,293,2026-07-08,1,17251,2026-07-05T16:18:13+07:00
1512,11444,3843,440,2026-08-12,2,10969,2026-08-10T17:32:12+07:00
1513,11445,3845,139,2026-11-15,3,14620,2026-11-14T21:38:16+07:00
1514,11454,3849,582,2026-11-04,9,16550,2026-09-29T21:20:01+07:00
1515,11468,3854,103,2026-09-11,4,7995,2026-08-12T14:25:09+07:00
1516,11477,3858,324,2026-11-16,6,17316,2026-10-21T08:15:06+07:00
1517,11482,3861,570,2026-08-06,7,16171,2026-07-06T13:21:46+07:00
1518,11497,3866,159,2026-12-11,2,7881,2026-10-23T21:26:26+07:00
1519,11504,3870,131,2026-12-25,4,13837,2026-11-20T17:11:58+07:00
1520,11512,3873,495,2026-10-09,2,12583,2026-08-23T18:15:17+07:00
1521,11519,3874,94,2026-05-22,3,6754,2026-03-27T01:11:58+07:00
1522,11516,3874,169,2026-05-08,5,8716,2026-04-15T09:14:56+07:00
1523,11525,3875,538,2026-11-13,3,10814,2026-10-05T16:14:20+07:00
1524,11529,3876,14,2026-10-04,2,15438,2026-10-03T23:14:04+07:00
1525,11533,3877,394,2026-10-17,1,12479,2026-10-15T19:40:55+07:00
1526,11553,3882,350,2026-11-12,8,10437,2026-10-24T13:15:08+07:00
1527,11565,3887,715,2026-06-12,2,7120,2026-05-30T21:41:38+07:00
1528,11571,3889,352,2026-07-27,5,16144,2026-06-23T06:55:26+07:00
1529,11574,3890,305,2026-06-06,1,12328,2026-06-05T19:53:01+07:00
1530,11575,3891,404,2026-07-30,12,20887,2026-06-30T17:15:25+07:00
1531,11593,3898,285,2026-09-11,2,14790,2026-08-17T13:20:39+07:00
1532,11596,3899,263,2026-10-02,2,5089,2026-08-29T16:05:12+07:00
1533,11607,3903,375,2026-12-26,9,19548,2026-11-20T14:09:03+07:00
1534,11629,3912,375,2026-10-24,10,17236,
1535,11637,3915,106,2026-10-17,2,10491,2026-10-15T12:23:26+07:00
1536,11639,3916,55,2026-12-11,3,14225,2026-11-12T12:31:49+07:00
1537,11648,3919,31,2026-10-01,3,19735,2026-10-01T10:10:41+07:00
1538,11658,3924,768,2026-10-15,12,10350,2026-09-19T01:29:40+07:00
1539,11670,3927,446,2027-02-05,5,38457,2026-12-26T00:35:45+07:00
1540,11677,3928,708,2026-10-23,3,14957,2026-10-09T19:55:30+07:00
1541,11695,3932,456,2026-12-12,2,3296,2026-10-30T21:21:45+07:00
1542,11710,3939,557,2026-08-28,4,12966,2026-08-07T07:54:41+07:00
1543,11716,3942,446,2026-11-21,4,31299,2026-10-31T22:16:33+07:00
1544,11720,3944,261,2026-10-28,3,4190,2026-09-14T01:25:07+07:00
1545,11727,3945,144,2026-05-01,4,20620,2026-04-15T11:39:22+07:00
1546,11728,3945,39,2026-07-24,3,6664,2026-06-02T10:47:33+07:00
1547,11734,3946,229,2026-05-22,2,18053,2026-05-22T21:26:39+07:00
1548,11738,3946,542,2026-05-31,1,4566,2026-05-28T13:54:06+07:00
1549,11742,3950,730,2026-06-26,2,3841,2026-06-16T12:37:15+07:00
1550,11744,3950,107,2026-07-24,3,10083,2026-07-07T00:13:50+07:00
1551,11754,3954,624,2026-12-11,3,7094,2026-11-11T17:30:55+07:00
1552,11763,3959,248,2026-07-17,3,6355,2026-05-27T07:07:21+07:00
1553,11766,3960,89,2026-09-03,8,19224,2026-08-19T00:25:55+07:00
1554,11789,3968,366,2026-10-19,3,6653,2026-10-12T07:13:02+07:00
1555,11798,3971,227,2027-01-16,9,13265,2026-12-07T15:34:51+07:00
1556,11802,3972,509,2026-12-02,4,11075,
1557,11821,3978,328,2026-11-15,4,9806,2026-10-22T11:06:09+07:00
1558,11825,3980,369,2026-11-13,4,10848,2026-10-05T21:02:34+07:00
1559,11828,3982,148,2026-09-25,2,2961,2026-09-14T21:20:55+07:00
1560,11830,3982,14,2027-01-09,5,38420,2026-12-05T13:19:28+07:00
1561,11841,3986,778,2026-12-18,3,3371,2026-10-26T22:24:12+07:00
1562,11842,3986,36,2026-12-18,3,10243,2026-12-03T00:33:16+07:00
1563,11857,3989,167,2026-07-03,5,30724,2026-05-17T19:26:26+07:00
1564,11862,3991,717,2026-06-10,2,10663,2026-05-28T08:35:40+07:00
1565,11864,3992,220,2027-01-26,7,33836,
1566,11882,3996,77,2027-01-28,12,41455,2026-12-24T08:48:27+07:00
1567,11889,3998,520,2026-12-08,3,9384,2026-11-29T14:53:02+07:00
1568,11898,4001,253,2026-12-01,8,35417,2026-11-25T07:49:37+07:00
1569,11906,4003,200,2026-06-07,6,16065,2026-05-09T09:20:08+07:00
1570,11918,4008,10,2026-04-17,2,3851,2026-03-03T14:28:37+07:00
1571,11921,4008,211,2026-05-02,4,25946,2026-04-14T16:15:55+07:00
1572,11926,4008,532,2026-06-05,3,11206,2026-04-26T13:29:34+07:00
1573,11934,4013,209,2026-04-11,8,12421,2026-03-29T09:01:35+07:00
1574,11939,4014,317,2026-12-29,5,17880,2026-11-09T20:37:34+07:00
1575,11940,4015,573,2027-01-08,3,4617,
1576,11944,4016,671,2026-12-07,6,6878,2026-11-15T14:32:44+07:00
1577,11952,4019,697,2026-06-19,3,10167,2026-04-21T10:19:59+07:00
1578,11961,4024,568,2026-10-06,8,8222,2026-09-04T23:38:33+07:00
1579,11969,4026,574,2026-09-11,2,8163,2026-09-07T07:00:53+07:00
1580,12008,4038,213,2026-08-22,4,8517,2026-08-13T02:05:19+07:00
1581,12013,4041,366,2027-01-01,5,10816,2026-11-03T16:01:14+07:00
1582,12019,4043,256,2026-07-17,3,17200,2026-05-24T08:51:34+07:00
1583,12020,4044,440,2026-10-09,1,5770,2026-10-05T15:36:20+07:00
1584,12026,4047,441,2026-02-13,3,99689,2026-02-12T23:13:30+07:00
1585,12031,4048,374,2027-01-17,6,14573,2026-12-24T12:48:35+07:00
1586,12032,4049,645,2026-08-17,4,12444,2026-06-23T01:04:08+07:00
1587,12035,4049,40,2026-09-04,2,18511,2026-07-19T02:47:49+07:00
1588,12042,4051,553,2026-11-07,5,7959,2026-09-30T21:08:37+07:00
1589,12040,4051,545,2026-12-24,7,8487,2026-12-02T23:39:01+07:00
1590,12044,4052,35,2026-12-16,2,5744,2026-11-14T17:14:45+07:00
1591,12072,4060,439,2026-06-26,3,32331,2026-05-31T08:21:49+07:00
1592,12074,4061,166,2026-06-20,11,15395,2026-06-06T19:57:07+07:00
1593,12080,4063,674,2026-08-21,1,4385,2026-08-18T11:55:42+07:00
1594,12089,4065,263,2026-06-01,7,17986,2026-05-24T09:43:16+07:00
1595,12098,4067,517,2026-12-18,2,5670,2026-11-23T13:36:00+07:00
1596,12099,4068,183,2026-07-10,2,4530,
1597,12109,4069,226,2026-07-30,1,12492,2026-07-27T17:59:42+07:00
1598,12113,4070,112,2026-10-04,5,12830,2026-09-14T22:46:25+07:00
1599,12124,4073,748,2026-09-02,7,19431,2026-08-10T21:52:53+07:00
1600,12138,4079,471,2026-10-16,3,5816,2026-10-03T02:23:07+07:00
1601,12145,4081,583,2026-10-16,5,3949,2026-10-10T19:03:10+07:00
1602,12148,4082,29,2026-05-16,12,38930,2026-05-03T15:43:51+07:00
1603,12156,4084,778,2026-03-14,2,2182,2026-02-19T22:00:18+07:00
1604,12155,4084,354,2026-04-17,2,12967,2026-03-05T15:01:24+07:00
1605,12159,4085,75,2026-08-26,8,15021,2026-08-20T13:27:45+07:00
1606,12160,4085,90,2026-09-30,6,13284,2026-08-23T20:16:36+07:00
1607,12171,4088,271,2026-08-23,9,11406,2026-07-27T17:26:55+07:00
1608,12180,4090,699,2026-06-19,5,19406,2026-05-26T09:59:01+07:00
1609,12186,4093,755,2026-07-16,2,12755,2026-07-12T22:01:35+07:00
1610,12188,4094,685,2026-05-01,3,17560,2026-03-31T22:38:31+07:00
1611,12190,4095,6,2026-06-09,2,45275,2026-06-05T00:46:21+07:00
1612,12196,4097,479,2026-09-19,1,6553,2026-09-17T20:21:22+07:00
1613,12210,4101,754,2026-12-18,3,9099,2026-11-10T22:20:14+07:00
1614,12211,4102,479,2026-11-26,4,27853,2026-11-03T22:18:23+07:00
1615,12229,4108,142,2026-10-05,8,12577,2026-09-02T10:26:58+07:00
1616,12254,4114,642,2026-09-18,3,13872,2026-07-20T11:48:26+07:00
1617,12262,4118,601,2026-11-14,8,18747,2026-10-24T18:52:26+07:00
1618,12267,4119,428,2026-08-03,1,12939,2026-08-03T23:02:02+07:00
1619,12274,4121,705,2026-12-11,4,8540,2026-11-13T19:27:11+07:00
1620,12280,4123,225,2026-12-30,9,29991,2026-12-26T10:48:02+07:00
1621,12287,4125,94,2026-10-12,9,19396,2026-08-29T12:19:23+07:00
1622,12297,4128,605,2026-09-30,3,50049,2026-09-29T01:09:07+07:00
1623,12304,4131,93,2026-03-21,8,25528,2026-02-26T11:12:12+07:00
1624,12311,4134,730,2026-06-12,3,5689,2026-05-02T23:47:39+07:00
1625,12319,4137,208,2026-12-19,3,27116,2026-12-16T14:36:03+07:00
1626,12345,4145,290,2026-12-08,10,13102,2026-11-03T15:48:02+07:00
1627,12349,4146,310,2026-08-25,10,9850,2026-08-01T09:34:05+07:00
1628,12352,4146,145,2026-11-05,3,3560,2026-09-24T23:10:50+07:00
1629,12378,4153,442,2026-03-28,3,9718,2026-03-08T22:27:27+07:00
1630,12387,4156,166,2027-01-15,4,5205,
1631,12389,4157,23,2026-07-13,1,11128,2026-07-13T02:07:05+07:00
1632,12396,4158,507,2026-11-08,3,4308,2026-10-18T00:24:16+07:00
1633,12402,4159,745,2026-11-16,3,5280,2026-10-29T13:23:40+07:00
1634,12407,4161,18,2026-10-24,10,12288,2026-09-20T00:07:24+07:00
1635,12416,4163,270,2026-10-02,8,8367,2026-09-18T19:40:54+07:00
1636,12417,4163,535,2026-12-17,3,2641,2026-11-07T14:38:58+07:00
1637,12424,4165,664,2027-01-23,6,6275,2026-12-13T01:17:38+07:00
1638,12429,4166,279,2026-06-02,2,30293,2026-06-01T00:02:28+07:00
1639,12430,4166,360,2026-06-30,2,20256,2026-06-28T19:34:29+07:00
1640,12431,4167,157,2026-11-20,3,3792,2026-09-23T13:44:05+07:00
1641,12448,4173,770,2027-01-02,2,6672,
1642,12468,4180,214,2026-11-28,5,35582,2026-10-24T22:56:04+07:00
1643,12472,4181,378,2026-12-11,4,7884,2026-10-24T00:50:15+07:00
1644,12479,4182,558,2026-07-31,3,6611,2026-06-18T19:15:52+07:00
1645,12480,4182,66,2026-07-31,2,16816,2026-07-21T01:13:59+07:00
1646,12491,4184,21,2026-09-25,5,43792,2026-09-08T20:21:10+07:00
1647,12486,4184,41,2026-11-01,2,7405,2026-09-23T19:02:06+07:00
1648,12492,4185,82,2026-08-04,10,16485,2026-07-27T12:56:17+07:00
1649,12496,4185,404,2026-09-19,6,9855,2026-08-10T19:01:49+07:00
1650,12493,4185,166,2026-09-24,5,6708,2026-09-07T16:28:29+07:00
1651,12525,4197,218,2026-08-19,8,15594,2026-07-25T10:07:25+07:00
1652,12532,4199,275,2026-06-23,2,14968,2026-06-23T21:10:51+07:00
1653,12536,4200,658,2026-04-30,5,8018,2026-03-29T16:20:25+07:00
1654,12545,4203,107,2026-08-26,5,14752,2026-07-13T17:08:41+07:00
1655,12553,4204,724,2026-04-12,1,18065,2026-04-09T14:27:48+07:00
1656,12576,4211,749,2026-09-18,3,11212,2026-07-21T01:41:21+07:00
1657,12590,4216,103,2026-11-19,6,10677,2026-10-24T17:57:18+07:00
1658,12619,4225,86,2026-12-20,3,3438,2026-12-01T14:56:21+07:00
1659,12623,4226,115,2027-01-15,3,10233,2026-12-15T13:29:50+07:00
1660,12625,4226,384,2027-01-03,2,4501,2026-12-16T14:06:43+07:00
1661,12627,4227,443,2026-09-18,3,22057,2026-08-19T07:44:26+07:00
1662,12638,4229,615,2026-12-23,7,13742,2026-12-06T23:57:26+07:00
1663,12651,4234,749,2026-08-30,3,10697,2026-08-28T00:14:46+07:00
1664,12662,4236,685,2026-09-18,1,5617,2026-09-17T13:08:28+07:00
1665,12658,4236,772,2026-09-27,3,10304,2026-09-24T14:58:09+07:00
1666,12685,4244,179,2026-08-31,1,13161,2026-08-31T02:07:24+07:00
1667,12690,4246,313,2027-01-22,3,7089,2026-11-30T09:44:21+07:00
1668,12694,4247,191,2026-08-08,2,45264,2026-08-05T21:12:48+07:00
1669,12695,4248,19,2026-11-09,4,19868,2026-09-12T16:01:37+07:00
1670,12710,4253,614,2026-12-17,2,23677,2026-12-15T10:58:45+07:00
1671,12717,4254,445,2026-12-19,8,31769,2026-12-04T17:25:16+07:00
1672,12721,4258,487,2026-12-16,4,10120,2026-12-03T10:53:18+07:00
1673,12722,4259,508,2026-04-22,2,7224,2026-04-20T19:26:40+07:00
1674,12734,4263,480,2026-05-29,3,3630,2026-05-04T21:17:28+07:00
1675,12735,4264,672,2026-12-20,1,4788,2026-12-16T13:17:13+07:00
1676,12737,4265,512,2026-11-01,1,2879,2026-11-01T19:14:32+07:00
1677,12743,4268,97,2026-10-09,3,6606,2026-09-22T13:39:58+07:00
1678,12757,4272,269,2027-01-28,7,7986,2026-12-27T22:01:40+07:00
1679,12763,4275,488,2026-10-01,4,11458,
1680,12766,4276,743,2026-11-10,1,12908,2026-11-09T13:04:05+07:00
1681,12770,4278,372,2026-10-20,10,29340,
1682,12778,4281,187,2026-08-17,3,6842,2026-08-13T06:40:14+07:00
1683,12793,4286,636,2026-11-08,8,5662,2026-10-21T23:13:10+07:00
1684,12799,4286,546,2027-01-13,6,17944,2026-12-06T08:53:32+07:00
1685,12801,4287,147,2026-10-21,9,21704,2026-09-22T22:35:02+07:00
1686,12814,4292,90,2026-12-04,3,7905,2026-10-20T12:31:51+07:00
1687,12817,4292,68,2027-01-15,4,13722,2026-12-16T20:52:44+07:00
1688,12819,4293,277,2026-03-14,8,21509,2026-03-10T12:56:48+07:00
1689,12837,4298,539,2026-05-22,2,6334,2026-04-01T14:33:35+07:00
1690,12844,4301,397,2026-12-07,3,35552,2026-10-17T00:36:06+07:00
1691,12860,4304,134,2026-07-01,4,7992,2026-06-01T14:18:07+07:00
1692,12859,4304,557,2026-08-10,10,32383,2026-08-02T15:55:59+07:00
1693,12861,4305,387,2026-09-04,1,3892,
1694,12864,4305,638,2026-11-10,1,4248,2026-11-09T07:37:52+07:00
1695,12866,4306,260,2026-12-09,4,28951,
1696,12867,4307,545,2026-10-31,8,9213,2026-10-18T19:15:25+07:00
1697,12875,4310,620,2026-12-16,11,7281,2026-11-20T06:08:19+07:00
1698,12886,4316,2,2026-05-22,5,19590,2026-04-18T19:35:09+07:00
1699,12892,4317,263,2026-10-03,4,9804,2026-09-20T12:32:37+07:00
1700,12902,4320,648,2026-11-05,6,9577,2026-10-05T06:47:55+07:00
1701,12904,4321,325,2026-03-27,3,14257,2026-03-06T09:48:41+07:00
1702,12908,4322,792,2026-12-29,9,16801,2026-12-24T09:03:25+07:00
1703,12918,4325,529,2026-06-23,2,7007,2026-06-22T20:38:30+07:00
1704,12926,4329,119,2026-11-28,7,29514,2026-11-14T01:47:24+07:00
1705,12929,4330,734,2026-09-25,3,8778,2026-09-10T18:55:46+07:00
1706,12932,4332,774,2026-11-11,1,4148,2026-11-09T20:08:29+07:00
1707,12935,4334,573,2026-11-27,2,3074,2026-09-30T12:00:30+07:00
1708,12946,4337,340,2026-10-05,1,20654,2026-10-03T13:53:17+07:00
1709,12955,4340,135,2026-09-19,2,8396,2026-08-16T08:10:06+07:00
1710,12980,4350,339,2026-10-12,11,14107,2026-09-07T19:43:45+07:00
1711,13008,4360,49,2026-12-26,3,18610,2026-12-13T08:34:04+07:00
1712,13014,4363,474,2026-09-15,10,13490,2026-09-03T13:05:12+07:00
1713,13029,4368,324,2026-05-08,4,11372,2026-03-30T09:44:42+07:00
1714,13042,4373,751,2026-08-15,3,5582,2026-07-20T16:11:33+07:00
1715,13050,4375,207,2026-11-24,9,8957,2026-10-21T23:24:24+07:00
1716,13059,4378,788,2026-06-09,6,14181,2026-05-14T23:44:19+07:00
1717,13067,4381,97,2026-11-13,3,7845,2026-09-23T23:54:18+07:00
1718,13076,4386,87,2026-04-03,3,18899,2026-03-07T02:08:33+07:00
1719,13087,4388,214,2026-09-04,2,16858,
1720,13097,4392,1,2026-08-20,2,10659,2026-08-17T18:47:26+07:00
1721,13095,4392,87,2026-09-28,1,5475,2026-09-27T10:06:32+07:00
1722,13120,4400,703,2026-08-15,3,6736,2026-07-10T06:13:40+07:00
1723,13131,4403,462,2026-04-25,3,2281,2026-03-31T10:06:23+07:00
1724,13143,4408,68,2026-07-10,3,11755,2026-06-22T01:39:55+07:00
1725,13144,4409,795,2026-04-22,4,2132,2026-03-26T20:14:55+07:00
1726,13150,4411,190,2026-09-04,9,10691,2026-08-19T16:44:12+07:00
1727,13147,4411,264,2026-10-16,9,8732,2026-10-01T23:19:07+07:00
1728,13171,4420,318,2026-09-15,1,6333,2026-09-12T10:52:45+07:00
1729,13174,4421,277,2027-02-19,5,14154,2026-12-21T19:46:17+07:00
1730,13182,4425,628,2026-12-20,3,3320,2026-12-12T09:46:09+07:00
1731,13196,4430,399,2026-07-01,5,29191,2026-06-23T19:21:59+07:00
1732,13202,4431,275,2026-07-02,1,7685,2026-06-30T08:59:32+07:00
1733,13207,4434,232,2026-08-29,5,10631,2026-07-29T21:44:54+07:00
1734,13215,4439,440,2026-10-11,3,18462,2026-10-07T22:42:18+07:00
1735,13216,4440,649,2026-12-03,3,13351,2026-11-09T06:20:33+07:00
1736,13232,4446,509,2026-06-24,6,16268,2026-05-30T20:41:14+07:00
1737,13247,4450,40,2026-12-24,2,18384,2026-11-05T02:20:14+07:00
1738,13250,4451,617,2026-07-24,4,13934,2026-06-13T09:03:27+07:00
1739,13256,4452,537,2026-09-25,5,15943,2026-08-26T21:34:56+07:00
1740,13255,4452,399,2026-11-06,3,18713,2026-09-22T22:57:42+07:00
1741,13270,4456,256,2026-10-20,1,6296,2026-10-20T20:29:15+07:00
1742,13283,4459,757,2026-11-22,11,15926,2026-10-28T01:39:23+07:00
1743,13291,4461,412,2026-12-04,3,20479,2026-10-18T09:36:30+07:00
1744,13288,4461,694,2026-12-18,2,4130,2026-11-03T19:45:38+07:00
1745,13296,4464,474,2026-11-25,6,7130,2026-10-26T12:13:09+07:00
1746,13311,4469,155,2026-03-02,11,7235,2026-02-12T22:29:38+07:00
1747,13333,4476,27,2026-11-20,2,3881,2026-10-26T01:12:36+07:00
1748,13367,4484,149,2026-10-17,4,9352,2026-09-12T13:46:43+07:00
1749,13368,4485,633,2026-08-09,3,1862,2026-07-25T12:55:35+07:00
1750,13370,4485,398,2026-09-18,12,51608,2026-09-08T17:42:35+07:00
1751,13372,4486,39,2026-10-25,6,13523,2026-09-15T08:59:54+07:00
1752,13378,4489,286,2026-09-08,10,14651,2026-09-02T20:34:46+07:00
1753,13380,4489,398,2026-10-14,5,18987,2026-09-25T06:35:26+07:00
1754,13390,4492,245,2026-08-25,2,12313,2026-08-23T15:10:18+07:00
1755,13389,4492,102,2026-09-04,1,6565,2026-09-03T23:36:11+07:00
1756,13430,4505,712,2026-12-19,5,22757,2026-12-03T00:13:10+07:00
1757,13432,4506,34,2026-05-17,6,19287,2026-04-30T22:47:01+07:00
1758,13439,4507,252,2026-11-02,1,13936,2026-11-01T14:00:49+07:00
1759,13445,4509,653,2026-06-27,1,4664,2026-06-23T01:34:53+07:00
1760,13444,4509,800,2026-06-29,2,10360,2026-06-27T11:48:31+07:00
1761,13447,4509,132,2026-08-26,1,27995,2026-08-23T15:09:08+07:00
1762,13448,4509,321,2026-09-13,2,26054,2026-09-10T23:15:03+07:00
1763,13457,4512,536,2026-07-03,4,11563,2026-05-14T22:58:34+07:00
1764,13476,4518,618,2026-10-27,4,7610,2026-10-19T22:37:29+07:00
1765,13481,4519,239,2026-06-30,3,4768,2026-05-21T17:17:52+07:00
1766,13484,4520,21,2026-03-09,3,24064,2026-01-24T20:21:28+07:00
1767,13483,4520,618,2026-02-20,5,8345,2026-02-11T16:26:26+07:00
1768,13495,4523,323,2027-01-06,12,40233,2026-11-27T20:59:07+07:00
1769,13499,4524,120,2026-07-08,3,13208,2026-06-24T16:39:50+07:00
1770,13504,4526,107,2026-12-25,3,8754,2026-11-18T18:40:20+07:00
1771,13505,4526,632,2027-01-15,3,18236,2026-11-19T17:58:04+07:00
1772,13507,4527,93,2026-09-05,4,13906,2026-07-23T19:39:00+07:00
1773,13514,4529,349,2026-11-27,3,15419,2026-11-20T09:58:26+07:00
1774,13520,4530,499,2027-01-20,7,15762,2026-12-24T21:19:36+07:00
1775,13525,4532,793,2026-03-29,5,9409,2026-03-10T18:55:06+07:00
1776,13535,4534,534,2026-07-25,3,13440,2026-07-05T10:13:25+07:00
1777,13550,4540,328,2026-09-13,4,8969,2026-08-06T06:01:14+07:00
1778,13560,4544,799,2026-07-24,1,2928,
1779,13565,4546,367,2026-06-22,1,4543,2026-06-18T13:21:09+07:00
1780,13601,4558,316,2026-10-30,2,5396,2026-10-10T23:30:09+07:00
1781,13607,4559,11,2026-12-18,2,4729,2026-10-22T15:04:51+07:00
1782,13611,4560,496,2026-07-31,4,6223,2026-06-07T09:40:57+07:00
1783,13616,4562,313,2026-12-04,12,32018,2026-11-12T19:01:20+07:00
1784,13624,4564,72,2027-01-29,9,21932,2026-12-31T11:57:36+07:00
1785,13632,4567,544,2026-10-23,2,24809,2026-10-23T15:18:30+07:00
1786,13630,4567,174,2026-10-30,2,16009,2026-10-29T10:13:48+07:00
1787,13637,4568,243,2026-08-05,3,7255,2026-06-23T18:25:45+07:00
1788,13640,4569,626,2026-07-10,2,2616,2026-05-24T13:55:57+07:00
1789,13644,4570,713,2027-01-29,4,15325,2026-12-12T12:19:20+07:00
1790,13648,4570,166,2027-01-29,4,6018,2026-12-13T19:45:02+07:00
1791,13650,4573,143,2026-10-03,3,42991,2026-10-03T01:48:37+07:00
1792,13658,4575,1,2026-09-26,3,15842,2026-09-22T15:55:28+07:00
1793,13660,4575,736,2026-10-06,2,8427,2026-10-03T22:37:22+07:00
1794,13675,4580,449,2026-05-13,10,23182,2026-05-04T19:48:05+07:00
1795,13683,4582,686,2026-06-05,3,6169,2026-05-10T17:50:48+07:00
1796,13699,4590,389,2026-12-02,10,15606,2026-11-07T20:54:31+07:00
1797,13700,4590,740,2027-01-01,3,4680,2026-11-24T23:58:18+07:00
1798,13718,4599,751,2026-12-11,5,10693,2026-11-12T13:41:02+07:00
1799,13723,4600,69,2026-08-27,5,6117,2026-07-16T21:48:13+07:00
1800,13748,4608,118,2026-10-09,3,20178,2026-09-11T20:05:20+07:00
1801,13754,4611,15,2026-09-24,10,27640,2026-09-21T02:17:26+07:00
1802,13762,4612,642,2026-08-18,2,9598,2026-08-15T12:55:10+07:00
1803,13765,4612,3,2026-10-14,1,10194,2026-10-10T13:52:28+07:00
1804,13767,4613,587,2026-09-07,10,16321,
1805,13781,4617,51,2026-11-13,2,4057,2026-09-17T00:16:04+07:00
1806,13784,4618,131,2026-08-21,3,10327,2026-06-26T03:11:03+07:00
1807,13787,4619,391,2026-09-19,2,15329,2026-09-17T23:18:07+07:00
1808,13800,4621,337,2027-01-06,6,8198,2026-12-17T19:50:58+07:00
1809,13809,4623,404,2026-05-26,7,11739,2026-05-03T23:30:06+07:00
1810,13810,4623,129,2026-07-05,11,14648,2026-06-15T22:36:12+07:00
1811,13822,4626,181,2026-12-14,1,20614,2026-12-11T19:32:48+07:00
1812,13824,4627,95,2026-12-25,3,9064,2026-11-27T04:22:53+07:00
1813,13835,4630,790,2026-10-16,4,12448,2026-08-17T11:36:57+07:00
1814,13846,4634,791,2026-11-14,4,4963,2026-10-17T08:55:20+07:00
1815,13847,4635,773,2027-02-06,5,23903,
1816,13854,4638,8,2026-11-20,3,11526,2026-10-15T10:27:15+07:00
1817,13870,4644,274,2027-01-15,2,6969,2026-12-14T20:51:03+07:00
1818,13874,4647,29,2026-11-26,12,42640,2026-10-19T23:48:40+07:00
1819,13882,4649,60,2026-04-12,9,11317,2026-03-30T22:52:10+07:00
1820,13889,4651,249,2026-07-26,10,42128,2026-07-14T02:12:13+07:00
1821,13888,4651,103,2026-08-01,4,8421,2026-07-26T23:21:23+07:00
1822,13891,4651,183,2026-09-12,8,19263,2026-09-03T23:32:11+07:00
1823,13893,4652,512,2026-09-12,2,6345,2026-09-11T21:35:34+07:00
1824,13919,4659,270,2026-05-20,6,6439,2026-04-23T21:52:34+07:00
1825,13924,4661,177,2026-11-07,12,14598,2026-10-02T13:58:17+07:00
1826,13930,4663,741,2026-12-08,4,4084,
1827,13943,4667,343,2026-08-28,3,26998,
1828,13946,4669,455,2026-08-16,8,8362,2026-08-11T15:35:27+07:00
1829,13959,4672,758,2026-08-09,3,34381,2026-08-08T18:27:49+07:00
1830,13963,4674,389,2026-10-31,11,16856,2026-10-27T00:54:54+07:00
1831,13971,4676,372,2026-08-26,7,19495,2026-08-22T19:12:50+07:00
1832,13969,4676,225,2026-10-19,8,26719,2026-09-19T18:20:11+07:00
1833,13992,4682,292,2026-12-02,11,14249,2026-10-21T18:46:03+07:00
1834,14003,4685,622,2026-11-20,3,6443,2026-11-07T00:07:54+07:00
1835,14002,4685,610,2027-01-29,3,3668,2026-12-07T09:14:21+07:00
1836,14019,4690,442,2026-07-13,8,24133,2026-06-09T15:13:05+07:00
1837,14028,4692,314,2026-12-11,3,10879,2026-10-31T18:59:39+07:00
1838,14040,4698,322,2026-10-30,2,5086,2026-10-16T13:26:14+07:00
1839,14047,4700,316,2026-03-27,4,10923,2026-02-10T18:30:01+07:00
1840,14049,4700,17,2026-04-14,4,16115,2026-03-17T11:10:07+07:00
1841,14051,4701,43,2026-04-22,2,10938,2026-04-04T21:07:21+07:00
1842,14054,4702,749,2026-09-04,5,16859,2026-07-21T10:04:13+07:00
1843,14067,4707,397,2026-10-18,5,52361,2026-09-10T17:34:04+07:00
1844,14076,4710,361,2026-11-26,1,12087,2026-11-24T14:02:33+07:00
1845,14081,4712,472,2026-10-16,4,12006,2026-09-22T22:22:05+07:00
1846,14089,4715,348,2026-04-30,3,12009,2026-04-15T01:39:34+07:00
1847,14121,4726,448,2026-09-11,5,50271,2026-07-16T20:47:39+07:00
1848,14117,4726,446,2026-09-26,3,23324,2026-08-02T02:38:55+07:00
1849,14132,4729,601,2027-01-07,5,12817,2026-12-28T11:58:45+07:00
1850,14138,4731,216,2026-05-28,2,14490,2026-05-25T14:35:16+07:00
1851,14150,4737,124,2026-05-09,12,28021,2026-04-29T23:15:21+07:00
1852,14165,4740,116,2026-05-16,1,15170,2026-05-13T14:24:42+07:00
1853,14167,4741,223,2026-11-01,2,11782,2026-10-29T18:46:28+07:00
1854,14172,4743,233,2026-09-22,1,22443,2026-09-19T12:18:52+07:00
1855,14175,4744,466,2026-02-18,1,7123,2026-02-16T19:33:33+07:00
1856,14180,4746,207,2026-06-26,4,4630,2026-06-01T16:15:06+07:00
1857,14183,4747,5,2026-08-31,11,13380,2026-08-21T00:56:27+07:00
1858,14193,4753,94,2026-12-19,9,21551,2026-12-12T14:06:25+07:00
1859,14210,4759,629,2027-01-29,4,20463,2026-12-25T22:47:07+07:00
1860,14213,4761,384,2026-09-04,4,9430,2026-07-07T12:29:30+07:00
1861,14224,4763,470,2026-06-26,4,9272,2026-06-10T20:17:06+07:00
1862,14226,4764,608,2026-08-15,5,3603,2026-07-07T14:12:10+07:00
1863,14237,4768,142,2026-03-03,8,11311,2026-02-23T18:50:53+07:00
1864,14236,4768,442,2026-05-08,5,13675,2026-04-11T08:18:27+07:00
1865,14247,4771,374,2026-07-21,3,6665,2026-06-18T23:45:15+07:00
1866,14245,4771,341,2026-07-27,7,14274,2026-07-01T16:13:23+07:00
1867,14250,4772,454,2026-05-30,4,7880,2026-05-02T22:59:56+07:00
1868,14262,4776,505,2026-07-28,11,25212,2026-06-23T11:45:55+07:00
1869,14260,4776,437,2026-08-16,9,18818,2026-07-11T21:38:10+07:00
1870,14266,4778,237,2027-01-10,10,28894,2026-12-12T15:15:07+07:00
1871,14267,4778,375,2027-01-23,7,14158,2026-12-18T00:19:25+07:00
1872,14272,4780,399,2027-01-21,6,34345,2026-12-16T23:37:45+07:00
1873,14271,4780,52,2027-01-09,7,12071,2026-12-17T12:40:21+07:00
1874,14287,4784,241,2026-10-09,3,27268,2026-08-30T01:10:57+07:00
1875,14285,4784,338,2026-10-24,4,21475,2026-09-19T08:14:33+07:00
1876,14302,4787,278,2026-11-20,3,7552,2026-11-12T08:06:56+07:00
1877,14304,4788,195,2026-05-22,4,9649,2026-05-08T19:00:36+07:00
1878,14308,4790,415,2026-09-10,7,17807,2026-08-17T23:16:42+07:00
1879,14314,4792,8,2026-08-21,2,8376,2026-08-21T23:37:27+07:00
1880,14315,4792,463,2026-09-07,2,16896,2026-09-06T16:51:31+07:00
1881,14316,4793,461,2026-09-11,2,10434,2026-08-09T15:14:37+07:00
1882,14324,4795,166,2026-12-06,4,5938,2026-11-23T10:28:13+07:00
1883,14327,4796,19,2026-05-07,1,4439,2026-05-07T01:15:31+07:00
1884,14335,4800,531,2026-09-04,2,10201,2026-09-04T07:37:37+07:00
1885,14337,4800,300,2026-10-09,2,10396,2026-10-08T11:06:21+07:00
1886,14343,4801,325,2026-10-15,2,8294,2026-10-14T09:46:30+07:00
1887,14358,4805,266,2027-01-15,2,5280,2026-11-18T11:31:31+07:00
1888,14359,4805,444,2027-01-16,3,10006,2026-12-09T08:11:45+07:00
1889,14360,4806,299,2026-10-12,1,4437,2026-10-09T16:40:18+07:00
1890,14367,4807,353,2026-06-26,1,9874,2026-06-23T11:05:13+07:00
1891,14369,4809,202,2026-05-01,1,17157,2026-04-30T15:44:35+07:00
1892,14373,4810,620,2026-09-03,12,7730,2026-08-17T11:08:43+07:00
1893,14389,4814,788,2026-07-21,12,26826,2026-06-17T01:42:05+07:00
1894,14390,4815,487,2026-12-17,4,10243,2026-11-03T16:51:35+07:00
1895,14400,4816,510,2026-06-20,7,8873,
1896,14402,4816,476,2026-09-03,4,10642,2026-08-03T12:43:51+07:00
1897,14424,4823,317,2027-01-16,8,28081,2026-12-30T19:15:29+07:00
1898,14431,4824,140,2026-11-05,5,7273,2026-10-04T15:36:38+07:00
1899,14433,4825,648,2026-02-28,4,5953,2026-02-20T22:32:48+07:00
1900,14441,4827,559,2026-11-05,1,5757,2026-11-04T16:13:12+07:00
1901,14447,4828,576,2026-10-08,4,6494,2026-09-11T14:47:48+07:00
1902,14453,4829,150,2026-08-25,10,11704,
1903,14454,4831,14,2026-05-06,2,15480,2026-05-02T19:37:13+07:00
1904,14457,4832,268,2027-01-12,5,9725,2026-12-19T10:45:37+07:00
1905,14463,4834,776,2026-05-22,2,26963,2026-05-18T18:21:56+07:00
1906,14467,4835,452,2026-10-06,1,16546,2026-10-06T12:40:57+07:00
1907,14468,4835,228,2026-10-08,1,9295,2026-10-06T18:44:10+07:00
1908,14465,4835,101,2026-12-20,1,11213,2026-12-19T19:13:53+07:00
1909,14475,4839,403,2026-08-12,2,15498,2026-08-12T10:01:12+07:00
1910,14490,4844,749,2026-03-27,2,7731,2026-03-25T17:10:56+07:00
1911,14487,4844,542,2026-04-08,1,5389,2026-04-04T01:53:44+07:00
1912,14491,4845,262,2026-11-28,2,10439,2026-10-23T20:09:48+07:00
1913,14505,4850,127,2026-11-16,9,25298,2026-10-21T06:08:49+07:00
1914,14502,4850,124,2026-12-12,12,28209,2026-11-25T23:24:59+07:00
1915,14504,4850,82,2026-12-15,3,5227,2026-12-07T22:52:24+07:00
1916,14521,4856,102,2026-11-06,4,25981,2026-10-15T03:41:40+07:00
1917,14525,4857,113,2026-11-20,3,9478,2026-10-27T20:50:49+07:00
1918,14537,4863,448,2026-10-30,3,24902,2026-09-25T17:33:48+07:00
1919,14544,4865,19,2026-10-02,3,13429,2026-09-15T20:16:59+07:00
1920,14564,4873,260,2026-08-04,1,7888,2026-08-01T17:32:27+07:00
1921,14569,4875,517,2026-10-30,5,15850,2026-10-09T07:59:48+07:00
1922,14578,4878,97,2026-12-05,9,24916,2026-10-27T23:16:29+07:00
1923,14589,4882,546,2026-06-26,4,12055,2026-06-13T17:56:31+07:00
1924,14598,4883,483,2026-06-12,3,15367,2026-05-24T23:38:25+07:00
1925,14597,4883,564,2026-07-24,4,13938,2026-07-08T12:57:23+07:00
1926,14601,4884,716,2026-12-12,11,25709,2026-11-14T09:21:44+07:00
1927,14602,4885,636,2026-11-02,6,4147,2026-10-19T11:35:52+07:00
1928,14610,4887,705,2026-11-04,12,23302,2026-09-26T21:30:11+07:00
1929,14617,4889,652,2026-09-04,1,17550,2026-09-04T04:38:12+07:00
1930,14619,4889,100,2026-10-08,1,17830,2026-10-04T09:42:21+07:00
1931,14620,4890,249,2026-07-12,11,51211,2026-06-06T07:31:04+07:00
1932,14621,4890,74,2026-07-08,6,22179,2026-06-06T20:15:53+07:00
1933,14645,4900,604,2026-11-17,1,3704,2026-11-15T15:36:33+07:00
1934,14647,4901,711,2026-07-22,2,25664,2026-07-20T11:37:01+07:00
1935,14655,4902,704,2026-12-04,2,27316,2026-12-01T11:46:04+07:00
1936,14663,4904,278,2026-09-10,6,14317,2026-08-02T21:43:04+07:00
1937,14684,4913,375,2026-12-05,3,6231,2026-11-14T09:21:57+07:00
1938,14689,4914,383,2026-07-10,4,28505,2026-06-03T17:21:50+07:00
1939,14719,4922,255,2027-01-20,6,14535,2026-12-16T07:56:04+07:00
1940,14723,4924,87,2026-09-22,3,18761,2026-09-19T15:33:00+07:00
1941,14725,4925,108,2026-10-09,12,41113,2026-09-15T07:57:44+07:00
1942,14739,4928,343,2026-08-14,3,28433,2026-06-28T19:04:55+07:00
1943,14745,4930,1,2026-08-11,3,15208,2026-08-10T00:56:39+07:00
1944,14754,4935,383,2026-09-18,3,19584,2026-08-22T09:53:41+07:00
1945,14757,4936,349,2026-08-22,1,5728,2026-08-22T23:13:01+07:00
1946,14756,4936,780,2026-10-16,1,11920,2026-10-15T09:11:01+07:00
1947,14765,4938,789,2026-12-04,4,19963,2026-11-19T12:55:36+07:00
1948,14781,4943,350,2026-07-15,6,7181,2026-06-27T00:15:43+07:00
1949,14780,4943,62,2026-09-22,7,23833,
1950,14789,4945,197,2026-07-31,3,16594,2026-07-22T23:50:40+07:00
1951,14792,4946,435,2026-05-11,5,6829,2026-04-02T14:34:10+07:00
1952,14816,4955,102,2026-07-05,2,11655,2026-07-03T12:58:22+07:00
1953,14821,4957,145,2026-04-17,5,6791,2026-04-06T22:27:56+07:00
1954,14837,4961,624,2026-09-02,11,27090,2026-07-24T19:43:10+07:00
1955,14840,4962,222,2026-07-17,3,10647,2026-06-08T16:35:59+07:00
1956,14839,4962,36,2026-08-07,5,17485,2026-07-22T09:06:43+07:00
1957,14858,4970,574,2026-06-19,2,7229,2026-06-16T19:50:06+07:00
1958,14860,4970,19,2026-07-25,2,8758,2026-07-22T10:53:35+07:00
1959,14865,4971,504,2026-12-01,11,21753,2026-11-18T06:58:57+07:00
1960,14878,4976,749,2026-11-06,3,11344,2026-10-27T11:10:34+07:00
1961,14886,4978,13,2026-07-10,3,21744,2026-05-21T21:58:25+07:00
1962,14888,4979,371,2026-11-27,2,11185,2026-10-14T09:54:05+07:00
1963,14899,4983,223,2026-10-19,1,5255,2026-10-17T16:16:46+07:00
1964,14907,4985,669,2026-08-30,4,8649,2026-08-09T02:16:26+07:00
1965,14937,4997,201,2026-07-24,5,44107,2026-05-23T02:29:01+07:00
1966,14941,4999,285,2026-09-18,3,22229,2026-07-22T00:17:21+07:00
1967,14942,4999,479,2026-10-23,2,13270,2026-09-06T18:55:52+07:00
1968,14959,5004,89,2026-12-04,3,8215,2026-10-09T12:09:12+07:00
1969,14968,5010,481,2026-12-18,4,9763,2026-12-05T17:58:44+07:00
1970,14969,5010,343,2027-02-05,4,37145,2026-12-18T11:34:17+07:00
1971,14972,5011,373,2026-11-24,8,20306,2026-11-02T21:10:13+07:00
1972,14993,5017,336,2026-07-27,1,6668,2026-07-26T18:32:53+07:00
1973,14995,5018,786,2026-12-18,3,6195,2026-11-07T14:50:54+07:00
1974,15016,5024,784,2026-11-13,2,11013,2026-10-19T21:44:36+07:00
1975,15023,5026,462,2026-10-24,7,5988,2026-10-06T10:24:23+07:00
1976,15039,5030,54,2026-09-12,1,8886,2026-09-11T12:58:37+07:00
1977,15058,5036,245,2026-11-22,3,16219,2026-11-04T16:46:32+07:00
1978,15056,5036,263,2026-11-27,2,6031,2026-11-14T10:58:29+07:00
1979,15061,5036,260,2026-12-25,3,21265,2026-11-20T17:32:46+07:00
1980,15080,5043,716,2026-11-23,7,17675,2026-10-21T00:15:02+07:00
1981,15087,5045,599,2026-10-11,1,19930,2026-10-10T20:25:44+07:00
1982,15107,5052,709,2026-05-07,9,18146,2026-04-05T11:09:51+07:00
1983,15110,5053,505,2026-03-27,4,8736,2026-03-05T10:35:02+07:00
1984,15109,5053,526,2026-06-05,3,9473,2026-05-25T23:16:34+07:00
1985,15112,5054,770,2026-05-14,1,3690,2026-05-11T19:01:35+07:00
1986,15113,5054,609,2026-07-17,1,5442,2026-07-17T10:14:12+07:00
1987,15126,5059,496,2026-07-25,8,10614,2026-06-15T12:47:18+07:00
1988,15135,5063,558,2026-10-31,3,7029,2026-10-05T18:51:29+07:00
1989,15134,5063,70,2026-11-04,9,15730,2026-10-16T21:45:11+07:00
1990,15137,5064,477,2026-11-18,9,15900,2026-10-07T10:06:24+07:00
1991,15149,5069,422,2026-12-02,4,5367,2026-10-24T03:52:42+07:00
1992,15154,5071,256,2026-05-13,2,11734,2026-05-13T19:25:06+07:00
1993,15157,5072,484,2026-04-03,4,10390,2026-03-15T02:12:39+07:00
1994,15166,5074,51,2026-09-18,9,22815,2026-08-18T10:23:30+07:00
1995,15165,5074,355,2026-09-12,4,10917,2026-09-09T14:15:30+07:00
1996,15210,5090,638,2026-08-21,3,12167,2026-07-18T13:41:12+07:00
1997,15211,5090,397,2026-10-23,3,30359,2026-09-04T14:13:04+07:00
1998,15215,5091,324,2026-06-11,7,21527,2026-05-03T21:02:34+07:00
1999,15229,5094,213,2026-11-18,2,3619,2026-10-31T18:36:05+07:00
2000,15223,5094,163,2027-01-01,2,3581,2026-11-01T18:42:51+07:00
2001,15240,5098,479,2026-10-16,2,12386,2026-10-12T18:48:56+07:00
2002,15239,5098,180,2026-10-24,1,5953,2026-10-24T23:30:19+07:00
2003,15246,5099,658,2026-08-28,2,3543,2026-07-29T22:07:59+07:00
2004,15250,5100,23,2026-07-13,1,11919,2026-07-10T01:29:23+07:00
2005,15249,5100,714,2026-08-07,1,8998,
2006,15259,5102,113,2026-07-17,3,11286,2026-05-27T09:09:30+07:00
2007,15272,5106,426,2026-10-23,4,48222,2026-10-02T22:42:45+07:00
2008,15275,5107,171,2026-06-13,4,5955,2026-05-10T14:01:08+07:00
2009,15285,5111,70,2026-07-04,2,3573,2026-06-27T19:35:23+07:00
2010,15293,5115,129,2026-09-21,4,4902,2026-09-12T23:06:57+07:00
2011,15301,5117,700,2026-10-09,3,5906,2026-08-21T18:11:51+07:00
2012,15303,5117,225,2026-10-02,5,16606,2026-09-16T11:32:14+07:00
2013,15299,5117,564,2026-12-04,2,7964,2026-10-05T01:39:57+07:00
2014,15313,5121,350,2026-10-21,7,8935,2026-09-25T12:32:56+07:00
2015,15317,5122,755,2026-05-25,2,14876,2026-05-24T02:01:00+07:00
2016,15318,5123,482,2026-09-04,7,17944,2026-08-15T19:32:32+07:00
2017,15328,5127,634,2026-03-05,4,6330,2026-03-01T01:45:41+07:00
2018,15334,5128,278,2026-06-28,2,5260,2026-05-09T21:27:01+07:00
2019,15340,5129,716,2026-04-30,9,24439,
2020,15342,5131,250,2026-09-06,4,13808,2026-07-29T19:13:09+07:00
2021,15348,5133,181,2026-12-07,2,37720,2026-12-07T03:07:49+07:00
2022,15352,5134,394,2026-09-07,5,74452,2026-08-15T22:45:01+07:00
2023,15368,5141,676,2027-01-08,5,5681,2026-12-10T23:03:24+07:00
2024,15389,5148,460,2026-08-20,1,3735,2026-08-16T22:13:09+07:00
2025,15390,5148,714,2026-10-13,1,7753,2026-10-12T06:23:55+07:00
2026,15401,5155,555,2026-08-28,10,15009,2026-08-03T22:38:50+07:00
2027,15407,5157,135,2026-12-22,1,3652,2026-12-19T17:53:57+07:00
2028,15422,5162,522,2026-12-04,4,6687,2026-11-06T10:52:40+07:00
2029,15446,5171,676,2026-12-28,5,6186,2026-12-22T18:10:14+07:00
2030,15445,5171,536,2027-01-13,7,19708,2026-12-24T11:55:02+07:00
2031,15452,5174,584,2026-11-17,11,25188,2026-11-10T17:27:51+07:00
2032,15463,5175,303,2026-12-15,5,13385,2026-11-04T20:37:54+07:00
2033,15464,5176,250,2026-05-12,10,36315,2026-04-17T12:38:45+07:00
2034,15467,5176,670,2026-05-11,12,26009,2026-05-01T18:38:36+07:00
2035,15471,5177,3,2026-03-13,1,10091,2026-03-12T15:24:31+07:00
2036,15482,5180,251,2026-08-21,2,21756,2026-07-25T07:27:42+07:00
2037,15483,5182,139,2026-07-11,2,10982,
2038,15498,5185,27,2026-12-30,5,8874,2026-12-13T20:31:26+07:00
2039,15506,5188,22,2026-11-13,3,8185,2026-10-02T09:53:41+07:00
2040,15524,5194,577,2026-08-06,3,44918,2026-08-02T09:34:24+07:00
2041,15528,5197,522,2026-10-23,3,5131,
2042,15533,5198,399,2026-06-22,9,50490,2026-05-25T12:48:08+07:00
2043,15547,5201,436,2026-10-03,7,34215,2026-09-02T19:36:03+07:00
2044,15553,5202,166,2026-07-11,6,8615,2026-06-12T14:15:43+07:00
2045,15562,5204,672,2026-11-16,4,19885,2026-10-19T22:37:45+07:00
2046,15576,5209,746,2026-10-07,9,18821,2026-09-22T01:43:41+07:00
2047,15595,5215,19,2026-10-07,3,13623,2026-09-12T18:22:00+07:00
2048,15605,5217,56,2026-09-18,5,25721,2026-07-22T18:30:10+07:00
2049,15607,5218,63,2026-08-08,1,6886,2026-08-05T15:08:01+07:00
2050,15620,5222,575,2026-08-01,3,46029,2026-07-29T04:47:58+07:00
2051,15623,5223,509,2026-08-07,5,15508,2026-06-17T23:01:59+07:00
2052,15626,5224,514,2026-11-07,5,13224,2026-09-18T17:34:40+07:00
2053,15627,5225,87,2026-07-15,3,16944,2026-06-21T08:15:50+07:00
2054,15632,5227,623,2026-01-28,2,25999,2026-01-24T18:13:58+07:00
2055,15635,5228,262,2026-08-14,3,17316,2026-08-04T16:27:01+07:00
2056,15643,5232,482,2026-06-29,12,26169,2026-06-15T02:12:07+07:00
2057,15659,5239,177,2026-03-12,12,16923,2026-02-23T01:51:52+07:00
2058,15692,5250,141,2026-10-02,4,7729,2026-09-14T09:03:51+07:00
2059,15697,5254,494,2026-09-15,5,10171,2026-08-14T16:07:24+07:00
2060,15705,5255,414,2026-12-24,2,32584,2026-12-20T01:01:26+07:00
2061,15711,5257,12,2026-12-08,1,26845,2026-12-05T11:01:30+07:00
2062,15721,5260,211,2026-04-07,1,5489,2026-04-07T14:42:52+07:00
2063,15727,5264,267,2026-04-28,5,10466,2026-04-17T19:07:50+07:00
2064,15734,5266,418,2026-12-25,3,25485,2026-11-19T09:37:25+07:00
2065,15751,5271,115,2026-08-28,5,14979,2026-08-02T01:31:30+07:00
2066,15761,5277,771,2026-06-06,9,16103,2026-05-07T10:51:10+07:00
2067,15778,5286,234,2026-06-05,5,47231,2026-05-24T09:51:15+07:00
2068,15782,5287,574,2026-06-06,2,7390,2026-06-02T19:58:34+07:00
2069,15786,5289,220,2026-07-25,7,30707,2026-07-12T20:51:46+07:00
2070,15791,5290,364,2026-11-26,10,13673,2026-11-03T20:55:15+07:00
2071,15805,5294,276,2026-12-11,4,7608,2026-10-13T13:09:23+07:00
2072,15815,5298,551,2026-05-07,9,27538,2026-03-25T20:33:26+07:00
2073,15829,5303,532,2026-11-13,3,11124,2026-10-31T19:48:53+07:00
2074,15838,5306,80,2026-02-22,2,14450,2026-02-20T23:34:45+07:00
2075,15842,5307,314,2026-06-20,3,11684,2026-06-11T05:52:47+07:00
2076,15872,5319,204,2027-01-02,12,15666,2026-12-16T21:39:37+07:00
2077,15881,5322,460,2026-12-25,3,10732,2026-12-10T06:13:52+07:00
2078,15888,5325,248,2026-08-21,2,4903,2026-07-08T13:25:07+07:00
2079,15889,5325,206,2026-08-01,5,13715,2026-07-16T06:44:02+07:00
2080,15892,5326,565,2026-07-10,3,16379,2026-05-30T03:52:26+07:00
2081,15898,5328,251,2026-11-28,3,32693,2026-11-21T11:36:33+07:00
2082,15899,5328,481,2027-01-22,4,9809,2026-12-03T06:58:08+07:00
2083,15910,5331,53,2026-11-01,2,17776,2026-11-01T15:06:48+07:00
2084,15919,5335,454,2026-09-25,3,5810,2026-09-01T11:05:31+07:00
2085,15925,5336,70,2026-12-24,9,13801,2026-11-27T10:54:43+07:00
2086,15940,5341,497,2026-07-12,9,18488,2026-06-27T23:13:07+07:00
2087,15946,5342,244,2027-01-06,11,45266,2026-12-16T16:20:54+07:00
2088,15942,5342,570,2027-02-03,11,26129,2026-12-25T07:42:35+07:00
2089,15952,5344,699,2026-07-03,3,10407,2026-06-07T17:58:40+07:00
2090,15954,5345,516,2026-09-16,6,15555,2026-08-11T11:28:45+07:00
2091,15957,5346,131,2026-11-27,2,7528,2026-10-04T07:29:34+07:00
2092,15955,5346,38,2027-02-05,4,12801,2026-12-26T21:41:51+07:00
2093,15964,5349,94,2026-05-15,6,13187,
2094,15967,5351,393,2026-11-02,2,13185,2026-10-29T01:41:06+07:00
2095,15968,5351,101,2026-12-24,1,8932,
2096,15973,5353,112,2026-11-02,9,19331,
2097,15977,5353,113,2026-12-10,12,38866,2026-12-02T22:58:18+07:00
2098,15970,5353,75,2027-01-08,7,12425,2026-12-03T03:46:00+07:00
2099,16000,5361,501,2027-02-19,2,13829,2026-12-28T19:42:47+07:00
2100,16008,5364,692,2026-10-10,1,19191,2026-10-06T11:46:57+07:00
2101,16010,5365,313,2026-12-03,6,14996,2026-10-22T16:46:26+07:00
2102,16019,5368,109,2026-02-19,7,7328,
2103,16023,5370,549,2027-01-08,2,7814,2026-11-19T17:54:56+07:00
2104,16027,5372,416,2026-03-28,2,5387,2026-02-08T22:21:41+07:00
2105,16028,5372,336,2026-03-06,2,13916,2026-02-21T11:39:40+07:00
2106,16043,5378,436,2027-01-03,12,64487,2026-12-13T21:04:20+07:00
2107,16050,5382,359,2026-06-15,12,24602,
2108,16055,5383,323,2026-08-05,3,9944,2026-06-26T14:37:56+07:00
2109,16057,5384,88,2026-07-21,10,36323,2026-06-16T19:19:19+07:00
2110,16056,5384,37,2026-08-13,10,11066,2026-07-04T01:27:43+07:00
2111,16058,5385,579,2026-03-30,2,39647,2026-03-27T19:37:35+07:00
2112,16065,5387,169,2026-11-20,3,5992,2026-09-22T16:31:54+07:00
2113,16069,5388,681,2026-07-02,4,4535,2026-06-26T01:33:19+07:00
2114,16073,5389,532,2026-11-27,3,10891,2026-10-03T19:27:16+07:00
2115,16087,5393,461,2027-01-11,4,20051,2026-11-24T23:28:47+07:00
2116,16089,5394,477,2026-09-21,5,7454,2026-08-07T22:42:21+07:00
2117,16093,5397,484,2027-01-31,12,32946,2026-12-24T08:20:49+07:00
2118,16098,5398,68,2026-12-22,3,10281,2026-11-10T12:29:50+07:00
2119,16108,5402,189,2026-05-22,4,27787,
2120,16107,5402,617,2026-07-24,4,13414,2026-06-16T21:38:18+07:00
2121,16122,5404,145,2026-08-06,8,11272,2026-07-25T17:32:53+07:00
2122,16127,5407,633,2026-09-26,6,3460,2026-08-25T17:37:03+07:00
2123,16138,5409,502,2026-10-30,1,20000,2026-10-26T17:21:50+07:00
2124,16146,5411,54,2026-10-13,3,24975,2026-10-12T13:55:40+07:00
2125,16161,5414,520,2026-10-19,3,10777,2026-10-18T13:01:53+07:00
2126,16159,5414,21,2026-10-20,2,15964,2026-10-20T16:26:35+07:00
2127,16156,5414,460,2026-12-01,2,6846,2026-11-30T18:28:50+07:00
2128,16163,5415,445,2026-06-12,4,19061,2026-05-25T16:46:27+07:00
2129,16175,5419,758,2026-05-02,1,12920,2026-04-30T16:42:30+07:00
2130,16179,5420,117,2026-09-26,3,18972,2026-08-06T09:16:10+07:00
2131,16185,5421,288,2026-09-25,3,5649,2026-08-05T22:04:33+07:00
2132,16184,5421,581,2026-10-09,2,3185,2026-08-25T00:25:15+07:00
2133,16183,5421,467,2026-10-30,3,19909,2026-09-10T18:30:37+07:00
2134,16188,5422,292,2026-12-05,10,11842,2026-11-09T18:11:14+07:00
2135,16196,5424,534,2026-12-18,2,9168,
2136,16207,5427,502,2026-11-29,1,17040,2026-11-25T15:02:00+07:00
2137,16221,5431,677,2026-06-15,1,16959,2026-06-14T10:41:58+07:00
2138,16240,5438,773,2026-12-21,2,9746,2026-12-19T11:45:34+07:00
2139,16239,5438,78,2026-12-29,2,15388,2026-12-28T02:34:30+07:00
2140,16243,5439,8,2027-01-08,2,7169,2026-12-04T01:03:39+07:00
2141,16248,5440,455,2026-06-19,9,8398,2026-06-01T19:14:28+07:00
2142,16253,5441,686,2026-08-13,5,10748,2026-07-29T02:17:12+07:00
2143,16254,5441,62,2026-09-11,3,10109,2026-08-11T06:35:09+07:00
2144,16260,5443,213,2026-11-28,2,4388,
2145,16261,5444,126,2026-08-21,3,6097,2026-07-19T01:49:20+07:00
2146,16276,5449,68,2026-12-25,3,10303,2026-11-26T11:04:48+07:00
2147,16279,5450,495,2026-03-13,1,7055,2026-03-12T23:43:43+07:00
2148,16281,5451,515,2026-11-09,4,8628,2026-10-19T20:05:50+07:00
2149,16280,5451,478,2026-11-20,2,13912,2026-11-07T09:17:55+07:00
2150,16294,5454,395,2026-06-29,5,14770,2026-06-20T20:53:57+07:00
2151,16307,5459,67,2026-10-04,4,31813,2026-09-27T15:26:47+07:00
2152,16306,5459,185,2026-10-27,2,12988,2026-10-08T02:33:34+07:00
2153,16310,5460,512,2026-11-29,2,7087,2026-11-26T15:09:18+07:00
2154,16313,5462,737,2026-06-13,11,21306,2026-05-04T12:01:11+07:00
2155,16317,5463,516,2026-08-19,3,9340,2026-07-16T01:56:53+07:00
2156,16333,5468,141,2026-09-13,4,7979,2026-08-17T12:31:06+07:00
2157,16345,5471,716,2026-09-04,2,5371,2026-07-28T19:44:02+07:00
2158,16344,5471,450,2026-09-15,2,12048,2026-08-12T08:57:49+07:00
2159,16347,5473,390,2026-05-17,1,27981,2026-05-13T23:05:50+07:00
2160,16353,5475,229,2026-11-28,1,7943,2026-11-25T23:01:33+07:00
2161,16369,5479,78,2027-01-28,3,22623,2026-12-04T12:19:22+07:00
2162,16383,5484,13,2026-10-10,2,14867,2026-09-20T02:36:55+07:00
2163,16392,5488,248,2026-08-23,8,17108,2026-08-06T21:03:46+07:00
2164,16407,5494,102,2026-11-14,1,5941,2026-11-14T01:44:37+07:00
2165,16412,5497,344,2026-11-20,2,20116,2026-09-22T10:57:35+07:00
2166,16416,5498,522,2026-11-22,8,15111,2026-10-20T14:22:03+07:00
2167,16425,5500,684,2027-01-10,12,17255,2026-11-28T07:20:28+07:00
2168,16428,5502,360,2026-03-06,3,28824,2026-02-20T00:34:14+07:00
2169,16436,5504,796,2027-01-02,2,2299,
2170,16459,5515,194,2026-08-05,2,19257,2026-08-03T22:26:59+07:00
2171,16461,5516,243,2026-04-03,4,8797,2026-03-23T23:22:18+07:00
2172,16464,5517,426,2026-10-17,2,24614,2026-08-25T12:24:13+07:00
2173,16478,5522,54,2026-07-03,3,27473,2026-05-17T10:34:27+07:00
2174,16493,5530,144,2026-10-09,2,10660,2026-09-20T22:57:07+07:00
2175,16495,5530,359,2026-10-24,2,4397,2026-10-09T09:52:39+07:00
2176,16494,5530,330,2027-01-01,5,8394,2026-11-03T08:04:18+07:00
2177,16506,5534,8,2026-04-14,1,4043,2026-04-12T21:10:03+07:00
2178,16515,5537,735,2026-11-23,11,8233,2026-11-13T22:28:45+07:00
2179,16517,5538,429,2026-06-04,12,28948,2026-05-24T12:15:08+07:00
2180,16530,5541,108,2026-10-05,12,45756,2026-08-27T12:31:53+07:00
2181,16533,5543,665,2026-10-27,8,10844,2026-10-16T09:23:56+07:00
2182,16546,5546,348,2026-10-30,3,10799,2026-09-19T00:43:19+07:00
2183,16547,5547,660,2026-04-24,3,6826,2026-03-19T23:45:31+07:00
2184,16569,5554,196,2026-11-18,4,14171,2026-10-24T09:13:32+07:00
2185,16576,5557,307,2026-10-29,3,8843,2026-09-15T14:50:34+07:00
2186,16598,5564,204,2026-08-19,8,10955,2026-07-25T11:22:26+07:00
2187,16606,5566,750,2026-05-15,2,7305,2026-05-05T00:59:03+07:00
2188,16620,5572,624,2026-12-09,11,25285,2026-11-03T20:08:33+07:00
2189,16624,5573,71,2026-04-17,11,26953,2026-04-14T21:33:40+07:00
2190,16630,5574,373,2026-11-01,11,32544,2026-10-28T19:51:31+07:00
2191,16644,5578,114,2026-09-26,2,9292,2026-08-30T08:53:23+07:00
2192,16679,5593,295,2026-11-23,1,5297,2026-11-21T08:38:58+07:00
2193,16693,5598,225,2026-05-05,9,34872,2026-04-23T23:59:18+07:00
2194,16691,5598,47,2026-07-18,12,39412,2026-06-04T19:26:17+07:00
2195,16711,5607,781,2026-11-27,10,11776,2026-10-16T09:44:25+07:00
2196,16724,5611,634,2026-12-02,10,16082,2026-11-06T21:33:54+07:00
2197,16727,5613,317,2026-10-22,10,37409,2026-09-10T10:17:05+07:00
2198,16733,5614,658,2026-11-14,4,7093,2026-11-04T00:30:06+07:00
2199,16741,5617,173,2026-10-16,5,8130,2026-09-11T22:07:43+07:00
2200,16745,5618,195,2027-01-17,10,21348,2026-12-21T12:29:55+07:00
2201,16755,5622,249,2026-07-17,2,7717,2026-05-17T00:42:24+07:00
2202,16762,5625,622,2026-11-24,8,17200,2026-10-16T01:28:05+07:00
2203,16768,5626,364,2026-11-03,5,7145,2026-10-07T00:21:52+07:00
2204,16774,5628,534,2026-11-17,1,4849,2026-11-13T10:42:23+07:00
2205,16781,5629,51,2026-12-30,11,25111,2026-12-09T09:29:54+07:00
2206,16790,5633,237,2027-01-15,3,9003,2026-12-25T02:19:46+07:00
2207,16794,5635,157,2027-01-12,2,2343,2026-11-27T09:39:43+07:00
2208,16812,5641,264,2026-08-09,4,4193,2026-07-04T16:42:35+07:00
2209,16810,5641,75,2026-07-24,7,11045,2026-07-18T22:48:05+07:00
2210,16821,5644,753,2026-08-27,11,28251,2026-08-23T11:37:48+07:00
2211,16823,5645,106,2026-10-26,2,10695,2026-10-26T18:44:07+07:00
2212,16829,5646,329,2026-10-23,2,16863,2026-09-01T23:12:04+07:00
2213,16836,5649,515,2026-07-15,6,13622,2026-06-10T12:19:43+07:00
2214,16854,5653,506,2026-06-08,2,14409,2026-06-08T00:28:35+07:00
2215,16873,5658,293,2026-11-05,2,34964,2026-11-04T23:01:06+07:00
2216,16878,5660,787,2026-04-20,2,7004,2026-04-18T14:55:38+07:00
2217,16880,5661,157,2027-01-03,8,10778,2026-12-30T01:13:07+07:00
2218,16891,5665,409,2026-10-17,9,19791,2026-10-06T19:54:47+07:00
2219,16903,5668,17,2026-09-20,1,3730,2026-09-20T21:00:35+07:00
2220,16907,5669,111,2026-11-14,4,9085,2026-10-12T20:05:04+07:00
2221,16909,5670,626,2027-01-16,7,9711,2026-12-14T21:16:39+07:00
2222,16917,5672,176,2026-09-30,11,13707,2026-09-24T01:09:34+07:00
2223,16940,5679,239,2026-05-01,10,15732,2026-04-03T18:09:31+07:00
2224,16948,5680,638,2026-11-02,2,7224,2026-11-02T20:33:05+07:00
2225,16950,5681,84,2026-11-30,8,20841,2026-11-26T10:28:28+07:00
2226,16968,5687,389,2026-10-02,6,9260,2026-09-13T14:56:33+07:00
2227,16984,5691,215,2026-12-28,1,7290,2026-12-28T22:00:02+07:00
2228,16986,5693,362,2026-09-17,8,11912,2026-09-06T14:39:09+07:00
2229,16996,5694,63,2026-09-04,3,19139,2026-08-08T21:49:44+07:00
2230,17009,5698,550,2026-08-23,4,6143,2026-07-16T05:30:33+07:00
2231,17035,5707,385,2026-12-28,6,10251,2026-12-23T23:01:39+07:00
2232,17038,5708,552,2026-08-24,11,18211,2026-07-23T19:51:00+07:00
2233,17039,5709,796,2026-04-26,7,6468,2026-03-17T20:41:32+07:00
2234,17053,5710,661,2026-11-03,4,6042,2026-09-29T15:28:26+07:00
2235,17076,5719,298,2026-10-16,3,17309,2026-09-30T16:40:19+07:00
2236,17082,5720,332,2026-11-26,4,8629,2026-11-17T12:11:30+07:00
2237,17087,5722,712,2026-08-24,3,13259,2026-08-20T08:58:58+07:00
2238,17089,5722,483,2026-10-19,1,4583,2026-10-17T17:36:14+07:00
2239,17090,5723,8,2026-10-02,4,16832,2026-08-22T20:34:22+07:00
2240,17098,5726,630,2026-08-23,2,11264,2026-08-22T10:56:19+07:00
2241,17102,5728,381,2027-01-09,2,14717,2026-12-16T13:39:28+07:00
2242,17136,5740,163,2026-07-24,3,5399,2026-07-10T11:06:50+07:00
2243,17143,5742,428,2026-12-05,4,53354,2026-11-05T20:33:01+07:00
2244,17152,5744,371,2026-02-28,1,4906,2026-02-28T19:54:14+07:00
2245,17161,5746,294,2027-01-30,3,2671,2026-12-17T13:21:03+07:00
2246,17164,5748,482,2026-07-17,10,22298,2026-07-09T22:54:45+07:00
2247,17169,5749,178,2026-12-05,3,55244,2026-12-05T22:16:37+07:00
2248,17188,5755,527,2026-11-11,2,46393,2026-11-08T00:47:26+07:00
2249,17191,5756,154,2026-03-06,3,12034,2026-02-15T20:14:06+07:00
2250,17193,5758,546,2027-01-10,4,11594,2026-12-28T15:47:18+07:00
2251,17195,5759,457,2026-05-31,1,22166,2026-05-28T17:00:16+07:00
2252,17210,5762,242,2026-10-22,5,28662,2026-08-29T22:22:44+07:00
2253,17208,5762,87,2026-09-16,3,15680,2026-08-30T13:07:59+07:00
2254,17206,5762,70,2026-10-31,5,9059,2026-09-18T22:57:55+07:00
2255,17214,5763,269,2026-12-16,12,14252,2026-12-02T01:06:09+07:00
2256,17229,5770,79,2026-12-18,1,6180,2026-12-14T23:58:57+07:00
2257,17232,5771,380,2026-10-16,4,24654,2026-09-10T09:56:50+07:00
2258,17234,5773,607,2026-04-30,2,18219,2026-04-26T23:23:55+07:00
2259,17245,5775,99,2026-08-20,12,21965,2026-08-17T19:49:56+07:00
2260,17253,5777,596,2026-10-16,2,5613,2026-09-09T00:19:29+07:00
2261,17261,5781,722,2027-01-20,4,6885,2026-12-20T14:33:11+07:00
2262,17264,5782,416,2026-09-03,7,19901,2026-08-21T02:15:53+07:00
2263,17267,5782,253,2026-11-04,7,26348,2026-09-30T19:01:18+07:00
2264,17266,5782,768,2026-10-22,12,11633,2026-10-19T17:18:50+07:00
2265,17281,5785,185,2026-12-12,4,22104,2026-10-17T13:35:27+07:00
2266,17297,5791,49,2026-08-16,3,20735,2026-08-14T00:03:07+07:00
2267,17308,5795,544,2026-05-02,2,24499,2026-04-30T07:25:47+07:00
2268,17320,5798,600,2026-10-05,2,10236,2026-10-02T02:22:10+07:00
2269,17323,5799,693,2026-10-17,2,4483,2026-10-07T18:03:15+07:00
2270,17335,5802,634,2026-11-27,4,7017,
2271,17336,5802,516,2026-11-20,4,11411,2026-10-24T22:24:30+07:00
2272,17351,5807,453,2027-01-15,4,11657,2026-11-28T13:18:27+07:00
2273,17356,5809,440,2026-08-13,1,6422,2026-08-11T00:05:04+07:00
2274,17363,5812,160,2026-10-22,1,5007,2026-10-22T22:48:43+07:00
2275,17374,5815,329,2026-11-09,1,7265,2026-11-09T23:00:23+07:00
2276,17376,5816,113,2026-05-26,9,30771,2026-05-02T04:57:23+07:00
2277,17382,5817,95,2026-09-27,9,22778,
2278,17386,5818,705,2026-10-08,4,9365,2026-10-01T19:27:22+07:00
2279,17387,5819,83,2026-07-11,1,6439,2026-07-08T14:44:12+07:00
2280,17391,5820,706,2026-11-20,3,12257,2026-10-05T11:06:39+07:00
2281,17408,5825,41,2027-01-16,9,35581,2026-12-08T18:58:12+07:00
2282,17409,5826,443,2027-02-05,5,38642,2026-12-11T22:38:15+07:00
2283,17426,5831,103,2026-05-23,3,5848,2026-05-08T10:35:11+07:00
2284,17431,5833,234,2027-02-08,2,17842,2026-12-13T11:57:37+07:00
2285,17436,5834,173,2026-09-18,8,14031,2026-08-20T20:31:59+07:00
2286,17439,5835,288,2026-12-25,5,9612,2026-11-28T14:06:23+07:00
2287,17443,5837,409,2026-11-06,9,20978,2026-10-30T19:54:03+07:00
2288,17450,5839,215,2027-01-10,4,32071,2026-12-08T01:25:33+07:00
2289,17449,5839,354,2027-02-12,2,13043,2026-12-20T21:59:26+07:00
2290,17478,5847,96,2026-11-16,2,14056,2026-11-12T20:30:16+07:00
2291,17479,5847,353,2026-12-19,3,27349,2026-12-17T23:11:08+07:00
2292,17483,5849,524,2026-03-21,1,6240,2026-03-17T23:44:54+07:00
2293,17496,5853,356,2026-12-11,11,27885,2026-11-08T17:50:50+07:00
2294,17511,5859,523,2027-01-17,3,6823,2026-12-18T22:25:27+07:00
2295,17514,5859,199,2027-01-08,12,36203,2026-12-23T10:49:06+07:00
2296,17510,5859,474,2027-02-06,4,5029,2026-12-30T17:23:06+07:00
2297,17520,5860,228,2026-12-18,5,41775,2026-11-23T20:14:09+07:00
2298,17534,5864,365,2026-08-30,1,4561,2026-08-28T19:41:14+07:00
2299,17532,5864,31,2026-09-01,1,6905,2026-08-31T19:17:54+07:00
2300,17552,5870,378,2026-06-26,3,6530,2026-06-11T10:11:45+07:00
2301,17555,5870,201,2026-09-04,3,30113,2026-07-08T13:59:44+07:00
2302,17560,5871,158,2026-05-28,2,8239,2026-05-25T18:33:36+07:00
2303,17563,5872,153,2026-11-21,12,9639,2026-10-24T16:20:06+07:00
2304,17565,5873,426,2026-08-07,3,41301,2026-06-24T20:12:18+07:00
2305,17570,5875,428,2026-08-01,2,24702,2026-08-01T10:33:11+07:00
2306,17578,5876,20,2027-01-08,3,14635,2026-12-13T12:29:41+07:00
2307,17621,5887,563,2027-01-06,2,13898,2026-11-08T00:59:00+07:00
2308,17629,5889,536,2026-07-31,4,11334,2026-07-03T14:06:57+07:00
2309,17635,5891,670,2026-10-26,5,13446,2026-10-08T23:48:35+07:00
2310,17638,5892,487,2026-04-06,3,8545,
2311,17644,5895,712,2026-09-02,2,9287,2026-08-30T23:09:02+07:00
2312,17648,5896,96,2026-04-03,4,27576,2026-03-20T23:01:42+07:00
2313,17660,5898,660,2026-08-30,2,5126,2026-07-30T14:43:15+07:00
2314,17659,5898,648,2026-10-30,2,3154,2026-09-23T09:44:52+07:00
2315,17667,5899,352,2026-05-06,12,38664,2026-04-22T14:56:20+07:00
2316,17706,5915,264,2026-09-26,6,5736,2026-09-05T11:10:13+07:00
2317,17720,5922,414,2026-12-14,1,16848,2026-12-10T17:48:27+07:00
2318,17723,5923,229,2026-12-27,2,18677,2026-12-23T12:33:40+07:00
2319,17735,5928,201,2026-10-13,2,19961,2026-10-09T00:44:31+07:00
2320,17739,5931,672,2026-08-04,2,10194,2026-08-01T00:54:17+07:00
2321,17744,5932,529,2026-10-05,2,7213,2026-10-04T10:08:28+07:00
2322,17774,5943,334,2026-08-05,1,27579,2026-08-02T09:08:49+07:00
2323,17773,5943,223,2026-08-19,2,10706,2026-08-18T14:56:28+07:00
2324,17779,5946,99,2026-07-12,5,8425,2026-06-07T22:35:47+07:00
2325,17787,5948,598,2026-04-17,4,10679,2026-03-26T17:32:32+07:00
2326,17783,5948,665,2026-05-29,3,4386,2026-03-31T16:37:17+07:00
2327,17786,5948,67,2026-05-08,4,27709,2026-04-06T21:15:55+07:00
2328,17796,5952,16,2026-04-15,12,40167,2026-03-09T08:37:52+07:00
2329,17817,5957,81,2026-11-03,2,12712,2026-11-02T01:56:26+07:00
2330,17833,5962,535,2026-09-25,12,8681,2026-09-19T19:30:55+07:00
2331,17835,5963,786,2026-10-30,2,3618,2026-09-24T13:31:00+07:00
2332,17841,5965,567,2026-12-19,4,33093,2026-11-23T16:06:22+07:00
2333,17853,5968,550,2027-01-28,4,6088,2026-12-17T11:49:49+07:00
2334,17855,5969,380,2026-12-04,4,26605,2026-10-16T20:51:08+07:00
2335,17863,5971,364,2026-12-01,11,16065,2026-11-07T08:09:59+07:00
2336,17861,5971,398,2026-12-08,5,18864,2026-11-23T15:00:11+07:00
2337,17867,5973,573,2026-03-25,2,3857,2026-01-26T13:45:55+07:00
2338,17872,5975,564,2026-08-20,5,17002,2026-07-28T21:11:45+07:00
2339,17887,5979,653,2026-05-16,1,5054,2026-05-12T23:20:02+07:00
2340,17892,5981,343,2026-12-17,3,26320,2026-11-29T20:11:10+07:00
2341,17925,5995,731,2026-03-09,10,16861,2026-02-19T00:44:07+07:00
2342,17926,5995,757,2026-03-15,12,17714,2026-03-07T16:31:21+07:00
2343,17942,6002,266,2026-10-16,3,8438,2026-09-21T23:06:55+07:00
2344,17944,6002,500,2027-01-14,3,9955,2026-11-24T10:55:17+07:00
2345,17951,6004,84,2026-12-19,3,8677,2026-11-08T03:54:46+07:00
2346,17971,6011,72,2026-10-30,2,5994,2026-10-02T15:05:06+07:00
2347,17975,6012,286,2026-05-22,5,6207,2026-04-01T22:33:44+07:00
2348,17980,6014,525,2026-11-17,12,17394,2026-10-07T21:46:32+07:00
2349,17977,6014,590,2027-01-10,5,5090,2026-12-27T20:03:48+07:00
2350,17992,6020,528,2026-12-08,1,22944,2026-12-06T17:01:21+07:00
2351,18002,6026,504,2027-01-02,4,8079,2026-12-07T12:33:49+07:00
2352,18019,6033,204,2026-09-09,6,9519,2026-09-05T18:48:58+07:00
2353,18030,6037,286,2026-10-03,4,5855,2026-08-09T22:43:09+07:00
2354,18033,6038,27,2026-07-18,6,10973,2026-06-13T20:24:35+07:00
2355,18036,6038,157,2026-08-28,12,15660,2026-07-29T18:42:01+07:00
2356,18039,6038,16,2026-09-14,6,18408,2026-08-08T18:53:41+07:00
2357,18041,6039,108,2026-07-25,6,20601,2026-07-08T21:41:34+07:00
2358,18044,6040,682,2026-11-13,4,10895,2026-10-18T08:36:50+07:00
2359,18055,6042,140,2026-09-25,5,7305,2026-09-13T08:53:36+07:00
2360,18056,6043,243,2026-11-08,5,10573,2026-10-13T21:23:07+07:00
2361,18065,6045,233,2026-10-24,2,44702,2026-10-20T16:06:41+07:00
2362,18079,6049,430,2026-11-25,5,48539,2026-10-12T15:52:03+07:00
2363,18084,6050,649,2026-07-16,2,9037,2026-06-08T23:40:53+07:00
2364,18089,6051,754,2026-08-08,12,34540,2026-06-26T13:35:01+07:00
2365,18097,6055,48,2026-11-06,6,10984,2026-10-26T13:49:30+07:00
2366,18102,6056,718,2026-10-08,8,5541,2026-09-13T12:15:59+07:00
2367,18128,6064,610,2026-04-26,4,5696,2026-02-28T18:10:27+07:00
2368,18144,6070,521,2026-11-11,1,11603,2026-11-10T02:03:05+07:00
2369,18145,6070,30,2026-11-14,2,15762,2026-11-13T23:36:23+07:00
2370,18149,6072,397,2026-11-19,1,11210,2026-11-16T11:20:55+07:00
2371,18176,6081,288,2026-08-28,2,3827,
2372,18183,6083,416,2026-08-28,12,37740,2026-08-25T22:22:29+07:00
2373,18182,6083,415,2026-09-17,12,31250,2026-09-09T09:57:06+07:00
2374,18191,6086,366,2026-07-31,4,7523,2026-06-14T11:39:41+07:00
2375,18197,6087,297,2026-04-23,1,11589,2026-04-21T10:30:41+07:00
2376,18200,6088,187,2026-04-17,4,9514,2026-04-04T21:57:05+07:00
2377,18201,6088,16,2026-05-25,5,14335,2026-04-23T11:49:17+07:00
2378,18209,6090,131,2026-11-06,3,9940,2026-10-21T23:16:25+07:00
2379,18212,6091,199,2026-09-29,11,31583,2026-09-22T09:10:55+07:00
2380,18224,6094,485,2027-01-23,5,5130,2026-12-24T19:39:27+07:00
2381,18228,6095,441,2026-07-09,1,32539,2026-07-09T10:11:01+07:00
2382,18242,6100,444,2026-11-27,4,14811,2026-10-04T10:17:58+07:00
2383,18254,6102,51,2026-10-15,10,25006,2026-10-06T21:11:52+07:00
2384,18253,6102,703,2027-01-05,5,11227,2026-12-15T15:44:56+07:00
2385,18261,6105,369,2026-11-06,4,9910,2026-10-13T22:46:01+07:00
2386,18263,6105,696,2026-12-25,2,3988,2026-10-24T18:54:54+07:00
2387,18269,6106,96,2026-08-21,3,19667,2026-07-25T00:39:32+07:00
2388,18319,6128,102,2026-04-11,3,20280,2026-03-29T09:19:11+07:00
2389,18322,6129,463,2026-11-08,2,16539,2026-11-07T23:09:28+07:00
2390,18326,6130,312,2026-11-08,7,11002,2026-10-22T23:36:01+07:00
2391,18342,6136,459,2026-07-11,2,11302,2026-06-01T22:26:32+07:00
2392,18346,6138,268,2027-01-20,3,6405,2026-12-11T01:21:16+07:00
2393,18354,6142,570,2026-05-07,5,10984,2026-04-04T20:08:53+07:00
2394,18356,6143,348,2026-12-03,8,27548,2026-11-07T11:03:05+07:00
2395,18358,6145,396,2027-02-10,3,13027,2026-12-22T10:37:54+07:00
2396,18366,6148,479,2026-04-03,3,20265,2026-02-05T01:11:13+07:00
2397,18390,6155,18,2026-10-27,12,13919,2026-10-20T08:46:06+07:00
2398,18396,6156,281,2026-09-26,11,13287,2026-08-17T04:42:34+07:00
2399,18394,6156,595,2026-09-16,6,3429,2026-09-07T17:51:15+07:00
2400,18408,6161,536,2026-08-27,6,19095,2026-07-27T01:52:23+07:00
2401,18411,6162,184,2027-01-13,11,22192,2026-12-31T22:06:46+07:00
2402,18418,6164,272,2026-03-28,12,41092,2026-02-24T12:05:32+07:00
2403,18437,6174,96,2026-10-23,2,15550,2026-08-30T19:28:13+07:00
2404,18438,6174,383,2026-10-30,4,31423,2026-09-07T00:37:23+07:00
2405,18456,6180,30,2026-11-20,3,28090,2026-10-11T00:26:00+07:00
2406,18457,6180,97,2026-12-11,4,9282,2026-11-20T21:34:55+07:00
2407,18459,6181,779,2026-03-18,1,4317,2026-03-17T17:10:13+07:00
2408,18461,6182,601,2026-10-13,5,10523,2026-08-31T00:08:53+07:00
2409,18476,6189,458,2026-11-02,8,11871,2026-10-14T17:46:29+07:00
2410,18481,6191,717,2026-05-04,3,15762,2026-03-28T04:11:48+07:00
2411,18485,6192,195,2026-11-14,3,7095,2026-11-01T00:01:49+07:00
2412,18489,6193,332,2026-04-18,6,11994,2026-04-13T20:23:52+07:00
2413,18492,6194,128,2026-09-16,8,7136,2026-08-09T13:05:47+07:00
2414,18495,6195,520,2026-09-20,3,10132,2026-09-17T10:15:49+07:00
2415,18501,6198,93,2026-12-27,10,33422,2026-11-23T18:10:11+07:00
2416,18504,6199,573,2026-11-18,6,10407,2026-11-02T15:46:24+07:00
2417,18512,6201,127,2026-06-12,3,7958,2026-05-17T14:06:38+07:00
2418,18515,6202,488,2026-12-19,4,11004,
2419,18517,6203,773,2026-12-18,1,4337,2026-12-17T10:04:59+07:00
2420,18518,6204,637,2026-09-17,4,20899,2026-07-28T08:40:57+07:00
2421,18530,6207,348,2026-11-14,10,36680,2026-10-19T22:49:54+07:00
2422,18529,6207,27,2026-11-23,4,6912,2026-11-12T12:46:56+07:00
2423,18542,6211,26,2027-01-15,4,9234,2026-12-06T19:35:32+07:00
2424,18546,6212,492,2026-07-17,2,7411,2026-05-22T13:35:18+07:00
2425,18548,6213,436,2026-11-27,3,15459,2026-11-05T17:55:14+07:00
2426,18569,6221,453,2026-08-05,1,3147,2026-08-05T09:42:42+07:00
2427,18576,6223,547,2026-04-22,7,20425,2026-04-14T09:56:12+07:00
2428,18604,6233,554,2026-11-27,3,65534,2026-11-23T05:23:32+07:00
2429,18603,6233,594,2026-12-01,2,7870,2026-11-30T15:56:02+07:00
2430,18611,6235,487,2026-10-05,11,26476,2026-09-05T05:51:39+07:00
2431,18616,6237,274,2026-07-04,3,12643,2026-05-06T22:25:29+07:00
2432,18621,6239,421,2027-02-05,3,23726,
2433,18625,6240,263,2026-08-14,2,5387,2026-06-13T12:25:48+07:00
2434,18628,6241,375,2026-12-09,6,12240,2026-11-26T21:21:59+07:00
2435,18640,6244,183,2026-09-15,3,7201,2026-07-24T14:40:19+07:00
2436,18642,6245,297,2026-09-19,1,12523,2026-09-16T16:43:48+07:00
2437,18663,6250,425,2026-04-07,1,12503,2026-04-04T19:04:22+07:00
2438,18667,6251,303,2026-10-14,9,25800,2026-10-09T00:30:55+07:00
2439,18668,6252,393,2026-12-18,4,26007,2026-11-22T20:25:50+07:00
2440,18674,6254,288,2026-09-25,3,5175,
2441,18673,6254,158,2026-11-27,3,13253,2026-09-25T14:59:49+07:00
2442,18677,6256,86,2026-03-05,5,6543,2026-02-27T01:10:02+07:00
2443,18676,6256,90,2026-04-26,8,18191,
2444,18683,6257,223,2026-06-05,3,17430,2026-05-17T00:15:20+07:00
2445,18695,6261,514,2026-05-12,5,14785,2026-05-06T13:48:32+07:00
2446,18702,6262,21,2026-02-08,2,14271,2026-02-07T12:11:22+07:00
2447,18705,6263,353,2026-11-20,4,42119,2026-11-06T18:48:07+07:00
2448,18710,6264,326,2026-12-14,4,26171,2026-11-26T06:48:17+07:00
2449,18711,6264,487,2027-02-05,2,4901,2026-12-18T18:51:12+07:00
2450,18731,6272,190,2026-11-13,2,2368,2026-11-03T16:29:01+07:00
2451,18734,6273,25,2026-08-26,2,17438,2026-08-23T12:02:19+07:00
2452,18736,6274,127,2026-12-08,7,17135,2026-11-19T11:34:11+07:00
2453,18737,6274,396,2027-01-03,11,39213,
2454,18741,6275,350,2026-04-18,3,3870,2026-03-20T21:56:46+07:00
2455,18740,6275,482,2026-06-04,3,7683,2026-05-31T18:40:18+07:00
2456,18747,6276,354,2026-08-28,3,19393,2026-08-08T10:01:59+07:00
2457,18748,6276,366,2026-10-10,2,3740,2026-08-26T05:33:54+07:00
2458,18760,6280,391,2026-07-16,2,12477,2026-07-16T23:53:54+07:00
2459,18769,6284,200,2026-06-04,6,14000,2026-05-13T02:28:38+07:00
2460,18781,6288,460,2026-12-10,1,3334,2026-12-10T14:28:07+07:00
2461,18782,6288,280,2026-12-11,1,21280,2026-12-10T14:52:51+07:00
2462,18787,6290,544,2026-10-06,2,21633,2026-10-03T19:15:39+07:00
2463,18812,6299,111,2027-01-02,5,12485,2026-12-21T22:27:36+07:00
2464,18841,6312,566,2026-07-01,2,16130,2026-06-27T13:55:09+07:00
2465,18845,6313,183,2026-10-23,4,9152,2026-09-02T18:12:20+07:00
2466,18846,6313,300,2026-10-09,3,17152,2026-09-16T03:45:46+07:00
2467,18849,6314,365,2026-04-26,1,4377,2026-04-23T12:10:20+07:00
2468,18852,6315,348,2026-09-05,6,21689,2026-08-28T11:36:00+07:00
2469,18855,6315,364,2026-10-20,5,6645,2026-09-07T14:06:08+07:00
2470,18860,6318,257,2026-08-11,2,19949,2026-08-09T08:23:24+07:00
2471,18865,6320,553,2027-02-05,2,3470,
2472,18869,6322,49,2026-10-12,1,6918,2026-10-10T14:42:25+07:00
2473,18885,6326,284,2026-12-20,3,6040,2026-11-12T22:35:59+07:00
2474,18901,6333,278,2026-07-10,5,12734,2026-06-18T20:01:18+07:00
2475,18905,6334,197,2026-10-04,1,6530,2026-10-01T12:01:41+07:00
2476,18912,6335,161,2026-07-06,3,2881,2026-06-21T12:36:32+07:00
2477,18911,6335,419,2026-07-29,12,52442,2026-06-23T22:42:49+07:00
2478,18915,6336,430,2026-07-31,4,34550,2026-06-19T01:56:21+07:00
2479,18916,6336,353,2026-08-21,4,36547,2026-07-11T22:16:54+07:00
2480,18918,6337,10,2026-11-18,7,12767,2026-10-25T16:51:05+07:00
2481,18922,6338,759,2026-04-14,4,4501,2026-03-14T19:42:34+07:00
2482,18926,6339,213,2026-12-25,5,8936,2026-11-07T11:19:34+07:00
2483,18935,6342,257,2026-07-16,1,10436,2026-07-14T00:15:15+07:00
2484,18942,6344,82,2026-11-25,6,10290,2026-10-16T02:09:43+07:00
2485,18951,6347,239,2026-08-12,6,9719,2026-07-23T17:57:30+07:00
2486,18963,6350,783,2026-12-14,8,9530,2026-11-10T17:09:42+07:00
2487,18967,6351,118,2026-12-18,3,17476,2026-11-19T20:55:40+07:00
2488,18999,6365,253,2026-12-25,3,11438,2026-12-16T04:40:44+07:00
2489,19015,6369,333,2026-07-16,2,9659,2026-07-16T10:17:58+07:00
2490,19027,6373,313,2026-05-22,2,5351,2026-05-09T01:04:47+07:00
2491,19036,6376,426,2027-01-22,3,40772,2026-11-25T01:37:04+07:00
2492,19045,6379,70,2026-03-23,6,10932,2026-03-16T19:40:01+07:00
2493,19061,6384,379,2026-11-03,7,15810,2026-10-12T23:12:59+07:00
2494,19070,6387,106,2026-11-13,1,5195,2026-11-09T18:56:53+07:00
2495,19069,6387,236,2026-12-03,2,10624,2026-12-01T01:05:13+07:00
2496,19072,6388,243,2027-01-13,6,11671,2026-12-05T14:16:37+07:00
2497,19074,6388,48,2027-01-05,12,26199,2026-12-29T00:11:01+07:00
2498,19071,6388,250,2027-01-25,7,23536,2026-12-31T07:45:29+07:00
2499,19085,6392,540,2026-03-19,1,5988,2026-03-18T06:42:20+07:00
2500,19088,6393,724,2026-12-29,2,41675,2026-12-29T11:50:26+07:00
2501,19092,6394,8,2026-04-03,2,7121,2026-02-12T10:37:07+07:00
2502,19098,6395,670,2026-06-13,3,6773,2026-04-15T10:02:38+07:00
2503,19109,6401,341,2026-08-03,8,13492,2026-07-25T11:55:44+07:00
2504,19122,6407,26,2026-03-29,6,13826,2026-02-14T15:31:19+07:00
2505,19126,6408,422,2026-11-27,8,9711,2026-11-07T20:44:04+07:00
2506,19124,6408,445,2026-11-20,12,54724,2026-11-10T14:11:00+07:00
2507,19134,6411,660,2026-12-11,2,4249,2026-12-03T11:00:09+07:00
2508,19146,6413,357,2026-03-21,2,13634,2026-03-21T19:27:57+07:00
2509,19151,6416,439,2027-02-12,3,32657,2026-12-17T11:07:30+07:00
2510,19159,6419,745,2026-09-09,2,3302,
2511,19165,6422,588,2027-01-10,11,27948,2026-11-27T19:22:31+07:00
2512,19171,6424,509,2026-10-10,11,31821,2026-09-13T07:55:50+07:00
2513,19183,6429,86,2026-12-21,3,3506,2026-11-29T15:34:26+07:00
2514,19193,6432,48,2026-06-10,3,6863,2026-04-23T17:52:55+07:00
2515,19197,6433,227,2026-08-23,9,13337,2026-08-06T19:21:14+07:00
2516,19202,6434,122,2026-02-20,2,18408,2026-02-02T07:40:45+07:00
2517,19208,6436,335,2026-05-19,6,6658,2026-05-01T17:57:47+07:00
2518,19210,6436,710,2026-06-28,8,18119,2026-06-22T13:25:18+07:00
2519,19217,6438,168,2026-07-31,4,13889,
2520,19215,6438,777,2026-09-11,3,9171,2026-07-30T18:00:03+07:00
2521,19223,6440,118,2026-07-31,4,24414,2026-06-07T14:21:51+07:00
2522,19226,6441,385,2026-04-15,11,22330,2026-04-06T21:26:32+07:00
2523,19227,6441,264,2026-05-26,3,2817,2026-05-11T23:06:16+07:00
2524,19261,6454,95,2026-08-09,9,26644,2026-06-29T17:48:20+07:00
2525,19263,6455,257,2027-01-08,2,17890,2026-12-06T18:31:32+07:00
2526,19285,6461,539,2026-04-17,2,6166,2026-04-06T10:38:01+07:00
2527,19288,6462,176,2026-11-13,12,15170,2026-10-04T20:26:14+07:00
2528,19292,6463,486,2026-07-30,4,12002,2026-06-08T03:49:02+07:00
2529,19299,6464,215,2026-10-25,2,14698,2026-10-25T01:21:57+07:00
2530,19310,6468,403,2026-12-25,2,17359,2026-11-26T04:20:36+07:00
2531,19311,6468,444,2027-01-10,4,11764,2026-12-13T19:17:25+07:00
2532,19320,6471,60,2026-08-22,7,8098,2026-08-07T23:49:17+07:00
2533,19326,6474,465,2026-08-14,3,8805,2026-07-28T06:12:26+07:00
2534,19333,6476,312,2026-07-30,10,15270,2026-06-19T11:34:31+07:00
2535,19352,6482,59,2026-12-31,3,4191,2026-11-21T20:49:18+07:00
2536,19358,6485,589,2026-10-26,7,17644,2026-10-06T23:56:33+07:00
2537,19360,6486,787,2026-05-19,2,8348,2026-05-17T11:52:07+07:00
2538,19374,6492,774,2026-09-18,4,17032,2026-07-30T19:44:21+07:00
2539,19383,6494,184,2026-09-11,3,5178,2026-08-12T01:08:51+07:00
2540,19385,6495,101,2026-08-13,3,29310,2026-08-12T00:57:38+07:00
2541,19406,6501,89,2026-10-30,3,7400,2026-09-05T20:16:20+07:00
2542,19409,6503,571,2026-05-30,2,3335,2026-04-22T10:57:17+07:00
2543,19412,6505,171,2026-10-11,6,7996,
2544,19420,6508,430,2026-09-26,3,28328,2026-08-07T12:24:14+07:00
2545,19421,6508,523,2026-10-09,3,6564,2026-08-10T01:24:54+07:00
2546,19424,6509,416,2026-12-29,9,29202,2026-11-24T12:50:20+07:00
2547,19428,6511,51,2026-06-13,4,8288,2026-05-12T17:25:45+07:00
2548,19472,6528,163,2026-10-17,3,5560,2026-09-14T22:22:28+07:00
2549,19470,6528,620,2026-11-25,10,7174,2026-11-08T10:37:32+07:00
2550,19484,6530,115,2026-09-28,10,28223,2026-09-11T22:42:45+07:00
2551,19533,6549,262,2026-09-29,2,10427,2026-09-25T02:09:25+07:00
2552,19537,6551,383,2026-04-29,3,20963,2026-04-27T08:35:07+07:00
2553,19546,6553,354,2026-11-09,1,5779,2026-11-07T19:05:32+07:00
2554,19543,6553,198,2026-11-24,1,26202,2026-11-20T01:25:33+07:00
2555,19549,6554,144,2026-03-05,3,16739,2026-03-05T18:20:57+07:00
2556,19565,6559,710,2026-10-27,12,25924,2026-10-24T00:08:28+07:00
2557,19568,6562,645,2026-06-19,1,3064,2026-06-15T23:29:39+07:00
2558,19577,6566,382,2026-07-29,2,46243,2026-07-29T09:25:16+07:00
2559,19576,6566,233,2026-08-02,2,41575,2026-07-31T18:12:41+07:00
2560,19578,6566,121,2026-09-14,2,12726,2026-09-13T00:48:07+07:00
2561,19581,6567,274,2026-10-09,4,16522,2026-09-11T20:13:36+07:00
2562,19595,6572,658,2026-12-25,2,3448,2026-11-25T18:37:26+07:00
2563,19598,6573,477,2026-11-20,3,5101,2026-11-05T18:24:22+07:00
2564,19604,6574,217,2026-10-02,10,10476,2026-08-31T00:34:05+07:00
2565,19609,6575,234,2026-12-02,5,44304,2026-10-19T16:16:20+07:00
2566,19614,6576,144,2026-11-08,1,4773,2026-11-06T09:25:46+07:00
2567,19630,6580,669,2027-01-29,3,6446,2026-12-20T11:03:50+07:00
2568,19629,6580,206,2027-01-22,4,11542,2026-12-27T17:15:53+07:00
2569,19631,6581,784,2026-10-30,3,13935,2026-09-12T17:03:46+07:00
2570,19637,6585,87,2026-09-09,1,6173,2026-09-06T06:08:43+07:00
2571,19638,6585,774,2026-10-03,1,4697,2026-09-29T07:12:22+07:00
2572,19646,6586,253,2026-10-13,4,14733,2026-10-04T21:22:28+07:00
2573,19650,6587,243,2026-10-15,7,15638,2026-09-11T18:51:40+07:00
2574,19667,6593,445,2026-07-23,12,56569,2026-06-29T20:28:39+07:00
2575,19673,6595,215,2026-12-15,1,6982,2026-12-13T14:50:41+07:00
2576,19696,6600,368,2026-09-25,1,6855,2026-09-25T23:13:02+07:00
2577,19706,6604,302,2026-07-07,6,5024,2026-06-18T14:05:48+07:00
2578,19734,6609,158,2026-08-22,3,11295,2026-06-30T06:04:05+07:00
2579,19737,6609,713,2026-09-04,2,8720,2026-07-08T16:02:56+07:00
2580,19728,6609,27,2026-08-14,3,5308,2026-07-13T20:46:07+07:00
2581,19730,6609,133,2026-09-06,4,38003,
2582,19746,6611,264,2027-01-26,9,8384,2026-12-15T10:52:53+07:00
2583,19742,6611,384,2027-01-12,4,9661,2026-12-28T09:12:13+07:00
2584,19753,6613,113,2026-07-11,4,13981,2026-06-24T14:50:04+07:00
2585,19750,6613,788,2026-07-18,3,7519,2026-07-10T00:09:21+07:00
2586,19754,6613,103,2026-09-11,4,8098,2026-07-22T19:53:45+07:00
2587,19760,6614,364,2026-12-18,11,14015,2026-11-30T19:57:08+07:00
2588,19770,6616,138,2026-05-14,3,7381,2026-04-03T10:26:42+07:00
2589,19772,6617,450,2026-08-15,3,16140,2026-07-20T07:50:51+07:00
2590,19799,6627,332,2026-12-16,6,12042,2026-11-03T14:18:56+07:00
2591,19801,6628,272,2027-01-01,3,10207,2026-11-30T07:22:46+07:00
2592,19840,6642,526,2026-07-24,2,6735,2026-06-15T15:44:12+07:00
2593,19854,6644,443,2026-08-14,3,22157,2026-07-13T00:32:27+07:00
2594,19852,6644,267,2026-08-28,3,6776,2026-08-02T22:20:46+07:00
2595,19853,6644,381,2026-10-16,4,24144,2026-08-29T09:49:28+07:00
2596,19859,6646,277,2026-11-06,5,14390,2026-09-16T08:39:44+07:00
2597,19858,6646,629,2027-01-02,2,9610,2026-11-06T20:29:31+07:00
2598,19862,6648,533,2026-11-29,7,12494,2026-10-16T11:12:43+07:00
2599,19867,6649,752,2026-11-13,4,5284,2026-10-10T02:10:12+07:00
2600,19871,6651,276,2026-03-25,5,10526,2026-03-10T09:18:58+07:00
2601,19873,6653,581,2027-01-13,3,5385,2026-12-27T19:39:19+07:00
2602,19881,6655,196,2026-09-07,6,19633,2026-08-22T19:37:52+07:00
2603,19880,6655,551,2026-10-15,3,8979,2026-09-24T13:22:42+07:00
2604,19887,6658,141,2026-12-05,3,5846,2026-11-05T09:08:58+07:00
2605,19888,6659,676,2026-07-23,2,2184,2026-07-12T21:08:24+07:00
2606,19897,6662,685,2026-11-28,4,21544,2026-10-25T19:52:44+07:00
2607,19902,6664,430,2026-10-02,4,37164,2026-08-23T22:13:42+07:00
2608,19912,6667,569,2026-07-31,4,9968,2026-06-05T09:17:27+07:00
2609,19915,6669,636,2026-07-23,10,8388,2026-07-16T06:59:24+07:00
2610,19917,6670,271,2026-10-12,4,5294,2026-09-26T18:39:40+07:00
2611,19929,6674,277,2026-05-22,3,8155,2026-04-11T00:59:10+07:00
2612,19937,6676,121,2026-11-27,3,18224,2026-11-02T21:21:13+07:00
2613,19946,6680,626,2026-11-21,4,5612,
2614,19953,6681,121,2026-03-10,1,6823,2026-03-09T12:16:53+07:00
2615,19952,6681,101,2026-04-21,1,10941,2026-04-20T17:52:31+07:00
2616,19959,6682,107,2026-11-27,2,7059,2026-10-17T12:36:59+07:00
2617,19962,6683,547,2026-06-04,8,23316,2026-05-15T22:15:26+07:00
2618,19964,6683,294,2026-06-04,9,8975,2026-05-16T14:50:09+07:00
2619,19968,6684,656,2026-09-25,3,3430,2026-09-18T10:50:21+07:00
2620,19975,6686,682,2026-09-25,4,9515,2026-08-21T18:23:32+07:00
2621,19986,6688,783,2026-12-26,5,5779,2026-12-08T13:09:14+07:00
2622,19996,6690,252,2026-08-18,2,28990,2026-08-15T18:29:44+07:00
2623,19998,6691,425,2026-07-10,4,46347,2026-06-15T17:51:43+07:00
2624,20004,6695,66,2026-12-17,1,7738,2026-12-16T12:01:39+07:00
2625,20011,6696,392,2026-11-02,11,32784,2026-10-14T00:12:46+07:00
2626,20017,6697,3,2026-11-19,1,10790,2026-11-18T21:49:36+07:00
2627,20023,6700,624,2026-09-21,12,26644,2026-08-16T00:25:33+07:00
2628,20027,6702,336,2026-06-08,4,25786,2026-05-05T15:53:37+07:00
2629,20050,6708,575,2026-12-31,1,14610,2026-12-27T20:22:28+07:00
2630,20051,6709,78,2026-08-14,4,28093,2026-07-30T22:24:37+07:00
2631,20056,6711,349,2027-01-15,3,16167,2026-11-18T17:59:59+07:00
2632,20055,6711,371,2026-12-11,5,24529,2026-11-29T20:25:56+07:00
2633,20070,6716,478,2026-10-10,3,21018,2026-10-08T23:50:26+07:00
2634,20073,6718,349,2026-10-16,4,21046,2026-09-20T23:36:38+07:00
2635,20072,6718,312,2027-01-01,3,5392,2026-11-03T22:51:16+07:00
2636,20086,6720,275,2026-09-27,1,6929,2026-09-25T10:45:28+07:00
2637,20089,6721,788,2026-05-25,10,23955,2026-04-16T15:50:30+07:00
2638,20097,6725,356,2026-03-18,2,5432,2026-01-18T11:19:05+07:00
2639,20098,6725,594,2026-02-20,4,16205,2026-01-21T02:08:54+07:00
2640,20102,6727,272,2026-09-11,3,9913,2026-07-17T12:54:12+07:00
2641,20108,6730,218,2026-04-24,4,9136,2026-04-10T01:26:34+07:00
2642,20126,6735,313,2026-04-01,5,11951,2026-03-13T20:57:07+07:00
2643,20138,6739,357,2026-10-30,3,22471,2026-10-02T20:05:31+07:00
2644,20139,6740,439,2026-09-13,3,29548,2026-07-23T17:40:47+07:00
2645,20144,6741,552,2026-09-04,2,3975,2026-07-15T14:01:15+07:00
2646,20152,6743,251,2027-01-15,4,40102,
2647,20166,6747,769,2026-09-30,4,3107,2026-09-19T18:17:42+07:00
2648,20170,6749,550,2026-12-17,6,10658,2026-12-06T21:23:25+07:00
2649,20171,6749,332,2027-01-23,7,14988,2026-12-25T19:21:39+07:00
2650,20174,6750,191,2026-08-15,1,23196,2026-08-11T19:05:04+07:00
2651,20185,6753,533,2026-09-10,7,13421,2026-08-21T22:30:43+07:00
2652,20183,6753,225,2026-10-13,6,24864,2026-09-01T19:56:27+07:00
2653,20190,6755,318,2026-10-08,4,25331,2026-08-10T02:23:21+07:00
2654,20193,6757,370,2026-12-16,1,7859,2026-12-13T20:13:13+07:00
2655,20209,6760,291,2026-11-04,2,12831,2026-11-02T01:53:46+07:00
2656,20221,6763,120,2026-12-18,3,15826,2026-10-27T09:52:53+07:00
2657,20226,6764,217,2026-08-04,6,6543,2026-07-25T12:02:27+07:00
2658,20232,6765,339,2026-10-09,12,15680,2026-09-01T19:52:48+07:00
2659,20244,6769,292,2026-04-09,5,5814,2026-02-25T00:19:28+07:00
2660,20247,6770,303,2026-08-03,9,25403,2026-07-25T11:22:37+07:00
2661,20250,6770,355,2026-08-30,7,21266,2026-08-02T17:56:57+07:00
2662,20252,6771,492,2026-10-23,4,17663,2026-09-05T19:32:26+07:00
2663,20262,6773,58,2026-08-10,1,6738,2026-08-09T19:01:46+07:00
2664,20263,6773,186,2026-10-25,1,5548,2026-10-25T10:19:18+07:00
2665,20274,6777,304,2026-06-02,2,4124,2026-05-21T21:20:13+07:00
2666,20282,6782,21,2026-07-04,1,7002,2026-07-02T08:13:19+07:00
2667,20291,6784,540,2026-11-20,3,18614,2026-10-23T20:26:56+07:00
2668,20292,6785,627,2026-07-29,2,6437,2026-06-24T16:37:37+07:00
2669,20306,6792,39,2026-04-11,4,7727,2026-03-20T14:22:37+07:00
2670,20305,6792,663,2026-04-30,9,13653,2026-04-26T12:39:36+07:00
2671,20330,6800,514,2026-09-06,6,19651,2026-08-23T19:48:06+07:00
2672,20334,6801,45,2026-12-18,1,8445,2026-12-17T09:32:16+07:00
2673,20337,6802,790,2026-01-18,3,9409,2026-01-15T23:49:53+07:00
2674,20342,6803,325,2026-05-19,2,8076,2026-05-16T19:22:15+07:00
2675,20348,6806,538,2026-10-26,9,29990,2026-10-22T22:05:08+07:00
2676,20351,6807,238,2026-10-06,5,39747,2026-08-08T10:31:14+07:00
2677,20352,6807,772,2026-09-11,3,10089,2026-08-17T21:22:00+07:00
2678,20350,6807,154,2026-11-27,4,14599,
2679,20364,6813,115,2026-10-13,9,24676,2026-09-01T22:54:04+07:00
2680,20363,6813,27,2026-10-07,6,11491,2026-09-11T23:23:18+07:00
2681,20388,6825,767,2026-04-24,4,7923,2026-04-07T17:48:33+07:00
2682,20397,6827,162,2026-12-21,1,18668,2026-12-20T14:13:29+07:00
2683,20404,6829,294,2026-12-29,9,8223,2026-12-03T22:22:43+07:00
2684,20406,6830,271,2026-10-28,7,9059,2026-09-14T14:43:44+07:00
2685,20425,6836,578,2026-09-04,3,23323,2026-07-04T13:15:27+07:00
2686,20439,6840,231,2026-12-20,8,14181,2026-11-09T11:14:34+07:00
2687,20437,6840,153,2026-12-31,6,5681,2026-12-08T19:30:50+07:00
2688,20442,6842,245,2026-12-09,1,6472,2026-12-06T19:56:55+07:00
2689,20451,6846,150,2026-11-18,5,6392,2026-10-15T07:07:44+07:00
2690,20448,6846,350,2026-12-20,10,13181,2026-12-04T09:52:43+07:00
2691,20453,6847,169,2026-07-22,7,12711,2026-06-29T13:34:10+07:00
2692,20454,6847,111,2026-08-30,3,7239,2026-08-16T01:35:05+07:00
2693,20458,6848,210,2026-09-26,5,19892,2026-08-13T17:30:35+07:00
2694,20469,6850,134,2026-11-21,5,10319,2026-10-31T08:13:51+07:00
2695,20468,6850,271,2026-12-11,5,6177,2026-11-19T21:56:34+07:00
2696,20466,6850,472,2026-12-21,11,35689,2026-12-07T16:46:22+07:00
2697,20480,6855,249,2026-09-10,6,26694,2026-09-07T17:45:35+07:00
2698,20494,6858,240,2026-08-19,11,13655,2026-07-28T23:39:02+07:00
2699,20498,6860,533,2026-04-27,11,21171,2026-04-19T19:14:57+07:00
2700,20501,6860,153,2026-06-27,3,2644,2026-05-16T22:15:03+07:00
2701,20509,6862,279,2026-04-03,1,14360,2026-04-02T00:39:12+07:00
2702,20508,6862,257,2026-05-13,1,10024,2026-05-12T23:50:23+07:00
2703,20525,6868,330,2026-06-05,9,14476,2026-05-22T10:04:10+07:00
2704,20527,6869,710,2026-06-09,7,16746,2026-06-05T11:42:18+07:00
2705,20536,6871,157,2026-06-21,5,6561,2026-06-07T00:34:17+07:00
2706,20547,6874,655,2026-10-28,1,7636,2026-10-27T01:03:11+07:00
2707,20540,6874,301,2026-11-16,2,11575,2026-11-15T09:50:32+07:00
2708,20550,6875,122,2026-09-16,1,7719,2026-09-12T10:10:40+07:00
2709,20558,6878,654,2027-01-19,12,23657,2026-12-11T23:38:02+07:00
2710,20562,6879,721,2027-01-23,4,7373,2026-12-23T10:16:21+07:00
2711,20563,6880,301,2026-10-04,3,17495,2026-10-01T20:53:27+07:00
2712,20566,6881,407,2026-10-13,10,60441,2026-09-29T08:35:31+07:00
2713,20585,6885,684,2026-12-09,4,6065,2026-10-16T18:50:40+07:00
2714,20594,6887,341,2026-12-24,5,8770,2026-11-27T01:58:32+07:00
2715,20596,6887,791,2026-12-16,12,16226,2026-12-04T12:54:54+07:00
2716,20603,6890,291,2026-03-31,1,6241,2026-03-31T12:25:45+07:00
2717,20620,6894,117,2026-09-11,4,30022,2026-07-25T22:44:28+07:00
2718,20637,6902,685,2026-10-18,2,10880,2026-10-14T19:08:45+07:00
2719,20640,6905,733,2026-09-08,8,9829,2026-08-25T20:11:19+07:00
2720,20648,6908,284,2026-05-15,4,7414,2026-05-03T18:13:47+07:00
2721,20652,6909,263,2026-09-20,12,32949,2026-09-06T19:08:15+07:00
2722,20657,6912,766,2026-10-22,6,4424,2026-10-01T07:10:40+07:00
2723,20694,6920,220,2026-07-08,3,11989,2026-07-03T22:52:34+07:00
2724,20698,6921,457,2026-09-11,1,20857,2026-09-09T11:48:10+07:00
2725,20710,6926,21,2026-09-11,2,15509,2026-07-11T20:41:07+07:00
2726,20715,6928,9,2026-10-27,3,5057,2026-10-02T21:50:26+07:00
2727,20726,6932,232,2026-05-13,5,9988,2026-04-23T23:30:49+07:00
2728,20730,6933,772,2027-01-22,4,14198,2026-12-17T16:41:37+07:00
2729,20735,6935,202,2026-12-04,2,37752,2026-12-03T09:42:57+07:00
2730,20738,6937,333,2026-07-22,1,5358,2026-07-21T01:14:43+07:00
2731,20742,6938,752,2026-03-23,9,11756,2026-03-06T13:31:57+07:00
2732,20748,6940,171,2026-08-25,10,16475,
2733,20754,6944,556,2026-08-14,4,6045,2026-07-17T09:44:48+07:00
2734,20758,6945,615,2026-07-28,10,23007,2026-06-15T13:58:39+07:00
2735,20779,6951,57,2026-09-15,10,34707,2026-08-04T10:14:12+07:00
2736,20783,6953,689,2026-03-15,1,4281,2026-03-13T07:06:29+07:00
2737,20795,6957,314,2026-10-30,4,14745,2026-10-12T08:41:59+07:00
2738,20797,6957,701,2027-01-29,2,5302,2026-12-04T17:35:52+07:00
2739,20801,6958,336,2026-10-12,2,11769,
2740,20811,6960,250,2026-12-12,2,7390,2026-11-23T23:14:00+07:00
2741,20814,6961,65,2026-10-07,2,11746,2026-10-03T08:50:04+07:00
2742,20837,6969,680,2027-01-08,5,9943,2026-12-06T20:59:21+07:00
2743,20835,6969,67,2027-01-15,3,21777,
2744,20838,6970,277,2026-12-07,5,13399,2026-11-18T00:27:01+07:00
2745,20842,6971,673,2026-03-05,1,18400,2026-03-05T12:40:57+07:00
2746,20848,6972,751,2026-12-04,4,8223,2026-10-28T19:35:19+07:00
2747,20853,6974,762,2026-12-25,2,3879,2026-11-01T18:53:18+07:00
2748,20859,6976,493,2026-03-27,2,9040,2026-03-01T16:45:39+07:00
2749,20900,6993,610,2026-06-08,5,7100,2026-05-31T23:06:40+07:00
2750,20898,6993,429,2026-07-25,12,33127,2026-06-23T14:04:55+07:00
2751,20904,6994,498,2027-01-15,3,13815,2026-11-18T09:34:11+07:00
2752,20906,6995,145,2027-01-14,3,3653,2026-12-17T09:59:04+07:00
2753,20918,6999,387,2027-01-09,5,17528,2026-12-16T17:28:32+07:00
2754,20924,7000,505,2027-01-06,3,6777,2026-12-18T10:20:48+07:00
2755,20931,7002,2,2026-07-19,8,28618,2026-07-03T19:02:04+07:00
2756,20944,7007,234,2026-12-11,3,23353,2026-11-01T14:16:55+07:00
2757,20945,7007,36,2026-12-25,3,9397,2026-11-20T13:50:28+07:00
2758,20948,7008,676,2026-09-10,12,14696,2026-09-02T13:01:50+07:00
2759,20951,7008,449,2026-10-11,7,19442,2026-09-09T11:13:35+07:00
2760,20970,7015,648,2026-11-27,3,4270,2026-11-13T01:29:50+07:00
2761,20972,7016,25,2026-03-27,3,30153,2026-01-29T14:55:28+07:00
2762,20978,7018,760,2026-08-07,3,4354,2026-07-24T22:13:30+07:00
2763,20998,7023,549,2026-06-05,2,6966,2026-05-13T15:17:24+07:00
2764,21004,7024,534,2026-07-23,1,4719,2026-07-21T13:38:56+07:00
2765,21003,7024,532,2026-09-29,2,8085,2026-09-25T18:23:46+07:00
2766,21007,7025,422,2026-10-11,8,9480,2026-09-20T08:07:09+07:00
2767,21013,7028,58,2026-12-03,1,7906,2026-12-01T21:50:20+07:00
2768,21031,7031,29,2026-10-16,2,6503,2026-10-02T15:12:17+07:00
2769,21035,7034,309,2026-09-09,3,7174,2026-08-30T09:41:17+07:00
2770,21055,7040,313,2026-12-04,3,8302,2026-11-07T20:33:07+07:00
2771,21066,7042,53,2026-11-06,3,24049,2026-09-14T10:51:47+07:00
2772,21071,7043,552,2026-07-20,12,24168,2026-07-11T17:17:36+07:00
2773,21080,7046,169,2026-07-10,2,3973,2026-05-11T23:19:59+07:00
2774,21086,7048,163,2026-12-30,11,17978,2026-12-06T00:38:42+07:00
2775,21088,7050,238,2026-08-12,2,18209,2026-08-09T00:16:17+07:00
2776,21099,7055,727,2026-09-18,4,11745,2026-09-06T23:56:20+07:00
2777,21114,7060,154,2027-01-01,3,10569,2026-12-08T15:28:56+07:00
2778,21113,7060,549,2027-01-29,3,11267,2026-12-09T23:40:59+07:00
2779,21123,7064,506,2026-08-13,2,13306,2026-08-10T18:23:09+07:00
2780,21126,7065,325,2026-09-03,1,4691,2026-08-30T05:56:19+07:00
2781,21129,7067,255,2026-06-17,5,11730,2026-05-28T11:34:26+07:00
2782,21136,7069,566,2026-09-03,1,8793,2026-09-01T16:09:16+07:00
2783,21152,7074,478,2026-11-20,4,29249,2026-09-25T23:18:16+07:00
2784,21154,7075,68,2026-06-08,3,11293,2026-05-08T16:33:15+07:00
2785,21169,7079,99,2026-05-29,3,6106,2026-05-20T08:31:34+07:00
2786,21184,7083,293,2026-06-07,2,32659,2026-06-05T17:41:20+07:00
2787,21194,7085,185,2026-10-02,4,26316,2026-08-28T18:30:45+07:00
2788,21198,7087,729,2026-11-27,3,8133,2026-10-06T19:58:49+07:00
2789,21200,7087,551,2026-11-27,4,12036,2026-10-22T09:41:53+07:00
2790,21201,7089,522,2026-07-16,2,4010,2026-06-22T14:47:47+07:00
2791,21218,7094,25,2026-11-26,5,49835,2026-11-04T00:25:30+07:00
2792,21219,7095,413,2026-11-02,9,17148,2026-10-19T18:38:30+07:00
2793,21230,7097,91,2027-01-01,3,5693,2026-11-18T08:21:30+07:00
2794,21236,7100,127,2026-11-26,10,26308,2026-11-21T17:51:08+07:00
2795,21262,7107,193,2026-10-27,8,13925,2026-09-29T17:27:42+07:00
2796,21269,7110,166,2026-05-22,2,2718,2026-03-30T10:24:27+07:00
2797,21278,7113,167,2026-06-09,1,6630,2026-06-06T16:37:44+07:00
2798,21280,7114,576,2026-09-25,11,22298,
2799,21279,7114,771,2026-12-08,8,12795,2026-11-05T10:23:33+07:00
2800,21283,7116,407,2026-07-10,8,42970,2026-06-22T13:17:09+07:00
2801,21299,7124,273,2026-12-30,4,3584,2026-11-19T22:12:10+07:00
2802,21308,7128,134,2026-09-12,2,3841,2026-07-20T21:33:10+07:00
2803,21318,7132,285,2026-12-25,3,24038,2026-11-23T00:06:06+07:00
2804,21327,7136,275,2026-08-20,1,6152,2026-08-20T01:02:13+07:00
2805,21334,7137,713,2026-07-12,5,23274,2026-07-03T23:24:00+07:00
2806,21346,7141,222,2026-07-05,11,39245,2026-06-25T19:16:17+07:00
2807,21345,7141,270,2026-08-13,12,12045,2026-07-21T23:14:38+07:00
2808,21349,7142,66,2026-10-16,3,23067,2026-09-04T15:36:05+07:00
2809,21367,7148,216,2026-05-20,2,15304,2026-05-19T12:07:54+07:00
2810,21375,7154,356,2026-07-24,7,17186,2026-06-28T19:58:34+07:00
2811,21379,7154,302,2026-09-17,7,5644,2026-08-04T15:44:18+07:00
2812,21384,7156,483,2026-10-30,2,10500,2026-09-18T22:36:55+07:00
2813,21385,7157,404,2026-05-28,4,8088,2026-04-27T12:50:50+07:00
2814,21390,7157,651,2026-08-01,8,16076,2026-07-10T11:50:42+07:00
2815,21392,7158,237,2026-08-13,6,17354,2026-08-03T22:29:27+07:00
2816,21404,7160,344,2026-09-11,4,40476,2026-07-30T20:24:10+07:00
2817,21411,7162,331,2027-01-08,4,17267,2026-11-24T12:25:20+07:00
2818,21416,7163,716,2026-08-01,11,27913,2026-07-11T22:48:15+07:00
2819,21424,7165,418,2026-07-15,1,8745,
2820,21439,7169,459,2026-06-12,3,15498,2026-05-31T23:56:49+07:00
2821,21449,7171,89,2026-11-17,9,22574,2026-10-15T15:13:31+07:00
2822,21448,7171,595,2026-12-08,11,6236,2026-11-22T11:13:30+07:00
2823,21453,7174,360,2026-08-20,2,18313,2026-07-30T08:38:25+07:00
2824,21455,7175,581,2026-11-01,3,5081,2026-09-24T00:20:41+07:00
2825,21466,7178,203,2026-12-21,3,10498,
2826,21478,7180,286,2026-10-16,4,5256,2026-09-15T20:55:27+07:00
2827,21475,7180,485,2026-11-06,3,2738,2026-09-24T08:32:26+07:00
2828,21480,7181,339,2027-01-11,12,14866,2026-12-05T18:17:28+07:00
2829,21486,7182,611,2026-08-30,2,10106,2026-08-28T17:07:45+07:00
2830,21494,7186,213,2026-06-26,5,10343,2026-04-27T02:03:15+07:00
2831,21509,7190,160,2027-01-23,5,23759,2026-12-03T06:09:21+07:00
2832,21512,7191,274,2026-07-11,2,8124,2026-07-11T02:26:08+07:00
2833,21520,7192,360,2026-12-24,2,18450,2026-12-20T14:03:22+07:00
2834,21524,7193,533,2026-08-17,3,5729,2026-08-07T05:58:31+07:00
2835,21528,7194,472,2026-10-26,11,34516,2026-10-19T10:38:25+07:00
2836,21540,7197,184,2027-01-08,3,5460,2026-11-22T23:22:19+07:00
2837,21549,7200,27,2026-07-13,3,5054,2026-06-05T22:43:23+07:00
2838,21552,7201,334,2026-12-25,3,73780,2026-12-23T14:26:46+07:00
2839,21553,7201,226,2026-12-31,3,44637,2026-12-30T19:43:31+07:00
2840,21559,7203,167,2026-09-01,2,12496,2026-09-01T13:57:58+07:00
2841,21561,7204,186,2026-06-26,1,5845,2026-06-23T00:22:26+07:00
2842,21572,7207,11,2026-08-21,3,7595,2026-07-15T13:40:48+07:00
2843,21579,7210,572,2026-04-28,2,9997,2026-04-25T08:37:35+07:00
2844,21587,7215,654,2026-12-18,3,5896,2026-11-05T12:00:02+07:00
2845,21596,7218,257,2027-02-04,2,19145,2026-12-16T09:59:24+07:00
2846,21609,7222,500,2026-05-29,2,6207,2026-05-22T20:55:25+07:00
2847,21616,7225,88,2026-11-28,9,29829,2026-11-03T23:24:22+07:00
2848,21623,7228,50,2026-12-01,7,9362,2026-11-09T10:57:24+07:00
2849,21653,7238,432,2026-04-24,2,16925,2026-03-10T23:12:26+07:00
2850,21655,7239,79,2026-07-11,1,5890,2026-07-10T01:56:31+07:00
2851,21659,7240,242,2026-01-31,1,5599,2026-01-27T18:51:16+07:00
2852,21668,7242,518,2026-05-20,2,6528,2026-05-20T13:52:47+07:00
2853,21688,7246,411,2026-05-01,4,29265,2026-04-20T13:19:44+07:00
2854,21711,7254,661,2026-05-09,7,9779,2026-04-20T14:58:19+07:00
2855,21713,7255,497,2026-05-22,3,7353,2026-05-14T12:01:08+07:00
2856,21735,7264,475,2026-12-23,4,8479,2026-11-01T17:37:14+07:00
2857,21761,7271,628,2026-07-26,12,13854,2026-06-29T20:02:46+07:00
2858,21766,7273,337,2026-12-19,12,15496,2026-12-06T01:56:05+07:00
2859,21776,7277,350,2026-10-19,3,3774,2026-09-26T04:11:01+07:00
2860,21781,7279,404,2026-10-30,8,14956,2026-09-19T13:13:22+07:00
2861,21801,7290,167,2026-06-05,4,22226,2026-05-19T01:00:49+07:00
2862,21807,7291,26,2027-01-06,9,18948,2026-12-12T14:21:01+07:00
2863,21822,7298,400,2026-09-26,2,6965,2026-09-07T21:46:42+07:00
2864,21826,7299,773,2026-09-25,3,15312,2026-09-01T13:05:11+07:00
2865,21828,7300,275,2026-11-19,3,18790,2026-09-23T19:36:54+07:00
2866,21833,7302,24,2026-04-26,1,14713,2026-04-22T20:20:33+07:00
2867,21841,7303,79,2026-10-17,1,5145,2026-10-14T10:21:43+07:00
2868,21849,7305,207,2026-07-01,8,8242,2026-06-12T21:28:54+07:00
2869,21855,7308,43,2026-10-23,3,18131,2026-10-11T16:29:32+07:00
2870,21871,7313,315,2027-01-18,12,24401,2026-12-16T17:44:04+07:00
2871,21890,7319,223,2026-12-17,2,11065,2026-12-16T19:44:24+07:00
2872,21896,7321,479,2026-12-26,1,6837,2026-12-24T01:44:10+07:00
2873,21898,7322,106,2026-09-25,3,13677,2026-08-26T09:53:05+07:00
2874,21912,7327,583,2026-12-19,7,6658,2026-11-28T15:15:14+07:00
2875,21918,7327,240,2027-01-27,11,13012,2026-12-26T21:48:05+07:00
2876,21930,7332,119,2026-10-18,9,36524,2026-09-21T12:26:32+07:00
2877,21936,7333,669,2026-09-30,3,6399,2026-08-16T14:34:24+07:00
2878,21932,7333,208,2026-11-20,4,34985,
2879,21939,7334,717,2026-10-10,3,14049,2026-09-04T15:43:54+07:00
2880,21969,7345,9,2026-09-19,10,16891,2026-09-12T16:12:18+07:00
2881,21974,7346,205,2026-12-05,6,9822,2026-11-23T12:39:12+07:00
2882,21982,7348,102,2027-01-01,3,20752,2026-11-18T22:06:41+07:00
2883,21994,7352,72,2026-10-23,2,4983,2026-08-23T23:47:01+07:00
2884,22002,7353,622,2026-12-01,3,7704,2026-11-10T17:54:39+07:00
2885,21996,7353,718,2026-11-28,11,7904,2026-11-24T14:16:13+07:00
2886,21997,7353,522,2027-01-06,12,23793,2026-12-31T16:31:55+07:00
2887,22016,7359,779,2026-07-31,3,13842,2026-06-13T10:00:43+07:00
2888,22025,7361,257,2026-11-21,4,43273,2026-10-15T16:28:17+07:00
2889,22036,7366,228,2027-01-08,4,37999,2026-12-14T21:48:40+07:00
2890,22067,7376,352,2026-10-20,10,34925,2026-09-28T17:44:37+07:00
2891,22071,7377,145,2027-01-10,2,2360,2026-12-31T13:20:54+07:00
2892,22072,7378,580,2026-09-25,6,12216,2026-08-15T14:07:30+07:00
2893,22076,7379,314,2026-06-01,9,29745,2026-04-28T09:09:18+07:00
2894,22075,7379,131,2026-05-10,3,11048,2026-05-07T12:23:50+07:00
2895,22080,7382,89,2026-10-09,2,4458,2026-08-07T15:22:25+07:00
2896,22088,7383,16,2026-10-02,2,6706,2026-09-12T18:40:45+07:00
2897,22095,7386,584,2027-02-08,4,8594,2026-12-29T00:11:24+07:00
2898,22099,7387,778,2026-05-19,5,5082,2026-04-11T12:30:22+07:00
2899,22104,7388,143,2026-08-23,2,32451,2026-08-23T09:33:35+07:00
2900,22112,7391,784,2027-03-05,4,22046,2026-12-31T13:32:42+07:00
2901,22121,7395,2,2026-10-30,11,38442,2026-10-05T13:25:45+07:00
2902,22133,7399,504,2026-10-22,11,25436,2026-09-27T16:26:59+07:00
2903,22142,7401,279,2026-10-30,1,13676,2026-10-31T00:16:43+07:00
2904,22148,7403,270,2026-07-17,6,6705,2026-06-14T22:44:36+07:00
2905,22152,7404,545,2026-07-21,6,8339,2026-06-25T09:09:51+07:00
2906,22170,7410,141,2026-10-09,2,3982,2026-09-28T01:37:17+07:00
2907,22174,7411,235,2026-03-18,1,15122,2026-03-16T01:59:39+07:00
2908,22186,7414,608,2027-01-26,11,6859,2026-12-21T22:46:43+07:00
2909,22198,7419,373,2027-01-29,4,11779,2026-12-13T17:02:02+07:00
2910,22202,7420,31,2026-09-25,2,13694,2026-09-25T01:27:30+07:00
2911,22204,7420,79,2026-11-11,1,5338,2026-11-07T22:02:55+07:00
2912,22237,7430,66,2026-06-12,4,35005,2026-04-24T06:23:28+07:00
2913,22247,7434,35,2026-03-27,3,9455,2026-03-06T10:31:26+07:00
2914,22254,7436,383,2026-12-11,2,13742,2026-12-10T22:13:14+07:00
2915,22287,7445,281,2026-12-01,7,9710,2026-11-07T21:10:59+07:00
2916,22306,7452,500,2026-07-06,9,29380,2026-06-09T18:27:00+07:00
2917,22316,7456,125,2026-12-19,7,9556,2026-11-08T00:29:30+07:00
2918,22325,7458,58,2027-01-15,3,20857,2026-12-12T22:52:51+07:00
2919,22339,7462,173,2026-11-07,3,5317,2026-11-03T19:27:19+07:00
2920,22347,7464,116,2026-08-16,1,16805,2026-08-15T18:53:15+07:00
2921,22353,7468,699,2026-11-22,3,12234,2026-11-18T17:35:50+07:00
2922,22357,7469,486,2026-07-05,4,11162,2026-05-31T21:17:55+07:00
2923,22361,7470,554,2026-06-17,3,64993,2026-06-17T23:03:37+07:00
2924,22371,7474,517,2026-10-23,4,12195,2026-09-20T23:45:37+07:00
2925,22389,7481,147,2027-01-14,3,8880,2026-12-23T20:24:13+07:00
2926,22405,7486,133,2027-02-13,2,16537,2026-12-23T23:41:21+07:00
2927,22419,7490,618,2026-05-02,4,7102,2026-03-25T01:28:16+07:00
2928,22424,7491,722,2027-01-10,12,21742,2026-12-23T11:25:02+07:00
2929,22430,7493,76,2026-11-06,5,19820,2026-09-23T12:30:56+07:00
2930,22441,7496,405,2026-10-29,1,26305,2026-10-28T03:52:43+07:00
2931,22453,7501,85,2026-07-14,6,6077,2026-06-26T17:32:54+07:00
2932,22456,7502,200,2026-12-10,4,10557,2026-11-20T22:12:46+07:00
2933,22454,7502,351,2027-01-01,5,29283,2026-11-29T09:10:45+07:00
2934,22478,7511,74,2026-05-08,2,7060,2026-04-10T12:35:34+07:00
2935,22488,7515,228,2026-10-09,5,41391,2026-08-27T23:05:35+07:00
2936,22498,7517,773,2026-12-19,2,8693,2026-11-20T23:46:05+07:00
2937,22507,7519,381,2026-04-24,3,18672,2026-03-17T17:50:22+07:00
2938,22517,7522,71,2026-10-30,12,31265,2026-09-16T21:27:16+07:00
2939,22518,7522,315,2026-10-24,12,24884,2026-09-24T16:59:48+07:00
2940,22526,7524,144,2026-06-26,2,11457,2026-05-01T15:35:05+07:00
2941,22536,7527,51,2026-10-11,3,7412,2026-10-04T18:21:57+07:00
2942,22541,7529,489,2026-08-28,5,18044,2026-06-29T13:57:37+07:00
2943,22540,7529,211,2026-07-28,3,19085,2026-07-05T17:41:49+07:00
2944,22555,7534,576,2026-05-08,9,18047,
2945,22562,7536,460,2026-11-27,3,11350,2026-11-14T12:48:35+07:00
2946,22574,7539,398,2027-01-22,2,7857,2026-12-10T17:20:20+07:00
2947,22588,7542,378,2026-05-15,11,25756,2026-04-21T00:26:47+07:00
2948,22594,7546,596,2026-12-25,3,8296,2026-11-23T11:23:52+07:00
2949,22607,7548,729,2026-08-02,4,12135,2026-07-13T13:23:43+07:00
2950,22610,7550,411,2026-09-17,1,8361,2026-09-13T07:19:06+07:00
2951,22611,7552,495,2026-10-14,3,19044,2026-09-02T15:26:28+07:00
2952,22619,7554,480,2027-01-08,3,3578,2026-12-01T00:39:29+07:00
2953,22635,7562,76,2026-07-29,7,27802,2026-07-21T03:16:07+07:00
2954,22638,7563,558,2026-12-11,2,5091,2026-10-12T14:37:02+07:00
2955,22643,7565,455,2026-12-30,4,4003,2026-12-14T17:54:25+07:00
2956,22658,7572,609,2026-10-04,2,10441,2026-09-30T20:56:21+07:00
2957,22671,7578,234,2026-08-21,2,18651,2026-07-12T00:28:35+07:00
2958,22697,7593,347,2026-08-07,3,46638,2026-08-06T01:18:32+07:00
2959,22706,7596,645,2026-05-12,3,8602,2026-04-27T17:08:20+07:00
2960,22719,7602,492,2026-11-04,3,12365,2026-09-18T13:44:17+07:00
2961,22722,7602,440,2026-11-26,4,22838,2026-10-26T19:16:11+07:00
2962,22717,7602,564,2026-12-18,2,6747,2026-11-29T09:10:43+07:00
2963,22724,7603,120,2026-04-04,5,22435,2026-03-27T15:29:59+07:00
2964,22728,7604,519,2026-03-25,8,7852,2026-02-09T15:01:01+07:00
2965,22726,7604,314,2026-05-10,6,22563,2026-04-20T11:12:41+07:00
2966,22737,7606,664,2026-11-19,6,5223,2026-11-05T18:30:36+07:00
2967,22734,7606,618,2027-01-02,10,19162,2026-12-13T23:59:21+07:00
2968,22746,7609,199,2026-08-01,5,15360,2026-06-16T16:17:41+07:00
2969,22753,7612,242,2026-08-23,1,5605,2026-08-22T16:50:49+07:00
2970,22777,7619,709,2026-11-13,3,6217,2026-10-04T20:18:04+07:00
2971,22778,7620,76,2026-12-25,3,10732,2026-12-13T13:52:22+07:00
2972,22788,7622,536,2026-08-07,4,13211,2026-06-11T02:41:21+07:00
2973,22834,7637,256,2026-11-13,4,22562,2026-10-11T09:41:30+07:00
2974,22838,7638,25,2026-07-25,5,47926,2026-07-05T14:02:56+07:00
2975,22851,7646,149,2026-09-18,2,4247,2026-08-31T18:11:30+07:00
2976,22852,7646,45,2026-12-19,5,40586,2026-10-24T18:22:24+07:00
2977,22858,7648,539,2026-06-28,5,15734,2026-05-30T19:42:17+07:00
2978,22862,7651,318,2026-08-28,1,7033,2026-08-25T21:57:59+07:00
2979,22882,7657,335,2026-11-01,8,8939,2026-10-21T01:28:34+07:00
2980,22889,7659,557,2026-09-24,3,9150,2026-08-24T18:35:07+07:00
2981,22895,7660,707,2026-06-23,1,2686,2026-06-21T19:59:57+07:00
2982,22900,7662,537,2026-05-03,5,16427,2026-04-25T22:29:52+07:00
2983,22914,7665,103,2027-01-20,2,4321,2026-12-26T21:49:26+07:00
2984,22918,7666,295,2026-10-06,2,10163,2026-10-02T11:17:54+07:00
2985,22923,7668,422,2026-07-05,5,6220,2026-06-15T23:11:38+07:00
2986,22949,7678,195,2026-12-12,12,28635,2026-11-21T09:29:09+07:00
2987,22954,7679,543,2026-09-25,2,12602,2026-08-27T00:39:32+07:00
2988,22955,7679,566,2026-10-23,3,22369,2026-09-27T10:11:17+07:00
2989,22958,7680,540,2026-11-06,4,26888,2026-10-17T11:22:45+07:00
2990,22967,7684,310,2026-11-11,8,9122,2026-10-21T20:37:13+07:00
2991,22977,7687,755,2026-11-13,2,13545,2026-10-14T21:27:04+07:00
2992,22979,7688,391,2026-09-11,4,28432,
2993,22982,7688,291,2026-12-18,3,19734,2026-11-07T06:47:41+07:00
2994,22985,7689,480,2026-06-09,4,5694,2026-04-19T12:50:19+07:00
2995,22994,7693,564,2026-09-10,1,3802,2026-09-10T23:37:05+07:00
2996,22998,7694,218,2027-01-21,6,12435,2026-12-19T13:24:16+07:00
2997,23003,7695,566,2026-09-25,3,25239,2026-09-12T20:15:04+07:00
2998,23015,7699,131,2026-08-12,2,6207,2026-07-12T10:38:35+07:00
2999,23020,7701,349,2026-03-20,3,15132,2026-03-17T15:19:28+07:00
3000,23022,7702,617,2026-07-31,5,18517,2026-06-09T14:51:44+07:00
3001,23029,7703,790,2026-07-03,3,9491,2026-06-22T00:16:55+07:00
3002,23033,7704,68,2026-10-24,4,13091,2026-09-22T19:01:29+07:00
3003,23043,7707,192,2027-01-01,4,8129,2026-11-04T18:27:37+07:00
3004,23045,7709,457,2026-12-21,2,48085,2026-12-18T23:13:08+07:00
3005,23047,7710,107,2026-11-29,8,24017,2026-11-23T17:53:24+07:00
3006,23056,7715,243,2026-04-17,5,9954,2026-02-15T18:38:04+07:00
3007,23070,7719,542,2026-08-14,3,16791,2026-07-10T17:30:44+07:00
3008,23082,7723,114,2026-07-24,2,9189,2026-07-23T17:37:51+07:00
3009,23091,7726,679,2026-07-22,6,3793,2026-07-10T08:36:00+07:00
3010,23109,7732,697,2026-09-22,1,3162,2026-09-18T02:12:48+07:00
3011,23106,7732,749,2026-09-25,1,3990,2026-09-25T00:57:45+07:00
3012,23108,7732,365,2026-11-16,2,9026,2026-11-15T00:36:27+07:00
3013,23112,7734,265,2026-11-08,1,8479,2026-11-04T23:13:46+07:00
3014,23117,7736,441,2026-06-13,2,58111,2026-06-11T01:26:33+07:00
3015,23120,7737,131,2026-12-13,3,9076,2026-11-28T01:55:18+07:00
3016,23123,7739,567,2026-09-27,1,7396,2026-09-23T17:03:44+07:00
3017,23133,7745,498,2026-07-21,1,3842,2026-07-17T14:24:20+07:00
3018,23148,7749,79,2027-01-09,4,24969,2026-12-04T13:36:49+07:00
3019,23164,7753,218,2026-12-28,9,16767,2026-12-22T21:37:08+07:00
3020,23167,7754,729,2026-03-27,9,22464,2026-03-17T07:09:54+07:00
3021,23170,7755,367,2026-09-18,2,8632,2026-09-15T07:09:51+07:00
3022,23173,7756,352,2027-01-02,10,35781,2026-11-25T00:14:46+07:00
3023,23182,7758,601,2026-11-13,3,7508,
3024,23180,7758,190,2026-12-18,2,2842,2026-11-21T08:48:04+07:00
3025,23196,7764,231,2026-08-25,7,13881,2026-07-17T09:15:28+07:00
3026,23206,7767,80,2026-11-14,2,14018,2026-11-12T09:17:30+07:00
3027,23237,7783,338,2026-11-20,4,21045,2026-11-03T21:51:39+07:00
3028,23241,7785,626,2027-01-04,9,13866,2026-12-03T01:44:55+07:00
3029,23261,7793,502,2026-11-15,3,58576,2026-11-15T02:51:19+07:00
3030,23263,7794,396,2026-12-25,3,10876,2026-11-29T17:43:13+07:00
3031,23295,7804,558,2026-11-13,11,24589,2026-10-20T20:11:08+07:00
3032,23299,7805,189,2026-08-19,2,13272,2026-08-19T21:40:08+07:00
3033,23298,7805,743,2026-09-25,2,27131,2026-09-22T13:15:48+07:00
3034,23311,7810,786,2026-12-21,3,6131,2026-10-31T13:38:11+07:00
3035,23320,7815,177,2026-09-21,7,9106,2026-09-18T00:15:28+07:00
3036,23327,7816,241,2026-06-04,3,30961,2026-06-04T16:37:10+07:00
3037,23328,7817,524,2026-10-25,3,18846,2026-10-22T16:40:08+07:00
3038,23329,7817,414,2026-12-18,1,18230,2026-12-14T09:01:21+07:00
3039,23332,7818,112,2027-01-01,3,7057,2026-12-12T14:00:25+07:00
3040,23342,7822,398,2026-05-03,6,22097,2026-04-12T22:40:29+07:00
3041,23344,7822,62,2026-05-23,4,11388,2026-04-15T11:30:18+07:00
3042,23348,7824,489,2026-10-01,1,3768,2026-09-27T14:05:54+07:00
3043,23350,7825,663,2026-05-22,9,16053,2026-04-18T06:30:10+07:00
3044,23355,7827,248,2026-11-24,2,4371,2026-10-25T10:38:17+07:00
3045,23357,7827,484,2026-12-25,4,9809,2026-11-07T20:36:17+07:00
3046,23363,7830,142,2026-07-24,3,5012,2026-06-05T16:07:08+07:00
3047,23367,7831,298,2026-05-08,2,11225,2026-04-13T15:14:09+07:00
3048,23375,7833,242,2026-09-11,3,17836,2026-09-01T10:00:48+07:00
3049,23400,7841,38,2027-01-14,9,28651,2026-12-01T00:15:39+07:00
3050,23406,7844,27,2026-08-05,4,6984,2026-07-23T19:38:09+07:00
3051,23407,7844,177,2026-10-26,9,12016,2026-09-19T15:29:26+07:00
3052,23415,7846,346,2026-11-27,3,20351,2026-10-03T10:54:54+07:00
3053,23428,7850,690,2026-10-09,12,20102,2026-09-05T23:55:25+07:00
3054,23445,7854,574,2026-10-06,1,3618,2026-10-04T21:15:39+07:00
3055,23452,7857,313,2026-02-10,7,15306,2026-01-28T20:03:05+07:00
3056,23453,7858,771,2026-12-19,6,9973,2026-11-27T21:28:43+07:00
3057,23462,7861,510,2026-11-24,4,4161,2026-11-02T22:20:36+07:00
3058,23465,7862,172,2026-10-05,3,8497,2026-08-15T23:53:29+07:00
3059,23467,7862,157,2026-11-06,3,3272,2026-09-27T13:56:55+07:00
3060,23474,7863,276,2026-10-11,8,14947,2026-09-11T02:09:46+07:00
3061,23490,7868,122,2026-08-23,3,26429,2026-07-19T14:04:05+07:00
3062,23493,7869,289,2026-09-18,4,6909,2026-09-06T14:34:07+07:00
3063,23517,7877,254,2026-10-04,11,43126,2026-09-16T13:22:46+07:00
3064,23524,7879,760,2026-10-16,12,16585,2026-09-11T03:17:52+07:00
3065,23527,7880,622,2026-12-25,2,4805,2026-10-24T01:15:44+07:00
3066,23533,7881,595,2026-11-23,3,1762,2026-10-14T01:22:23+07:00
3067,23534,7882,242,2026-12-25,3,19824,2026-12-02T12:23:21+07:00
3068,23542,7886,791,2026-09-19,4,4909,2026-08-24T13:21:36+07:00
3069,23544,7888,526,2026-09-15,11,35888,2026-09-11T16:45:00+07:00
3070,23562,7895,409,2026-11-09,12,27496,2026-10-13T15:30:41+07:00
3071,23568,7897,7,2026-11-06,2,14577,2026-09-22T10:45:37+07:00
3072,23587,7902,27,2026-11-13,4,7646,2026-10-10T00:54:35+07:00
3073,23594,7905,119,2026-10-15,3,11562,2026-08-25T21:42:01+07:00
3074,23603,7908,51,2026-07-17,2,5120,2026-06-25T18:04:10+07:00
3075,23611,7909,467,2026-08-28,3,20569,2026-08-02T11:10:56+07:00
3076,23619,7912,670,2027-01-08,3,8148,2026-12-03T02:02:03+07:00
3077,23623,7913,242,2026-11-06,3,19769,2026-10-11T12:02:14+07:00
3078,23622,7913,381,2027-01-27,3,22156,2026-12-11T12:56:56+07:00
3079,23644,7921,13,2026-08-06,2,12352,2026-08-04T23:24:17+07:00
3080,23652,7924,525,2026-06-30,3,4302,2026-06-25T23:33:17+07:00
3081,23658,7926,704,2026-10-21,1,14312,2026-10-20T14:36:30+07:00
3082,23662,7928,512,2026-04-07,1,3381,2026-04-07T19:44:35+07:00
3083,23667,7931,360,2026-12-11,1,9274,2026-12-08T12:41:40+07:00
3084,23670,7932,199,2026-11-21,12,35853,2026-10-29T18:48:56+07:00
3085,23687,7936,496,2026-07-21,7,8943,
3086,23704,7940,580,2026-12-25,2,4133,2026-12-08T18:03:49+07:00
3087,23711,7943,641,2026-11-13,3,7330,2026-09-19T00:40:38+07:00
3088,23720,7945,612,2026-11-17,1,2886,2026-11-14T02:00:56+07:00
3089,23730,7948,306,2027-01-27,5,15412,2026-12-26T06:28:02+07:00
3090,23747,7953,51,2026-06-19,4,9516,2026-04-26T16:48:12+07:00
3091,23749,7954,170,2026-12-17,2,39150,2026-12-17T12:23:34+07:00
3092,23765,7961,89,2026-07-16,7,18962,2026-06-12T08:08:24+07:00
3093,23776,7964,425,2026-05-23,2,26212,2026-05-21T22:40:56+07:00
3094,23796,7970,716,2026-12-30,5,12613,2026-11-29T11:39:09+07:00
3095,23800,7970,232,2027-01-25,10,21837,2026-12-21T20:33:28+07:00
3096,23809,7972,490,2026-12-02,1,7821,2026-11-29T11:06:20+07:00
3097,23808,7972,600,2026-12-22,1,5739,2026-12-20T22:39:54+07:00
3098,23812,7974,439,2026-08-13,1,9119,2026-08-11T20:25:05+07:00
3099,23815,7975,797,2026-11-12,5,4976,2026-10-16T23:39:54+07:00
3100,23820,7976,215,2026-07-17,3,21055,
3101,23823,7977,299,2026-09-04,5,21058,2026-07-21T12:13:17+07:00
3102,23822,7977,372,2026-09-25,2,5384,2026-07-31T22:20:02+07:00
3103,23821,7977,672,2026-09-25,5,29043,2026-09-09T10:35:14+07:00
3104,23826,7980,139,2026-07-23,1,4994,2026-07-23T19:58:31+07:00
3105,23832,7982,17,2026-05-25,1,4667,2026-05-21T21:04:55+07:00
3106,23839,7983,242,2026-09-18,2,12413,2026-08-30T01:48:43+07:00
3107,23855,7988,309,2026-10-28,5,13123,2026-09-19T12:30:12+07:00
3108,23856,7988,28,2026-12-18,12,10964,2026-11-04T23:22:29+07:00
3109,23858,7989,1,2027-01-15,3,14818,2026-11-28T07:59:10+07:00
3110,23878,7995,553,2026-06-04,2,3385,2026-05-22T12:13:27+07:00
3111,23881,7996,734,2026-11-03,6,18112,2026-09-21T20:57:53+07:00
3112,23884,7997,472,2026-09-20,12,31609,2026-08-11T00:06:09+07:00
3113,23885,7998,171,2026-12-23,11,15469,2026-12-03T20:22:51+07:00
3114,23892,7999,251,2026-11-13,4,40572,2026-10-10T18:06:04+07:00
3115,23893,8000,416,2026-10-08,10,26262,2026-08-30T15:40:46+07:00
3116,23898,8001,55,2026-12-30,2,10103,2026-12-29T22:52:53+07:00
3117,23907,8003,51,2026-06-26,4,9837,2026-05-26T19:19:48+07:00
3118,23906,8003,295,2026-07-03,3,17124,2026-06-04T20:05:13+07:00
3119,23912,8004,158,2026-06-26,1,3566,2026-06-23T20:58:12+07:00
3120,23914,8005,790,2026-11-13,4,13130,2026-10-26T09:26:09+07:00
3121,23920,8007,370,2026-05-26,1,9351,2026-05-23T10:23:43+07:00
3122,23926,8008,359,2027-01-22,4,9009,2026-12-16T08:22:25+07:00
3123,23927,8009,111,2026-11-15,8,21302,2026-10-19T23:15:40+07:00
3124,23940,8012,337,2026-08-27,12,14423,2026-08-17T19:53:35+07:00
3125,23947,8015,651,2026-07-29,7,14183,2026-07-17T21:51:49+07:00
3126,23951,8017,172,2026-11-06,3,8092,2026-10-26T19:38:14+07:00
3127,23958,8019,351,2026-12-01,3,19806,2026-10-05T16:14:32+07:00
3128,23972,8024,240,2026-09-26,4,5097,2026-09-23T20:46:39+07:00
3129,23977,8025,1,2027-02-03,3,16719,2026-12-14T23:42:40+07:00
3130,23983,8027,208,2026-12-29,1,7414,2026-12-27T04:58:29+07:00
3131,24001,8033,540,2026-08-28,3,17892,
3132,24010,8036,285,2026-11-27,3,23486,2026-10-20T01:55:14+07:00
3133,24021,8040,297,2026-07-09,3,34372,2026-07-09T11:35:36+07:00
3134,24019,8040,353,2026-09-09,1,9239,2026-09-06T19:12:52+07:00
3135,24026,8042,42,2026-10-02,1,4161,2026-09-28T09:37:39+07:00
3136,24029,8043,50,2026-10-14,5,6724,2026-09-16T10:56:32+07:00
3137,24038,8045,251,2026-08-07,3,28342,2026-07-12T09:10:15+07:00
3138,24045,8047,791,2026-04-24,3,3951,
3139,24056,8053,139,2026-06-04,1,4698,2026-06-01T19:27:38+07:00
3140,24065,8056,452,2026-11-03,1,20460,2026-10-30T20:21:38+07:00
3141,24083,8062,792,2026-06-14,7,15840,2026-06-02T19:29:37+07:00
3142,24087,8064,488,2026-10-16,3,8585,2026-09-27T08:31:05+07:00
3143,24089,8065,232,2027-01-23,2,4558,2026-12-16T15:23:55+07:00
3144,24096,8066,280,2026-10-23,1,20990,2026-10-20T12:31:09+07:00
3145,24099,8067,123,2026-11-29,9,13434,
3146,24104,8068,196,2026-12-29,10,30748,2026-12-21T23:20:14+07:00
3147,24116,8071,206,2026-11-28,4,12334,2026-11-04T22:12:29+07:00
3148,24121,8072,187,2026-10-30,3,7707,2026-09-26T17:06:38+07:00
3149,24122,8072,256,2026-10-30,2,11513,2026-09-30T14:36:07+07:00
3150,24129,8073,376,2026-08-12,8,11012,2026-07-03T16:44:36+07:00
3151,24132,8075,675,2026-10-18,3,14499,2026-10-15T01:20:15+07:00
3152,24130,8075,130,2026-11-16,2,11941,2026-11-13T19:26:24+07:00
3153,24159,8085,178,2026-10-12,2,41726,2026-10-08T07:29:43+07:00
3154,24170,8088,436,2026-09-25,3,15442,2026-07-29T10:51:16+07:00
3155,24198,8097,496,2027-01-29,3,4359,2026-12-11T18:25:09+07:00
3156,24213,8104,285,2026-11-13,3,23222,2026-09-14T14:48:13+07:00
3157,24214,8104,66,2026-12-10,3,23802,2026-11-01T19:52:47+07:00
3158,24230,8111,153,2026-12-18,8,6378,2026-12-01T07:53:12+07:00
3159,24232,8111,317,2027-01-27,12,43221,2026-12-30T12:18:54+07:00
3160,24240,8114,254,2027-01-15,2,7426,2026-11-15T21:35:56+07:00
3161,24249,8116,365,2027-01-10,5,22718,2026-11-25T15:07:09+07:00
3162,24260,8119,398,2026-11-04,10,38015,2026-10-07T00:31:02+07:00
3163,24269,8123,593,2026-09-09,9,29699,2026-08-10T10:22:44+07:00
3164,24272,8125,169,2026-11-14,3,5681,2026-09-28T13:40:41+07:00
3165,24276,8126,572,2026-05-27,1,6003,2026-05-26T16:37:10+07:00
3166,24279,8126,629,2026-06-28,2,8812,2026-06-26T18:43:26+07:00
3167,24291,8130,673,2026-07-17,2,35399,2026-07-14T00:05:48+07:00
3168,24297,8132,24,2026-10-27,1,16261,2026-10-23T18:45:03+07:00
3169,24309,8136,530,2027-01-26,5,13739,2026-12-25T20:39:51+07:00
3170,24317,8138,629,2026-08-20,4,16400,2026-07-11T15:32:24+07:00
3171,24327,8141,593,2027-01-19,9,26638,2026-12-27T21:16:03+07:00
3172,24334,8144,179,2026-10-21,3,40117,2026-10-21T10:08:35+07:00
3173,24340,8146,520,2026-07-08,3,10382,2026-07-08T16:48:33+07:00
3174,24346,8148,359,2026-09-05,5,11314,2026-08-25T15:15:15+07:00
3175,24348,8149,347,2026-07-14,1,16441,2026-07-10T23:17:01+07:00
3176,24353,8150,378,2026-07-10,2,3873,2026-07-01T10:25:13+07:00
3177,24356,8151,484,2026-12-18,4,10326,2026-10-29T20:55:13+07:00
3178,24395,8160,565,2026-10-16,3,17427,2026-09-07T14:29:05+07:00
3179,24418,8166,108,2026-05-15,3,9899,2026-04-19T09:06:37+07:00
3180,24420,8167,220,2026-10-19,10,45082,2026-09-25T01:34:47+07:00
3181,24427,8169,436,2027-02-19,3,16221,2026-12-27T13:34:03+07:00
3182,24432,8173,490,2026-11-20,2,12618,2026-10-16T00:22:52+07:00
3183,24443,8178,456,2026-11-18,6,8616,2026-10-17T23:36:02+07:00
3184,24468,8187,523,2026-08-28,2,4605,2026-08-11T00:55:01+07:00
3185,24488,8190,596,2026-11-07,11,27206,2026-11-04T13:31:45+07:00
3186,24492,8191,153,2026-03-08,9,7543,2026-02-20T13:39:23+07:00
3187,24497,8192,479,2026-06-30,1,5858,2026-06-28T09:11:21+07:00
3188,24511,8196,88,2026-12-24,11,41780,2026-11-30T08:47:05+07:00
3189,24530,8201,548,2026-12-07,9,13810,2026-10-26T08:48:16+07:00
3190,24533,8202,523,2026-11-08,11,22937,2026-10-02T23:29:15+07:00
3191,24532,8202,259,2026-12-23,11,24847,2026-11-22T18:15:18+07:00
3192,24534,8202,537,2026-12-25,8,23357,2026-12-14T16:49:43+07:00
3193,24537,8204,275,2026-07-13,4,25219,2026-05-16T16:23:42+07:00
3194,24547,8206,189,2026-05-08,4,27347,2026-04-15T19:57:51+07:00
3195,24548,8206,784,2026-07-31,3,16134,2026-06-15T00:14:31+07:00
3196,24550,8207,142,2027-01-02,3,3973,2026-11-29T16:00:20+07:00
3197,24566,8213,740,2026-09-26,5,8937,2026-09-16T14:09:04+07:00
3198,24590,8218,193,2026-06-17,3,4820,2026-05-25T12:52:01+07:00
3199,24607,8220,729,2026-09-27,7,18843,2026-09-01T14:56:10+07:00
3200,24614,8222,105,2026-09-15,3,12255,2026-09-12T07:59:56+07:00
3201,24626,8224,529,2026-10-09,2,6622,2026-08-31T14:14:40+07:00
3202,24632,8226,231,2027-01-26,8,14088,2026-12-24T23:47:21+07:00
3203,24641,8229,394,2026-08-21,2,27830,2026-07-01T12:55:18+07:00
3204,24643,8231,763,2026-03-11,11,8531,2026-03-06T01:20:37+07:00
3205,24644,8231,266,2026-05-29,6,15855,2026-05-07T15:10:45+07:00
3206,24646,8232,229,2026-10-30,2,19094,2026-09-18T14:42:49+07:00
3207,24649,8233,20,2026-12-18,2,9473,2026-11-03T22:34:28+07:00
3208,24650,8233,754,2027-01-29,4,10608,
3209,24668,8238,771,2026-07-24,8,11469,2026-07-03T13:40:41+07:00
3210,24669,8239,444,2027-01-02,11,40695,2026-12-11T00:22:12+07:00
3211,24686,8244,588,2026-09-15,12,31831,2026-08-12T07:30:37+07:00
3212,24693,8246,766,2026-06-21,4,2813,2026-05-19T06:37:38+07:00
3213,24702,8251,287,2026-11-15,6,8484,
3214,24713,8255,286,2027-02-05,3,3754,2026-12-15T15:53:01+07:00
3215,24719,8257,621,2026-07-31,2,8892,2026-07-11T13:48:57+07:00
3216,24731,8260,385,2026-06-14,12,23089,2026-06-06T23:18:22+07:00
3217,24754,8270,362,2026-08-26,4,6114,2026-07-29T00:46:14+07:00
3218,24759,8271,117,2026-06-12,5,31373,2026-06-03T22:53:57+07:00
3219,24767,8273,675,2026-11-16,2,9378,2026-11-13T20:53:27+07:00
3220,24768,8273,498,2026-12-03,2,7585,2026-11-29T15:50:18+07:00
3221,24781,8276,612,2026-10-10,1,2769,2026-10-09T11:37:14+07:00
3222,24786,8279,3,2026-03-18,3,38254,2026-03-19T00:03:46+07:00
3223,24799,8285,740,2026-12-03,3,5216,2026-11-20T12:46:34+07:00
3224,24811,8289,69,2026-03-28,10,15119,2026-03-23T01:12:25+07:00
3225,24819,8291,566,2026-09-04,3,21871,
3226,24826,8295,722,2027-01-22,3,5006,2026-12-06T07:28:27+07:00
3227,24838,8299,219,2026-07-10,1,25264,2026-07-10T16:40:15+07:00
3228,24844,8301,10,2026-11-13,3,5736,2026-09-24T22:15:30+07:00
3229,24859,8306,639,2026-10-05,4,19487,2026-08-27T04:29:36+07:00
3230,24862,8308,512,2026-12-18,3,9077,2026-11-30T21:26:24+07:00
3231,24866,8309,159,2026-05-22,5,20802,2026-04-11T12:47:14+07:00
3232,24871,8310,7,2026-05-22,2,14803,2026-04-04T20:04:03+07:00
3233,24876,8312,612,2026-08-29,4,11345,2026-08-14T12:37:37+07:00
3234,24875,8312,16,2026-11-21,2,5506,2026-10-12T17:21:31+07:00
3235,24880,8314,614,2026-04-15,1,9954,2026-04-11T15:30:11+07:00
3236,24885,8316,356,2026-12-09,10,25403,2026-10-30T12:44:09+07:00
3237,24890,8319,562,2026-04-04,10,16074,2026-03-01T14:36:31+07:00
3238,24892,8319,115,2026-06-15,10,27665,2026-05-22T04:13:24+07:00
3239,24903,8324,514,2026-12-11,3,9952,2026-11-11T11:51:19+07:00
3240,24913,8327,299,2026-10-17,1,4571,2026-10-15T15:38:15+07:00
3241,24936,8336,507,2026-09-16,11,16340,2026-08-22T23:02:05+07:00
3242,24952,8345,46,2026-10-23,3,25964,2026-10-06T14:28:37+07:00
3243,24957,8346,481,2026-05-29,2,4918,
3244,24976,8353,624,2026-08-29,12,27261,2026-08-18T00:55:22+07:00
3245,24984,8355,782,2026-10-23,3,22852,2026-10-20T13:19:17+07:00
3246,24983,8355,245,2026-10-25,2,12182,2026-10-22T11:25:06+07:00
3247,24985,8355,55,2026-11-07,1,5102,2026-11-07T12:39:04+07:00
3248,24982,8355,637,2026-12-17,1,5998,2026-12-17T19:46:06+07:00
3249,25025,8373,618,2026-11-05,11,17282,2026-10-12T10:09:23+07:00
3250,25026,8373,788,2027-01-08,6,13620,2026-11-27T14:46:14+07:00
3251,25032,8375,336,2026-12-11,1,6080,2026-12-07T15:40:29+07:00
3252,25035,8377,709,2026-11-09,3,6133,2026-10-25T18:00:16+07:00
3253,25044,8380,162,2026-07-22,1,20661,2026-07-18T06:39:29+07:00
3254,25053,8382,416,2026-12-03,10,29896,2026-10-26T19:49:44+07:00
3255,25061,8384,407,2026-11-02,3,15995,2026-09-11T22:26:38+07:00
3256,25067,8385,454,2026-05-26,8,16796,2026-04-27T23:29:34+07:00
3257,25074,8388,756,2026-10-16,4,9021,2026-08-29T10:54:15+07:00
3258,25085,8391,118,2026-04-10,2,11639,2026-04-11T00:08:53+07:00
3259,25092,8393,133,2026-11-27,3,23888,2026-09-26T22:48:45+07:00
3260,25107,8399,374,2026-12-11,3,6143,2026-11-13T10:37:29+07:00
3261,25109,8400,381,2026-11-19,1,6452,2026-11-18T21:57:07+07:00
3262,25120,8404,213,2026-10-09,4,8703,2026-08-18T23:04:50+07:00
3263,25123,8406,288,2027-01-06,4,7173,2026-11-09T07:51:23+07:00
3264,25130,8408,378,2027-02-05,2,3834,2026-12-10T10:03:22+07:00
3265,25133,8409,619,2026-08-07,10,12879,2026-07-21T21:04:38+07:00
3266,25157,8415,378,2026-10-16,4,8161,2026-10-07T23:18:50+07:00
3267,25171,8420,11,2026-11-22,4,9980,2026-10-22T21:47:36+07:00
3268,25188,8425,478,2027-01-30,4,30388,2026-12-15T13:16:53+07:00
3269,25191,8426,233,2026-09-16,1,22650,2026-09-15T09:50:07+07:00
3270,25199,8428,121,2026-10-26,2,11046,2026-10-22T13:44:18+07:00
3271,25202,8429,323,2026-09-18,2,5890,2026-08-13T14:51:28+07:00
3272,25207,8431,348,2026-07-31,3,11815,2026-07-14T10:50:29+07:00
3273,25230,8438,107,2026-02-27,6,18323,2026-01-30T05:54:21+07:00
3274,25234,8438,172,2026-05-20,7,20676,2026-04-14T08:56:54+07:00
3275,25242,8440,168,2026-10-25,2,6583,2026-10-24T12:40:07+07:00
3276,25247,8443,203,2026-10-16,2,8449,2026-08-19T18:26:54+07:00
3277,25250,8444,141,2026-12-10,12,20721,2026-11-19T18:15:01+07:00
3278,25253,8446,571,2026-11-13,2,3015,2026-09-16T17:57:31+07:00
3279,25259,8448,798,2026-09-29,12,25000,2026-08-24T17:14:54+07:00
3280,25266,8450,491,2026-08-07,4,17342,2026-06-23T03:11:29+07:00
3281,25272,8451,37,2026-07-22,12,12943,2026-07-13T12:13:35+07:00
3282,25279,8453,215,2026-09-11,3,22863,2026-08-24T10:36:52+07:00
3283,25285,8455,272,2026-10-09,3,9354,2026-08-11T09:23:55+07:00
3284,25295,8457,461,2026-07-24,3,12703,2026-06-12T01:37:43+07:00
3285,25328,8468,773,2026-10-02,2,9275,2026-09-19T07:21:29+07:00
3286,25331,8469,539,2026-10-26,9,33166,2026-09-25T19:17:10+07:00
3287,25334,8470,98,2026-06-05,7,9300,2026-05-17T18:26:19+07:00
3288,25343,8474,353,2027-01-04,1,9997,2026-12-31T15:08:07+07:00
3289,25372,8481,239,2026-05-27,11,15530,2026-04-29T13:19:14+07:00
3290,25374,8483,762,2026-12-17,7,16390,2026-12-13T09:35:21+07:00
3291,25384,8487,612,2026-10-01,2,6160,2026-09-23T11:35:21+07:00
3292,25386,8489,242,2026-09-26,3,18857,2026-09-10T02:59:01+07:00
3293,25393,8491,287,2026-07-28,8,12399,2026-06-14T13:41:40+07:00
3294,25392,8491,701,2026-10-15,9,21477,2026-09-03T22:49:51+07:00
3295,25400,8492,707,2026-11-21,1,2911,2026-11-18T18:08:29+07:00
3296,25406,8495,356,2027-01-06,2,5767,2026-11-26T21:44:33+07:00
3297,25428,8503,362,2026-10-10,9,13720,2026-10-05T16:17:03+07:00
3298,25444,8507,95,2027-01-02,7,18997,2026-11-27T16:02:17+07:00
3299,25448,8507,322,2027-02-02,3,8252,
3300,25453,8508,500,2026-05-15,3,9758,2026-04-09T18:05:41+07:00
3301,25460,8509,350,2026-09-20,4,5023,2026-08-12T09:59:14+07:00
3302,25475,8514,310,2026-10-09,12,13905,2026-09-26T17:51:28+07:00
3303,25477,8515,216,2026-07-21,1,7614,2026-07-18T18:01:11+07:00
3304,25481,8516,789,2026-12-12,2,8720,2026-12-10T23:27:03+07:00
3305,25488,8519,61,2026-11-19,1,4476,2026-11-15T19:07:11+07:00
3306,25497,8522,124,2026-11-21,10,23168,2026-10-11T00:14:08+07:00
3307,25507,8530,199,2026-10-03,3,10459,2026-09-23T05:42:56+07:00
3308,25516,8534,634,2027-01-06,9,14806,2026-11-23T18:01:45+07:00
3309,25517,8534,404,2027-01-08,5,9202,2026-11-28T09:13:04+07:00
3310,25519,8535,25,2026-09-08,1,9660,2026-09-05T21:16:20+07:00
3311,25550,8545,71,2026-10-23,4,9833,2026-09-10T08:34:09+07:00
3312,25549,8545,105,2026-10-30,3,13878,2026-10-02T23:59:37+07:00
3313,25557,8546,675,2026-04-21,4,16818,2026-03-18T17:19:48+07:00
3314,25558,8547,752,2026-10-10,2,2519,
3315,25559,8547,504,2026-11-06,4,9444,2026-10-27T01:15:24+07:00
3316,25563,8550,656,2026-10-03,3,3449,2026-09-01T18:38:22+07:00
3317,25567,8551,48,2026-05-15,3,6335,2026-04-02T16:37:20+07:00
3318,25582,8555,597,2026-09-11,4,20920,2026-08-17T20:30:20+07:00
3319,25594,8558,690,2026-11-27,4,7059,2026-10-13T11:48:43+07:00
3320,25607,8563,116,2026-09-20,1,14458,2026-09-16T00:49:44+07:00
3321,25612,8565,283,2026-08-07,3,9772,
3322,25613,8565,398,2026-09-11,5,21258,2026-07-30T01:15:57+07:00
3323,25623,8567,405,2026-09-20,1,26169,2026-09-17T19:38:34+07:00
3324,25625,8568,75,2027-01-23,4,7086,2026-12-24T00:08:52+07:00
3325,25628,8569,553,2026-11-21,5,8282,
3326,25645,8576,302,2026-05-13,4,3561,2026-04-20T22:18:43+07:00
3327,25643,8576,161,2026-06-23,10,9093,2026-05-19T15:12:09+07:00
3328,25647,8578,364,2026-12-08,7,10539,2026-12-01T17:01:26+07:00
3329,25659,8580,659,2026-09-26,2,10344,2026-09-16T09:34:47+07:00
3330,25672,8585,72,2026-08-09,7,19487,2026-07-16T23:29:11+07:00
3331,25675,8586,112,2027-01-01,2,5218,2026-11-27T00:41:58+07:00
3332,25674,8586,504,2027-01-01,4,9808,2026-12-10T21:08:06+07:00
3333,25685,8589,516,2026-12-11,4,12722,2026-12-02T16:28:25+07:00
3334,25714,8601,229,2026-10-02,3,28744,2026-09-09T21:48:46+07:00
3335,25717,8601,88,2026-12-04,3,11550,2026-11-18T13:03:46+07:00
3336,25726,8604,781,2026-03-06,2,2689,2026-02-05T20:48:10+07:00
3337,25734,8606,664,2026-04-13,3,2901,2026-04-07T18:18:47+07:00
3338,25756,8615,652,2026-02-23,1,17223,2026-02-23T10:31:57+07:00
3339,25767,8619,701,2026-10-16,3,7924,2026-09-26T09:07:16+07:00
3340,25776,8621,114,2026-12-04,5,23744,2026-11-20T21:08:20+07:00
3341,25780,8622,771,2027-02-05,4,5831,2026-12-07T13:03:55+07:00
3342,25786,8623,49,2026-07-01,1,6382,2026-07-01T07:28:27+07:00
3343,25788,8624,45,2027-01-09,5,48913,2026-11-27T08:23:21+07:00
3344,25790,8625,792,2026-12-04,2,3864,2026-11-12T09:02:14+07:00
3345,25795,8629,247,2026-08-08,2,18633,2026-07-21T12:27:52+07:00
3346,25806,8633,259,2026-09-15,6,11707,2026-08-15T11:57:36+07:00
3347,25809,8635,345,2026-11-26,2,21445,2026-11-17T15:03:14+07:00
3348,25814,8637,524,2027-01-01,4,21075,2026-11-23T20:04:35+07:00
3349,25818,8640,115,2026-05-31,8,25007,2026-04-23T21:28:43+07:00
3350,25821,8640,536,2026-06-22,11,30970,2026-06-05T10:05:43+07:00
3351,25822,8641,300,2026-10-30,3,17846,2026-09-03T11:18:56+07:00
3352,25832,8644,140,2026-12-12,12,20051,2026-12-05T10:30:53+07:00
3353,25838,8647,135,2026-11-17,2,7142,2026-11-14T14:04:32+07:00
3354,25839,8647,541,2026-12-24,3,28192,2026-12-21T12:33:45+07:00
3355,25856,8652,129,2026-06-10,12,15462,2026-05-01T11:22:42+07:00
3356,25865,8658,560,2026-12-24,3,7158,2026-12-20T13:52:03+07:00
3357,25876,8662,335,2027-01-03,9,10533,2026-12-13T18:22:09+07:00
3358,25888,8666,512,2026-06-21,2,6918,2026-06-18T18:27:38+07:00
3359,25897,8669,274,2026-06-20,4,14106,2026-05-25T00:30:09+07:00
3360,25896,8669,263,2026-07-31,2,5255,2026-06-18T16:49:12+07:00
3361,25912,8675,609,2026-07-17,2,9947,2026-06-01T10:13:18+07:00
3362,25929,8682,536,2026-10-23,3,9872,2026-09-22T03:23:49+07:00
3363,25936,8684,629,2026-07-13,3,15570,2026-06-28T14:42:57+07:00
3364,25947,8687,279,2026-10-19,1,16035,2026-10-18T15:49:55+07:00
3365,25959,8692,508,2026-07-29,4,12232,2026-07-02T12:32:42+07:00
3366,25971,8696,251,2026-10-07,2,18796,2026-10-06T00:15:25+07:00
3367,25977,8698,200,2026-06-05,3,7887,2026-04-03T18:31:06+07:00
3368,26001,8705,697,2026-09-05,1,3038,2026-09-02T16:37:48+07:00
3369,26017,8709,195,2026-11-21,7,14661,2026-11-02T16:27:00+07:00
3370,26026,8712,751,2026-12-06,3,6321,2026-11-13T19:25:40+07:00
3371,26027,8713,119,2026-11-07,4,16218,2026-09-24T15:30:02+07:00
3372,26034,8715,229,2026-03-07,3,26065,2026-02-18T11:08:23+07:00
3373,26037,8716,223,2026-06-12,3,17568,2026-05-01T21:40:56+07:00
3374,26054,8721,255,2026-11-24,4,9486,2026-10-24T00:49:22+07:00
3375,26064,8723,97,2026-11-24,10,23503,2026-10-21T19:05:35+07:00
3376,26065,8723,622,2026-12-12,12,30100,2026-11-06T00:32:46+07:00
3377,26073,8726,299,2026-07-03,2,8874,2026-07-01T12:16:47+07:00
3378,26078,8727,200,2026-12-06,10,23103,2026-11-12T18:32:36+07:00
3379,26092,8732,221,2026-08-07,4,10035,2026-07-12T11:33:24+07:00
3380,26110,8739,540,2026-11-02,1,6006,2026-11-02T17:31:05+07:00
3381,26135,8748,542,2027-01-01,3,13789,2026-12-21T21:54:44+07:00
3382,26145,8751,332,2026-11-13,4,8292,2026-09-30T01:34:52+07:00
3383,26154,8755,746,2026-08-01,4,7678,2026-06-05T00:21:28+07:00
3384,26168,8760,456,2026-10-10,3,5149,2026-08-15T12:27:46+07:00
3385,26174,8761,247,2026-12-11,5,40840,2026-12-02T18:04:30+07:00
3386,26181,8763,355,2026-09-22,2,6087,2026-08-16T19:49:12+07:00
3387,26189,8765,606,2026-12-25,1,4060,2026-12-23T23:47:15+07:00
3388,26194,8766,785,2026-10-07,2,31637,2026-10-06T18:37:08+07:00
3389,26201,8770,413,2026-10-31,6,10877,2026-10-01T08:17:48+07:00
3390,26208,8771,489,2026-11-04,2,8016,2026-10-23T11:41:15+07:00
3391,26205,8771,637,2026-11-18,4,22176,2026-10-29T00:39:22+07:00
3392,26212,8772,91,2026-02-05,4,6948,2026-01-19T04:54:00+07:00
3393,26224,8776,611,2026-03-08,1,5021,2026-03-08T00:48:05+07:00
3394,26227,8778,612,2026-11-25,1,2960,2026-11-23T22:32:20+07:00
3395,26242,8783,749,2026-06-19,3,10082,2026-06-18T13:43:04+07:00
3396,26247,8784,399,2026-11-06,4,24883,2026-09-13T09:22:04+07:00
3397,26246,8784,596,2027-01-02,4,9534,2026-11-17T21:35:36+07:00
3398,26253,8785,482,2026-09-29,11,28980,2026-09-22T22:31:24+07:00
3399,26251,8785,499,2026-10-22,3,6632,2026-10-19T11:48:12+07:00
3400,26262,8789,283,2027-01-16,5,14855,2026-12-09T22:46:35+07:00
3401,26261,8789,627,2027-01-22,4,12215,2026-12-23T19:07:29+07:00
3402,26273,8793,229,2026-09-29,1,8428,2026-09-25T20:06:14+07:00
3403,26293,8800,592,2026-12-15,11,31818,2026-11-03T01:49:56+07:00
3404,26295,8801,40,2026-09-06,2,18114,2026-09-02T17:14:03+07:00
3405,26307,8805,638,2026-08-21,2,7640,2026-07-11T09:23:28+07:00
3406,26305,8805,82,2026-10-10,2,3208,2026-08-26T10:36:30+07:00
3407,26309,8806,295,2026-08-20,1,5246,2026-08-20T14:10:19+07:00
3408,26317,8809,477,2026-08-31,4,6675,2026-08-06T22:15:59+07:00
3409,26332,8817,93,2026-08-24,8,27436,2026-08-05T19:52:12+07:00
3410,26334,8818,479,2026-12-18,3,16704,2026-11-01T07:13:45+07:00
3411,26337,8819,240,2026-10-28,6,7119,2026-09-26T13:33:54+07:00
3412,26348,8821,213,2026-04-20,5,10434,
3413,26353,8822,230,2027-01-26,4,5942,2026-12-18T21:34:57+07:00
3414,26365,8826,348,2026-06-13,11,40516,2026-05-27T20:29:23+07:00
3415,26380,8831,345,2027-01-16,3,28742,2026-12-10T10:47:33+07:00
3416,26385,8833,214,2027-02-10,3,25144,2026-12-31T16:47:24+07:00
3417,26409,8842,638,2027-02-01,3,10753,2026-12-07T01:28:49+07:00
3418,26408,8842,700,2027-01-09,4,6926,2026-12-17T12:15:34+07:00
3419,26419,8843,10,2026-11-06,3,6118,2026-10-27T20:58:00+07:00
3420,26420,8844,547,2027-01-07,11,39478,2026-12-07T01:04:59+07:00
3421,26421,8844,555,2027-01-18,7,8935,2026-12-12T11:41:33+07:00
3422,26427,8846,497,2026-12-27,9,21400,2026-11-16T21:01:39+07:00
3423,26436,8849,146,2026-05-08,3,4921,
3424,26438,8849,345,2026-06-27,3,33818,2026-05-03T06:28:46+07:00
3425,26440,8850,47,2027-01-07,12,34462,2026-11-29T17:29:03+07:00
3426,26457,8855,208,2026-10-30,3,21610,2026-09-16T14:38:45+07:00
3427,26460,8855,661,2026-12-09,2,2923,2026-11-03T13:29:00+07:00
3428,26468,8858,666,2027-01-01,3,8775,2026-12-15T22:33:53+07:00
3429,26485,8865,695,2026-08-31,1,18127,2026-08-27T17:47:09+07:00
3430,26492,8869,446,2026-12-14,3,23825,2026-12-13T17:09:35+07:00
3431,26513,8875,792,2026-02-27,12,26877,2026-01-20T13:01:57+07:00
3432,26533,8882,374,2026-05-08,2,4280,2026-04-28T22:31:34+07:00
3433,26532,8882,244,2026-08-21,3,12390,
3434,26537,8883,220,2027-01-18,5,20936,2026-12-20T19:01:45+07:00
3435,26540,8884,694,2026-05-15,4,10176,2026-05-01T17:52:18+07:00
3436,26542,8884,319,2026-08-07,3,6199,2026-06-09T14:26:10+07:00
3437,26546,8886,705,2027-01-07,4,9185,2026-11-29T13:23:24+07:00
3438,26562,8891,203,2026-10-28,10,40933,2026-10-03T15:25:02+07:00
3439,26560,8891,93,2026-11-29,3,10379,2026-10-20T09:38:57+07:00
3440,26573,8895,56,2026-08-31,2,10074,2026-08-27T18:13:07+07:00
3441,26590,8899,18,2026-11-15,9,10324,2026-10-22T17:01:10+07:00
3442,26592,8899,306,2026-11-30,6,16649,2026-11-18T12:18:42+07:00
3443,26602,8905,46,2026-09-11,3,24402,2026-08-03T00:14:36+07:00
3444,26605,8907,597,2026-10-18,1,5267,2026-10-17T22:02:46+07:00
3445,26606,8907,390,2026-10-29,1,26003,2026-10-29T21:12:04+07:00
3446,26625,8914,276,2026-04-26,3,5736,2026-03-28T18:55:54+07:00
3447,26633,8916,210,2026-09-09,4,13410,2026-07-28T20:37:20+07:00
3448,26639,8918,266,2026-09-19,4,10505,2026-09-07T21:23:44+07:00
3449,26641,8919,114,2026-11-14,1,3879,2026-11-11T11:14:59+07:00
3450,26654,8924,58,2026-04-07,1,7403,2026-04-04T23:53:02+07:00
3451,26658,8924,296,2026-04-16,1,14571,2026-04-16T09:45:18+07:00
3452,26662,8925,323,2026-07-03,4,11943,2026-06-21T21:13:13+07:00
3453,26669,8927,550,2026-12-25,2,3146,2026-12-01T01:02:33+07:00
3454,26671,8928,304,2026-06-16,9,15861,2026-05-13T18:55:09+07:00
3455,26683,8930,31,2026-04-17,1,7151,2026-04-17T14:50:06+07:00
3456,26682,8930,367,2026-04-22,2,9255,2026-04-22T20:05:14+07:00
3457,26685,8931,47,2027-02-19,2,6031,2026-12-22T18:20:14+07:00
3458,26690,8933,80,2026-10-11,1,7065,2026-10-11T00:45:05+07:00
3459,26689,8933,167,2026-11-10,1,5981,2026-11-07T10:26:37+07:00
3460,26696,8936,445,2026-10-02,12,49190,2026-08-21T15:57:48+07:00
3461,26708,8943,665,2026-12-19,12,14775,2026-11-07T00:00:17+07:00
3462,26725,8949,627,2026-07-31,3,7982,2026-07-04T02:06:40+07:00
3463,26734,8952,456,2026-10-29,9,14333,2026-10-01T20:46:09+07:00
3464,26735,8952,530,2026-12-03,11,30714,2026-10-23T21:40:58+07:00
3465,26736,8952,530,2027-01-03,7,17335,2026-12-04T23:32:18+07:00
3466,26743,8954,569,2026-10-22,5,13581,2026-09-18T11:17:27+07:00
3467,26753,8957,373,2027-01-04,8,21998,2026-12-22T13:07:38+07:00
3468,26756,8958,311,2026-02-27,3,10554,2026-01-30T17:13:30+07:00
3469,26757,8958,659,2026-02-22,4,18883,2026-02-07T13:00:59+07:00
3470,26762,8960,95,2026-12-24,3,8358,2026-11-22T18:13:48+07:00
3471,26775,8964,257,2026-07-14,3,30689,2026-05-24T12:36:38+07:00
3472,26786,8968,481,2026-02-06,2,4257,2026-01-10T01:22:55+07:00
3473,26791,8971,428,2026-11-17,1,13064,2026-11-14T17:36:56+07:00
3474,26794,8972,247,2027-01-29,3,28469,2026-12-18T23:01:24+07:00
3475,26796,8975,372,2026-10-23,5,14377,2026-09-30T13:02:20+07:00
3476,26804,8979,247,2026-09-13,3,27485,2026-09-09T22:16:26+07:00
3477,26806,8980,105,2026-12-04,4,15568,2026-10-07T06:12:10+07:00
3478,26814,8983,383,2027-01-01,5,33881,2026-11-08T12:54:56+07:00
3479,26820,8985,629,2026-06-19,4,19776,2026-04-30T22:27:35+07:00
3480,26827,8986,706,2026-10-08,1,3898,2026-10-08T10:56:50+07:00
3481,26838,8988,616,2026-09-25,3,18333,2026-09-01T12:59:45+07:00
3482,26843,8989,356,2026-07-08,4,11704,2026-05-25T00:06:53+07:00
3483,26861,8995,442,2026-05-24,4,12537,
3484,26872,8999,5,2026-09-10,9,10517,2026-08-12T23:53:18+07:00
3485,26876,9000,578,2026-09-09,1,8413,2026-09-08T22:21:05+07:00
3486,26895,9004,265,2026-08-09,1,8329,2026-08-08T01:29:37+07:00
3487,26914,9013,292,2026-10-14,3,3194,2026-09-20T18:05:41+07:00
3488,26927,9015,126,2026-12-11,2,4177,2026-10-21T02:21:48+07:00
3489,26925,9015,316,2027-01-08,5,13789,2026-11-10T17:48:49+07:00
3490,26938,9017,429,2026-08-08,12,31999,2026-07-29T11:35:40+07:00
3491,26939,9018,170,2026-09-21,1,19391,2026-09-17T18:47:40+07:00
3492,26958,9024,505,2026-09-11,5,10677,2026-07-21T00:17:18+07:00
3493,26961,9024,484,2026-10-23,3,8511,2026-10-03T14:51:01+07:00
3494,26965,9025,46,2026-07-24,5,41605,2026-06-09T09:27:49+07:00
3495,26975,9030,570,2026-07-01,3,7727,2026-06-06T13:51:30+07:00
3496,26983,9032,27,2026-10-26,10,20088,2026-10-02T10:33:12+07:00
3497,26984,9033,260,2026-06-26,3,24270,2026-05-18T15:28:53+07:00
3498,26997,9036,309,2026-10-30,4,9918,2026-10-06T01:03:08+07:00
3499,27004,9039,356,2026-07-15,7,20668,2026-07-05T18:49:57+07:00
3500,27007,9041,582,2026-09-21,7,14101,2026-09-07T09:52:29+07:00
3501,27018,9044,397,2026-06-09,1,10675,2026-06-07T19:42:25+07:00
3502,27020,9044,567,2026-07-11,1,7388,2026-07-11T22:40:53+07:00
3503,27023,9045,635,2026-06-21,10,12096,2026-06-05T11:19:42+07:00
3504,27027,9047,169,2027-02-05,3,5518,2026-12-14T17:21:17+07:00
3505,27036,9050,306,2026-09-19,2,5613,2026-08-26T20:12:00+07:00
3506,27044,9054,515,2026-09-10,7,15197,2026-08-21T14:25:23+07:00
3507,27050,9056,377,2026-04-22,2,42403,2026-04-18T08:36:23+07:00
3508,27053,9058,135,2026-10-23,3,10805,2026-09-04T07:15:53+07:00
3509,27056,9059,110,2026-07-07,1,11580,2026-07-07T07:22:04+07:00
3510,27078,9068,792,2026-08-02,3,6757,2026-06-25T21:07:20+07:00
3511,27082,9070,146,2026-06-19,4,5966,2026-05-09T19:30:28+07:00
3512,27083,9071,404,2026-11-10,6,11631,2026-10-19T14:10:29+07:00
3513,27092,9073,249,2026-04-29,3,12815,2026-04-21T23:48:13+07:00
3514,27097,9074,48,2026-12-29,4,8225,2026-12-22T07:55:25+07:00
3515,27115,9080,309,2026-05-19,5,11983,2026-04-27T23:02:17+07:00
3516,27126,9083,155,2026-10-25,4,2721,2026-10-19T20:26:39+07:00
3517,27137,9087,112,2026-09-06,8,18457,2026-07-31T09:49:54+07:00
3518,27149,9090,401,2026-11-10,2,4664,2026-10-21T09:59:32+07:00
3519,27151,9090,368,2026-12-18,3,17526,2026-11-05T00:35:51+07:00
3520,27157,9092,553,2026-10-16,3,5087,2026-09-23T02:05:03+07:00
3521,27184,9102,208,2026-12-25,4,32419,2026-10-28T09:12:28+07:00
3522,27187,9103,579,2026-07-30,2,46736,2026-07-29T12:49:30+07:00
3523,27194,9105,347,2026-08-03,2,31908,2026-07-30T12:25:50+07:00
3524,27197,9106,348,2026-10-25,5,20109,2026-09-16T17:58:13+07:00
3525,27202,9107,498,2027-01-07,5,22424,2026-11-16T15:33:42+07:00
3526,27211,9110,477,2026-08-03,4,7080,2026-06-26T22:45:34+07:00
3527,27215,9111,444,2026-05-08,3,9171,2026-03-29T12:55:18+07:00
3528,27219,9112,408,2026-10-16,2,16779,2026-09-30T02:13:41+07:00
3529,27218,9112,391,2026-11-20,5,34532,2026-10-08T15:42:31+07:00
3530,27221,9112,397,2026-12-25,3,29365,2026-12-04T18:53:49+07:00
3531,27223,9113,401,2026-08-28,3,7979,2026-08-20T13:38:40+07:00
3532,27247,9124,200,2026-07-20,5,13324,2026-07-04T01:26:23+07:00
3533,27264,9130,127,2026-10-28,11,27077,2026-10-23T13:07:35+07:00
3534,27265,9131,80,2026-11-23,1,7295,2026-11-23T09:50:22+07:00
3535,27269,9132,475,2026-08-31,7,15737,2026-08-14T18:40:18+07:00
3536,27270,9132,379,2026-11-10,10,26466,2026-10-12T16:21:56+07:00
3537,27272,9133,84,2027-01-02,7,21680,2026-11-30T09:34:41+07:00
3538,27301,9141,152,2026-09-05,1,15281,2026-09-04T16:06:50+07:00
3539,27311,9144,95,2026-10-24,12,36358,2026-10-05T08:19:17+07:00
3540,27338,9152,376,2027-01-18,3,4042,2026-12-31T22:12:25+07:00
3541,27343,9155,539,2026-10-30,4,14339,2026-09-16T08:34:16+07:00
3542,27345,9156,98,2026-05-21,8,10951,2026-04-08T16:21:52+07:00
3543,27361,9159,61,2026-12-28,1,3852,2026-12-24T09:17:48+07:00
3544,27379,9167,206,2026-09-14,6,17944,2026-08-16T00:03:19+07:00
3545,27411,9177,551,2026-11-30,7,20594,2026-10-23T16:53:33+07:00
3546,27421,9180,622,2026-09-11,3,6774,2026-08-08T13:31:18+07:00
3547,27420,9180,676,2026-11-11,3,3218,2026-09-14T18:58:52+07:00
3548,27454,9189,491,2026-10-13,1,4820,2026-10-11T20:59:18+07:00
3549,27456,9190,454,2026-06-13,3,5515,2026-05-15T22:03:37+07:00
3550,27460,9191,512,2026-08-17,4,12285,2026-07-05T21:29:59+07:00
3551,27465,9193,96,2026-10-02,3,21126,2026-08-07T01:24:21+07:00
3552,27474,9196,54,2026-11-12,2,18053,2026-11-10T22:18:19+07:00
3553,27480,9201,357,2026-04-21,1,7763,2026-04-19T10:57:56+07:00
3554,27489,9203,181,2026-04-26,1,16622,2026-04-25T02:06:24+07:00
3555,27486,9203,233,2026-04-28,1,21224,2026-04-25T21:29:29+07:00
3556,27500,9208,516,2026-08-17,8,21161,2026-07-22T17:48:25+07:00
3557,27505,9209,374,2026-10-05,7,16724,2026-09-21T08:01:19+07:00
3558,27508,9210,738,2026-08-12,2,4543,2026-07-24T11:58:23+07:00
3559,27528,9217,634,2027-01-01,5,7287,2026-11-22T00:15:56+07:00
3560,27534,9219,588,2026-08-06,10,23481,2026-07-24T18:51:09+07:00
3561,27538,9220,276,2027-01-12,9,15981,
3562,27540,9221,564,2026-09-22,1,4066,2026-09-18T11:46:13+07:00
3563,27548,9223,157,2026-10-11,5,5850,2026-09-07T07:43:31+07:00
3564,27551,9224,356,2026-10-14,8,18918,2026-09-24T17:50:42+07:00
3565,27563,9229,149,2027-01-01,2,4419,2026-11-01T02:10:22+07:00
3566,27569,9230,17,2026-06-05,3,11771,2026-04-11T16:23:03+07:00
3567,27573,9231,158,2026-07-23,3,10674,2026-07-20T00:46:24+07:00
3568,27577,9234,33,2026-10-14,5,14031,2026-09-26T21:35:23+07:00
3569,27587,9237,497,2026-09-16,6,14200,2026-08-09T21:45:43+07:00
3570,27594,9239,308,2026-06-29,3,13679,2026-06-26T02:15:33+07:00
3571,27596,9241,192,2026-09-09,9,17668,2026-08-03T17:05:41+07:00
3572,27599,9241,535,2026-09-13,11,9561,2026-08-24T01:02:22+07:00
3573,27610,9245,193,2026-10-21,4,6943,2026-09-14T16:40:13+07:00
3574,27618,9246,384,2026-10-24,9,19656,2026-10-06T08:23:24+07:00
3575,27619,9247,51,2026-08-20,9,18895,2026-07-15T20:55:43+07:00
3576,27632,9252,184,2026-08-22,7,11688,2026-07-23T17:28:45+07:00
3577,27633,9252,486,2026-09-14,8,20430,2026-08-12T23:13:26+07:00
3578,27640,9254,46,2026-09-19,4,36343,2026-08-15T20:37:44+07:00
3579,27650,9257,332,2026-04-17,3,6015,2026-03-04T11:45:38+07:00
3580,27649,9257,472,2026-06-12,2,6228,2026-05-04T23:23:20+07:00
3581,27662,9261,300,2026-06-19,2,11988,2026-06-02T12:05:33+07:00
3582,27666,9262,645,2027-01-29,3,8470,2026-12-15T01:24:33+07:00
3583,27668,9263,793,2026-12-04,3,5983,2026-11-24T12:05:59+07:00
3584,27677,9268,238,2026-04-17,1,9239,2026-04-15T07:31:30+07:00
3585,27681,9271,24,2026-05-17,2,30256,2026-05-16T13:01:39+07:00
3586,27687,9273,76,2026-10-19,10,38606,2026-09-24T20:53:38+07:00
3587,27695,9280,190,2026-12-16,3,3847,2026-11-06T15:38:29+07:00
3588,27696,9281,397,2026-12-03,1,10814,2026-11-29T18:23:32+07:00
3589,27707,9286,366,2026-09-03,3,6132,2026-07-26T15:06:28+07:00
3590,27710,9287,446,2026-07-11,1,7867,2026-07-09T14:30:01+07:00
3591,27711,9288,81,2026-10-23,3,18696,2026-10-13T10:54:50+07:00
3592,27720,9290,398,2026-10-09,11,43302,
3593,27738,9295,26,2026-11-28,4,7896,2026-11-02T01:10:24+07:00
3594,27747,9298,580,2026-11-08,4,7884,2026-10-23T14:47:07+07:00
3595,27746,9298,576,2026-11-27,3,5618,2026-10-30T15:31:10+07:00
3596,27752,9300,491,2026-08-19,2,7944,2026-07-13T19:36:01+07:00
3597,27758,9302,62,2026-12-04,4,11655,2026-11-20T18:47:49+07:00
3598,27781,9310,484,2027-01-08,3,8228,2026-12-19T23:59:27+07:00
3599,27787,9313,419,2027-01-11,4,19791,2026-12-16T21:14:27+07:00
3600,27792,9314,621,2026-11-16,4,17040,
3601,27793,9314,660,2026-12-11,4,10017,2026-10-19T08:05:32+07:00
3602,27805,9315,117,2026-10-23,4,25070,2026-10-12T18:57:06+07:00
3603,27800,9315,626,2027-01-22,3,4716,2026-12-02T15:52:10+07:00
3604,27809,9316,63,2026-07-16,1,7028,2026-07-13T13:18:22+07:00
3605,27810,9317,369,2026-12-30,6,13234,2026-11-27T02:02:43+07:00
3606,27820,9321,339,2026-04-28,9,11825,2026-03-24T00:18:50+07:00
3607,27830,9325,192,2026-12-02,11,24248,2026-11-02T00:16:20+07:00
3608,27834,9326,745,2026-06-04,6,9617,2026-05-21T11:56:18+07:00
3609,27838,9328,453,2026-08-22,1,3277,2026-08-21T10:33:59+07:00
3610,27845,9329,442,2026-11-16,12,39913,2026-10-28T20:12:01+07:00
3611,27844,9329,232,2026-11-13,10,20219,2026-10-30T14:17:45+07:00
3612,27854,9331,488,2026-11-06,11,32205,2026-10-10T15:48:05+07:00
3613,27863,9333,22,2026-04-08,3,8380,2026-03-22T02:39:10+07:00
3614,27873,9336,470,2026-12-26,6,12221,2026-11-26T12:42:40+07:00
3615,27875,9337,362,2026-09-28,11,13508,2026-08-15T02:27:46+07:00
3616,27879,9337,488,2026-11-14,12,34943,2026-10-08T22:25:17+07:00
3617,27900,9346,784,2026-08-14,3,13489,2026-07-19T20:00:45+07:00
3618,27902,9346,701,2026-09-27,3,7338,2026-08-13T20:44:23+07:00
3619,27914,9351,539,2026-12-21,11,37262,2026-11-12T10:15:12+07:00
3620,27923,9355,60,2027-01-19,10,11619,2026-12-06T20:21:57+07:00
3621,27934,9358,442,2026-12-08,2,6770,2026-10-27T21:13:34+07:00
3622,27939,9360,796,2026-07-11,4,4673,2026-06-04T12:01:49+07:00
3623,27943,9361,442,2026-04-24,3,8864,2026-03-02T18:45:18+07:00
3624,27956,9363,577,2026-09-10,1,18636,2026-09-06T15:19:18+07:00
3625,27964,9365,565,2027-01-08,4,22417,2026-12-03T00:36:52+07:00
3626,27966,9366,242,2026-04-02,1,5720,2026-03-31T10:29:29+07:00
3627,27967,9366,531,2026-04-16,1,5005,2026-04-13T16:04:57+07:00
3628,27965,9366,662,2026-04-23,2,14734,2026-04-21T17:43:57+07:00
3629,27971,9368,5,2026-03-26,12,11920,2026-02-22T11:36:06+07:00
3630,27977,9370,72,2026-12-26,8,21856,2026-11-13T12:59:05+07:00
3631,27990,9374,220,2026-08-21,2,9303,2026-06-25T23:13:18+07:00
3632,27993,9375,490,2026-11-07,3,21810,2026-11-05T20:48:39+07:00
3633,27994,9375,772,2026-11-27,1,4016,2026-11-27T00:58:58+07:00
3634,27998,9377,260,2026-07-03,3,24405,2026-06-14T11:16:27+07:00
3635,28004,9379,276,2026-10-03,3,5617,2026-08-27T22:19:07+07:00
3636,28003,9379,490,2026-10-23,2,12887,2026-10-12T12:27:31+07:00
3637,28017,9382,515,2027-01-15,3,7897,2026-12-05T03:07:11+07:00
3638,28025,9385,150,2027-02-01,10,12783,2026-12-31T00:25:00+07:00
3639,28032,9387,597,2026-12-28,2,10010,2026-12-24T12:06:52+07:00
3640,28037,9389,166,2026-07-26,11,15395,2026-07-05T18:47:58+07:00
3641,28034,9389,199,2026-08-13,8,26802,2026-07-17T01:18:15+07:00
3642,28056,9397,114,2026-10-10,1,4171,2026-10-10T11:14:30+07:00
3643,28059,9398,573,2026-07-31,2,3528,2026-06-09T21:54:51+07:00
3644,28063,9399,134,2026-05-16,5,8760,2026-04-28T10:08:07+07:00
3645,28083,9406,374,2026-11-04,12,24147,2026-09-29T00:17:53+07:00
3646,28090,9407,328,2026-09-23,4,9122,2026-09-16T00:59:02+07:00
3647,28087,9407,236,2026-11-13,5,27656,2026-09-29T18:13:45+07:00
3648,28093,9408,384,2026-06-05,3,6098,2026-05-10T06:17:10+07:00
3649,28112,9416,219,2026-11-13,2,51213,2026-11-13T15:07:29+07:00
3650,28127,9421,516,2027-01-14,4,12523,2026-12-24T17:43:37+07:00
3651,28135,9422,232,2026-06-21,6,13714,
3652,28174,9436,384,2027-01-09,4,9412,2026-12-07T23:35:35+07:00
3653,28190,9440,438,2026-09-20,10,27462,2026-08-30T08:53:50+07:00
3654,28199,9442,158,2026-11-02,2,8040,
3655,28203,9443,794,2026-10-29,6,6035,2026-10-14T13:36:24+07:00
3656,28204,9444,470,2026-10-08,4,9458,2026-09-18T12:37:43+07:00
3657,28209,9446,644,2026-11-22,7,16164,2026-10-20T04:35:07+07:00
3658,28220,9454,587,2026-11-09,7,13483,2026-10-22T00:17:45+07:00
3659,28225,9456,260,2026-12-26,4,27515,2026-10-28T13:30:25+07:00
3660,28235,9460,180,2026-05-15,3,14137,2026-03-24T13:28:31+07:00
3661,28240,9462,397,2026-07-03,3,35809,2026-05-31T08:29:24+07:00
3662,28242,9463,721,2026-11-19,12,23158,2026-11-08T00:02:19+07:00
3663,28253,9465,319,2026-03-27,3,6399,2026-02-10T17:25:39+07:00
3664,28265,9471,721,2026-12-10,7,12970,2026-12-06T12:28:15+07:00
3665,28294,9482,363,2027-01-16,4,6685,2026-12-20T01:19:10+07:00
3666,28296,9483,475,2026-12-22,10,22229,2026-12-19T22:23:22+07:00
3667,28305,9485,307,2026-11-24,11,29329,2026-10-23T21:46:59+07:00
3668,28310,9486,44,2026-11-01,8,19530,2026-10-23T11:50:45+07:00
3669,28323,9491,420,2026-11-21,1,36526,2026-11-20T09:26:59+07:00
3670,28324,9491,675,2026-12-21,1,4842,2026-12-20T20:46:40+07:00
3671,28327,9492,671,2026-06-30,10,9970,2026-06-22T03:13:12+07:00
3672,28334,9493,398,2026-12-12,8,29233,
3673,28330,9493,147,2027-01-21,4,11480,2026-12-15T01:58:21+07:00
3674,28350,9497,285,2026-05-01,4,25964,2026-04-18T02:51:00+07:00
3675,28388,9506,569,2026-10-24,12,29687,2026-10-20T11:56:37+07:00
3676,28411,9514,443,2026-08-09,3,24965,2026-07-11T21:20:25+07:00
3677,28415,9515,553,2026-09-14,3,4511,2026-09-02T20:30:16+07:00
3678,28418,9516,38,2026-12-07,12,44008,2026-11-21T22:24:09+07:00
3679,28436,9522,157,2027-01-09,9,11680,2026-12-04T13:13:43+07:00
3680,28450,9526,744,2026-10-22,5,4326,2026-10-07T12:30:57+07:00
3681,28463,9531,141,2027-01-08,3,5191,2026-11-08T01:24:39+07:00
3682,28472,9534,738,2026-10-27,3,7409,2026-08-29T21:58:00+07:00
3683,28470,9534,715,2026-10-09,3,10835,2026-09-16T19:28:23+07:00
3684,28473,9535,395,2026-05-26,3,8372,2026-05-15T11:44:10+07:00
3685,28487,9538,639,2026-09-18,5,25511,2026-07-26T13:32:41+07:00
3686,28490,9539,128,2026-10-21,7,6251,2026-09-29T09:34:00+07:00
3687,28496,9540,344,2026-10-11,3,32403,
3688,28512,9545,780,2026-03-30,2,23090,2026-03-30T19:10:12+07:00
3689,28514,9546,93,2027-01-01,4,12361,2026-12-03T01:27:32+07:00
3690,28523,9549,664,2026-12-14,7,7456,2026-12-03T19:01:02+07:00
3691,28532,9554,11,2026-10-22,6,15341,2026-09-08T12:06:36+07:00
3692,28548,9558,373,2026-03-23,4,12186,2026-02-13T10:52:43+07:00
3693,28574,9568,85,2026-12-03,7,6708,2026-10-27T16:20:26+07:00
3694,28579,9569,697,2026-10-28,4,11770,2026-10-15T22:50:53+07:00
3695,28580,9569,637,2027-01-22,2,12398,2026-12-01T20:28:26+07:00
3696,28595,9574,262,2026-09-25,3,18820,2026-08-20T23:17:32+07:00
3697,28630,9585,539,2027-02-12,2,6574,2026-12-14T01:28:18+07:00
3698,28632,9586,105,2026-10-22,1,4156,2026-10-20T17:03:57+07:00
3699,28653,9596,229,2026-04-24,5,44526,2026-03-09T16:40:09+07:00
3700,28661,9598,367,2026-08-26,1,4680,2026-08-24T08:47:38+07:00
3701,28674,9601,259,2026-11-30,11,23377,2026-11-11T20:32:28+07:00
3702,28677,9601,146,2026-12-09,6,9364,2026-11-25T23:28:17+07:00
3703,28701,9609,339,2026-06-15,12,15360,2026-06-03T12:59:47+07:00
3704,28703,9610,81,2026-03-08,1,5802,2026-03-07T10:04:05+07:00
3705,28705,9611,710,2026-05-19,3,7368,2026-04-09T17:03:17+07:00
3706,28710,9612,64,2026-11-20,3,29867,2026-09-27T18:17:33+07:00
3707,28714,9613,4,2026-11-02,1,4216,2026-11-01T23:38:18+07:00
3708,28721,9614,240,2026-12-19,7,7855,2026-11-27T10:57:43+07:00
3709,28733,9619,627,2026-12-07,3,9118,2026-10-13T06:33:07+07:00
3710,28739,9621,302,2026-09-03,8,7403,2026-08-15T15:06:43+07:00
3711,28740,9622,154,2026-09-04,5,17461,2026-07-03T06:35:52+07:00
3712,28745,9623,80,2026-05-17,1,6848,2026-05-14T17:43:16+07:00
3713,28747,9623,66,2026-07-27,1,8245,2026-07-26T10:56:42+07:00
3714,28752,9626,144,2026-10-30,3,15561,2026-09-21T08:40:22+07:00
3715,28775,9631,184,2026-12-12,3,4825,2026-11-20T00:42:53+07:00
3716,28773,9631,9,2027-01-07,9,16075,
3717,28786,9635,401,2026-08-14,4,9788,2026-07-13T17:35:14+07:00
3718,28785,9635,530,2026-07-23,5,15457,2026-07-16T20:19:52+07:00
3719,28787,9635,319,2026-08-17,2,4580,
3720,28792,9636,623,2026-04-11,1,13206,2026-04-11T17:28:37+07:00
3721,28798,9638,68,2027-01-13,4,14074,2026-12-11T12:08:50+07:00
3722,28812,9644,344,2026-11-06,3,32403,2026-09-28T08:13:38+07:00
3723,28817,9646,320,2026-09-08,1,18514,2026-09-07T16:52:34+07:00
3724,28834,9654,157,2026-09-12,5,5657,2026-08-29T18:34:36+07:00
3725,28835,9655,71,2026-04-04,11,29925,2026-04-01T10:41:28+07:00
3726,28841,9658,308,2026-05-16,4,16751,2026-03-22T10:43:04+07:00
3727,28866,9664,47,2026-06-19,3,8913,2026-05-01T03:26:18+07:00
3728,28867,9664,604,2026-07-31,3,10365,2026-06-21T19:20:24+07:00
3729,28869,9664,160,2026-08-01,4,18827,2026-06-22T22:39:01+07:00
3730,28883,9668,697,2027-01-15,4,13254,
3731,28885,9669,171,2026-07-07,7,9587,2026-05-26T01:39:00+07:00
3732,28890,9671,301,2026-10-23,5,25052,2026-10-06T23:00:17+07:00
3733,28892,9673,77,2026-09-17,3,8419,2026-08-18T14:50:59+07:00
3734,28900,9675,489,2026-10-12,1,4255,2026-10-09T08:43:56+07:00
3735,28917,9681,602,2026-10-04,1,6784,2026-10-02T20:08:30+07:00
3736,28921,9682,490,2026-08-01,4,24869,2026-06-19T23:25:19+07:00
3737,28927,9684,232,2027-01-08,6,11892,2026-12-08T15:08:59+07:00
3738,28936,9686,301,2027-01-08,2,11597,2026-11-22T01:17:48+07:00
3739,28939,9686,464,2027-02-26,4,8399,2026-12-30T23:54:59+07:00
3740,28951,9690,407,2026-09-18,5,26743,2026-08-03T08:05:32+07:00
3741,28955,9692,432,2026-11-06,5,48655,
3742,28983,9699,90,2026-04-21,4,8636,2026-03-13T18:13:53+07:00
3743,28988,9702,790,2026-05-26,1,3103,2026-05-22T10:46:44+07:00
3744,28992,9703,495,2026-09-18,5,36476,2026-08-19T11:07:32+07:00
3745,29003,9705,399,2027-01-08,3,16077,2026-12-05T14:00:03+07:00
3746,29008,9706,196,2026-06-08,4,12656,2026-05-04T00:53:52+07:00
3747,29012,9708,610,2026-05-22,3,3956,2026-04-03T18:04:54+07:00
3748,29020,9710,608,2026-10-29,6,4001,2026-09-20T21:52:58+07:00
3749,29030,9715,754,2026-09-11,5,13160,2026-08-05T12:51:39+07:00
3750,29040,9718,610,2026-05-18,10,14410,2026-05-15T16:26:02+07:00
3751,29044,9720,589,2026-10-04,3,6574,2026-09-19T14:13:08+07:00
3752,29049,9722,624,2026-07-25,2,4891,2026-06-22T07:02:35+07:00
3753,29070,9729,187,2026-10-02,9,20172,2026-09-24T20:20:47+07:00
3754,29079,9731,618,2026-12-11,4,7287,2026-10-23T13:46:12+07:00
3755,29080,9732,211,2026-12-11,3,19780,2026-10-13T23:18:55+07:00
3756,29090,9733,661,2026-06-17,4,6773,2026-05-24T12:09:38+07:00
3757,29088,9733,61,2026-09-11,4,15810,2026-07-22T09:55:42+07:00
3758,29103,9736,796,2026-11-12,8,8352,2026-11-07T17:00:54+07:00
3759,29111,9739,278,2026-11-06,2,5924,2026-09-07T13:17:03+07:00
3760,29109,9739,761,2026-10-30,3,18870,2026-10-13T00:16:48+07:00
3761,29137,9746,436,2027-01-27,4,20789,2026-12-14T16:23:38+07:00
3762,29136,9746,98,2027-01-29,7,8577,2026-12-17T00:01:55+07:00
3763,29146,9749,348,2026-08-30,2,7580,2026-07-13T01:38:02+07:00
3764,29166,9756,72,2026-04-26,12,34161,2026-04-05T12:02:23+07:00
3765,29168,9756,141,2026-06-17,5,9349,2026-05-20T18:04:35+07:00
3766,29171,9757,752,2026-09-11,11,15369,2026-09-08T03:39:08+07:00
3767,29183,9759,722,2026-08-28,6,9698,2026-07-21T13:56:10+07:00
3768,29182,9759,99,2026-11-11,9,15753,2026-09-30T18:56:54+07:00
3769,29187,9761,353,2026-10-16,3,32358,2026-08-27T01:42:31+07:00
3770,29209,9771,495,2026-09-26,2,15326,2026-09-22T03:02:12+07:00
3771,29220,9774,129,2026-08-29,4,5090,2026-08-05T13:08:05+07:00
3772,29232,9780,798,2027-01-01,12,26183,2026-12-13T01:33:25+07:00
3773,29255,9788,129,2026-12-23,4,4444,2026-11-29T12:47:17+07:00
3774,29256,9789,581,2026-08-26,6,10655,2026-08-19T13:50:51+07:00
3775,29258,9789,175,2026-10-24,8,10731,2026-10-10T11:25:17+07:00
3776,29270,9796,234,2026-06-26,5,48135,2026-04-27T23:15:45+07:00
3777,29274,9798,87,2026-05-09,3,18795,2026-04-26T01:02:52+07:00
3778,29278,9801,307,2026-10-16,3,9317,2026-09-22T11:34:55+07:00
3779,29290,9807,430,2026-10-09,2,19207,2026-09-02T16:49:29+07:00
3780,29300,9810,609,2027-02-05,2,10068,2026-12-07T20:16:28+07:00
3781,29304,9811,327,2026-03-30,1,4888,2026-03-29T11:57:53+07:00
3782,29306,9811,360,2026-04-01,1,10128,2026-03-31T23:44:19+07:00
3783,29317,9814,428,2027-01-15,5,55629,2026-12-06T21:20:13+07:00
3784,29319,9815,571,2026-11-11,6,9044,2026-10-26T08:48:41+07:00
3785,29345,9823,199,2026-05-08,5,15473,2026-03-12T18:34:58+07:00
3786,29346,9823,112,2026-05-13,3,7135,2026-04-14T02:35:48+07:00
3787,29351,9824,721,2026-09-01,8,15809,2026-08-12T14:47:28+07:00
3788,29354,9825,736,2026-10-26,1,5064,2026-10-23T08:45:44+07:00
3789,29373,9831,142,2026-06-12,11,15027,2026-05-12T20:24:22+07:00
3790,29372,9831,656,2026-05-31,12,16521,
3791,29376,9833,137,2026-11-04,1,22384,2026-11-01T21:20:34+07:00
3792,29378,9834,288,2026-10-16,4,7273,
3793,29383,9836,115,2026-11-01,12,37659,2026-09-24T13:59:43+07:00
3794,29395,9839,45,2026-11-12,1,8590,2026-11-08T09:26:09+07:00
3795,29400,9840,399,2026-08-05,5,29905,2026-07-23T18:57:01+07:00
3796,29408,9843,7,2026-10-08,1,8141,2026-10-07T15:31:31+07:00
3797,29407,9843,122,2026-10-25,2,15354,2026-10-23T18:48:07+07:00
3798,29417,9847,284,2026-12-26,4,6922,
3799,29419,9849,618,2026-04-25,3,4749,2026-04-11T19:54:49+07:00
3800,29422,9849,330,2026-05-15,4,6792,2026-04-24T09:52:46+07:00
3801,29432,9852,27,2027-01-14,5,8451,2026-12-20T23:09:11+07:00
3802,29435,9853,156,2026-09-18,3,8714,2026-08-07T20:11:46+07:00
3803,29446,9855,641,2026-10-13,2,4588,
3804,29449,9855,327,2026-10-23,1,5111,2026-10-19T10:31:49+07:00
3805,29444,9855,262,2026-11-01,1,5419,2026-10-30T02:03:55+07:00
3806,29455,9857,633,2026-04-01,10,6002,2026-03-25T09:51:29+07:00
3807,29464,9859,639,2026-04-11,3,14090,2026-03-25T01:22:52+07:00
3808,29470,9860,330,2026-03-09,4,6254,2026-02-26T20:51:13+07:00
3809,29487,9864,163,2027-01-05,2,3671,2026-12-23T23:01:03+07:00
3810,29504,9873,684,2026-08-15,8,12632,2026-07-25T23:25:51+07:00
3811,29511,9876,26,2026-10-16,4,9234,2026-10-03T14:51:02+07:00
3812,29514,9877,686,2026-07-10,3,6748,2026-06-29T01:25:51+07:00
3813,29516,9877,716,2026-09-04,3,7658,2026-07-26T21:07:31+07:00
3814,29528,9883,283,2026-05-31,2,6407,2026-04-03T08:33:37+07:00
3815,29531,9884,38,2026-07-23,5,17686,2026-06-22T00:25:17+07:00
3816,29539,9885,260,2026-03-11,2,15821,2026-03-08T14:19:13+07:00
3817,29553,9890,272,2026-05-18,3,8510,2026-03-29T11:09:48+07:00
3818,29555,9891,722,2026-10-09,3,5957,2026-08-24T12:43:41+07:00
3819,29560,9893,421,2027-02-19,3,24594,2026-12-28T19:14:19+07:00
3820,29561,9894,444,2026-10-16,2,6280,2026-08-18T06:34:48+07:00
3821,29567,9896,189,2026-09-17,2,13078,2026-09-17T20:25:35+07:00
3822,29572,9897,517,2026-06-14,12,37623,2026-06-02T15:14:59+07:00
3823,29586,9901,39,2026-09-22,2,4358,2026-08-06T16:51:26+07:00
3824,29587,9901,491,2026-09-25,3,14649,2026-09-11T17:33:42+07:00
3825,29588,9901,272,2026-10-30,3,10548,2026-10-06T20:29:51+07:00
3826,29596,9902,17,2026-10-26,1,4323,2026-10-26T08:41:09+07:00
3827,29603,9904,622,2026-03-08,7,15146,2026-02-26T22:23:03+07:00
3828,29600,9904,314,2026-05-06,5,16543,2026-04-11T17:05:23+07:00
3829,29605,9904,601,2026-06-01,8,17511,2026-04-24T20:00:15+07:00
3830,29615,9907,61,2026-12-11,3,13930,2026-11-13T22:50:50+07:00
3831,29620,9909,378,2026-11-21,6,13880,2026-10-16T19:04:21+07:00
3832,29623,9910,184,2026-07-04,6,11170,2026-06-23T19:05:52+07:00
3833,29624,9911,522,2026-07-17,2,3737,2026-06-27T09:54:51+07:00
3834,29636,9914,142,2027-01-19,5,7502,2026-12-06T13:29:45+07:00
3835,29639,9915,221,2026-10-18,4,11496,2026-09-11T11:53:17+07:00
3836,29646,9917,669,2026-09-20,7,15417,2026-09-10T01:59:29+07:00
3837,29645,9917,601,2026-10-15,7,17927,2026-10-10T14:07:34+07:00
3838,29650,9918,717,2027-01-01,3,16750,
3839,29653,9919,139,2026-12-25,5,24794,2026-11-26T14:43:50+07:00
3840,29660,9922,757,2026-10-13,3,3982,
3841,29666,9924,676,2026-09-02,3,3187,2026-08-17T21:09:52+07:00
3842,29716,9942,309,2026-09-06,3,7485,2026-08-13T19:54:01+07:00
3843,29717,9942,266,2026-10-17,9,23710,2026-10-04T22:10:41+07:00
3844,29723,9943,171,2026-09-21,10,14857,2026-08-26T22:14:47+07:00
3845,29726,9944,51,2026-09-04,2,4625,2026-07-09T21:40:06+07:00
3846,29736,9947,339,2026-04-22,6,7346,2026-03-17T11:52:54+07:00
3847,29740,9949,411,2026-04-18,1,7454,2026-04-16T17:41:50+07:00
3848,29749,9952,732,2026-09-19,6,5826,2026-08-14T09:19:25+07:00
3849,29763,9957,79,2026-08-05,1,5293,2026-08-01T16:45:14+07:00
3850,29762,9957,55,2026-08-08,2,10662,2026-08-08T11:28:04+07:00
3851,29766,9960,552,2026-12-10,9,15153,2026-12-03T13:48:48+07:00
3852,29767,9961,332,2026-05-31,6,12330,2026-05-10T21:38:06+07:00
3853,29771,9962,151,2026-12-25,4,17256,2026-11-05T04:21:27+07:00
3854,29774,9963,505,2026-11-29,3,7220,2026-11-20T01:22:44+07:00
3855,29782,9964,63,2026-08-22,2,12164,2026-08-22T15:00:36+07:00
3856,29786,9965,718,2026-08-22,4,2894,2026-07-27T09:05:03+07:00
3857,29795,9967,39,2026-07-27,10,18873,2026-07-01T00:58:56+07:00
3858,29802,9970,288,2026-10-24,3,4922,2026-09-27T00:24:15+07:00
3859,29823,9976,332,2027-01-06,12,21296,2026-12-07T13:49:26+07:00
3860,29837,9982,264,2026-08-03,11,10672,2026-06-23T00:21:29+07:00
3861,29849,9988,131,2026-12-12,11,41703,2026-12-05T17:33:48+07:00
3862,29857,9991,241,2026-11-27,3,29462,2026-10-11T09:19:53+07:00
3863,29862,9992,75,2026-08-27,12,18672,2026-08-12T12:31:19+07:00
3864,29869,9995,438,2026-12-24,8,20177,2026-11-26T20:24:40+07:00
3865,29882,10001,407,2026-09-22,3,18132,2026-08-30T18:33:27+07:00
3866,29889,10002,240,2026-08-08,10,13582,2026-07-29T23:01:46+07:00
3867,29888,10002,127,2026-09-30,12,31569,2026-08-18T16:50:05+07:00
3868,29887,10002,98,2026-10-23,7,9582,2026-10-10T00:55:25+07:00
3869,29895,10005,341,2026-12-23,3,5971,2026-12-19T19:46:17+07:00
3870,29898,10006,763,2026-08-30,3,2206,
3871,29899,10007,464,2026-06-05,5,9468,2026-05-03T21:18:43+07:00
3872,29902,10008,441,2026-07-04,2,60017,2026-07-03T09:50:28+07:00
3873,29908,10010,244,2026-12-11,5,19615,2026-10-14T09:06:57+07:00
3874,29911,10011,91,2026-08-10,11,19500,
3875,29916,10012,372,2026-03-21,4,11778,2026-03-02T01:56:42+07:00
3876,29918,10013,575,2026-09-03,2,31335,2026-09-01T19:06:19+07:00
3877,29929,10017,60,2026-07-08,8,9254,2026-06-28T22:34:05+07:00
3878,29927,10017,337,2026-09-09,4,4723,2026-08-01T20:49:16+07:00
3879,29935,10018,407,2026-08-29,2,11104,2026-07-10T10:21:55+07:00
3880,29937,10019,507,2026-09-30,3,5181,2026-08-25T09:26:29+07:00
3881,29945,10020,332,2026-10-21,2,4158,2026-10-14T12:15:13+07:00
3882,29950,10021,509,2026-10-23,2,6306,2026-09-27T15:59:46+07:00
3883,29949,10021,719,2027-01-15,3,16461,2026-11-17T10:53:58+07:00
3884,29951,10021,238,2026-12-27,5,37514,2026-12-06T12:15:40+07:00
3885,29952,10022,159,2026-10-17,1,3755,2026-10-13T22:20:41+07:00
3886,29965,10025,56,2026-06-26,3,16365,2026-05-07T13:49:50+07:00
3887,29976,10030,345,2027-01-22,3,33040,2026-12-11T13:52:33+07:00
3888,29986,10034,569,2026-08-28,4,10524,2026-07-30T20:43:43+07:00
3889,29987,10034,587,2026-08-24,9,14642,2026-08-06T07:42:04+07:00
3890,30000,10041,713,2026-07-05,1,3831,2026-07-01T20:49:00+07:00
3891,30019,10046,396,2026-06-20,3,13317,2026-04-30T21:41:43+07:00
3892,30022,10047,764,2026-11-29,7,6188,2026-10-22T09:08:00+07:00
3893,30033,10049,275,2026-09-18,4,25275,2026-07-22T12:00:06+07:00
3894,30034,10050,687,2026-10-05,5,10852,2026-09-28T14:56:30+07:00
3895,30039,10052,34,2027-02-05,6,20435,2026-12-28T15:27:02+07:00
3896,30042,10054,651,2026-11-07,6,11060,2026-10-09T10:16:51+07:00
3897,30049,10056,51,2026-09-12,3,6237,2026-09-05T17:07:41+07:00
3898,30050,10057,280,2026-06-04,2,45126,2026-06-04T16:31:07+07:00
3899,30080,10067,534,2026-12-18,4,17746,2026-11-02T10:21:57+07:00
3900,30089,10070,66,2026-12-20,3,24930,2026-10-22T17:46:06+07:00
3901,30116,10078,436,2026-10-06,12,69060,2026-09-21T00:03:42+07:00
3902,30124,10081,20,2026-10-09,3,13061,2026-08-30T22:47:24+07:00
3903,30129,10082,293,2026-09-23,1,17960,2026-09-21T17:14:36+07:00
3904,30134,10085,253,2026-09-04,4,16415,2026-07-30T19:53:27+07:00
3905,30136,10086,658,2026-10-27,7,12675,2026-10-16T13:23:30+07:00
3906,30160,10096,427,2026-03-17,4,10408,2026-03-10T00:39:50+07:00
3907,30169,10099,575,2026-11-19,2,30517,2026-11-17T11:40:25+07:00
3908,30177,10102,596,2026-09-30,8,20360,2026-09-11T02:12:26+07:00
3909,30176,10102,654,2026-10-30,5,9099,2026-10-14T20:16:57+07:00
3910,30183,10103,578,2026-09-27,1,6831,2026-09-23T02:45:28+07:00
3911,30184,10103,554,2026-10-16,2,43489,2026-10-16T23:11:00+07:00
3912,30201,10108,776,2026-09-04,1,14167,2026-09-03T00:17:09+07:00
3913,30220,10115,657,2026-11-22,1,13048,2026-11-21T01:02:05+07:00
3914,30224,10116,461,2026-11-24,3,15751,2026-11-24T23:41:33+07:00
3915,30245,10125,326,2026-06-17,2,12771,2026-06-13T08:32:03+07:00
3916,30258,10129,495,2026-12-02,1,7338,2026-11-28T21:41:03+07:00
3917,30263,10131,567,2026-10-23,2,15972,2026-10-21T17:55:56+07:00
3918,30265,10132,297,2026-09-28,2,25045,2026-09-24T22:14:13+07:00
3919,30273,10136,32,2026-07-15,1,12820,2026-07-14T20:59:56+07:00
3920,30281,10138,106,2026-02-08,2,9616,2026-02-04T21:48:40+07:00
3921,30285,10140,500,2027-01-15,4,12891,2026-12-22T18:09:31+07:00
3922,30289,10142,706,2026-02-17,1,4213,2026-02-14T17:10:40+07:00
3923,30294,10143,601,2026-10-20,4,8634,2026-10-02T02:00:38+07:00
3924,30300,10145,63,2026-08-31,1,6217,2026-08-27T16:28:48+07:00
3925,30306,10147,374,2027-01-02,3,6804,2026-11-25T15:42:51+07:00
3926,30310,10148,681,2026-04-12,4,5273,2026-03-09T11:04:12+07:00
3927,30323,10152,319,2026-08-07,2,4399,2026-06-29T22:00:43+07:00
3928,30325,10154,343,2026-11-20,1,8425,2026-11-18T23:26:51+07:00
3929,30337,10158,627,2026-05-22,4,10481,2026-04-09T11:46:31+07:00
3930,30352,10162,215,2026-10-28,1,6776,2026-10-25T17:39:42+07:00
3931,30364,10166,103,2026-08-01,7,12346,2026-07-13T09:36:48+07:00
3932,30374,10170,576,2026-07-31,5,9626,2026-06-24T15:00:31+07:00
3933,30394,10175,645,2027-01-19,3,9184,2026-12-09T13:37:06+07:00
3934,30399,10178,325,2026-09-19,1,4169,2026-09-16T23:39:08+07:00
3935,30405,10181,515,2026-10-02,2,4295,2026-08-21T02:03:43+07:00
3936,30410,10182,247,2026-07-10,4,39892,2026-06-08T21:00:30+07:00
3937,30413,10183,758,2026-09-16,1,14214,2026-09-13T13:06:23+07:00
3938,30415,10184,676,2026-09-11,5,6248,2026-08-12T02:07:03+07:00
3939,30425,10187,27,2026-11-30,9,18014,2026-11-01T17:39:47+07:00
3940,30432,10190,337,2026-08-21,11,14378,2026-07-20T16:03:24+07:00
3941,30444,10194,662,2026-09-15,1,6685,2026-09-11T13:01:00+07:00
3942,30441,10194,291,2026-11-15,2,11882,2026-11-14T17:32:50+07:00
3943,30457,10200,216,2026-11-13,3,23793,2026-10-26T17:15:46+07:00
3944,30464,10203,716,2026-04-16,12,33216,2026-04-05T23:35:40+07:00
3945,30468,10206,700,2027-01-16,3,5630,2026-12-11T22:11:02+07:00
3946,30466,10206,642,2027-01-08,3,11921,2026-12-14T22:19:59+07:00
3947,30484,10210,312,2027-01-17,3,4506,2026-12-04T19:24:27+07:00
3948,30493,10214,779,2026-10-06,1,4169,2026-10-06T13:53:23+07:00
3949,30508,10218,772,2026-11-09,3,11628,2026-11-06T10:07:11+07:00
3950,30509,10219,173,2026-08-20,5,9692,2026-07-26T15:25:45+07:00
3951,30519,10222,110,2026-02-18,1,12644,2026-02-15T14:52:39+07:00
3952,30526,10225,284,2026-12-09,11,21976,2026-11-26T02:32:52+07:00
3953,30533,10227,381,2026-08-21,4,28118,2026-08-02T21:02:00+07:00
3954,30540,10230,417,2026-11-06,12,16765,2026-10-16T17:25:41+07:00
3955,30557,10237,581,2026-09-25,12,19900,2026-09-11T23:21:17+07:00
3956,30555,10237,569,2026-12-05,9,21941,2026-11-06T18:20:52+07:00
3957,30573,10243,245,2026-08-16,2,11313,2026-08-14T15:37:13+07:00
3958,30576,10244,456,2026-05-09,6,10240,2026-04-30T11:41:22+07:00
3959,30595,10253,165,2026-02-27,2,7220,2026-02-15T15:31:12+07:00
3960,30597,10253,338,2026-07-08,4,19088,2026-05-13T20:11:32+07:00
3961,30603,10255,325,2026-06-22,1,3933,2026-06-18T22:34:08+07:00
3962,30605,10256,409,2026-10-20,10,22452,2026-10-03T17:59:17+07:00
3963,30621,10261,362,2026-08-06,11,14605,2026-07-31T16:46:18+07:00
3964,30620,10261,744,2026-09-01,4,2959,2026-08-28T17:40:45+07:00
3965,30633,10263,177,2026-07-31,7,9503,2026-07-07T22:59:50+07:00
3966,30631,10263,196,2026-10-20,9,31655,2026-09-13T10:48:19+07:00
3967,30640,10266,83,2027-01-01,2,12864,2026-12-06T14:35:31+07:00
3968,30649,10269,384,2026-11-28,9,19516,2026-10-20T19:58:40+07:00
3969,30661,10272,499,2026-12-26,3,6833,2026-12-14T16:02:40+07:00
3970,30665,10273,60,2026-02-24,12,14493,2026-02-05T16:32:59+07:00
3971,30664,10273,337,2026-03-20,7,8404,2026-03-04T20:24:38+07:00
3972,30672,10275,295,2027-01-15,4,18520,2026-12-25T08:56:46+07:00
3973,30677,10277,618,2026-07-15,10,15625,2026-07-07T19:37:44+07:00
3974,30680,10279,600,2026-12-25,2,11157,2026-12-17T00:13:40+07:00
3975,30706,10288,88,2026-12-27,4,13935,2026-11-22T22:41:13+07:00
3976,30730,10294,109,2026-11-20,10,10621,2026-10-18T10:02:13+07:00
3977,30736,10295,675,2026-11-10,1,4510,2026-11-07T12:39:18+07:00
3978,30739,10296,516,2027-02-12,4,12839,2026-12-19T17:10:02+07:00
3979,30740,10296,481,2027-02-12,4,9698,
3980,30750,10299,122,2026-07-24,4,33459,2026-07-12T23:04:30+07:00
3981,30757,10302,112,2026-06-04,8,19426,2026-05-26T15:27:46+07:00
3982,30760,10302,315,2026-07-16,8,18397,2026-06-27T22:30:56+07:00
3983,30768,10305,564,2026-10-28,3,11383,2026-08-30T08:34:14+07:00
3984,30791,10312,258,2026-06-09,9,17080,2026-05-08T17:45:35+07:00
3985,30808,10318,572,2026-04-28,1,4816,2026-04-25T19:34:26+07:00
3986,30820,10321,677,2026-12-21,1,17962,2026-12-20T02:09:26+07:00
3987,30824,10322,339,2026-05-12,7,9198,2026-03-29T23:23:29+07:00
3988,30825,10323,554,2026-11-02,1,17796,2026-11-02T19:35:42+07:00
3989,30853,10334,412,2026-09-24,1,6858,2026-09-21T11:11:47+07:00
3990,30858,10338,256,2026-09-26,1,5994,2026-09-24T18:18:24+07:00
3991,30866,10340,527,2026-09-23,3,67864,2026-09-22T15:01:10+07:00
3992,30874,10344,524,2026-11-23,3,18095,2026-11-19T22:41:28+07:00
3993,30884,10347,551,2026-12-25,3,9313,2026-11-23T09:56:19+07:00
3994,30903,10352,262,2026-11-21,3,17282,
3995,30907,10353,139,2026-11-27,3,14997,2026-09-28T19:58:41+07:00
3996,30910,10354,261,2026-09-03,8,9872,2026-07-25T21:53:27+07:00
3997,30913,10354,111,2026-09-11,10,24994,2026-08-03T14:05:45+07:00
3998,30912,10354,86,2026-09-10,8,9656,2026-08-17T00:40:34+07:00
3999,30918,10356,51,2026-07-22,6,14316,2026-07-07T20:42:53+07:00
4000,30921,10357,99,2026-03-19,11,20319,2026-02-11T15:19:48+07:00
4001,30927,10358,404,2026-06-23,8,12894,2026-06-14T10:55:56+07:00
4002,30944,10365,565,2026-10-02,3,19090,2026-09-18T12:29:54+07:00
4003,30943,10365,576,2026-10-23,3,5841,2026-09-28T09:45:21+07:00
4004,30962,10369,2,2026-08-22,10,31933,2026-07-17T12:49:47+07:00
4005,30960,10369,691,2026-09-11,6,15012,2026-09-06T02:36:18+07:00
4006,30963,10370,31,2026-12-25,4,30463,2026-12-01T17:06:45+07:00
4007,30985,10375,76,2026-09-07,5,17905,2026-08-03T08:56:28+07:00
4008,30999,10378,322,2026-11-15,2,4650,2026-10-25T15:13:40+07:00
4009,31015,10385,4,2026-07-03,3,12622,2026-06-03T09:28:37+07:00
4010,31026,10388,543,2026-09-28,2,11121,2026-09-27T16:27:42+07:00
4011,31025,10388,154,2026-10-03,1,3450,2026-09-29T19:10:14+07:00
4012,31021,10388,578,2026-11-26,2,16218,2026-11-26T14:59:00+07:00
4013,31033,10391,249,2026-11-07,3,12373,2026-09-23T05:54:39+07:00
4014,31037,10392,525,2026-09-15,3,4831,2026-08-04T19:31:22+07:00
4015,31035,10392,323,2026-09-16,10,27834,2026-08-17T15:17:30+07:00
4016,31042,10394,369,2026-12-15,5,13042,2026-11-11T21:24:37+07:00
4017,31059,10400,408,2026-03-29,3,25530,2026-03-20T13:54:04+07:00
4018,31070,10404,495,2026-10-08,1,7062,2026-10-04T15:08:42+07:00
4019,31083,10408,623,2026-08-13,2,26486,2026-08-11T21:01:24+07:00
4020,31090,10411,76,2026-05-19,5,20318,2026-05-06T13:35:31+07:00
4021,31117,10418,318,2026-06-06,2,12046,2026-04-18T19:12:58+07:00
4022,31126,10420,38,2026-11-25,5,18537,2026-11-03T11:41:14+07:00
4023,31128,10421,146,2026-09-08,2,2884,2026-08-23T00:43:06+07:00
4024,31139,10424,428,2026-09-04,3,34878,2026-08-16T20:52:31+07:00
4025,31142,10425,519,2026-03-25,12,11898,2026-02-26T14:31:15+07:00
4026,31144,10425,767,2026-04-09,10,17373,2026-04-01T16:57:12+07:00
4027,31151,10427,450,2026-10-30,3,18448,2026-10-06T16:45:55+07:00
4028,31168,10432,255,2026-09-17,9,21871,2026-08-10T21:24:27+07:00
4029,31196,10442,109,2026-12-13,11,11432,2026-12-02T21:25:34+07:00
4030,31198,10443,634,2027-01-20,12,17238,2026-12-11T00:02:09+07:00
4031,31205,10445,745,2026-11-07,3,5063,
4032,31220,10451,634,2026-09-14,5,7295,2026-08-28T00:18:06+07:00
4033,31233,10454,678,2026-06-08,8,12936,2026-05-05T11:17:58+07:00
4034,31242,10456,553,2026-12-25,2,3035,2026-12-01T11:12:03+07:00
4035,31245,10456,338,2026-12-18,4,20593,2026-12-05T00:06:41+07:00
4036,31243,10456,262,2027-02-04,5,29003,2026-12-11T13:20:33+07:00
4037,31241,10456,327,2027-01-29,4,19825,2026-12-14T19:31:07+07:00
4038,31254,10459,611,2026-12-19,2,9771,2026-11-18T02:22:48+07:00
4039,31261,10463,60,2026-08-21,7,9952,2026-08-13T14:17:43+07:00
4040,31267,10465,709,2026-06-13,5,11464,2026-06-10T14:35:06+07:00
4041,31278,10468,124,2026-12-18,4,9779,
4042,31302,10476,434,2026-07-23,2,15105,2026-07-21T00:01:18+07:00
4043,31300,10476,431,2026-09-04,2,44514,2026-09-02T01:15:24+07:00
4044,31322,10480,745,2026-12-05,4,7601,2026-10-29T23:35:51+07:00
4045,31328,10483,242,2026-10-30,2,11222,2026-09-20T10:54:15+07:00
4046,31327,10483,672,2026-12-04,3,15777,2026-10-09T17:26:19+07:00
4047,31330,10484,303,2026-12-22,10,28407,
4048,31337,10486,517,2026-11-20,3,9380,2026-10-08T19:05:51+07:00
4049,31342,10488,70,2026-11-27,3,5668,2026-10-23T21:34:21+07:00
4050,31349,10489,212,2026-10-30,3,26947,2026-09-09T14:53:21+07:00
4051,31351,10490,475,2026-10-09,3,6308,2026-10-06T18:25:44+07:00
4052,31359,10491,618,2026-10-17,5,9478,2026-09-24T17:30:14+07:00
4053,31369,10497,15,2026-09-04,3,8223,2026-08-05T09:04:16+07:00
4054,31370,10497,353,2026-12-11,2,20896,2026-10-09T19:43:09+07:00
4055,31374,10498,552,2026-02-06,3,5687,2026-01-12T10:21:52+07:00
4056,31382,10501,607,2026-09-13,1,8850,2026-09-13T01:21:21+07:00
4057,31385,10503,154,2026-12-08,5,18249,2026-11-17T21:17:08+07:00
4058,31396,10506,420,2026-10-16,3,115383,2026-10-15T23:19:29+07:00
4059,31407,10510,639,2026-08-14,4,22351,2026-07-29T17:31:47+07:00
4060,31410,10511,134,2026-05-12,9,16779,2026-05-08T18:16:26+07:00
4061,31422,10519,314,2026-12-25,6,21864,2026-11-27T09:53:26+07:00
4062,31432,10523,608,2026-11-10,4,2723,2026-10-08T10:40:35+07:00
4063,31452,10527,87,2026-05-23,3,15472,2026-05-10T10:06:20+07:00
4064,31464,10532,421,2026-03-11,1,9151,2026-03-10T10:53:58+07:00
4065,31476,10534,85,2026-08-14,12,11007,2026-07-26T10:33:19+07:00
4066,31490,10538,79,2026-11-20,3,17430,2026-10-31T17:46:46+07:00
4067,31528,10552,523,2026-10-09,11,23425,2026-09-21T20:49:16+07:00
4068,31553,10563,416,2026-12-23,4,12087,2026-12-15T20:10:29+07:00
4069,31572,10570,154,2027-01-08,5,20057,2026-12-12T18:41:53+07:00
4070,31579,10571,796,2026-10-22,5,5565,2026-10-11T17:28:56+07:00
4071,31589,10576,5,2026-05-23,8,8617,2026-04-19T01:06:04+07:00
4072,31611,10582,212,2026-08-07,3,24982,2026-07-09T23:38:05+07:00
4073,31616,10584,690,2026-04-27,12,17549,2026-04-20T15:46:54+07:00
4074,31625,10587,244,2026-11-13,2,7514,2026-10-03T14:34:55+07:00
4075,31629,10589,719,2026-07-10,5,30582,2026-06-18T02:38:19+07:00
4076,31652,10596,542,2026-02-15,2,10331,2026-02-12T15:47:55+07:00
4077,31662,10600,145,2027-01-12,12,15768,2026-12-05T16:42:23+07:00
4078,31664,10601,616,2026-06-20,1,6273,
4079,31698,10613,184,2026-07-17,4,7860,2026-06-06T19:11:58+07:00
4080,31706,10614,48,2026-10-17,3,6876,2026-10-05T09:26:06+07:00
4081,31712,10616,182,2026-10-19,1,8019,2026-10-19T01:47:57+07:00
4082,31714,10617,696,2026-11-14,5,9258,2026-10-01T15:09:59+07:00
4083,31713,10617,558,2027-01-14,10,23331,2026-12-02T06:48:03+07:00
4084,31726,10620,157,2026-08-14,5,6194,2026-07-16T12:04:56+07:00
4085,31738,10623,288,2026-06-11,8,14561,2026-05-11T21:29:20+07:00
4086,31739,10623,48,2026-08-07,4,7642,2026-07-14T19:48:42+07:00
4087,31745,10626,518,2026-10-13,3,9669,2026-09-08T21:31:09+07:00
4088,31754,10628,656,2026-11-13,3,4021,2026-10-17T20:41:17+07:00
4089,31759,10629,505,2026-05-01,5,10754,2026-03-27T16:15:31+07:00
4090,31757,10629,29,2026-06-26,9,34501,2026-06-01T10:10:32+07:00
4091,31760,10630,307,2026-11-11,8,25995,2026-11-01T20:35:08+07:00
4092,31766,10631,635,2026-10-01,4,4908,2026-09-14T21:17:32+07:00
4093,31778,10634,525,2026-11-03,8,13721,2026-10-07T22:31:07+07:00
4094,31781,10635,121,2026-08-30,2,11328,2026-08-28T01:08:10+07:00
4095,31784,10637,620,2026-07-01,5,3591,2026-06-26T02:51:51+07:00
4096,31795,10642,624,2026-10-03,4,10507,2026-09-03T00:31:17+07:00
4097,31799,10642,295,2026-11-13,3,14229,2026-09-29T14:15:27+07:00
4098,31814,10646,413,2026-10-04,11,17847,2026-09-23T21:32:49+07:00
4099,31838,10652,634,2026-10-23,2,3290,2026-08-26T09:29:55+07:00
4100,31842,10653,596,2026-04-08,12,30264,2026-03-10T23:41:48+07:00
4101,31854,10656,749,2026-12-19,2,7102,2026-12-19T01:04:11+07:00
4102,31872,10662,786,2026-08-21,2,3688,2026-06-20T22:17:26+07:00
4103,31873,10663,207,2026-09-01,9,9134,2026-07-22T01:42:41+07:00
4104,31884,10666,589,2027-01-04,4,9400,2026-12-22T21:45:01+07:00
4105,31896,10671,676,2026-08-20,8,8517,2026-08-13T14:08:23+07:00
4106,31904,10673,124,2026-04-19,7,20217,2026-04-07T12:29:50+07:00
4107,31909,10674,40,2027-01-15,2,19232,
4108,31918,10677,505,2026-08-01,2,4884,2026-06-25T16:13:30+07:00
4109,31924,10678,565,2026-05-06,1,6659,2026-05-05T21:27:08+07:00
4110,31931,10681,634,2026-09-18,3,5133,2026-08-10T00:23:48+07:00
4111,31940,10684,746,2026-08-07,4,7654,
4112,31948,10684,349,2026-07-27,3,14369,2026-07-18T10:36:52+07:00
4113,31958,10687,13,2026-07-21,1,7509,2026-07-19T12:08:18+07:00
4114,31954,10687,30,2026-07-23,2,16137,2026-07-21T14:02:27+07:00
4115,31966,10690,77,2026-11-27,3,10054,2026-10-03T12:39:15+07:00
4116,31970,10691,504,2026-11-03,4,9427,2026-09-24T13:04:57+07:00
4117,31969,10691,335,2026-10-02,6,7055,2026-09-27T14:44:40+07:00
4118,31974,10692,200,2026-11-22,8,21134,2026-11-07T01:20:18+07:00
4119,31978,10694,315,2026-10-26,9,20656,2026-09-24T23:51:51+07:00
4120,31985,10695,433,2026-12-18,4,38266,2026-11-13T21:52:35+07:00
4121,31990,10696,445,2026-10-13,8,35458,2026-08-31T17:45:55+07:00
4122,31991,10696,738,2026-11-11,11,24413,2026-10-03T09:02:35+07:00
4123,31998,10698,595,2026-09-20,5,2973,2026-09-01T19:45:59+07:00
4124,32000,10699,582,2026-11-05,6,13250,2026-10-06T00:12:33+07:00
4125,32003,10701,357,2026-12-21,2,15798,2026-12-20T18:50:36+07:00
4126,32005,10701,274,2026-12-26,2,7022,
4127,32013,10702,83,2026-09-11,2,15580,2026-09-11T10:00:45+07:00
4128,32024,10706,17,2026-04-05,1,4608,2026-04-03T01:10:58+07:00
4129,32030,10707,329,2027-01-08,2,15098,2026-11-25T12:04:55+07:00
4130,32036,10709,411,2026-08-16,4,30760,2026-08-08T01:23:54+07:00
4131,32041,10710,453,2026-08-27,1,2845,2026-08-23T21:02:31+07:00
4132,32039,10710,158,2026-11-05,3,13062,2026-11-04T23:42:36+07:00
4133,32047,10711,278,2026-10-22,4,11033,2026-10-12T16:47:13+07:00
4134,32051,10713,724,2026-03-28,2,40001,2026-03-24T20:23:29+07:00
4135,32057,10716,47,2026-06-22,3,9201,2026-06-03T18:21:25+07:00
4136,32066,10718,160,2026-09-12,2,8059,2026-07-26T02:12:47+07:00
4137,32065,10718,634,2026-08-21,2,3409,2026-08-01T07:43:35+07:00
4138,32073,10719,479,2026-08-21,5,32354,2026-07-04T11:28:15+07:00
4139,32086,10723,612,2026-03-27,5,16458,2026-02-17T16:23:23+07:00
4140,32091,10726,407,2026-11-13,4,23543,2026-10-10T12:56:06+07:00
4141,32096,10728,513,2026-11-13,5,7160,2026-10-19T17:17:40+07:00
4142,32099,10729,507,2026-10-31,3,4423,2026-09-28T00:29:14+07:00
4143,32124,10735,543,2026-12-01,1,5171,2026-11-29T13:13:00+07:00
4144,32127,10736,494,2026-12-08,4,7087,2026-10-11T04:06:50+07:00
4145,32142,10740,480,2026-09-27,12,16888,2026-09-24T21:49:48+07:00
4146,32149,10743,721,2027-02-05,3,6107,2026-12-14T12:29:50+07:00
4147,32163,10749,796,2026-09-02,3,3010,2026-07-10T18:50:19+07:00
4148,32166,10750,493,2026-11-20,3,13234,2026-10-03T18:24:56+07:00
4149,32171,10752,196,2026-05-20,3,9492,
4150,32184,10756,171,2026-06-03,6,8270,2026-05-03T23:10:18+07:00
4151,32188,10757,783,2026-12-12,8,8972,2026-11-16T17:00:47+07:00
4152,32189,10758,230,2027-01-16,3,3810,2026-12-21T14:33:06+07:00
4153,32203,10761,658,2026-10-17,3,5478,2026-09-17T17:24:23+07:00
4154,32208,10763,38,2026-08-14,4,14643,2026-07-13T11:03:26+07:00
4155,32212,10765,779,2026-09-25,3,14511,2026-09-10T01:59:11+07:00
4156,32221,10767,381,2026-10-02,3,18813,2026-09-11T13:15:20+07:00
4157,32223,10768,308,2026-10-20,2,8351,2026-10-19T08:40:30+07:00
4158,32227,10769,559,2026-12-20,2,9734,2026-12-16T22:52:50+07:00
4159,32236,10773,7,2026-09-15,1,6987,2026-09-11T23:08:12+07:00
4160,32239,10774,109,2026-08-21,10,11338,2026-07-10T00:29:48+07:00
4161,32237,10774,169,2026-09-18,12,23618,2026-08-06T01:55:34+07:00
4162,32248,10777,158,2026-06-11,3,10889,2026-06-04T18:43:59+07:00
4163,32249,10777,278,2026-09-05,3,8741,2026-07-30T07:55:30+07:00
4164,32254,10779,51,2026-10-07,3,7412,2026-09-02T01:24:25+07:00
4165,32256,10780,150,2026-12-05,11,12071,2026-12-02T13:43:57+07:00
4166,32264,10781,42,2027-02-05,4,14907,2026-12-21T11:32:58+07:00
4167,32277,10785,241,2026-11-27,5,47668,2026-10-20T01:57:48+07:00
4168,32278,10786,160,2026-12-15,1,4285,2026-12-12T19:59:35+07:00
4169,32290,10790,282,2026-10-23,5,11347,2026-10-08T00:02:25+07:00
4170,32294,10791,136,2027-01-29,7,5966,2026-12-25T21:06:55+07:00
4171,32296,10792,660,2026-12-12,3,6706,
4172,32300,10794,15,2026-09-04,5,12828,2026-08-05T23:12:28+07:00
4173,32304,10796,242,2026-08-26,2,13410,2026-08-26T17:19:59+07:00
4174,32311,10799,484,2026-11-06,4,11197,2026-10-08T11:34:42+07:00
4175,32314,10799,696,2026-12-11,4,6656,2026-10-11T21:49:32+07:00
4176,32316,10800,357,2026-10-30,4,33805,2026-09-05T21:40:06+07:00
4177,32321,10801,515,2026-10-03,4,8978,
4178,32326,10802,586,2026-11-18,2,11180,2026-11-16T18:52:54+07:00
4179,32330,10803,737,2026-04-17,4,6603,
4180,32329,10803,236,2026-03-20,2,9610,2026-02-26T20:46:46+07:00
4181,32332,10804,772,2026-12-25,3,9723,2026-11-04T23:23:56+07:00
4182,32342,10808,677,2026-08-02,2,35268,2026-08-01T09:00:12+07:00
4183,32345,10810,532,2026-12-11,3,10447,2026-12-03T11:36:41+07:00
4184,32354,10813,595,2026-10-25,3,1885,2026-10-04T23:15:34+07:00
4185,32356,10814,324,2026-10-16,3,9337,2026-09-12T21:07:29+07:00
4186,32358,10814,767,2026-10-24,2,3828,2026-09-30T16:09:16+07:00
4187,32375,10819,324,2026-07-31,4,12266,2026-06-24T00:35:13+07:00
4188,32383,10822,396,2026-03-10,5,22114,2026-02-27T12:02:18+07:00
4189,32387,10823,49,2026-11-27,2,13083,2026-11-06T06:41:03+07:00
4190,32391,10824,170,2026-12-04,2,36129,2026-12-03T16:16:46+07:00
4191,32395,10826,315,2026-11-18,7,13874,2026-10-27T15:07:39+07:00
4192,32397,10826,505,2026-12-04,6,13289,2026-11-01T19:13:08+07:00
4193,32396,10826,781,2026-12-05,6,8030,2026-11-23T10:39:17+07:00
4194,32407,10830,376,2026-03-18,10,11782,2026-02-26T09:34:41+07:00
4195,32418,10834,508,2026-10-24,2,6911,2026-10-21T18:10:41+07:00
4196,32444,10843,764,2026-07-05,7,7100,2026-06-29T12:16:25+07:00
4197,32455,10846,133,2026-05-15,2,15772,2026-04-25T12:07:09+07:00
4198,32467,10849,141,2026-09-02,3,5934,2026-07-08T01:37:48+07:00
4199,32477,10853,168,2026-06-19,2,6899,2026-05-15T10:47:54+07:00
4200,32480,10854,313,2026-08-16,3,8004,2026-08-13T18:46:17+07:00
4201,32491,10856,433,2026-03-21,2,20653,2026-03-18T07:42:02+07:00
4202,32506,10863,445,2026-09-04,3,12439,2026-07-21T23:14:06+07:00
4203,32531,10869,16,2026-12-13,3,8583,2026-12-01T20:50:26+07:00
4204,32535,10870,482,2026-09-02,6,14483,2026-07-21T17:16:06+07:00
4205,32541,10872,52,2026-10-26,7,10820,2026-10-17T02:11:53+07:00
4206,32546,10875,464,2027-01-08,4,8567,2026-11-20T15:23:58+07:00
4207,32555,10879,274,2026-08-04,1,3564,2026-08-02T21:42:31+07:00
4208,32558,10880,702,2027-01-16,5,14471,2026-12-21T15:42:07+07:00
4209,32564,10881,522,2026-02-20,2,3332,2026-01-18T23:15:19+07:00
4210,32569,10884,335,2026-12-11,6,6400,2026-12-06T20:51:38+07:00
4211,32574,10886,42,2026-08-29,3,10633,2026-08-26T12:32:02+07:00
4212,32578,10887,349,2027-01-01,4,23062,2026-11-01T07:55:52+07:00
4213,32595,10892,319,2027-01-10,11,23321,2026-12-31T17:07:44+07:00
4214,32598,10893,612,2026-12-11,4,12461,2026-11-09T19:34:01+07:00
4215,32604,10895,788,2026-04-19,5,13455,2026-03-24T15:06:08+07:00
4216,32621,10901,478,2027-01-29,4,26145,2026-12-11T00:26:50+07:00
4217,32627,10903,80,2026-03-30,2,12916,2026-03-29T19:31:16+07:00
4218,32625,10903,305,2026-04-04,2,25100,2026-04-01T00:33:36+07:00
4219,32632,10904,381,2026-11-21,3,20041,2026-10-23T16:56:55+07:00
4220,32639,10907,33,2027-01-07,5,14190,2026-12-16T10:36:43+07:00
4221,32640,10908,385,2026-10-07,4,7020,2026-09-06T07:15:11+07:00
4222,32649,10913,248,2026-03-28,4,7942,2026-03-12T11:51:53+07:00
4223,32663,10919,113,2026-04-20,3,9218,2026-02-27T17:06:36+07:00
4224,32667,10920,232,2026-05-04,6,14712,2026-04-09T02:27:15+07:00
4225,32668,10920,38,2026-05-08,12,37041,
4226,32679,10924,341,2026-06-20,6,10716,2026-06-16T16:54:34+07:00
4227,32684,10925,210,2026-12-11,4,13718,2026-11-04T00:15:26+07:00
4228,32686,10927,245,2026-04-22,2,12396,2026-04-21T13:08:37+07:00
4229,32700,10931,663,2026-09-07,8,12604,2026-07-28T14:13:33+07:00
4230,32710,10934,210,2026-10-14,12,41944,2026-09-25T22:14:31+07:00
4231,32713,10934,670,2026-10-21,11,28615,2026-10-16T21:34:59+07:00
4232,32721,10937,467,2026-06-05,2,14743,2026-05-16T10:07:14+07:00
4233,32738,10943,537,2026-11-19,9,26924,2026-10-20T22:04:53+07:00
4234,32750,10945,238,2026-11-16,2,15090,2026-11-12T23:17:36+07:00
4235,32767,10951,318,2026-05-11,1,6400,2026-05-09T20:38:16+07:00
4236,32764,10951,611,2026-06-04,1,4790,
4237,32766,10951,715,2026-07-03,1,3508,2026-06-30T12:20:54+07:00
4238,32769,10952,573,2026-07-18,9,16670,2026-07-06T15:37:59+07:00
4239,32781,10956,766,2027-01-16,7,4466,2026-12-21T18:31:59+07:00
4240,32783,10957,214,2026-08-03,3,24385,2026-08-03T13:02:03+07:00
4241,32812,10967,401,2026-12-05,10,23669,2026-11-26T09:55:09+07:00
4242,32816,10968,80,2026-12-09,2,14896,2026-10-23T22:46:01+07:00
4243,32819,10970,491,2026-10-12,2,9918,2026-10-12T19:59:02+07:00
4244,32830,10973,336,2026-07-11,1,6118,2026-07-11T21:28:40+07:00
4245,32838,10975,690,2026-06-05,3,4963,2026-05-17T01:10:47+07:00
4246,32835,10975,697,2026-07-10,4,11783,2026-06-13T09:39:40+07:00
4247,32839,10975,667,2026-07-03,3,8573,2026-06-15T07:46:21+07:00
4248,32844,10978,701,2026-09-30,4,10423,2026-08-18T19:03:25+07:00
4249,32849,10979,378,2027-01-27,9,17350,2026-12-28T13:35:41+07:00
4250,32864,10986,425,2026-11-20,4,44177,2026-09-26T13:31:26+07:00
4251,32870,10989,76,2027-01-15,5,20127,2026-11-25T22:41:59+07:00
4252,32873,10990,562,2026-10-06,3,5531,2026-09-17T20:39:38+07:00
4253,32893,10995,119,2026-01-29,9,32917,2026-01-25T12:48:11+07:00
4254,32899,10997,166,2026-05-19,4,5210,2026-05-12T12:08:24+07:00
4255,32901,10998,460,2026-08-14,5,16601,2026-08-02T02:18:22+07:00
4256,32921,11005,340,2026-11-02,1,16908,2026-11-01T23:13:02+07:00
4257,32927,11006,70,2027-01-22,2,3752,2026-12-05T13:12:53+07:00
4258,32932,11009,379,2026-11-21,9,22020,2026-11-14T22:38:58+07:00
4259,32934,11009,173,2026-12-29,10,18818,2026-11-17T17:55:30+07:00
4260,32946,11014,795,2026-10-18,9,5158,
4261,32963,11018,400,2026-02-27,4,13316,2026-02-14T02:30:28+07:00
4262,32961,11018,425,2026-03-27,2,21606,2026-02-23T18:06:06+07:00
4263,32969,11020,385,2026-07-05,8,15571,2026-06-09T16:56:24+07:00
4264,32970,11020,568,2026-07-06,9,10199,2026-06-14T03:15:48+07:00
4265,32975,11022,8,2026-11-24,1,4329,2026-11-23T14:07:32+07:00
4266,32977,11023,270,2026-10-16,4,4789,2026-09-29T09:53:26+07:00
4267,32979,11023,173,2026-12-12,9,17775,2026-11-01T14:57:02+07:00
4268,32992,11028,71,2026-11-25,11,32485,2026-11-09T19:54:33+07:00
4269,33019,11042,524,2026-10-24,2,11205,2026-09-14T18:32:50+07:00
4270,33018,11042,208,2026-11-13,4,31217,2026-10-16T13:58:54+07:00
4271,33035,11047,740,2027-01-16,7,11922,2026-12-04T12:09:39+07:00
4272,33037,11047,37,2027-01-13,9,9727,2026-12-18T07:17:46+07:00
4273,33039,11048,46,2026-12-20,2,16740,2026-12-17T08:27:24+07:00
4274,33045,11049,21,2026-05-29,1,7135,2026-05-26T19:50:27+07:00
4275,33061,11053,146,2027-01-01,2,2944,2026-12-25T19:00:50+07:00
4276,33072,11057,248,2026-11-16,9,22204,2026-10-28T18:23:13+07:00
4277,33071,11057,134,2027-01-15,10,19999,2026-12-15T21:28:59+07:00
4278,33073,11058,157,2026-11-14,8,8560,2026-11-06T01:53:15+07:00
4279,33080,11060,600,2026-10-03,2,11551,2026-10-02T13:42:28+07:00
4280,33087,11064,144,2026-11-26,2,9471,2026-11-22T01:07:14+07:00
4281,33091,11065,282,2027-02-11,4,8621,2026-12-31T01:46:41+07:00
4282,33092,11066,88,2026-08-22,9,27994,2026-08-15T10:21:19+07:00
4283,33102,11068,399,2026-04-10,3,17703,2026-03-27T02:05:04+07:00
4284,33101,11068,148,2026-05-24,3,4220,2026-05-16T15:38:25+07:00
4285,33109,11069,348,2026-07-17,2,6895,2026-06-12T19:23:09+07:00
4286,33124,11076,186,2026-09-13,2,11230,2026-09-12T00:31:18+07:00
4287,33139,11081,518,2026-12-07,5,17255,2026-10-16T02:08:39+07:00
4288,33140,11082,411,2026-09-18,2,16402,2026-07-27T01:47:18+07:00
4289,33156,11086,550,2026-10-15,6,10099,2026-09-16T01:58:27+07:00
4290,33158,11087,779,2026-08-07,3,14093,2026-06-28T10:04:08+07:00
4291,33157,11087,641,2026-07-23,3,7938,
4292,33169,11092,499,2026-10-16,6,13783,2026-09-23T11:16:49+07:00
4293,33172,11092,458,2026-11-03,6,9228,2026-10-26T23:39:50+07:00
4294,33183,11096,398,2026-11-05,8,31263,2026-10-09T21:16:42+07:00
4295,33187,11097,11,2026-09-11,2,4770,2026-08-29T20:10:36+07:00
4296,33191,11098,117,2026-10-31,2,13554,2026-10-30T02:19:36+07:00
4297,33201,11101,73,2026-12-03,1,13840,2026-12-01T19:21:26+07:00
4298,33212,11103,199,2026-03-01,3,8594,2026-02-13T22:48:06+07:00
4299,33223,11107,676,2026-11-09,2,2370,2026-10-04T12:32:42+07:00
4300,33219,11107,263,2027-01-23,3,7353,2026-11-28T23:03:25+07:00
4301,33224,11108,307,2026-08-06,8,24964,2026-07-29T22:25:42+07:00
4302,33246,11115,483,2026-12-28,2,9809,2026-12-24T08:20:58+07:00
4303,33251,11118,414,2026-09-08,2,33015,2026-09-05T18:21:17+07:00
4304,33253,11118,87,2026-09-18,1,5388,2026-09-17T02:31:16+07:00
4305,33254,11119,286,2026-10-10,8,10602,2026-09-03T15:04:02+07:00
4306,33263,11122,650,2026-11-30,5,4904,2026-10-27T19:58:51+07:00
4307,33285,11129,246,2026-07-31,2,54124,2026-07-28T19:25:32+07:00
4308,33291,11130,682,2027-01-08,3,7233,2026-11-09T20:49:04+07:00
4309,33294,11131,789,2026-05-29,4,17190,2026-03-31T18:22:23+07:00
4310,33298,11134,754,2026-12-04,4,10494,2026-11-05T21:39:05+07:00
4311,33308,11137,36,2026-06-25,10,36072,2026-06-17T16:13:33+07:00
4312,33327,11146,88,2026-10-31,12,39481,2026-09-29T01:23:35+07:00
4313,33328,11146,670,2026-12-27,10,25965,2026-11-22T11:39:49+07:00
4314,33349,11156,523,2026-12-30,7,17555,2026-12-26T22:47:38+07:00
4315,33352,11157,282,2027-01-15,2,3854,2026-12-14T09:30:30+07:00
4316,33354,11159,786,2026-10-16,11,20902,2026-09-26T21:37:28+07:00
4317,33361,11161,633,2026-11-07,11,6827,2026-10-26T06:39:28+07:00
4318,33365,11162,396,2026-09-04,4,15516,2026-08-03T08:33:08+07:00
4319,33364,11162,360,2026-10-30,3,27146,2026-09-10T14:48:11+07:00
4320,33384,11170,205,2026-06-02,6,11213,2026-05-21T22:43:08+07:00
4321,33388,11171,611,2026-06-12,4,17983,2026-05-18T01:45:49+07:00
4322,33392,11172,61,2026-06-17,2,8207,2026-06-14T10:44:09+07:00
4323,33401,11175,254,2026-09-22,4,14292,
4324,33410,11178,498,2026-10-30,3,11092,2026-09-03T21:05:21+07:00
4325,33414,11179,675,2026-11-24,2,7824,
4326,33417,11180,483,2026-10-09,2,9184,2026-09-14T21:52:22+07:00
4327,33425,11182,799,2026-08-31,2,6756,2026-08-29T19:45:09+07:00
4328,33435,11184,357,2026-04-18,3,25263,2026-02-21T00:28:29+07:00
4329,33440,11187,317,2026-01-18,6,24050,2026-01-14T01:38:46+07:00
4330,33443,11188,188,2026-12-21,5,4738,2026-12-01T14:26:11+07:00
4331,33448,11189,187,2026-10-25,2,4743,2026-10-03T10:02:53+07:00
4332,33451,11189,262,2026-11-07,3,17231,2026-10-03T16:11:32+07:00
4333,33454,11191,94,2026-10-09,4,8971,2026-09-28T13:56:23+07:00
4334,33457,11192,797,2027-01-02,11,11084,2026-12-10T20:44:49+07:00
4335,33472,11195,321,2026-11-09,1,13169,2026-11-07T13:10:20+07:00
4336,33478,11196,173,2026-11-20,2,3606,2026-11-03T00:04:02+07:00
4337,33499,11202,473,2026-03-23,10,13636,2026-03-10T09:45:17+07:00
4338,33507,11206,354,2026-05-22,3,17316,
4339,33520,11209,20,2026-11-27,4,20421,2026-10-29T18:04:15+07:00
4340,33524,11211,628,2027-01-08,9,9325,2026-12-23T20:21:55+07:00
4341,33526,11212,488,2027-01-09,3,7730,2026-12-14T18:41:52+07:00
4342,33543,11217,106,2026-11-18,2,9922,2026-11-18T04:55:28+07:00
4343,33547,11218,784,2026-03-25,1,4615,2026-03-24T22:38:02+07:00
4344,33544,11218,252,2026-03-30,1,15204,2026-03-26T18:34:02+07:00
4345,33548,11218,351,2026-03-29,1,6644,2026-03-26T21:20:18+07:00
4346,33550,11218,443,2026-04-01,3,25491,2026-03-30T21:26:44+07:00
4347,33558,11221,94,2026-12-10,4,8013,
4348,33586,11228,34,2026-07-28,8,24513,2026-06-18T19:26:53+07:00
4349,33588,11229,445,2026-08-21,2,8754,2026-06-30T01:11:22+07:00
4350,33590,11229,755,2026-08-27,3,22023,
4351,33593,11230,65,2026-10-27,1,5985,2026-10-24T12:17:45+07:00
4352,33597,11231,626,2026-11-19,3,4256,2026-10-11T23:45:06+07:00
4353,33595,11231,728,2027-01-11,8,10377,2026-12-16T18:12:47+07:00
4354,33601,11232,440,2026-10-10,1,5892,2026-10-10T00:26:07+07:00
4355,33616,11236,107,2026-11-04,5,16725,2026-09-26T20:37:29+07:00
4356,33621,11239,228,2026-07-21,5,45406,2026-06-20T20:23:36+07:00
4357,33635,11241,216,2026-10-12,3,21102,2026-10-10T01:04:18+07:00
4358,33653,11249,140,2026-07-05,8,13547,2026-06-01T01:00:44+07:00
4359,33657,11250,317,2026-12-20,4,14128,2026-12-16T11:30:51+07:00
4360,33658,11251,172,2026-12-13,2,5321,2026-10-23T21:04:32+07:00
4361,33670,11256,772,2026-06-26,3,10466,2026-05-15T20:53:38+07:00
4362,33687,11261,245,2027-02-19,3,19809,2026-12-22T01:22:53+07:00
4363,33692,11263,549,2026-05-01,3,12038,2026-03-18T18:24:35+07:00
4364,33697,11267,670,2026-12-04,3,6590,2026-11-09T12:07:52+07:00
4365,33702,11268,514,2026-08-19,4,10567,2026-06-27T02:18:50+07:00
4366,33706,11268,771,2026-10-16,2,3208,2026-08-21T21:54:12+07:00
4367,33708,11269,509,2026-12-03,6,16631,2026-10-26T22:27:55+07:00
4368,33714,11270,661,2026-09-06,2,3134,2026-07-10T19:53:58+07:00
4369,33718,11271,300,2026-08-13,2,11943,2026-08-10T18:38:58+07:00
4370,33737,11278,438,2026-11-25,9,22571,2026-11-09T21:15:45+07:00
4371,33738,11279,644,2026-07-29,3,6965,2026-06-02T09:40:46+07:00
4372,33743,11280,332,2026-10-30,3,5300,2026-10-13T00:24:20+07:00
4373,33745,11281,427,2026-12-27,9,27583,2026-11-21T12:06:43+07:00
4374,33749,11282,395,2026-07-30,6,17022,2026-07-22T22:53:50+07:00
4375,33750,11282,204,2026-09-22,3,4610,2026-09-14T18:33:42+07:00
4376,33777,11291,141,2026-09-30,8,13080,2026-09-18T15:28:42+07:00
4377,33791,11298,272,2026-11-20,4,13533,2026-10-15T10:59:33+07:00
4378,33794,11299,359,2027-01-03,7,15810,2026-12-09T22:14:51+07:00
4379,33800,11300,415,2027-01-14,3,8044,2026-12-09T09:54:43+07:00
4380,33815,11307,594,2026-10-14,5,21072,2026-09-21T18:22:37+07:00
4381,33819,11308,25,2026-10-26,1,8551,2026-10-23T19:35:42+07:00
4382,33830,11310,291,2026-07-03,2,11557,2026-06-29T05:46:40+07:00
4383,33832,11311,548,2026-08-18,10,15548,2026-07-27T17:28:27+07:00
4384,33866,11320,546,2026-09-26,10,26706,2026-09-02T20:31:16+07:00
4385,33861,11320,374,2026-09-20,10,20167,2026-09-17T03:51:41+07:00
4386,33865,11320,203,2026-10-29,6,21690,2026-09-25T15:24:02+07:00
4387,33862,11320,407,2026-12-22,12,66152,2026-11-21T12:25:13+07:00
4388,33867,11321,257,2026-10-10,3,28659,2026-10-10T08:03:05+07:00
4389,33871,11323,474,2026-12-01,11,15245,2026-11-05T22:08:39+07:00
4390,33873,11324,384,2026-12-18,3,6072,2026-11-06T23:59:13+07:00
4391,33877,11325,567,2027-01-15,4,34769,2026-11-27T09:52:00+07:00
4392,33885,11327,314,2026-04-10,3,11335,2026-03-19T10:53:24+07:00
4393,33888,11328,659,2026-09-11,2,8398,2026-09-10T23:40:01+07:00
4394,33891,11329,790,2026-12-15,1,3136,2026-12-14T10:23:35+07:00
4395,33903,11335,393,2026-10-02,4,27796,2026-08-10T16:52:38+07:00
4396,33906,11337,228,2026-06-06,1,7603,2026-06-02T21:01:48+07:00
4397,33911,11338,23,2026-12-02,1,12488,2026-12-02T19:29:15+07:00
4398,33918,11341,7,2026-05-01,4,28792,2026-04-15T23:19:35+07:00
4399,33922,11342,104,2026-10-22,1,8135,2026-10-22T00:02:04+07:00
4400,33931,11344,322,2027-01-19,4,10307,2026-12-08T09:43:34+07:00
4401,33951,11351,303,2026-04-03,8,18796,2026-03-08T19:52:11+07:00
4402,33958,11352,523,2026-12-18,2,4871,2026-10-30T16:19:19+07:00
4403,33971,11356,539,2026-10-28,6,18680,2026-10-21T02:28:05+07:00
4404,33988,11362,695,2026-10-24,2,36818,2026-10-22T20:30:42+07:00
4405,33990,11362,238,2026-10-30,2,17282,2026-10-28T16:36:05+07:00
4406,33996,11363,189,2026-11-09,3,18434,2026-09-28T22:37:23+07:00
4407,34002,11365,266,2026-11-14,5,15023,2026-09-24T22:57:34+07:00
4408,34010,11368,302,2026-10-30,12,10128,2026-09-19T13:34:17+07:00
4409,34012,11369,644,2026-03-07,10,25202,2026-02-22T18:29:07+07:00
4410,34017,11370,189,2026-12-09,3,19598,2026-12-08T01:03:56+07:00
4411,34032,11375,599,2026-12-12,1,18199,2026-12-11T19:09:16+07:00
4412,34038,11377,373,2026-11-23,4,11757,2026-11-14T00:57:06+07:00
4413,34041,11379,261,2026-11-01,8,9850,2026-10-28T18:30:02+07:00
4414,34051,11383,218,2026-10-20,10,18876,2026-10-07T23:38:59+07:00
4415,34052,11384,432,2026-10-17,2,16906,2026-10-15T17:42:08+07:00
4416,34053,11385,56,2027-01-08,3,18502,
4417,34061,11387,266,2026-10-16,3,8333,2026-10-06T16:34:45+07:00
4418,34069,11389,529,2026-09-25,3,10273,2026-09-13T00:07:48+07:00
4419,34071,11391,230,2026-09-16,11,14242,2026-08-14T19:06:22+07:00
4420,34080,11392,439,2026-12-31,4,43503,2026-12-19T01:51:44+07:00
4421,34077,11392,317,2027-01-15,2,7658,2026-12-20T13:40:19+07:00
4422,34084,11395,637,2026-04-24,5,29008,2026-03-28T18:28:38+07:00
4423,34090,11396,361,2026-02-28,1,12537,2026-02-25T22:42:40+07:00
4424,34092,11398,510,2026-12-12,10,12302,2026-11-11T22:02:16+07:00
4425,34117,11406,68,2026-12-18,2,6934,2026-11-07T16:27:44+07:00
4426,34129,11410,698,2026-06-20,4,20925,2026-06-05T00:21:13+07:00
4427,34128,11410,242,2026-07-01,2,12377,2026-06-05T17:53:33+07:00
4428,34134,11414,747,2026-04-08,8,18381,2026-02-25T17:13:59+07:00
4429,34143,11416,582,2026-12-04,3,6711,2026-10-18T12:39:14+07:00
4430,34140,11416,147,2026-12-04,5,13833,2026-11-06T11:48:57+07:00
4431,34145,11417,167,2026-09-22,1,5817,2026-09-22T20:25:52+07:00
4432,34147,11418,594,2026-09-11,5,23542,2026-07-21T18:31:02+07:00
4433,34160,11420,413,2026-04-09,8,14232,2026-03-18T16:36:37+07:00
4434,34163,11422,45,2026-10-30,4,34325,2026-10-18T02:38:33+07:00
4435,34179,11427,546,2026-09-24,12,32878,2026-09-20T23:53:36+07:00
4436,34180,11429,611,2026-04-29,5,20689,2026-04-04T15:32:57+07:00
4437,34183,11430,355,2026-08-20,10,26719,2026-07-12T12:20:51+07:00
4438,34196,11433,71,2026-12-24,3,7255,2026-12-15T15:37:34+07:00
4439,34204,11436,76,2027-01-19,9,37951,2026-12-08T07:54:48+07:00
4440,34207,11437,416,2026-06-03,5,15666,2026-05-01T22:13:31+07:00
4441,34211,11439,731,2026-09-11,9,17186,2026-08-22T11:06:44+07:00
4442,34216,11440,322,2026-05-15,3,7069,2026-04-20T08:38:21+07:00
4443,34222,11442,722,2026-07-17,2,3468,2026-06-21T11:31:01+07:00
4444,34227,11443,60,2026-10-19,3,3726,2026-09-18T07:40:50+07:00
4445,34232,11444,636,2026-10-12,7,5431,
4446,34237,11446,1,2026-07-18,3,16995,2026-07-11T08:42:10+07:00
4447,34242,11448,786,2026-12-22,5,9588,2026-11-18T02:23:09+07:00
4448,34251,11450,94,2026-11-30,6,13508,2026-10-21T01:07:23+07:00
4449,34248,11450,153,2026-10-27,9,7612,2026-10-22T20:40:22+07:00
4450,34249,11450,505,2027-01-07,11,22567,2026-12-02T18:15:34+07:00
4451,34257,11453,702,2026-09-25,7,18882,2026-08-15T09:39:59+07:00
4452,34265,11456,533,2026-06-19,3,5987,
4453,34275,11459,562,2026-09-06,6,9934,
4454,34310,11471,189,2027-01-16,3,17949,2026-12-21T13:08:34+07:00
4455,34318,11474,103,2026-09-01,9,17100,2026-07-21T16:28:35+07:00
4456,34330,11477,213,2026-09-18,3,6260,2026-07-25T14:48:30+07:00
4457,34341,11481,686,2026-04-05,7,16561,2026-03-04T21:52:38+07:00
4458,34346,11482,210,2026-10-04,10,40150,2026-08-23T16:20:14+07:00
4459,34350,11483,49,2026-07-03,3,17844,2026-05-18T15:34:32+07:00
4460,34349,11483,88,2026-08-28,3,9425,2026-06-26T19:36:32+07:00
4461,34358,11486,286,2026-11-13,3,3934,2026-10-18T00:29:57+07:00
4462,34357,11486,283,2027-02-05,3,9102,2026-12-12T23:37:05+07:00
4463,34364,11489,642,2026-07-25,3,14949,2026-06-05T19:17:01+07:00
4464,34374,11492,283,2026-08-29,3,8923,2026-07-30T09:47:31+07:00
4465,34394,11499,685,2026-05-05,1,5601,2026-05-02T18:02:42+07:00
4466,34403,11501,272,2026-07-04,11,33081,2026-05-21T16:58:30+07:00
4467,34411,11502,325,2026-05-22,1,3903,2026-05-18T02:29:43+07:00
4468,34428,11506,189,2027-01-04,4,23078,2026-11-28T17:03:37+07:00
4469,34441,11510,189,2026-09-26,3,20607,2026-08-18T11:09:09+07:00
4470,34445,11512,26,2026-09-18,8,15114,2026-08-06T20:40:00+07:00
4471,34457,11514,118,2026-10-23,3,17567,2026-10-05T22:02:25+07:00
4472,34483,11525,597,2026-11-30,4,22363,2026-10-21T20:29:54+07:00
4473,34489,11527,27,2026-05-18,3,5605,2026-03-28T01:06:47+07:00
4474,34494,11528,530,2026-12-09,7,17626,2026-11-24T17:53:51+07:00
4475,34508,11534,531,2026-09-23,1,4761,2026-09-22T12:19:13+07:00
4476,34526,11539,199,2027-01-29,3,8750,2026-12-27T23:31:54+07:00
4477,34528,11540,146,2027-02-12,2,2718,2026-12-30T11:11:21+07:00
4478,34537,11543,206,2026-08-01,4,11517,2026-06-06T00:02:39+07:00
4479,34538,11543,211,2026-07-29,4,21740,
4480,34544,11546,482,2026-07-10,2,4975,2026-06-19T00:42:03+07:00
4481,34547,11547,383,2026-05-01,2,14398,2026-04-21T12:47:57+07:00
4482,34564,11553,108,2026-06-12,3,11060,2026-05-29T17:14:54+07:00
4483,34577,11557,293,2026-10-21,1,16826,2026-10-18T21:00:29+07:00
4484,34580,11559,184,2026-07-24,3,4966,2026-07-04T01:56:00+07:00
4485,34582,11560,223,2026-08-01,1,5891,2026-07-31T18:05:22+07:00
4486,34584,11561,11,2026-06-29,3,7512,2026-06-26T23:31:23+07:00
4487,34591,11563,153,2026-09-13,5,4760,2026-08-14T15:50:32+07:00
4488,34603,11564,488,2026-08-01,12,34753,2026-06-26T06:18:16+07:00
4489,34613,11568,496,2026-12-06,3,3997,2026-10-22T19:56:53+07:00
4490,34621,11570,604,2026-10-02,5,19342,2026-09-07T12:32:11+07:00
4491,34628,11573,678,2026-03-20,4,5908,2026-02-27T16:33:02+07:00
4492,34642,11579,401,2026-11-02,3,7086,2026-09-19T18:03:59+07:00
4493,34658,11582,287,2026-09-03,7,10689,2026-08-25T11:06:31+07:00
4494,34668,11585,749,2026-07-29,1,4045,2026-07-27T01:34:06+07:00
4495,34670,11586,333,2026-05-02,4,19905,2026-04-06T21:26:22+07:00
4496,34676,11587,164,2026-06-10,11,8833,2026-05-05T10:54:29+07:00
4497,34679,11588,621,2026-09-13,1,4206,2026-09-10T20:37:08+07:00
4498,34698,11597,348,2026-09-05,3,11643,2026-07-14T23:39:47+07:00
4499,34703,11598,354,2026-12-30,1,6102,2026-12-27T23:46:35+07:00
4500,34709,11600,306,2026-10-16,2,6441,2026-09-07T08:12:49+07:00
4501,34719,11604,459,2026-12-06,3,16726,2026-10-10T13:17:25+07:00
4502,34722,11605,526,2026-04-10,5,17109,2026-03-10T07:40:24+07:00
4503,34729,11607,458,2026-11-30,3,4724,2026-10-22T09:50:16+07:00
4504,34730,11608,699,2026-07-18,3,10674,2026-06-13T21:15:22+07:00
4505,34732,11609,351,2026-10-01,2,13145,2026-09-27T22:46:07+07:00
4506,34753,11617,1,2027-02-12,2,10280,2026-12-27T09:16:25+07:00
4507,34763,11621,195,2026-12-18,8,18843,2026-12-12T14:24:42+07:00
4508,34770,11624,105,2026-12-25,2,8170,2026-11-18T17:58:51+07:00
4509,34773,11625,492,2026-12-19,2,7509,2026-10-25T18:16:40+07:00
4510,34781,11629,719,2026-09-25,3,20145,
4511,34789,11630,347,2026-08-26,1,14557,2026-08-24T11:11:26+07:00
4512,34786,11630,46,2026-10-20,2,17000,2026-10-17T14:48:57+07:00
4513,34790,11631,472,2026-05-22,4,11461,2026-04-26T11:29:43+07:00
4514,34791,11631,288,2026-06-20,4,6369,2026-05-18T20:55:50+07:00
4515,34800,11636,125,2027-01-15,9,12811,2026-12-24T19:54:51+07:00
4516,34805,11637,450,2026-09-10,2,11079,2026-09-10T09:24:42+07:00
4517,34815,11640,108,2026-09-04,4,14582,2026-08-04T14:12:30+07:00
4518,34819,11642,261,2026-05-26,11,13926,2026-05-18T23:02:12+07:00
4519,34839,11646,341,2026-11-02,5,9286,2026-10-09T18:12:52+07:00
4520,34843,11648,704,2026-07-23,2,29147,2026-07-20T21:31:05+07:00
4521,34857,11652,391,2026-08-28,2,13061,2026-07-17T12:58:51+07:00
4522,34858,11652,774,2026-08-26,2,8811,2026-08-12T09:13:14+07:00
4523,34871,11658,370,2026-09-04,2,18328,
4524,34880,11661,601,2027-02-12,2,5197,2026-12-14T19:33:53+07:00
4525,34899,11668,317,2026-03-13,3,10717,2026-01-29T11:52:48+07:00
4526,34900,11669,234,2026-12-14,2,16791,2026-11-14T03:31:14+07:00
4527,34903,11670,315,2026-06-26,2,4429,2026-06-13T01:28:31+07:00
4528,34910,11672,421,2026-07-04,2,17435,2026-06-30T18:22:58+07:00
4529,34917,11674,54,2026-06-21,3,24835,2026-05-08T11:58:20+07:00
4530,34921,11675,289,2026-08-22,8,11738,2026-08-10T14:12:20+07:00
4531,34927,11677,787,2026-06-09,2,6775,2026-06-06T08:25:25+07:00
4532,34934,11678,615,2026-03-13,11,20173,2026-02-12T10:00:26+07:00
4533,34935,11679,255,2026-11-13,3,7688,2026-10-05T23:33:03+07:00
4534,34938,11680,691,2026-12-21,3,6388,2026-11-30T00:02:58+07:00
4535,34954,11684,51,2026-12-12,11,26700,2026-11-01T12:03:41+07:00
4536,34985,11691,114,2026-11-19,2,7708,2026-11-15T22:01:00+07:00
4537,34992,11693,644,2026-12-03,7,18528,2026-11-11T11:26:48+07:00
4538,34991,11693,633,2026-12-16,8,5089,2026-11-30T07:51:30+07:00
4539,34997,11694,78,2026-12-14,3,20610,2026-11-28T22:40:58+07:00
4540,35001,11695,274,2026-04-24,4,14683,2026-03-18T18:12:12+07:00
4541,34999,11695,752,2026-05-09,2,2770,2026-04-24T06:59:46+07:00
4542,35017,11701,230,2026-07-26,3,4127,2026-06-28T22:48:57+07:00
4543,35032,11705,23,2026-05-24,2,25837,2026-05-21T13:30:23+07:00
4544,35028,11705,185,2026-08-13,2,12038,2026-08-13T18:54:41+07:00
4545,35037,11707,786,2026-05-09,5,10791,2026-04-12T17:34:28+07:00
4546,35053,11715,184,2026-10-23,4,7106,2026-09-19T00:28:03+07:00
4547,35059,11717,688,2026-12-29,2,13184,2026-12-29T13:20:54+07:00
4548,35081,11723,35,2026-06-10,6,18804,2026-05-17T21:31:39+07:00
4549,35083,11723,107,2026-07-21,5,14622,2026-06-11T22:16:32+07:00
4550,35105,11727,366,2026-07-28,7,16182,2026-07-25T14:44:51+07:00
4551,35122,11732,567,2026-08-29,4,33186,2026-07-17T14:34:52+07:00
4552,35126,11734,169,2026-03-29,10,16326,2026-03-11T08:53:13+07:00
4553,35123,11734,91,2026-05-31,8,15254,2026-04-27T23:59:57+07:00
4554,35137,11738,372,2026-10-19,4,11598,2026-09-01T17:15:03+07:00
4555,35139,11739,190,2026-06-01,3,3645,2026-04-30T15:45:33+07:00
4556,35148,11743,628,2027-02-06,7,8163,2026-12-25T23:12:07+07:00
4557,35157,11745,77,2026-04-10,4,12829,2026-02-08T04:45:16+07:00
4558,35169,11749,355,2026-06-29,3,7893,2026-05-18T01:17:59+07:00
4559,35176,11750,501,2026-08-02,2,14252,2026-07-31T00:43:46+07:00
4560,35187,11756,425,2026-10-04,4,43453,2026-08-09T18:22:53+07:00
4561,35192,11758,547,2026-06-12,2,5998,2026-05-09T01:58:28+07:00
4562,35198,11759,608,2026-07-19,6,3745,2026-06-10T20:47:35+07:00
4563,35230,11770,200,2026-08-07,2,5646,2026-06-16T13:26:00+07:00
4564,35228,11770,493,2026-09-11,3,11932,2026-08-10T11:29:36+07:00
4565,35234,11771,483,2026-06-19,3,13307,2026-06-05T12:46:51+07:00
4566,35237,11772,52,2026-11-10,3,4758,2026-10-12T11:42:20+07:00
4567,35243,11776,571,2026-06-05,3,4972,2026-04-05T19:38:25+07:00
4568,35258,11781,576,2026-05-01,3,5939,2026-04-24T22:20:49+07:00
4569,35261,11782,65,2026-12-03,1,6821,2026-11-30T12:58:59+07:00
4570,35263,11783,203,2026-10-02,9,31007,2026-08-19T08:37:21+07:00
4571,35283,11790,283,2026-12-13,6,18638,2026-11-17T00:38:11+07:00
4572,35286,11791,197,2026-07-20,3,19398,2026-06-30T00:18:30+07:00
4573,35288,11792,277,2027-01-06,8,23119,2026-12-23T20:09:03+07:00
4574,35298,11795,113,2026-11-08,8,26049,2026-10-20T13:05:56+07:00
4575,35299,11796,644,2026-07-23,8,18652,2026-07-11T10:19:24+07:00
4576,35312,11797,400,2026-06-28,3,11169,2026-06-08T13:50:45+07:00
4577,35305,11797,41,2026-07-04,3,12960,2026-06-25T07:24:44+07:00
4578,35313,11797,396,2026-09-25,3,11311,
4579,35315,11798,484,2026-10-31,4,11789,2026-09-06T23:39:49+07:00
4580,35328,11802,289,2026-08-16,4,6828,2026-07-27T22:54:36+07:00
4581,35339,11806,97,2026-11-30,10,23552,2026-11-14T23:00:37+07:00
4582,35349,11810,241,2026-08-17,2,16920,2026-08-13T13:51:23+07:00
4583,35359,11811,410,2026-07-14,2,42512,2026-07-10T15:14:15+07:00
4584,35358,11811,53,2026-07-22,1,9032,2026-07-21T23:15:22+07:00
4585,35360,11812,775,2026-11-06,3,2846,2026-10-28T00:49:55+07:00
4586,35366,11814,253,2027-01-22,4,14280,2026-12-19T19:37:04+07:00
4587,35368,11817,131,2026-11-19,3,10601,2026-11-09T01:16:27+07:00
4588,35375,11820,268,2026-08-21,4,8959,2026-06-26T10:09:38+07:00
4589,35388,11823,292,2026-12-11,9,11411,2026-11-06T19:05:13+07:00
4590,35394,11826,175,2026-10-23,2,2628,2026-08-23T01:04:55+07:00
4591,35395,11826,354,2026-10-30,3,18250,2026-09-08T11:32:43+07:00
4592,35399,11828,374,2026-10-19,12,23803,2026-10-10T09:55:00+07:00
4593,35408,11830,500,2026-11-20,3,8227,2026-10-27T12:48:57+07:00
4594,35410,11831,314,2026-11-20,5,18555,2026-10-20T00:25:35+07:00
4595,35416,11832,646,2026-07-06,1,7882,2026-07-02T22:15:38+07:00
4596,35426,11835,357,2026-09-18,3,23719,2026-07-24T19:18:13+07:00
4597,35434,11839,211,2026-10-01,3,18622,2026-08-20T19:46:21+07:00
4598,35436,11839,574,2026-09-18,3,12341,2026-09-02T21:17:26+07:00
4599,35445,11843,540,2026-11-09,2,11181,2026-11-09T19:44:48+07:00
4600,35459,11849,618,2026-03-21,12,22294,2026-02-11T12:31:23+07:00
4601,35462,11850,572,2026-05-02,2,10384,2026-03-14T01:05:49+07:00
4602,35464,11851,169,2026-03-20,10,16834,2026-02-12T17:50:01+07:00
4603,35472,11855,140,2026-09-29,12,18301,2026-09-04T23:08:45+07:00
4604,35477,11857,499,2026-08-21,3,7015,2026-08-13T18:20:04+07:00
4605,35484,11858,101,2026-11-26,2,18934,2026-11-26T12:23:07+07:00
4606,35493,11864,396,2026-02-27,2,7339,2026-02-12T21:57:30+07:00
4607,35494,11864,13,2026-04-17,4,27672,2026-03-15T11:54:17+07:00
4608,35499,11865,356,2026-07-20,9,21929,2026-07-06T13:29:59+07:00
4609,35516,11869,165,2026-04-24,3,9665,2026-03-25T10:46:07+07:00
4610,35518,11870,637,2026-06-12,2,11021,2026-05-01T23:40:50+07:00
4611,35523,11872,619,2027-01-17,9,10267,2026-12-24T19:35:16+07:00
4612,35526,11873,205,2026-07-26,4,7337,2026-07-04T16:44:30+07:00
4613,35536,11875,218,2026-12-22,3,6723,2026-11-21T08:12:45+07:00
4614,35540,11876,195,2026-10-17,9,18936,2026-10-06T23:16:23+07:00
4615,35539,11876,26,2026-11-11,6,11488,2026-10-07T21:08:03+07:00
4616,35537,11876,496,2026-11-05,8,10738,2026-10-27T16:48:45+07:00
4617,35544,11877,791,2026-07-12,3,4513,2026-05-17T13:20:29+07:00
4618,35547,11878,93,2026-10-30,4,12966,2026-10-19T15:04:32+07:00
4619,35553,11879,145,2026-06-25,10,14337,2026-05-25T19:04:46+07:00
4620,35576,11886,350,2026-09-09,10,13255,
4621,35578,11886,636,2026-10-14,12,9466,
4622,35574,11886,253,2026-11-07,12,42791,2026-10-27T12:59:36+07:00
4623,35595,11891,348,2027-01-01,2,7001,2026-11-25T21:39:27+07:00
4624,35600,11892,401,2026-05-29,3,7881,2026-04-29T20:14:22+07:00
4625,35606,11895,630,2026-12-20,3,16817,
4626,35608,11896,40,2026-07-31,5,49025,2026-07-02T15:44:13+07:00
4627,35618,11901,276,2026-09-12,9,17597,2026-08-07T15:53:14+07:00
4628,35619,11902,517,2026-12-01,11,29502,2026-11-11T15:22:45+07:00
4629,35643,11909,119,2026-10-01,6,20603,2026-09-17T17:05:46+07:00
4630,35641,11909,150,2026-11-19,12,13614,2026-11-08T00:27:51+07:00
4631,35646,11910,254,2027-01-08,3,12464,2026-11-30T04:12:06+07:00
4632,35672,11920,327,2026-11-22,1,5251,2026-11-21T23:33:19+07:00
4633,35677,11921,619,2026-12-19,3,3827,2026-12-12T06:35:45+07:00
4634,35678,11921,747,2026-12-31,7,18986,2026-12-22T17:39:55+07:00
4635,35693,11926,405,2026-05-12,1,27339,2026-05-08T10:46:01+07:00
4636,35711,11933,402,2026-11-26,1,37685,2026-11-24T17:26:11+07:00
4637,35712,11933,391,2026-12-22,1,6468,2026-12-22T15:02:08+07:00
4638,35719,11934,671,2026-08-04,4,4252,2026-07-12T16:25:15+07:00
4639,35720,11935,519,2026-10-07,12,12018,2026-09-02T20:00:22+07:00
4640,35722,11936,147,2026-08-28,9,23778,2026-08-15T19:24:02+07:00
4641,35723,11937,124,2026-07-17,4,11542,2026-06-12T12:38:42+07:00
4642,35724,11937,168,2026-08-21,3,9700,2026-07-27T17:28:17+07:00
4643,35740,11941,646,2026-04-06,2,17004,2026-04-03T17:43:07+07:00
4644,35741,11941,219,2026-04-04,3,60907,2026-04-04T09:13:52+07:00
4645,35744,11943,644,2026-09-30,9,20045,2026-09-05T09:32:22+07:00
4646,35752,11945,400,2026-12-12,4,14157,2026-11-15T09:53:19+07:00
4647,35767,11949,394,2026-11-02,2,25770,2026-10-31T00:16:44+07:00
4648,35786,11954,446,2026-11-19,1,7341,2026-11-15T15:28:55+07:00
4649,35791,11957,51,2026-10-30,4,9443,2026-09-16T18:16:32+07:00
4650,35798,11958,176,2026-09-08,10,12436,2026-07-26T09:50:59+07:00
4651,35799,11959,4,2026-10-08,2,8614,2026-10-04T19:16:52+07:00
4652,35802,11959,197,2026-10-18,1,5975,2026-10-15T14:02:15+07:00
4653,35817,11965,261,2026-10-29,8,11344,2026-09-23T05:47:08+07:00
4654,35822,11966,66,2026-08-03,2,16767,2026-08-02T22:10:30+07:00
4655,35828,11970,296,2026-06-10,3,37915,2026-06-07T12:32:59+07:00
4656,35830,11970,144,2026-08-09,2,11021,2026-08-09T17:37:28+07:00
4657,35841,11975,594,2026-07-17,3,13545,2026-06-24T23:50:56+07:00
4658,35858,11981,92,2026-09-24,1,3968,2026-09-22T18:56:11+07:00
4659,35870,11984,82,2027-01-25,12,20334,2026-12-22T02:14:09+07:00
4660,35873,11985,83,2026-12-06,1,7699,2026-12-03T23:48:53+07:00
4661,35874,11985,459,2026-12-13,1,5341,2026-12-12T22:57:38+07:00
4662,35889,11990,389,2026-09-29,11,17615,2026-08-23T14:44:01+07:00
4663,35899,11993,171,2026-11-21,4,5343,2026-10-14T18:18:17+07:00
4664,35905,11994,482,2026-03-28,3,7160,2026-03-17T04:28:10+07:00
4665,35908,11996,58,2026-08-07,5,37350,2026-07-27T20:07:22+07:00
4666,35921,11998,236,2026-09-24,2,9276,2026-09-21T16:53:56+07:00
4667,35924,12000,300,2026-07-09,1,6208,2026-07-07T11:17:16+07:00
4668,35934,12005,537,2026-10-16,7,20394,2026-09-16T20:58:19+07:00
4669,35936,12005,480,2026-11-05,10,13353,2026-09-30T23:01:56+07:00
4670,35941,12006,79,2026-04-20,1,5213,2026-04-20T13:25:17+07:00
4671,35945,12007,332,2026-06-15,10,20110,2026-05-09T22:28:39+07:00
4672,35963,12013,783,2026-11-30,5,5980,2026-11-02T21:37:17+07:00
4673,35967,12014,277,2027-01-15,10,30617,2026-12-02T17:00:09+07:00
4674,35969,12015,788,2026-11-13,4,9060,2026-10-01T14:15:41+07:00
4675,35975,12018,783,2026-04-12,7,7748,2026-03-04T23:11:19+07:00
4676,35988,12021,107,2026-07-05,3,8909,2026-06-24T08:44:14+07:00
4677,35990,12021,483,2026-08-28,4,17383,2026-07-08T14:30:07+07:00
4678,35989,12021,251,2026-08-28,5,52920,2026-08-05T03:42:14+07:00
4679,35997,12026,570,2026-08-20,5,11116,2026-07-14T08:20:48+07:00
4680,36005,12028,272,2026-11-24,6,18727,2026-10-21T01:05:26+07:00
4681,36020,12033,96,2026-04-21,1,7119,2026-04-20T23:25:10+07:00
4682,36019,12033,201,2026-05-20,1,9626,2026-05-17T16:29:01+07:00
4683,36018,12033,154,2026-06-28,2,7354,2026-06-27T09:13:00+07:00
4684,36017,12033,520,2026-07-04,1,3170,2026-07-03T11:53:17+07:00
4685,36032,12039,787,2027-02-05,4,13840,2026-12-11T11:11:03+07:00
4686,36034,12040,738,2027-01-06,9,19358,2026-12-09T17:58:21+07:00
4687,36041,12042,294,2026-03-12,10,8648,2026-01-28T20:02:29+07:00
4688,36040,12042,684,2026-05-02,9,14363,
4689,36066,12050,262,2026-05-15,3,16427,2026-04-12T13:17:36+07:00
4690,36068,12051,106,2026-05-29,3,13677,2026-05-05T15:25:48+07:00
4691,36091,12057,799,2027-01-08,3,9052,2026-12-20T12:18:16+07:00
4692,36103,12060,651,2026-10-23,4,7056,
4693,36105,12062,619,2026-07-20,5,5877,2026-07-05T19:07:38+07:00
4694,36120,12069,351,2026-05-23,1,6393,2026-05-20T12:31:58+07:00
4695,36128,12070,355,2026-12-25,2,5923,2026-11-12T15:10:01+07:00
4696,36149,12079,72,2027-01-08,3,7639,2026-12-10T05:40:05+07:00
4697,36153,12080,2,2026-04-21,9,31549,2026-03-21T12:30:31+07:00
4698,36163,12083,569,2026-12-13,9,24701,2026-11-06T16:43:18+07:00
4699,36164,12084,39,2026-12-26,12,23620,2026-12-09T12:33:55+07:00
4700,36168,12085,454,2026-11-06,3,6461,2026-09-06T23:24:40+07:00
4701,36171,12088,17,2026-10-09,3,12742,2026-09-21T08:22:32+07:00
4702,36174,12088,597,2026-12-18,5,29000,2026-12-02T00:03:24+07:00
4703,36177,12091,96,2026-08-31,2,13323,2026-08-27T07:43:50+07:00
4704,36194,12095,578,2026-10-30,2,16766,2026-10-04T10:06:16+07:00
4705,36191,12095,639,2026-12-11,3,15697,2026-11-12T11:04:10+07:00
4706,36192,12095,186,2027-01-18,4,26279,2026-11-27T18:50:06+07:00
4707,36195,12095,708,2027-01-01,4,19150,2026-12-10T15:26:23+07:00
4708,36204,12096,11,2026-05-07,3,7045,2026-04-07T17:56:19+07:00
4709,36223,12102,167,2026-11-06,5,32847,2026-10-16T10:05:41+07:00
4710,36225,12104,260,2026-06-19,2,14999,2026-05-12T14:24:40+07:00
4711,36254,12111,464,2026-04-24,5,10005,2026-03-02T13:09:55+07:00
4712,36255,12111,267,2026-06-26,3,7832,2026-05-08T15:20:21+07:00
4713,36273,12121,558,2027-01-01,4,9713,2026-11-14T22:51:14+07:00
4714,36282,12122,242,2026-10-16,3,18547,2026-08-16T11:27:59+07:00
4715,36313,12133,551,2026-12-04,2,6661,2026-10-11T10:25:27+07:00
4716,36311,12133,712,2027-01-01,3,12548,2026-11-26T04:34:49+07:00
4717,36326,12138,128,2026-12-01,7,6957,2026-10-25T14:51:31+07:00
4718,36342,12143,438,2026-08-08,2,5339,2026-07-19T15:54:40+07:00
4719,36343,12144,192,2026-03-29,3,6044,2026-03-02T18:07:56+07:00
4720,36345,12144,183,2026-05-12,3,7934,2026-04-11T21:17:55+07:00
4721,36349,12146,465,2027-01-29,3,10561,2026-11-29T09:24:15+07:00
4722,36353,12147,46,2026-06-03,2,18009,2026-06-01T20:04:13+07:00
4723,36357,12148,130,2026-09-04,3,21209,2026-07-25T11:17:51+07:00
4724,36359,12149,48,2026-08-08,4,8175,2026-07-01T08:51:49+07:00
4725,36360,12150,481,2026-08-20,3,6854,2026-07-09T17:36:19+07:00
4726,36363,12151,547,2026-04-04,6,17507,2026-03-13T11:13:14+07:00
4727,36368,12153,682,2026-06-15,9,25458,2026-05-30T20:42:58+07:00
4728,36371,12153,535,2026-07-16,5,3912,2026-06-07T15:22:51+07:00
4729,36376,12154,431,2026-09-24,1,24344,2026-09-24T04:52:06+07:00
4730,36391,12158,179,2026-12-30,3,45915,2026-12-27T08:15:34+07:00
4731,36396,12162,185,2027-02-19,2,12172,2026-12-24T14:17:03+07:00
4732,36408,12167,270,2026-11-19,12,13356,2026-10-29T22:42:58+07:00
4733,36434,12175,687,2026-07-04,9,17191,2026-06-17T12:39:15+07:00
4734,36441,12178,241,2026-04-10,4,35617,2026-03-31T19:16:07+07:00
4735,36447,12180,272,2026-07-09,4,11360,2026-06-30T19:24:52+07:00
4736,36459,12186,40,2026-09-13,3,28090,2026-09-02T18:54:21+07:00
4737,36456,12186,151,2026-11-06,3,15305,2026-09-18T14:46:33+07:00
4738,36505,12205,459,2027-01-22,2,12004,2026-12-16T21:26:18+07:00
4739,36519,12212,483,2026-08-14,3,15651,2026-07-13T12:13:33+07:00
4740,36524,12216,302,2026-04-06,7,6214,2026-03-25T10:59:37+07:00
4741,36531,12218,8,2026-09-23,4,14467,2026-08-17T12:06:24+07:00
4742,36539,12221,531,2026-05-07,1,4692,2026-05-03T19:22:40+07:00
4743,36547,12224,356,2026-11-20,4,11417,
4744,36549,12225,562,2026-09-28,4,7122,2026-09-10T22:30:44+07:00
4745,36555,12227,183,2026-06-25,5,12740,2026-05-23T22:03:27+07:00
4746,36556,12228,516,2026-11-07,2,5150,2026-10-05T18:45:00+07:00
4747,36558,12229,33,2026-08-02,2,5908,2026-07-09T21:47:51+07:00
4748,36560,12230,221,2026-10-16,10,28740,2026-09-04T11:32:04+07:00
4749,36570,12232,573,2026-04-17,3,5120,2026-02-25T01:12:28+07:00
4750,36574,12233,274,2026-03-13,2,8512,2026-03-12T16:18:52+07:00
4751,36576,12234,135,2026-07-13,1,3856,2026-07-13T01:22:12+07:00
4752,36579,12236,422,2026-12-05,5,6007,2026-11-04T10:59:20+07:00
4753,36578,12236,504,2027-01-09,10,21195,2026-12-26T07:09:32+07:00
4754,36587,12239,53,2027-02-05,3,29414,2026-12-16T15:07:00+07:00
4755,36599,12242,719,2026-07-17,3,19553,2026-06-22T11:55:10+07:00
4756,36602,12243,180,2026-10-09,3,14506,2026-09-30T13:47:30+07:00
4757,36616,12249,737,2026-12-05,6,10638,
4758,36615,12249,427,2026-12-06,9,26296,2026-11-30T01:33:17+07:00
4759,36623,12250,276,2026-10-23,10,20421,2026-10-11T11:01:03+07:00
4760,36627,12250,39,2027-01-30,11,23478,2026-12-23T16:09:57+07:00
4761,36632,12253,335,2026-12-03,5,6166,2026-11-25T09:10:05+07:00
4762,36637,12254,315,2026-07-13,10,20200,2026-05-31T01:20:05+07:00
4763,36639,12255,134,2026-07-26,11,19060,2026-06-12T08:03:16+07:00
4764,36644,12256,158,2026-09-05,2,8469,2026-08-18T22:55:34+07:00
4765,36656,12259,442,2026-09-11,3,9681,2026-08-07T01:02:46+07:00
4766,36659,12260,195,2026-04-07,5,12512,2026-04-02T22:20:38+07:00
4767,36665,12263,213,2027-01-15,2,4238,2026-12-09T19:19:18+07:00
4768,36667,12264,503,2026-03-22,1,17714,2026-03-20T05:34:20+07:00
4769,36671,12266,618,2026-04-05,7,12440,2026-04-01T21:18:21+07:00
4770,36676,12267,670,2026-11-20,3,6634,2026-10-19T01:58:57+07:00
4771,36679,12268,70,2026-04-03,3,5537,2026-03-16T16:16:46+07:00
4772,36681,12268,624,2026-06-12,2,5155,2026-04-26T14:48:50+07:00
4773,36686,12270,560,2026-10-30,2,5694,2026-10-16T23:02:07+07:00
4774,36710,12276,357,2026-04-26,2,15556,2026-04-06T00:58:17+07:00
4775,36715,12277,171,2026-05-29,5,7730,
4776,36719,12278,216,2026-04-21,1,7139,2026-04-18T16:48:09+07:00
4777,36745,12288,537,2027-01-22,4,11454,2026-12-02T07:25:57+07:00
4778,36749,12289,665,2026-07-10,7,10549,2026-06-04T00:58:30+07:00
4779,36756,12292,459,2026-11-06,4,21693,2026-10-15T22:29:30+07:00
4780,36760,12294,767,2026-07-16,3,6183,
4781,36770,12296,391,2026-09-05,2,15190,2026-09-05T13:47:03+07:00
4782,36786,12300,738,2027-01-09,2,4377,2026-12-22T18:04:29+07:00
4783,36801,12307,253,2026-09-03,10,44837,2026-08-03T23:35:54+07:00
4784,36803,12307,227,2026-09-09,4,5190,2026-08-15T20:58:19+07:00
4785,36812,12310,786,2026-06-18,5,9075,2026-05-07T23:40:38+07:00
4786,36815,12311,567,2026-05-12,3,24075,2026-05-09T23:48:14+07:00
4787,36816,12312,455,2026-11-23,4,4134,2026-11-09T10:44:34+07:00
4788,36823,12313,598,2026-08-01,3,8067,2026-07-24T13:09:01+07:00
4789,36821,12313,606,2026-10-02,2,8314,2026-09-14T11:22:05+07:00
4790,36830,12316,486,2026-10-02,3,8138,2026-08-03T04:54:56+07:00
4791,36836,12318,374,2026-10-01,4,9645,2026-09-05T03:02:55+07:00
4792,36841,12319,336,2026-05-15,5,31160,2026-05-04T20:21:47+07:00
4793,36838,12319,138,2026-05-22,5,12551,2026-05-07T15:40:06+07:00
4794,36842,12319,11,2026-07-24,2,4399,2026-06-25T20:57:57+07:00
4795,36845,12321,755,2027-01-22,3,20380,2026-12-07T06:53:53+07:00
4796,36854,12323,426,2026-10-16,4,45151,2026-09-29T01:17:16+07:00
4797,36862,12324,490,2027-01-16,2,15416,2026-11-27T09:59:22+07:00
4798,36860,12324,14,2027-02-07,3,21601,2026-12-24T19:00:27+07:00
4799,36861,12324,298,2027-02-09,2,11455,2026-12-30T13:06:12+07:00
4800,36878,12330,582,2026-09-18,4,9103,2026-08-30T22:01:33+07:00
4801,36882,12333,252,2026-11-01,1,12600,
4802,36881,12333,491,2026-11-10,1,4501,2026-11-07T19:50:25+07:00
4803,36889,12335,98,2026-11-06,11,15412,2026-09-30T16:03:24+07:00
4804,36890,12336,269,2026-04-17,3,3570,2026-04-12T14:04:21+07:00
4805,36893,12337,567,2026-07-19,3,25355,2026-05-26T21:19:48+07:00
4806,36896,12338,105,2027-01-04,1,4395,2026-12-31T22:39:27+07:00
4807,36898,12339,689,2026-12-06,1,5006,2026-12-03T20:51:29+07:00
4808,36903,12340,125,2026-09-21,4,5339,2026-08-29T19:52:01+07:00
4809,36907,12343,95,2026-05-08,3,8308,2026-04-08T20:22:02+07:00
4810,36910,12343,430,2026-05-29,3,26765,2026-04-21T09:38:46+07:00
4811,36920,12347,199,2026-11-06,10,32920,2026-10-06T07:15:13+07:00
4812,36921,12348,611,2026-12-25,2,8149,2026-11-27T21:25:50+07:00
4813,36925,12349,43,2026-11-03,3,19148,2026-10-31T22:45:58+07:00
4814,36928,12350,617,2026-09-08,2,7616,2026-09-09T00:17:06+07:00
4815,36955,12357,305,2026-09-05,1,13714,2026-09-05T14:12:07+07:00
4816,36966,12362,416,2026-11-27,3,9620,2026-10-13T12:28:20+07:00
4817,36975,12365,532,2026-10-14,2,8226,2026-10-14T23:05:18+07:00
4818,36978,12366,514,2026-11-09,3,8574,2026-11-01T08:03:34+07:00
4819,37009,12376,125,2026-12-30,3,4183,2026-12-27T14:28:59+07:00
4820,37017,12378,255,2026-09-04,5,13566,2026-08-17T17:52:27+07:00
4821,37028,12383,407,2026-08-29,4,22118,2026-07-31T19:53:47+07:00
4822,37044,12390,660,2026-10-29,11,27676,2026-10-01T11:34:15+07:00
4823,37048,12391,749,2026-02-27,1,3258,
4824,37054,12393,356,2027-01-01,11,30021,2026-12-01T21:22:30+07:00
4825,37065,12396,156,2026-11-29,4,11654,2026-11-18T23:05:22+07:00
4826,37068,12397,182,2026-09-28,2,16918,2026-09-26T00:51:43+07:00
4827,37072,12398,586,2026-05-27,2,11277,2026-05-24T18:00:09+07:00
4828,37079,12400,32,2026-03-15,2,24597,2026-03-13T12:47:46+07:00
4829,37092,12405,341,2026-10-29,6,12472,2026-10-24T11:30:03+07:00
4830,37096,12406,165,2026-07-01,3,9280,
4831,37093,12406,268,2026-09-11,3,7315,2026-08-07T22:33:47+07:00
4832,37094,12406,586,2026-09-25,2,11180,2026-08-15T11:36:23+07:00
4833,37098,12407,651,2026-08-17,7,13563,2026-08-07T09:01:40+07:00
4834,37100,12407,15,2026-11-23,11,31283,2026-11-05T22:29:20+07:00
4835,37124,12416,358,2026-07-28,1,5706,2026-07-26T22:03:46+07:00
4836,37145,12424,119,2026-07-01,4,15185,
4837,37161,12428,557,2026-10-24,11,33007,2026-09-28T16:50:24+07:00
4838,37167,12431,318,2026-09-30,2,12234,2026-09-26T07:31:35+07:00
4839,37172,12432,216,2026-07-17,4,28920,2026-06-13T23:44:57+07:00
4840,37174,12433,635,2026-05-11,10,10958,2026-04-26T17:29:48+07:00
4841,37196,12439,211,2026-08-29,1,6011,2026-08-25T08:27:52+07:00
4842,37200,12441,504,2027-01-11,3,7316,2026-12-25T00:55:21+07:00
4843,37235,12450,258,2027-01-02,4,6457,2026-12-14T09:36:48+07:00
4844,37240,12451,237,2026-06-17,6,19171,2026-06-09T21:42:33+07:00
4845,37251,12455,168,2026-07-10,2,7196,2026-05-08T16:08:29+07:00
4846,37252,12456,138,2026-05-11,11,25939,2026-04-30T13:08:43+07:00
4847,37255,12457,46,2026-08-19,2,18171,2026-08-15T06:53:16+07:00
4848,37256,12458,285,2026-12-11,2,14893,2026-11-15T06:22:31+07:00
4849,37260,12459,415,2026-08-06,6,14989,2026-07-19T20:27:45+07:00
4850,37267,12461,737,2026-09-26,7,11140,2026-08-17T17:51:23+07:00
4851,37280,12466,624,2026-10-30,9,20490,2026-09-26T23:22:19+07:00
4852,37287,12467,141,2026-08-16,7,13115,2026-07-23T14:55:05+07:00
4853,37293,12470,642,2026-09-24,1,4059,2026-09-22T00:30:33+07:00
4854,37302,12473,21,2026-03-20,1,8210,2026-03-16T15:08:34+07:00
4855,37305,12475,117,2026-10-23,5,31868,2026-09-10T13:03:19+07:00
4856,37314,12477,464,2026-10-12,9,20375,2026-09-11T09:51:20+07:00
4857,37317,12478,97,2026-12-03,3,6925,
4858,37325,12481,173,2027-01-15,3,6046,2026-12-07T00:48:26+07:00
4859,37329,12482,783,2026-12-12,3,3775,2026-10-27T21:00:01+07:00
4860,37370,12494,756,2026-08-12,3,7136,2026-07-15T11:30:05+07:00
4861,37376,12497,781,2026-11-09,6,8023,2026-10-04T14:52:00+07:00
4862,37378,12499,653,2026-02-20,4,18328,2026-01-26T12:29:51+07:00
4863,37380,12500,717,2026-11-13,3,16858,2026-10-18T13:37:42+07:00
4864,37384,12501,298,2026-07-10,3,16892,2026-05-09T17:11:57+07:00
4865,37387,12502,97,2026-10-16,2,5255,2026-09-04T12:10:37+07:00
4866,37393,12504,505,2026-11-26,12,28404,2026-11-20T23:02:06+07:00
4867,37406,12510,80,2026-10-06,1,6730,2026-10-02T13:40:49+07:00
4868,37411,12512,529,2026-11-01,1,3617,2026-10-29T12:05:12+07:00
4869,37445,12525,133,2026-10-30,2,17676,2026-10-11T18:54:03+07:00
4870,37457,12531,403,2026-11-11,2,16994,2026-11-07T21:48:43+07:00
4871,37465,12533,790,2026-06-06,1,2862,
4872,37477,12536,434,2026-01-24,5,39760,2026-01-06T20:11:09+07:00
4873,37476,12536,701,2026-05-08,4,10041,2026-03-31T12:01:23+07:00
4874,37488,12542,720,2026-04-26,2,20394,2026-04-24T06:44:17+07:00
4875,37490,12543,153,2027-01-26,8,6793,2026-12-29T08:54:11+07:00
4876,37492,12544,194,2026-04-10,2,19942,2026-02-20T19:12:43+07:00
4877,37494,12545,77,2026-12-20,7,22428,2026-12-17T12:50:13+07:00
4878,37499,12547,219,2026-12-25,2,46549,2026-12-25T21:31:13+07:00
4879,37511,12549,332,2026-08-28,3,6087,2026-08-15T11:24:42+07:00
4880,37518,12550,205,2026-10-11,6,11465,2026-10-01T01:02:08+07:00
4881,37529,12552,254,2026-12-04,5,18979,2026-11-20T21:33:21+07:00
4882,37532,12554,667,2026-10-23,4,12183,2026-09-29T23:12:07+07:00
4883,37552,12559,654,2026-10-28,3,6594,2026-09-11T13:07:50+07:00
4884,37556,12560,656,2026-12-13,3,3727,2026-11-27T19:20:02+07:00
4885,37576,12566,27,2026-03-08,9,16945,
4886,37583,12568,791,2026-12-02,12,16585,2026-10-19T22:42:03+07:00
4887,37590,12570,537,2026-09-11,5,15411,2026-08-16T18:43:15+07:00
4888,37592,12571,547,2026-10-06,9,26348,2026-08-25T09:45:18+07:00
4889,37608,12576,93,2026-04-06,8,25394,2026-03-12T14:16:25+07:00
4890,37617,12578,739,2026-10-16,2,3242,2026-09-18T19:37:28+07:00
4891,37623,12579,752,2026-11-13,3,4264,2026-10-20T23:48:53+07:00
4892,37641,12586,481,2026-04-05,3,6922,2026-03-19T18:16:18+07:00
4893,37644,12587,492,2026-12-01,1,4077,2026-11-28T17:40:30+07:00
4894,37660,12593,570,2026-06-07,10,26023,2026-04-26T19:48:58+07:00
4895,37668,12595,218,2026-05-08,7,15284,2026-04-14T14:11:48+07:00
4896,37671,12597,197,2027-01-01,3,18241,2026-11-14T23:04:05+07:00
4897,37674,12598,387,2027-01-20,4,15203,2026-12-10T18:23:18+07:00
4898,37676,12598,800,2027-02-20,2,12705,2026-12-26T09:20:00+07:00
4899,37681,12600,95,2026-11-13,3,7867,2026-09-23T00:51:04+07:00
4900,37683,12600,22,2026-11-06,2,5570,2026-10-05T00:27:38+07:00
4901,37700,12604,38,2026-09-11,3,11152,2026-07-22T01:32:50+07:00
4902,37697,12604,160,2026-09-18,5,21919,2026-08-15T23:17:54+07:00
4903,37694,12604,147,2026-09-11,2,5316,2026-08-22T02:26:16+07:00
4904,37704,12606,492,2026-11-19,2,7982,2026-11-16T06:11:43+07:00
4905,37712,12607,7,2026-08-17,2,16222,2026-08-15T15:33:14+07:00
4906,37715,12608,686,2026-08-26,4,8166,2026-07-05T20:57:14+07:00
4907,37726,12613,220,2026-03-11,3,12457,2026-02-21T11:04:55+07:00
4908,37727,12613,82,2026-05-08,5,8796,2026-03-30T00:49:12+07:00
4909,37732,12615,531,2027-01-30,2,11219,2026-12-05T22:56:39+07:00
4910,37735,12616,250,2026-11-10,9,36723,2026-10-03T09:18:43+07:00
4911,37749,12622,11,2027-01-29,12,25073,2026-12-22T10:08:24+07:00
4912,37751,12622,682,2027-01-11,3,8898,2026-12-31T23:54:55+07:00
4913,37753,12623,273,2026-04-19,12,12010,2026-03-26T00:56:27+07:00
4914,37770,12627,108,2026-10-01,11,38628,2026-08-22T06:21:42+07:00
4915,37772,12628,450,2027-02-05,3,15627,2026-12-27T12:26:43+07:00
4916,37775,12629,186,2026-12-22,2,11907,2026-12-19T22:36:28+07:00
4917,37787,12635,134,2026-11-24,5,9254,2026-10-31T04:04:49+07:00
4918,37793,12636,422,2026-06-03,11,13960,2026-04-27T18:24:35+07:00
4919,37798,12638,333,2027-01-23,2,9306,2026-11-28T12:42:42+07:00
4920,37801,12639,112,2026-11-06,4,9067,2026-10-01T18:24:49+07:00
4921,37804,12640,262,2026-07-31,4,24251,2026-06-04T12:41:19+07:00
4922,37805,12640,92,2026-08-22,2,7258,2026-06-30T21:43:41+07:00
4923,37817,12643,273,2026-10-04,5,4698,2026-09-17T01:53:43+07:00
4924,37819,12644,332,2026-07-12,5,11006,2026-05-29T17:32:40+07:00
4925,37825,12645,401,2026-11-26,9,22563,2026-11-03T21:47:39+07:00
4926,37845,12650,237,2027-01-04,4,12712,2026-12-02T22:52:04+07:00
4927,37850,12652,739,2026-09-25,3,4628,2026-08-02T20:00:40+07:00
4928,37853,12652,416,2026-09-25,3,9804,2026-08-13T21:35:53+07:00
4929,37869,12658,304,2026-03-13,4,8065,2026-03-01T18:55:00+07:00
4930,37875,12660,95,2026-10-08,9,23401,2026-09-17T21:46:58+07:00
4931,37880,12663,497,2026-04-10,7,15853,2026-03-25T10:19:10+07:00
4932,37887,12665,422,2026-09-24,6,8412,2026-09-20T14:23:23+07:00
4933,37891,12667,284,2026-12-15,5,9648,2026-11-05T17:17:21+07:00
4934,37906,12673,668,2026-01-17,2,33151,2026-01-17T18:37:47+07:00
4935,37914,12674,717,2026-04-03,4,22416,2026-02-10T23:10:37+07:00
4936,37919,12675,648,2026-11-27,2,2897,2026-10-14T21:06:41+07:00
4937,37934,12682,654,2027-01-06,9,16797,2026-11-30T09:35:51+07:00
4938,37943,12684,56,2026-12-04,5,27841,2026-10-11T02:01:40+07:00
4939,37941,12684,71,2026-11-20,3,7953,2026-10-20T14:56:05+07:00
4940,37946,12686,193,2026-12-13,12,21522,2026-11-09T13:13:13+07:00
4941,37957,12690,635,2026-09-12,12,13707,
4942,37971,12696,621,2026-08-14,3,10956,2026-06-15T03:10:37+07:00
4943,37991,12703,266,2026-12-25,12,33818,2026-11-15T15:41:15+07:00
4944,38000,12705,118,2026-03-22,1,6575,2026-03-22T11:20:56+07:00
4945,38005,12707,97,2026-03-13,3,7081,2026-02-24T20:55:14+07:00
4946,38015,12709,482,2026-09-04,3,6623,2026-08-20T09:40:59+07:00
4947,38016,12709,659,2026-10-29,3,13697,2026-09-06T19:17:57+07:00
4948,38019,12710,553,2026-10-30,9,14028,2026-10-07T18:53:12+07:00
4949,38037,12715,757,2026-09-18,2,2654,2026-07-27T18:52:21+07:00
4950,38044,12718,228,2026-06-07,2,15377,2026-06-05T02:10:35+07:00
4951,38046,12718,279,2026-07-16,1,15860,2026-07-13T10:58:27+07:00
4952,38069,12726,624,2026-12-28,2,5371,2026-11-05T23:37:45+07:00
4953,38074,12728,183,2026-10-09,3,6956,2026-08-13T10:36:20+07:00
4954,38083,12730,742,2026-08-24,10,9728,2026-07-29T13:30:34+07:00
4955,38100,12738,73,2026-09-21,2,23657,2026-09-17T10:05:12+07:00
4956,38113,12743,212,2026-09-04,4,34324,2026-08-19T12:26:50+07:00
4957,38112,12743,92,2026-09-06,3,12076,2026-08-23T18:57:00+07:00
4958,38117,12744,243,2026-08-04,9,17761,2026-07-28T19:37:19+07:00
4959,38118,12745,510,2026-07-23,6,6585,2026-06-23T06:40:57+07:00
4960,38132,12750,59,2026-11-19,9,12233,2026-11-08T22:27:09+07:00
4961,38141,12753,238,2027-01-01,3,23747,2026-11-11T02:19:04+07:00
4962,38140,12753,747,2027-01-15,4,9931,2026-11-21T16:43:16+07:00
4963,38149,12757,379,2026-04-18,3,6497,
4964,38150,12757,55,2026-06-08,5,26223,2026-04-29T19:03:48+07:00
4965,38153,12758,214,2026-11-28,4,29098,2026-11-18T21:29:23+07:00
4966,38162,12761,327,2026-10-05,2,10813,
4967,38167,12762,657,2026-04-23,2,24218,2026-04-23T06:34:17+07:00
4968,38173,12765,92,2026-05-22,4,13937,
4969,38184,12767,49,2026-02-06,2,12521,
4970,38189,12769,777,2026-11-20,3,7332,2026-11-08T14:24:47+07:00
4971,38206,12775,553,2026-09-11,10,14909,2026-09-06T01:14:46+07:00
4972,38207,12775,798,2026-11-04,11,21716,2026-10-09T16:49:54+07:00
4973,38219,12778,715,2026-07-28,2,7504,2026-07-25T21:50:31+07:00
4974,38239,12787,342,2026-04-10,3,54661,2026-04-06T02:32:25+07:00
4975,38247,12791,105,2026-04-02,1,4437,2026-03-29T10:05:04+07:00
4976,38262,12795,184,2026-06-27,2,3571,2026-06-02T22:15:52+07:00
4977,38269,12796,523,2026-07-11,3,7502,2026-06-17T17:10:03+07:00
4978,38265,12796,551,2026-09-12,2,6368,2026-08-14T07:41:33+07:00
4979,38271,12797,47,2026-03-28,11,36585,2026-02-23T09:01:00+07:00
4980,38276,12798,339,2026-09-09,11,14533,2026-08-13T19:54:33+07:00
4981,38284,12800,241,2026-12-25,4,34691,2026-12-03T10:25:27+07:00
4982,38289,12801,206,2027-01-16,3,8703,2026-12-16T08:43:43+07:00
4983,38297,12802,17,2026-06-01,1,4151,2026-05-31T07:30:15+07:00
4984,38303,12803,223,2026-05-03,2,11030,2026-04-25T01:53:32+07:00
4985,38306,12804,508,2026-11-20,4,13014,2026-10-22T00:52:05+07:00
4986,38311,12806,256,2026-08-27,1,6418,2026-08-27T16:41:25+07:00
4987,38315,12807,222,2026-07-17,3,11162,2026-06-19T00:59:59+07:00
4988,38317,12808,237,2026-11-02,11,35211,2026-09-28T23:37:22+07:00
4989,38322,12809,237,2026-11-06,9,26699,2026-10-06T21:53:37+07:00
4990,38323,12811,487,2026-09-21,4,11383,2026-08-17T09:27:02+07:00
4991,38343,12821,586,2026-08-27,5,29345,2026-07-09T21:21:50+07:00
4992,38351,12823,34,2026-10-18,7,22764,2026-10-13T10:13:03+07:00
4993,38354,12824,473,2026-10-13,5,6337,2026-09-02T01:12:42+07:00
4994,38357,12826,464,2027-01-18,5,9731,2026-11-24T19:07:54+07:00
4995,38361,12828,352,2026-04-17,2,6834,2026-03-26T21:04:39+07:00
4996,38377,12835,120,2026-08-28,3,14919,2026-08-07T13:55:36+07:00
4997,38379,12836,123,2026-11-12,6,10365,2026-10-25T19:06:22+07:00
4998,38386,12836,206,2026-12-04,12,38972,2026-11-20T16:44:51+07:00
4999,38390,12837,676,2026-10-17,5,5902,2026-08-25T12:03:49+07:00
5000,38393,12837,322,2026-10-03,3,6929,2026-09-19T08:17:37+07:00
5001,38399,12838,238,2026-05-13,1,7553,2026-05-10T09:25:01+07:00
5002,38406,12840,163,2026-12-06,10,18948,2026-11-20T17:23:58+07:00
5003,38418,12845,199,2026-04-17,4,14074,2026-03-16T21:00:37+07:00
5004,38420,12845,637,2026-07-03,4,19981,2026-05-05T12:32:18+07:00
5005,38432,12848,132,2026-05-18,1,27837,2026-05-15T07:38:51+07:00
5006,38436,12849,231,2026-09-27,12,22418,2026-08-17T21:29:14+07:00
5007,38445,12854,352,2026-07-28,5,16401,2026-07-16T14:08:59+07:00
5008,38447,12856,459,2026-12-07,2,11898,2026-12-04T10:47:34+07:00
5009,38458,12860,503,2026-09-29,2,33156,2026-09-26T16:06:19+07:00
5010,38470,12862,488,2026-07-29,9,24758,2026-06-21T13:07:43+07:00
5011,38477,12864,112,2026-08-20,8,18875,2026-08-10T21:53:25+07:00
5012,38482,12866,260,2026-08-30,1,7455,2026-08-26T16:42:03+07:00
5013,38486,12867,680,2026-11-06,4,6910,2026-10-29T14:40:34+07:00
5014,38493,12868,398,2026-10-07,4,15320,2026-09-21T08:45:38+07:00
5015,38489,12868,243,2026-12-05,5,10812,2026-10-30T09:59:38+07:00
5016,38507,12873,400,2026-10-30,3,9356,2026-09-13T00:02:45+07:00
5017,38518,12876,49,2026-11-06,3,19433,2026-10-21T14:06:59+07:00
5018,38533,12884,118,2026-06-10,2,11397,2026-06-06T20:04:54+07:00
5019,38534,12884,211,2026-06-17,3,15895,2026-06-14T20:11:39+07:00
5020,38551,12887,345,2026-11-08,2,20407,2026-11-04T20:57:47+07:00
5021,38548,12887,275,2026-12-06,1,7498,2026-12-04T17:24:22+07:00
5022,38572,12894,248,2026-11-06,3,6699,2026-10-28T22:26:39+07:00
5023,38589,12899,200,2026-09-19,7,17511,2026-08-14T16:07:58+07:00
5024,38599,12902,717,2026-07-09,2,11023,2026-07-07T18:29:04+07:00
5025,38596,12902,414,2026-07-21,1,16328,2026-07-19T10:30:45+07:00
5026,38602,12904,500,2026-11-08,10,30437,2026-11-04T01:48:40+07:00
5027,38618,12909,10,2026-12-05,9,16538,2026-11-14T16:04:38+07:00
5028,38623,12911,490,2026-06-11,1,7129,2026-06-09T11:32:23+07:00
5029,38636,12916,37,2026-12-01,3,3142,2026-11-11T13:04:06+07:00
5030,38637,12917,146,2027-01-29,4,5599,2026-12-06T15:49:49+07:00
5031,38650,12920,283,2027-01-10,10,32603,2026-12-19T16:07:43+07:00
5032,38653,12921,57,2026-03-27,2,7409,2026-03-18T20:06:37+07:00
5033,38659,12923,426,2026-09-04,3,39564,2026-07-21T23:55:17+07:00
5034,38662,12924,612,2026-08-27,1,2724,2026-08-24T21:17:33+07:00
5035,38685,12932,192,2027-01-09,5,9905,2026-11-14T12:20:32+07:00
5036,38697,12934,651,2026-12-04,3,5386,2026-10-14T10:38:54+07:00
5037,38695,12934,124,2026-11-06,3,7545,2026-10-17T15:26:45+07:00
5038,38694,12934,471,2026-12-04,2,3705,2026-11-06T17:41:35+07:00
5039,38717,12942,428,2026-10-30,4,51954,2026-09-04T09:01:38+07:00
5040,38733,12950,331,2027-01-29,3,11604,2026-12-26T19:33:37+07:00
5041,38743,12954,317,2026-12-21,10,38399,2026-11-16T21:04:29+07:00
5042,38760,12960,44,2027-01-01,11,29055,2026-12-26T19:36:27+07:00
5043,38772,12965,296,2026-02-08,3,35930,2026-02-06T19:46:38+07:00
5044,38777,12967,319,2026-10-23,4,8506,2026-10-11T07:38:44+07:00
5045,38783,12970,703,2026-06-14,10,24472,2026-06-05T21:42:47+07:00
5046,38785,12970,636,2026-06-25,7,5310,
5047,38792,12972,130,2027-01-29,5,34711,2026-12-25T09:21:46+07:00
5048,38797,12973,592,2026-12-25,3,8552,2026-10-26T22:53:24+07:00
5049,38799,12974,395,2026-12-05,3,8168,2026-11-14T09:25:20+07:00
5050,38809,12976,268,2026-04-26,11,21396,2026-04-20T10:52:58+07:00
5051,38810,12976,746,2026-06-24,12,20577,2026-06-02T23:56:00+07:00
5052,38812,12977,757,2026-10-20,5,6899,2026-10-11T03:51:47+07:00
5053,38817,12979,33,2026-11-11,12,33258,2026-10-01T10:30:08+07:00
5054,38831,12984,236,2026-10-27,1,5771,
5055,38846,12990,325,2026-09-16,1,4840,
5056,38850,12991,648,2026-07-28,3,3973,2026-07-15T13:18:27+07:00
5057,38859,12995,666,2026-11-20,4,11033,2026-10-21T13:34:54+07:00
5058,38857,12995,432,2026-12-04,3,31522,2026-11-19T17:15:46+07:00
5059,38871,12998,634,2026-06-17,12,21128,2026-05-12T17:27:12+07:00
5060,38870,12998,618,2026-06-21,10,15745,2026-06-01T00:16:40+07:00
5061,38874,12999,721,2026-06-26,3,5645,2026-05-05T23:45:43+07:00
5062,38893,13004,406,2026-07-29,1,26085,2026-07-25T06:16:28+07:00
5063,38902,13009,395,2026-12-11,3,7630,2026-11-25T02:10:02+07:00
5064,38910,13010,606,2026-09-04,2,8031,2026-08-23T21:15:58+07:00
5065,38942,13021,785,2026-07-20,1,16887,2026-07-16T16:06:04+07:00
5066,38956,13028,128,2026-12-18,4,4108,2026-11-10T10:35:51+07:00
5067,38955,13028,328,2026-12-08,5,11155,2026-11-18T16:53:19+07:00
5068,38963,13031,491,2026-10-03,4,18957,2026-08-25T15:37:58+07:00
5069,38981,13036,543,2026-07-10,5,29470,2026-05-22T15:01:41+07:00
5070,38983,13036,33,2026-08-14,3,9660,2026-06-24T21:45:59+07:00
5071,38993,13042,56,2026-11-11,3,17977,2026-11-07T18:46:09+07:00
5072,39004,13045,238,2027-02-05,2,18192,2026-12-24T21:15:18+07:00
5073,39007,13047,40,2026-10-19,2,19123,2026-10-18T18:08:09+07:00
5074,39009,13047,168,2026-12-14,2,6279,2026-12-14T23:16:57+07:00
5075,39016,13049,111,2027-02-12,2,4999,2026-12-17T22:46:52+07:00
5076,39026,13051,602,2026-07-31,2,11753,2026-07-07T19:27:06+07:00
5077,39032,13052,630,2026-11-06,4,22695,2026-10-03T22:40:01+07:00
5078,39028,13052,189,2027-01-21,3,19385,2026-12-09T14:41:23+07:00
5079,39065,13066,336,2026-10-18,1,6327,2026-10-17T17:27:44+07:00
5080,39073,13069,426,2026-10-12,3,34883,2026-09-21T21:32:40+07:00
5081,39083,13073,726,2026-03-05,3,3728,2026-02-13T21:42:31+07:00
5082,39085,13073,746,2026-04-11,5,10611,2026-03-11T02:29:14+07:00
5083,39082,13073,188,2026-05-05,5,4642,2026-04-25T22:08:52+07:00
5084,39092,13075,355,2026-07-09,10,27566,2026-06-07T22:06:04+07:00
5085,39097,13076,130,2026-07-03,5,35381,2026-06-21T12:57:11+07:00
5086,39109,13080,513,2026-09-24,10,13853,
5087,39119,13084,709,2026-08-12,6,13757,2026-07-11T00:54:59+07:00
5088,39132,13088,48,2026-06-20,5,9984,2026-06-16T14:15:40+07:00
5089,39152,13095,86,2027-01-12,11,12369,2026-12-09T18:03:10+07:00
5090,39169,13099,218,2026-12-30,5,11451,2026-12-13T09:45:40+07:00
5091,39194,13108,57,2027-01-10,3,11904,2026-11-28T14:39:46+07:00
5092,39199,13110,254,2026-07-06,7,26783,2026-06-22T20:07:34+07:00
5093,39215,13115,504,2026-11-20,2,4141,2026-10-27T10:38:11+07:00
5094,39226,13118,435,2026-05-31,5,5792,2026-05-24T18:06:29+07:00
5095,39227,13119,117,2026-07-10,2,12861,2026-06-28T20:01:21+07:00
5096,39235,13121,515,2026-11-02,7,17333,
5097,39242,13125,34,2026-03-27,3,11119,2026-02-26T14:20:26+07:00
5098,39243,13125,364,2026-05-30,12,16703,2026-05-03T18:06:10+07:00
5099,39261,13130,493,2026-06-20,2,7737,2026-04-26T21:52:51+07:00
5100,39266,13131,312,2026-08-21,4,6731,2026-07-03T02:18:29+07:00
5101,39272,13133,203,2026-12-11,4,15509,2026-11-24T14:04:58+07:00
5102,39296,13140,3,2026-04-11,1,12809,2026-04-09T10:09:48+07:00
5103,39300,13142,191,2026-12-06,1,27070,2026-12-02T20:17:44+07:00
5104,39314,13146,710,2026-10-04,10,22672,2026-09-20T20:58:15+07:00
5105,39323,13149,587,2026-08-28,3,5789,2026-07-14T19:34:48+07:00
5106,39334,13152,148,2026-11-25,8,10004,2026-10-31T12:35:50+07:00
5107,39337,13153,27,2026-10-22,3,5405,
5108,39359,13158,397,2026-09-18,2,20239,2026-08-11T23:08:42+07:00
5109,39372,13161,633,2026-10-10,10,6157,2026-10-06T20:34:24+07:00
5110,39377,13163,563,2026-12-02,2,13517,2026-12-01T21:25:24+07:00
5111,39387,13167,279,2026-08-18,1,15307,2026-08-15T23:20:51+07:00
5112,39386,13167,234,2026-09-10,1,7810,2026-09-06T13:32:35+07:00
5113,39394,13169,33,2026-06-26,3,9356,2026-06-14T21:58:05+07:00
5114,39398,13170,319,2026-11-18,12,26601,2026-10-28T03:43:46+07:00
5115,39414,13174,256,2026-12-10,3,18366,2026-10-23T22:29:13+07:00
5116,39420,13176,344,2026-12-01,3,31456,2026-10-03T00:44:14+07:00
5117,39439,13184,278,2026-11-28,12,28762,2026-11-11T11:45:00+07:00
5118,39448,13186,24,2026-08-20,1,17298,2026-08-17T00:55:45+07:00
5119,39447,13186,212,2026-09-12,1,8818,2026-09-10T18:02:27+07:00
5120,39457,13190,321,2026-11-22,2,27366,2026-11-22T18:56:04+07:00
5121,39467,13194,552,2026-08-21,5,10033,2026-08-11T20:59:58+07:00
5122,39474,13196,519,2026-05-13,5,4908,2026-04-21T18:45:23+07:00
5123,39481,13198,498,2026-07-09,3,13728,2026-05-19T14:48:28+07:00
5124,39495,13202,296,2026-04-17,1,12083,2026-04-14T12:39:24+07:00
5125,39496,13202,420,2026-06-04,2,70653,2026-06-01T00:32:17+07:00
5126,39499,13203,758,2026-08-05,2,23126,2026-08-04T18:29:01+07:00
5127,39522,13208,258,2026-12-14,3,4689,2026-11-10T13:26:23+07:00
5128,39541,13214,126,2026-10-02,4,6717,2026-08-17T14:31:36+07:00
5129,39554,13218,202,2026-11-01,3,53880,2026-10-29T10:22:22+07:00
5130,39560,13220,211,2027-01-15,4,24259,2026-11-25T16:31:46+07:00
5131,39558,13220,551,2027-01-15,3,9323,2026-11-25T18:28:43+07:00
5132,39557,13220,618,2027-02-05,3,4801,2026-12-03T17:52:17+07:00
5133,39567,13223,129,2026-05-18,4,5440,2026-05-15T23:38:45+07:00
5134,39575,13225,634,2026-10-30,3,4858,2026-09-17T17:29:43+07:00
5135,39584,13227,27,2026-10-04,11,19305,2026-09-26T13:27:33+07:00
5136,39591,13228,161,2026-09-18,6,4769,2026-09-10T10:47:58+07:00
5137,39589,13228,169,2026-10-19,11,19535,2026-10-03T06:59:37+07:00
5138,39595,13229,238,2026-05-18,1,9197,2026-05-17T11:55:00+07:00
5139,39600,13230,22,2026-11-03,7,21186,2026-09-20T12:15:36+07:00
5140,39618,13235,557,2026-05-07,2,6120,2026-04-25T13:18:24+07:00
5141,39640,13242,276,2026-10-30,4,8216,2026-10-10T08:29:10+07:00
5142,39650,13244,564,2026-11-27,4,14856,2026-11-08T20:17:09+07:00
5143,39654,13245,671,2026-09-22,4,3988,2026-09-05T12:32:49+07:00
5144,39667,13250,184,2026-10-15,6,10171,2026-10-12T01:59:23+07:00
5145,39674,13252,687,2026-05-20,5,9309,2026-04-07T10:59:04+07:00
5146,39679,13253,295,2027-01-15,5,25768,2026-12-03T19:29:44+07:00
5147,39685,13254,285,2026-09-04,3,24699,2026-08-01T17:12:45+07:00
5148,39684,13254,358,2026-11-06,3,16094,
5149,39686,13256,173,2026-10-10,5,8258,2026-09-09T09:09:49+07:00
5150,39687,13256,288,2026-09-20,10,17986,2026-09-17T09:28:23+07:00
5151,39692,13257,272,2026-02-21,10,32001,2026-02-03T19:55:49+07:00
5152,39693,13257,683,2026-05-22,7,8192,
5153,39698,13258,213,2026-12-24,11,23600,2026-12-04T11:03:59+07:00
5154,39700,13258,126,2027-01-01,8,14810,2026-12-28T20:21:04+07:00
5155,39706,13260,786,2026-10-23,3,5765,2026-09-04T19:48:27+07:00
5156,39739,13267,130,2026-03-11,1,6862,2026-03-11T02:04:11+07:00
5157,39740,13267,298,2026-04-28,1,6483,2026-04-28T16:28:41+07:00
5158,39760,13270,230,2027-01-13,4,4915,2026-12-17T16:42:20+07:00
5159,39766,13272,272,2026-06-11,10,32822,2026-05-31T19:19:17+07:00
5160,39777,13275,576,2026-08-15,4,7825,2026-06-25T20:52:29+07:00
5161,39779,13275,30,2026-10-03,5,39107,2026-08-07T01:15:49+07:00
5162,39783,13276,91,2026-10-24,3,4836,2026-09-15T15:48:15+07:00
5163,39824,13294,42,2026-10-17,1,4180,2026-10-13T01:05:02+07:00
5164,39826,13295,206,2026-10-30,3,8276,2026-10-13T16:04:31+07:00
5165,39833,13298,675,2026-04-30,5,23795,2026-03-05T00:31:52+07:00
5166,39836,13299,622,2026-05-25,3,6319,2026-05-21T14:21:19+07:00
5167,39840,13301,213,2026-10-03,8,15820,2026-09-08T02:15:10+07:00
5168,39865,13309,365,2026-04-25,2,9384,2026-04-21T18:26:05+07:00
5169,39869,13310,274,2026-10-24,4,16158,2026-09-19T20:53:21+07:00
5170,39871,13311,559,2026-10-20,2,10168,2026-09-04T11:28:13+07:00
5171,39872,13311,539,2026-10-10,3,11075,2026-09-10T19:50:43+07:00
5172,39904,13319,337,2026-03-26,11,15376,2026-03-01T13:22:00+07:00
5173,39905,13319,38,2026-04-22,8,25415,2026-03-30T00:12:32+07:00
5174,39929,13326,628,2026-12-27,3,3249,2026-11-17T00:33:46+07:00
5175,39936,13327,701,2026-06-03,11,27929,2026-04-23T21:25:22+07:00
5176,39976,13339,206,2026-11-13,4,11777,2026-11-01T22:24:03+07:00
5177,39991,13344,551,2027-01-08,2,6011,2026-11-23T01:30:59+07:00
5178,39997,13345,268,2026-11-05,8,15421,2026-09-25T19:26:46+07:00
5179,40005,13346,79,2026-12-22,2,10369,2026-12-18T18:34:20+07:00
5180,40008,13348,362,2026-10-26,7,9189,2026-10-04T11:42:40+07:00
5181,40016,13350,102,2026-02-20,2,13558,2026-02-09T16:58:10+07:00
5182,40017,13351,2,2026-09-07,3,10366,2026-07-31T10:36:55+07:00
5183,40020,13353,36,2026-12-30,11,34947,
5184,40050,13361,82,2026-12-24,3,4690,2026-11-25T22:55:23+07:00
5185,40080,13369,356,2026-07-10,5,13260,2026-05-12T22:35:29+07:00
5186,40083,13370,55,2026-09-12,1,5158,2026-09-10T19:10:22+07:00
5187,40088,13372,330,2026-04-12,11,19684,2026-04-04T12:56:35+07:00
5188,40089,13373,733,2026-07-24,4,4855,2026-06-20T10:10:02+07:00
5189,40097,13375,197,2026-08-14,3,16279,2026-06-13T16:39:36+07:00
5190,40105,13377,556,2027-01-27,4,6787,2026-12-05T12:02:11+07:00
5191,40127,13386,434,2026-09-04,5,42797,2026-08-11T02:27:25+07:00
5192,40137,13388,660,2027-01-01,4,8423,2026-11-13T18:56:34+07:00
5193,40170,13399,264,2026-09-03,9,8723,2026-07-28T18:21:36+07:00
5194,40171,13399,77,2026-08-21,9,30866,2026-08-17T07:53:17+07:00
5195,40178,13403,473,2026-10-31,6,7234,2026-10-23T11:04:44+07:00
5196,40177,13403,561,2026-11-23,12,16951,2026-10-24T18:51:19+07:00
5197,40180,13404,610,2026-08-16,9,12815,2026-08-09T16:52:25+07:00
5198,40184,13407,83,2026-10-25,1,6341,2026-10-25T09:45:39+07:00
5199,40183,13407,87,2026-11-17,1,6057,2026-11-13T06:46:31+07:00
5200,40194,13409,768,2026-11-14,5,4168,2026-10-26T22:57:44+07:00
5201,40213,13414,206,2026-09-01,11,35010,
5202,40216,13415,160,2026-10-09,4,18002,2026-09-28T16:41:00+07:00
5203,40222,13416,466,2026-10-05,1,6447,2026-10-05T00:09:54+07:00
5204,40238,13422,64,2026-11-17,4,34365,2026-10-27T23:16:31+07:00
5205,40245,13423,200,2026-03-27,3,8231,2026-01-23T19:04:50+07:00
5206,40246,13423,708,2026-03-13,2,9517,2026-02-11T12:26:13+07:00
5207,40281,13435,170,2026-12-17,1,22086,2026-12-15T01:02:21+07:00
5208,40288,13438,794,2026-12-15,7,6428,2026-11-16T19:31:56+07:00
5209,40291,13440,308,2026-12-04,4,14915,2026-10-21T22:51:53+07:00
5210,40297,13442,158,2026-06-19,1,3570,2026-06-15T08:25:14+07:00
5211,40302,13444,492,2026-07-18,1,4301,2026-07-17T19:03:15+07:00
5212,40317,13449,114,2026-07-30,3,12114,2026-07-29T12:24:41+07:00
5213,40320,13449,787,2026-08-18,1,3701,2026-08-19T00:10:06+07:00
5214,40323,13450,493,2026-12-28,1,4572,2026-12-26T01:36:16+07:00
5215,40339,13454,34,2026-11-13,4,12421,2026-10-18T03:53:05+07:00
5216,40342,13455,278,2026-10-07,2,5699,2026-08-14T11:23:48+07:00
5217,40369,13462,140,2026-10-07,3,4941,2026-09-16T00:23:43+07:00
5218,40373,13466,429,2026-10-20,6,14444,2026-10-14T01:29:20+07:00
5219,40386,13470,274,2026-10-02,4,16036,2026-08-11T17:08:58+07:00
5220,40388,13471,550,2026-02-11,8,14075,2026-02-04T12:40:02+07:00
5221,40405,13474,560,2026-12-21,9,22174,2026-11-10T12:52:30+07:00
5222,40408,13475,214,2026-10-29,2,15229,2026-10-28T12:49:13+07:00
5223,40413,13477,707,2026-06-12,2,5536,2026-04-25T18:33:16+07:00
5224,40416,13478,22,2026-11-09,4,11705,2026-11-06T23:18:10+07:00
5225,40440,13483,739,2026-08-11,6,9745,2026-08-01T16:50:52+07:00
5226,40453,13489,387,2026-09-11,2,7754,2026-07-28T01:52:15+07:00
5227,40464,13492,154,2026-10-01,2,8523,2026-09-30T14:04:09+07:00
5228,40470,13495,255,2026-11-10,5,13209,2026-11-04T09:15:38+07:00
5229,40474,13496,615,2026-12-03,3,5558,2026-11-03T17:06:04+07:00
5230,40486,13499,81,2026-06-26,4,24787,2026-04-28T20:37:25+07:00
5231,40498,13503,29,2026-03-27,12,48183,2026-02-19T15:24:52+07:00
5232,40514,13510,448,2026-07-17,3,27411,2026-05-18T10:04:19+07:00
5233,40531,13515,231,2026-12-20,12,23657,2026-11-29T08:16:02+07:00
5234,40536,13517,89,2026-10-16,2,5462,2026-09-27T21:50:10+07:00
5235,40565,13532,84,2027-01-28,7,18933,2026-12-30T07:23:38+07:00
5236,40572,13534,74,2026-04-07,5,19434,2026-03-02T04:57:53+07:00
5237,40576,13536,373,2026-10-06,3,8208,2026-08-26T09:37:16+07:00
5238,40588,13541,193,2026-11-19,4,5964,2026-10-15T13:41:06+07:00
5239,40592,13542,488,2026-09-15,12,30730,2026-09-06T12:35:23+07:00
5240,40604,13546,289,2026-07-31,4,5782,2026-07-10T17:07:54+07:00
5241,40605,13546,190,2026-08-28,3,4041,2026-07-14T13:36:27+07:00
5242,40609,13549,700,2026-06-26,2,3286,2026-05-03T01:43:43+07:00
5243,40620,13552,163,2026-12-04,3,6018,2026-11-14T12:42:12+07:00
5244,40628,13555,568,2026-05-27,8,8428,2026-05-07T00:48:39+07:00
5245,40638,13558,259,2026-11-14,11,22197,2026-10-19T00:04:10+07:00
5246,40640,13558,445,2026-11-15,11,49225,2026-10-23T06:33:47+07:00
5247,40642,13559,137,2026-07-15,2,41279,2026-07-11T16:54:48+07:00
5248,40647,13562,709,2026-09-03,3,5880,2026-08-20T15:03:35+07:00
5249,40648,13562,620,2026-09-22,12,9104,2026-08-30T13:42:49+07:00
5250,40654,13564,251,2027-01-15,2,17581,2026-12-14T17:49:27+07:00
5251,40670,13570,222,2026-10-09,5,16590,2026-09-22T21:56:44+07:00
5252,40679,13572,227,2026-05-10,5,6008,2026-04-28T10:29:18+07:00
5253,40681,13572,209,2026-06-07,9,12618,2026-05-04T14:53:48+07:00
5254,40678,13572,237,2026-05-19,9,25491,2026-05-05T23:21:51+07:00
5255,40677,13572,337,2026-08-22,7,8763,2026-07-12T11:14:44+07:00
5256,40693,13576,656,2026-08-14,2,2510,
5257,40716,13584,106,2027-01-08,4,19212,2026-11-11T20:21:31+07:00
5258,40725,13587,232,2026-03-13,3,7256,2026-01-13T22:19:46+07:00
5259,40724,13587,107,2026-04-17,3,10850,2026-02-23T14:32:42+07:00
5260,40742,13593,229,2026-07-27,3,28042,2026-07-24T23:02:01+07:00
5261,40750,13595,271,2026-09-22,7,9987,2026-08-30T17:56:20+07:00
5262,40752,13597,35,2026-12-28,5,15627,2026-12-05T02:21:27+07:00
5263,40798,13614,356,2026-10-23,12,35495,2026-10-19T20:44:58+07:00
5264,40806,13616,82,2026-11-02,5,7953,2026-09-28T12:56:46+07:00
5265,40811,13619,227,2026-10-26,12,15908,2026-09-14T00:56:40+07:00
5266,40814,13621,59,2027-01-19,12,16893,2026-12-29T21:46:18+07:00
5267,40826,13623,253,2026-05-06,12,50942,2026-03-29T14:51:44+07:00
5268,40822,13623,29,2026-06-25,6,22128,2026-05-28T21:22:24+07:00
5269,40830,13625,62,2026-05-08,3,10520,2026-03-25T08:44:20+07:00
5270,40839,13630,47,2026-06-10,11,37816,2026-05-24T06:06:08+07:00
5271,40849,13631,158,2026-08-16,1,3801,2026-08-15T16:02:02+07:00
5272,40847,13631,637,2026-10-05,1,5006,2026-10-02T09:18:42+07:00
5273,40854,13633,82,2027-01-13,4,7411,2026-11-18T00:51:31+07:00
5274,40860,13634,532,2027-01-10,4,16498,2026-12-18T00:48:04+07:00
5275,40883,13642,286,2026-07-27,5,7591,2026-07-01T11:36:30+07:00
5276,40889,13644,183,2026-12-11,3,8263,2026-11-03T11:13:47+07:00
5277,40895,13645,265,2026-05-20,1,7501,2026-05-20T21:28:57+07:00
5278,40894,13645,296,2026-06-11,1,11897,2026-06-09T11:46:44+07:00
5279,40892,13645,202,2026-06-26,2,38462,2026-06-25T19:07:23+07:00
5280,40896,13645,512,2026-07-23,2,6573,2026-07-21T13:34:26+07:00
5281,40915,13650,582,2026-07-29,4,8164,2026-07-11T07:30:51+07:00
5282,40934,13655,74,2026-08-30,12,52964,2026-08-12T10:40:40+07:00
5283,40942,13657,247,2026-09-26,3,30192,2026-09-06T12:18:17+07:00
5284,40948,13660,201,2026-10-02,1,10344,2026-09-29T21:13:26+07:00
5285,40949,13662,368,2026-10-16,2,12144,2026-10-16T19:13:00+07:00
5286,40956,13663,725,2026-08-22,9,6339,2026-07-27T22:56:28+07:00
5287,40962,13666,709,2026-12-07,4,9033,2026-10-30T12:50:14+07:00
5288,40971,13668,397,2026-10-06,3,33116,2026-10-06T16:11:15+07:00
5289,40972,13669,595,2026-11-11,3,1758,2026-10-23T22:31:04+07:00
5290,40975,13671,657,2026-08-19,1,11917,2026-08-15T23:11:06+07:00
5291,41009,13680,532,2026-09-17,1,4136,2026-09-16T12:55:16+07:00
5292,41014,13683,99,2026-12-01,8,13600,2026-10-26T13:47:22+07:00
5293,41024,13684,83,2026-07-10,4,25728,2026-06-04T11:13:42+07:00
5294,41030,13686,546,2026-11-07,3,9483,2026-10-27T19:33:38+07:00
5295,41031,13687,126,2027-01-08,4,6590,2026-12-03T18:00:12+07:00
5296,41035,13690,518,2026-12-25,2,5654,2026-12-02T08:35:45+07:00
5297,41053,13695,264,2026-08-26,7,5797,2026-08-09T00:29:55+07:00
5298,41061,13697,438,2026-08-07,4,11325,2026-07-09T00:33:17+07:00
5299,41059,13697,165,2026-07-23,3,10303,2026-07-12T09:35:35+07:00
5300,41067,13698,288,2026-07-31,3,5455,2026-06-02T06:07:34+07:00
5301,41069,13699,316,2026-05-22,2,6490,2026-04-14T08:11:20+07:00
5302,41079,13701,329,2026-12-20,2,16028,2026-12-20T17:19:22+07:00
5303,41085,13703,467,2026-07-12,2,12284,2026-07-10T00:37:56+07:00
5304,41103,13707,663,2026-05-09,4,6598,2026-04-20T08:13:57+07:00
5305,41100,13707,756,2026-06-12,10,24724,2026-05-03T00:15:50+07:00
5306,41109,13709,456,2026-09-12,3,4469,2026-09-04T22:44:34+07:00
5307,41113,13710,401,2026-07-26,5,13173,2026-07-11T18:59:24+07:00
5308,41130,13715,141,2026-08-17,5,8413,2026-07-05T20:00:04+07:00
5309,41134,13717,238,2026-09-11,5,40590,2026-07-12T02:03:20+07:00
5310,41135,13717,705,2026-08-19,3,6057,2026-07-23T21:56:25+07:00
5311,41141,13718,375,2026-11-01,9,18273,2026-09-21T20:32:03+07:00
5312,41144,13719,605,2026-10-12,1,16181,2026-10-08T22:38:48+07:00
5313,41161,13725,686,2026-10-31,3,6894,2026-10-05T14:32:29+07:00
5314,41162,13726,459,2026-09-17,1,5663,2026-09-17T22:31:02+07:00
5315,41174,13730,779,2026-09-28,1,4772,2026-09-26T00:55:12+07:00
5316,41177,13731,475,2026-07-08,3,5777,2026-06-23T23:05:56+07:00
5317,41176,13731,303,2026-07-25,5,13021,2026-06-28T21:42:33+07:00
5318,41179,13733,771,2026-09-25,5,8584,2026-07-30T16:48:32+07:00
5319,41188,13735,85,2027-01-10,12,11663,2026-12-20T22:33:43+07:00
5320,41189,13736,622,2026-09-04,3,7229,2026-08-06T19:36:02+07:00
5321,41210,13741,712,2026-03-06,4,17696,2026-01-21T16:08:46+07:00
5322,41209,13741,183,2026-03-20,2,5651,2026-02-15T00:42:08+07:00
5323,41211,13741,40,2026-03-27,5,47989,2026-03-04T22:58:14+07:00
5324,41224,13744,322,2026-11-26,7,16930,2026-11-22T23:07:47+07:00
5325,41235,13747,237,2026-12-05,4,11855,2026-11-20T19:32:37+07:00
5326,41243,13749,445,2026-07-16,4,17405,2026-05-30T16:20:30+07:00
5327,41250,13750,684,2026-04-02,5,6830,2026-03-16T14:04:52+07:00
5328,41260,13752,305,2026-10-19,3,40709,2026-10-16T18:03:07+07:00
5329,41268,13755,99,2026-08-16,6,12224,
5330,41269,13756,226,2026-11-09,1,13133,2026-11-06T19:24:29+07:00
5331,41289,13765,597,2026-12-12,5,25392,
5332,41295,13768,704,2026-07-12,1,15315,2026-07-11T19:50:21+07:00
5333,41303,13771,444,2027-01-15,5,18431,2026-12-17T19:09:09+07:00
5334,41309,13772,318,2026-12-05,4,23714,2026-11-08T18:13:30+07:00
5335,41312,13774,440,2027-02-03,2,12953,2026-12-21T23:38:20+07:00
5336,41321,13779,408,2026-08-08,2,18808,2026-06-20T11:00:09+07:00
5337,41336,13782,343,2026-05-29,3,27076,2026-03-27T12:43:19+07:00
5338,41354,13787,690,2026-07-10,2,2931,2026-05-25T14:03:38+07:00
5339,41366,13791,713,2026-12-14,2,7992,2026-12-10T17:55:00+07:00
5340,41392,13797,96,2026-06-05,3,20217,2026-05-27T01:22:43+07:00
5341,41404,13801,159,2027-01-02,4,15535,2026-11-28T13:29:25+07:00
5342,41409,13802,472,2026-05-07,2,5375,2026-04-22T08:46:44+07:00
5343,41405,13802,609,2026-06-26,2,9099,2026-04-28T01:41:09+07:00
5344,41413,13803,209,2027-01-01,11,14148,
5345,41415,13803,436,2027-01-22,6,31382,2026-12-22T19:13:17+07:00
5346,41427,13806,218,2026-03-27,6,12127,2026-02-28T13:52:47+07:00
5347,41431,13807,658,2027-01-01,11,20160,2026-12-11T15:02:34+07:00
5348,41432,13808,394,2026-09-21,2,29103,2026-09-19T10:14:19+07:00
5349,41437,13812,581,2026-04-18,3,4482,2026-03-23T06:01:49+07:00
5350,41469,13824,264,2026-09-22,6,5606,2026-09-18T08:26:53+07:00
5351,41494,13832,500,2026-07-29,9,29837,2026-07-12T19:28:15+07:00
5352,41495,13832,171,2026-10-26,11,14466,2026-09-20T11:41:57+07:00
5353,41502,13835,622,2026-12-09,3,6629,2026-11-02T16:09:53+07:00
5354,41519,13838,375,2026-06-27,7,13641,2026-06-10T07:58:11+07:00
5355,41522,13839,38,2026-03-12,10,32002,2026-02-18T13:15:01+07:00
5356,41531,13840,311,2026-09-03,9,33484,2026-08-31T12:12:26+07:00
5357,41532,13840,530,2026-11-30,7,17587,2026-11-19T06:30:27+07:00
5358,41555,13847,353,2026-06-18,3,29930,2026-06-16T19:01:35+07:00
5359,41558,13848,375,2026-06-19,3,5637,2026-05-15T15:57:48+07:00
5360,41562,13848,61,2026-06-27,3,12310,2026-05-16T00:49:09+07:00
5361,41608,13863,215,2027-01-01,4,31189,2026-11-18T00:52:34+07:00
5362,41623,13867,477,2027-01-02,4,6016,2026-12-09T14:10:08+07:00
5363,41652,13877,259,2026-11-27,7,13063,
5364,41665,13881,116,2026-08-06,1,15656,2026-08-02T19:46:43+07:00
5365,41672,13885,479,2026-10-05,1,5802,2026-10-03T13:48:51+07:00
5366,41681,13887,437,2027-01-18,6,11089,2026-12-07T13:31:34+07:00
5367,41717,13899,200,2026-10-07,9,23455,2026-10-03T19:33:11+07:00
5368,41718,13899,548,2026-10-27,7,11615,2026-10-11T16:27:50+07:00
5369,41724,13901,126,2026-06-19,2,4091,2026-05-26T02:07:53+07:00
5370,41732,13902,647,2026-10-14,3,2576,2026-09-15T12:38:21+07:00
5371,41739,13904,783,2026-12-02,4,4447,2026-10-10T22:40:26+07:00
5372,41741,13905,396,2026-02-25,11,41384,2026-01-28T17:51:00+07:00
5373,41745,13907,593,2026-08-14,4,11141,2026-07-25T09:47:05+07:00
5374,41746,13908,276,2026-11-06,5,10556,2026-10-13T20:49:08+07:00
5375,41758,13911,594,2026-11-06,3,12488,2026-10-02T14:32:12+07:00
5376,41764,13912,387,2026-05-01,2,6603,2026-03-25T10:21:16+07:00
5377,41780,13915,267,2026-12-26,3,7322,2026-10-28T23:46:46+07:00
5378,41786,13916,277,2026-10-06,12,32547,2026-09-01T02:03:05+07:00
5379,41793,13918,639,2026-09-07,1,5162,2026-09-04T23:55:43+07:00
5380,41789,13918,574,2026-10-23,1,3759,2026-10-20T01:12:35+07:00
5381,41799,13921,455,2026-12-08,9,9216,2026-11-27T13:17:08+07:00
5382,41811,13924,21,2026-06-05,3,25099,2026-05-22T12:37:00+07:00
5383,41820,13925,21,2026-11-29,1,8484,2026-11-25T11:21:29+07:00
5384,41817,13925,305,2026-12-16,1,11504,2026-12-12T21:28:04+07:00
5385,41842,13929,184,2026-09-29,10,16045,2026-08-23T11:31:17+07:00
5386,41840,13929,324,2026-11-07,12,35424,2026-10-15T21:59:34+07:00
5387,41860,13939,656,2026-02-27,3,4006,2026-02-02T15:07:11+07:00
5388,41862,13940,689,2026-12-25,3,14683,2026-11-12T19:21:37+07:00
5389,41866,13942,609,2026-07-25,3,15707,2026-07-07T10:06:31+07:00
5390,41871,13944,548,2027-01-06,6,9825,2026-11-23T08:48:46+07:00
5391,41876,13945,368,2026-12-07,2,12368,2026-12-04T20:49:36+07:00
5392,41875,13945,321,2026-12-09,1,11638,2026-12-07T09:00:09+07:00
5393,41909,13955,30,2026-09-23,4,35375,2026-08-19T16:13:22+07:00
5394,41911,13956,492,2026-05-08,3,12708,2026-04-26T19:53:17+07:00
5395,41926,13960,192,2026-02-13,5,9786,2026-01-29T01:27:50+07:00
5396,41957,13971,487,2026-09-18,3,6974,2026-08-12T17:06:00+07:00
5397,41959,13972,101,2026-11-10,3,32005,2026-11-08T19:22:55+07:00
5398,41982,13976,256,2026-06-24,2,10689,2026-06-21T05:55:44+07:00
5399,41992,13980,256,2026-12-18,3,15651,2026-11-07T19:53:26+07:00
5400,41997,13981,676,2026-09-18,3,3769,2026-08-24T23:12:59+07:00
5401,42003,13982,16,2026-06-17,10,27769,2026-05-29T18:19:41+07:00
5402,42009,13984,563,2026-06-07,2,13319,2026-06-04T16:10:54+07:00
5403,42010,13985,127,2026-08-15,7,21109,2026-07-04T10:39:04+07:00
5404,42016,13987,57,2026-10-02,3,10913,2026-09-16T19:32:04+07:00
5405,42028,13988,379,2026-07-25,2,5003,2026-06-30T01:41:20+07:00
5406,42034,13990,146,2026-11-28,2,3191,2026-10-21T04:32:23+07:00
5407,42068,14001,632,2026-11-20,4,20553,2026-10-13T13:10:39+07:00
5408,42072,14001,81,2026-12-18,2,13042,
5409,42090,14007,62,2026-10-31,3,9698,2026-10-03T10:45:13+07:00
5410,42117,14016,656,2026-12-16,12,13328,2026-11-07T22:10:07+07:00
5411,42114,14016,264,2026-12-26,5,4286,2026-11-29T12:50:20+07:00
5412,42122,14017,82,2026-08-21,4,7316,2026-06-28T13:17:35+07:00
5413,42131,14021,131,2026-08-29,5,18956,2026-07-18T09:10:10+07:00
5414,42142,14023,44,2026-05-08,12,34065,2026-05-04T23:47:54+07:00
5415,42144,14024,322,2026-09-11,2,5102,2026-09-01T17:16:15+07:00
5416,42145,14024,572,2026-11-13,3,15463,2026-10-30T17:08:29+07:00
5417,42152,14028,169,2026-09-25,3,4876,2026-08-31T12:53:45+07:00
5418,42163,14031,152,2026-11-22,2,32388,2026-11-22T12:49:46+07:00
5419,42175,14034,608,2026-12-06,9,6694,2026-10-29T01:15:56+07:00
5420,42178,14035,55,2026-10-09,4,19068,
5421,42190,14040,434,2026-10-07,4,29954,2026-09-17T17:07:04+07:00
5422,42205,14042,30,2026-12-01,1,9500,2026-11-30T20:19:46+07:00
5423,42211,14044,504,2026-09-08,7,14790,2026-08-10T16:08:47+07:00
5424,42216,14046,562,2026-04-26,4,6889,2026-03-13T19:25:17+07:00
5425,42220,14047,362,2026-12-08,4,5715,2026-11-27T09:27:44+07:00
5426,42224,14048,508,2026-10-26,2,5914,2026-10-23T13:47:03+07:00
5427,42232,14050,186,2026-09-21,4,26038,2026-07-27T11:00:31+07:00
5428,42241,14052,702,2026-03-14,5,12621,2026-02-05T15:05:42+07:00
5429,42266,14058,483,2026-06-12,2,8427,2026-04-26T11:39:18+07:00
5430,42269,14059,355,2027-01-01,2,5715,2026-11-19T01:32:59+07:00
5431,42280,14062,220,2026-09-26,12,48788,2026-08-26T12:50:05+07:00
5432,42282,14063,774,2026-12-04,4,16880,2026-10-29T11:50:22+07:00
5433,42289,14065,41,2026-09-30,12,46330,2026-09-26T19:14:49+07:00
5434,42290,14065,362,2026-11-15,4,5316,2026-10-17T23:43:14+07:00
5435,42297,14067,21,2026-12-16,2,16858,2026-12-08T08:07:02+07:00
5436,42306,14070,78,2026-05-08,2,15053,
5437,42328,14079,762,2026-04-02,12,27890,2026-03-23T06:42:40+07:00
5438,42330,14081,379,2026-06-16,11,29217,
5439,42329,14081,339,2026-06-24,3,3299,2026-06-08T21:48:57+07:00
5440,42335,14083,573,2026-06-29,10,19266,2026-06-07T09:56:34+07:00
5441,42345,14085,292,2026-02-17,4,4637,2026-02-09T11:44:44+07:00
5442,42373,14092,116,2026-08-06,2,31927,2026-08-02T23:09:25+07:00
5443,42376,14093,284,2026-08-14,5,10174,2026-08-03T19:52:27+07:00
5444,42390,14095,45,2026-12-07,3,29730,2026-10-21T22:23:12+07:00
5445,42396,14097,314,2026-07-03,3,11716,2026-05-22T17:41:46+07:00
5446,42397,14098,767,2026-08-06,8,17212,2026-07-21T13:30:43+07:00
5447,42402,14102,199,2026-09-25,4,14010,2026-07-30T20:11:51+07:00
5448,42405,14103,692,2026-11-18,1,15422,2026-11-14T22:09:47+07:00
5449,42414,14106,81,2027-02-05,3,18944,
5450,42430,14113,134,2026-11-16,3,6273,2026-09-25T23:17:25+07:00
5451,42443,14117,84,2026-08-20,11,32160,2026-07-16T13:30:33+07:00
5452,42448,14117,644,2026-09-01,6,14198,2026-07-28T15:16:23+07:00
5453,42453,14119,255,2026-10-29,5,12266,2026-10-18T08:15:19+07:00
5454,42456,14120,665,2027-01-29,4,5859,2026-12-05T13:06:41+07:00
5455,42467,14123,770,2026-05-08,1,3493,2026-05-05T16:50:58+07:00
5456,42476,14125,627,2026-12-11,2,5119,2026-11-26T07:38:24+07:00
5457,42489,14129,433,2026-12-18,4,36391,2026-11-08T13:15:54+07:00
5458,42497,14131,336,2026-10-12,3,17048,2026-08-26T11:22:16+07:00
5459,42498,14131,216,2026-10-16,3,24494,2026-10-06T11:52:49+07:00
5460,42500,14132,653,2026-09-03,3,16087,2026-08-03T15:49:34+07:00
5461,42518,14139,649,2026-08-28,5,25210,2026-07-11T23:17:18+07:00
5462,42520,14140,54,2026-12-11,3,27304,2026-12-01T21:18:26+07:00
5463,42521,14141,155,2026-09-20,6,3367,2026-08-07T20:04:32+07:00
5464,42532,14143,145,2026-12-18,3,3497,2026-11-29T23:18:06+07:00
5465,42550,14149,324,2026-08-03,11,33701,2026-07-20T12:52:56+07:00
5466,42551,14149,472,2026-09-02,11,35331,2026-08-11T22:46:04+07:00
5467,42552,14150,396,2026-04-22,7,24812,2026-03-31T18:40:09+07:00
5468,42566,14153,571,2026-11-15,6,9822,2026-10-22T21:26:06+07:00
5469,42573,14154,419,2026-12-22,4,19885,2026-11-18T05:57:19+07:00
5470,42572,14154,399,2026-12-17,6,35098,2026-11-21T17:29:00+07:00
5471,42576,14154,469,2027-01-01,10,10055,2026-11-25T15:39:48+07:00
5472,42578,14155,542,2026-05-22,3,15496,2026-05-08T01:55:23+07:00
5473,42577,14155,774,2026-08-08,4,17420,2026-06-30T17:39:01+07:00
5474,42582,14156,238,2026-09-07,2,16826,2026-09-03T05:57:38+07:00
5475,42588,14157,300,2027-01-23,4,22982,2026-12-10T11:24:57+07:00
5476,42603,14162,94,2026-06-05,5,11192,2026-04-23T20:29:05+07:00
5477,42636,14171,147,2026-11-26,4,10695,2026-10-23T15:53:48+07:00
5478,42639,14173,493,2026-06-19,2,9118,2026-05-06T22:33:57+07:00
5479,42643,14174,323,2026-11-08,6,20155,2026-10-26T21:07:48+07:00
5480,42651,14177,772,2026-07-24,2,6589,2026-07-12T15:35:56+07:00
5481,42683,14187,131,2026-08-02,12,43217,2026-07-30T23:52:17+07:00
5482,42691,14190,610,2027-02-26,4,5243,2026-12-30T22:38:46+07:00
5483,42695,14192,396,2026-08-24,3,13159,2026-08-20T13:14:45+07:00
5484,42699,14193,608,2026-11-05,5,3408,2026-10-31T07:45:52+07:00
5485,42706,14196,628,2026-06-15,7,8313,2026-05-03T10:47:50+07:00
5486,42727,14201,557,2026-05-12,5,15498,2026-05-02T01:21:06+07:00
5487,42734,14203,798,2026-05-13,3,6886,2026-04-28T14:40:28+07:00
5488,42749,14210,764,2026-11-18,5,4406,2026-10-16T22:52:35+07:00
5489,42757,14213,729,2026-08-07,4,11528,2026-07-28T22:46:29+07:00
5490,42761,14214,356,2026-11-02,4,10002,2026-09-19T08:56:57+07:00
5491,42765,14216,1,2026-04-17,2,11839,2026-03-28T15:31:27+07:00
5492,42766,14216,793,2026-06-12,3,5791,2026-04-18T23:55:34+07:00
5493,42778,14221,514,2026-09-28,8,23151,
5494,42793,14226,90,2026-12-12,2,4720,2026-11-01T11:05:16+07:00
5495,42798,14228,626,2026-09-20,10,14782,2026-08-25T22:01:59+07:00
5496,42825,14235,764,2026-10-05,6,5386,2026-09-13T12:31:01+07:00
5497,42832,14236,347,2026-02-26,1,14462,2026-02-24T00:07:37+07:00
5498,42836,14237,544,2026-11-01,2,23377,2026-10-28T18:28:16+07:00
5499,42838,14238,488,2026-09-29,5,11761,2026-09-10T21:22:19+07:00
5500,42845,14240,97,2026-08-30,6,13449,2026-08-05T13:27:59+07:00
5501,42850,14242,513,2026-12-23,9,13459,2026-12-09T12:59:43+07:00
5502,42861,14247,398,2026-11-01,11,41861,2026-09-23T09:29:34+07:00
5503,42879,14254,107,2027-01-01,6,19332,2026-12-24T15:23:24+07:00
5504,42886,14255,505,2026-11-01,2,4271,2026-09-22T15:21:03+07:00
5505,42905,14261,56,2026-12-17,4,23064,2026-11-26T09:32:35+07:00
5506,42915,14265,141,2026-11-05,3,5433,2026-10-24T08:29:45+07:00
5507,42953,14277,423,2026-10-29,11,24028,2026-09-24T12:53:27+07:00
5508,42957,14277,530,2027-01-05,10,27672,2026-11-22T18:41:02+07:00
5509,42963,14280,76,2026-12-02,9,32609,
5510,42969,14283,39,2026-10-30,4,8424,2026-09-28T16:44:56+07:00
5511,42971,14284,185,2026-12-25,5,32560,2026-11-18T12:58:19+07:00
5512,42976,14285,472,2026-08-07,8,25221,2026-07-18T16:20:00+07:00
5513,42988,14288,188,2026-10-18,3,3115,2026-09-05T01:22:04+07:00
5514,43010,14294,136,2026-08-30,11,8723,2026-07-29T10:09:49+07:00
5515,43011,14295,800,2026-12-06,3,15541,2026-12-04T08:39:04+07:00
5516,43021,14297,21,2026-10-16,2,14082,2026-09-10T01:17:34+07:00
5517,43020,14297,77,2027-01-01,2,5763,2026-11-05T20:21:59+07:00
5518,43024,14298,273,2027-01-19,12,11180,2026-12-17T12:09:14+07:00
5519,43031,14300,394,2026-10-14,1,14972,2026-10-12T12:43:11+07:00
5520,43038,14301,639,2026-10-31,3,14435,2026-10-04T01:11:05+07:00
5521,43048,14303,645,2026-10-13,4,11623,2026-09-13T18:05:53+07:00
5522,43051,14304,341,2026-08-09,3,5532,2026-07-18T11:28:29+07:00
5523,43067,14313,762,2027-01-24,4,8138,2026-12-02T09:21:30+07:00
5524,43076,14315,265,2026-06-19,1,7791,2026-06-18T09:12:17+07:00
5525,43077,14315,120,2026-08-27,1,4968,2026-08-27T16:25:10+07:00
5526,43078,14316,616,2026-10-23,4,22763,2026-09-08T19:13:33+07:00
5527,43087,14318,168,2026-08-25,1,3485,2026-08-21T12:21:35+07:00
5528,43092,14319,787,2026-10-10,2,7783,2026-10-10T18:27:58+07:00
5529,43118,14326,779,2026-09-16,1,4893,2026-09-15T00:34:19+07:00
5530,43122,14329,183,2027-01-25,3,6880,2026-12-18T17:19:48+07:00
5531,43145,14339,438,2026-11-22,3,7881,2026-10-20T20:54:12+07:00
5532,43154,14343,163,2026-08-28,9,16988,2026-08-20T20:13:46+07:00
5533,43155,14343,84,2026-09-30,11,32160,2026-08-26T23:41:25+07:00
5534,43156,14344,248,2027-01-19,3,6193,2026-12-07T07:47:53+07:00
5535,43161,14344,464,2027-01-03,5,9331,2026-12-25T13:36:17+07:00
5536,43163,14345,489,2026-08-26,2,8311,2026-08-22T22:22:48+07:00
5537,43174,14347,703,2026-07-24,3,6967,2026-06-27T14:18:45+07:00
5538,43169,14347,8,2026-08-17,4,16414,2026-07-26T19:31:35+07:00
5539,43170,14347,200,2026-10-13,3,7757,2026-09-10T17:32:47+07:00
5540,43187,14353,391,2026-07-17,4,26985,2026-06-26T23:23:50+07:00
5541,43201,14357,466,2026-07-24,4,29392,2026-07-12T04:53:23+07:00
5542,43220,14365,793,2026-07-17,10,20506,2026-07-13T10:59:31+07:00
5543,43228,14368,409,2026-05-31,8,18806,2026-05-12T00:30:24+07:00
5544,43234,14369,242,2026-10-03,1,5368,2026-09-29T12:15:14+07:00
5545,43244,14373,288,2026-10-30,2,3845,2026-09-27T09:17:56+07:00
5546,43251,14375,527,2026-04-04,1,22421,2026-04-02T02:27:23+07:00
5547,43265,14380,413,2026-10-26,9,14522,2026-10-09T03:42:03+07:00
5548,43273,14383,782,2026-06-25,2,15915,2026-06-21T01:05:50+07:00
5549,43285,14386,709,2026-06-08,5,10978,2026-05-27T08:20:50+07:00
5550,43289,14387,617,2026-06-22,3,10277,2026-06-20T18:53:37+07:00
5551,43299,14391,598,2026-08-26,2,5264,2026-08-26T11:34:41+07:00
5552,43310,14393,697,2026-05-13,2,6956,2026-05-13T12:51:23+07:00
5553,43308,14393,408,2026-07-22,1,8708,2026-07-18T16:05:37+07:00
5554,43311,14394,502,2026-11-10,2,38557,2026-11-09T17:48:29+07:00
5555,43318,14395,419,2026-07-18,3,14368,
5556,43322,14397,518,2026-10-04,1,2856,2026-09-30T09:25:42+07:00
5557,43325,14398,338,2026-05-18,3,14671,2026-05-18T12:14:07+07:00
5558,43347,14404,660,2026-09-09,6,14572,2026-08-17T00:05:38+07:00
5559,43356,14408,61,2026-09-06,1,4581,2026-09-05T12:06:36+07:00
5560,43363,14410,661,2026-10-16,10,15356,2026-09-19T20:56:31+07:00
5561,43371,14413,106,2026-09-23,1,5526,2026-09-22T20:57:21+07:00
5562,43380,14415,532,2026-08-28,5,18832,2026-07-18T00:31:00+07:00
5563,43390,14417,353,2026-06-13,4,45807,2026-05-26T19:54:44+07:00
5564,43386,14417,43,2026-07-24,5,29702,2026-07-12T09:35:09+07:00
5565,43394,14419,439,2027-01-21,2,21495,2026-12-11T08:43:32+07:00
5566,43412,14427,576,2026-06-06,9,17229,2026-05-04T07:47:54+07:00
5567,43420,14429,777,2026-11-20,3,7546,2026-10-21T04:57:48+07:00
5568,43428,14431,529,2026-06-26,5,16863,2026-05-18T22:30:34+07:00
5569,43443,14435,289,2026-09-15,4,6062,2026-08-29T20:00:15+07:00
5570,43444,14436,76,2026-11-22,4,14876,2026-10-29T14:37:54+07:00
5571,43457,14443,220,2026-12-22,6,28169,2026-11-11T13:49:11+07:00
5572,43462,14444,372,2026-04-17,2,5347,
5573,43464,14445,427,2026-11-27,5,15408,2026-10-17T23:55:29+07:00
5574,43469,14446,222,2026-08-23,2,7202,2026-06-29T18:56:42+07:00
5575,43467,14446,43,2026-08-14,5,28811,2026-08-01T01:19:04+07:00
5576,43478,14449,440,2026-12-30,1,5430,2026-12-27T09:49:06+07:00
5577,43487,14451,344,2026-09-26,1,10781,2026-09-22T17:38:29+07:00
5578,43491,14453,291,2026-09-18,1,6491,2026-09-16T19:51:01+07:00
5579,43490,14453,326,2026-09-29,2,11665,2026-09-28T20:46:46+07:00
5580,43523,14464,116,2026-08-01,2,31959,2026-07-30T06:41:40+07:00
5581,43538,14468,1,2026-09-26,2,12002,2026-09-23T21:37:04+07:00
5582,43542,14469,103,2027-01-13,4,7600,2026-12-10T23:11:51+07:00
5583,43554,14472,460,2026-08-07,3,10660,2026-07-24T10:15:08+07:00
5584,43559,14473,186,2026-11-07,3,18186,2026-10-06T17:49:11+07:00
5585,43571,14477,269,2027-01-17,11,11595,2026-12-21T01:08:02+07:00
5586,43582,14481,93,2026-06-28,12,40106,2026-06-17T01:21:49+07:00
5587,43584,14482,776,2026-08-18,1,14288,2026-08-15T17:01:25+07:00
5588,43586,14483,659,2026-04-03,3,14825,2026-02-24T18:57:15+07:00
5589,43615,14492,357,2026-10-07,1,7082,2026-10-06T15:24:58+07:00
5590,43617,14492,202,2026-10-30,2,37116,2026-10-28T21:38:05+07:00
5591,43620,14493,670,2026-10-21,9,23083,2026-10-10T10:57:24+07:00
5592,43625,14495,534,2026-03-05,3,12476,2026-03-02T10:21:32+07:00
5593,43640,14501,54,2026-07-23,1,10233,2026-07-23T16:27:31+07:00
5594,43642,14503,329,2026-08-01,1,8093,2026-07-29T10:15:32+07:00
5595,43653,14507,189,2026-11-20,3,21286,2026-10-06T16:26:31+07:00
5596,43661,14510,253,2026-06-13,2,8506,2026-05-11T15:01:44+07:00
5597,43664,14511,89,2026-07-20,12,32682,2026-06-29T09:46:10+07:00
5598,43672,14514,50,2027-01-10,11,13561,2026-12-19T14:30:56+07:00
5599,43679,14516,268,2027-01-18,9,19902,2026-12-13T17:06:45+07:00
5600,43681,14516,373,2027-02-01,11,29220,2026-12-25T10:05:53+07:00
5601,43688,14518,405,2026-06-25,2,51740,2026-06-22T16:41:42+07:00
5602,43692,14519,403,2026-09-25,2,17690,2026-08-08T22:25:56+07:00
5603,43690,14519,330,2026-11-06,2,3079,2026-09-06T10:28:38+07:00
5604,43703,14521,792,2026-09-19,8,14833,2026-08-13T19:02:32+07:00
5605,43706,14522,173,2026-11-20,5,9098,2026-10-23T22:51:19+07:00
5606,43714,14524,67,2026-05-13,1,8431,2026-05-11T22:55:25+07:00
5607,43715,14525,306,2026-12-24,9,28901,2026-12-15T10:06:51+07:00
5608,43736,14532,300,2026-08-14,1,6248,2026-08-12T08:27:54+07:00
5609,43738,14533,523,2026-05-22,2,4507,2026-05-08T15:18:24+07:00
5610,43747,14535,719,2026-11-20,3,16905,2026-10-21T19:37:20+07:00
5611,43748,14535,616,2026-12-25,4,22331,2026-10-28T14:11:06+07:00
5612,43746,14535,311,2027-01-01,2,7691,2026-12-04T12:50:27+07:00
5613,43752,14537,232,2026-05-16,8,16033,2026-04-19T22:05:37+07:00
5614,43764,14541,737,2026-11-07,2,3895,2026-10-08T21:18:03+07:00
5615,43768,14542,289,2026-10-05,6,8281,2026-09-04T21:22:51+07:00
5616,43773,14543,274,2026-03-30,2,8390,2026-03-30T12:45:23+07:00
5617,43779,14544,241,2027-02-12,2,20659,2026-12-27T22:07:35+07:00
5618,43781,14545,82,2026-04-17,3,4680,2026-03-28T09:23:01+07:00
5619,43782,14546,424,2026-02-16,8,21669,2026-01-16T15:35:53+07:00
5620,43794,14549,444,2026-04-07,4,12148,2026-03-26T09:42:24+07:00
5621,43798,14551,175,2026-12-05,5,5373,2026-11-15T13:23:32+07:00
5622,43801,14552,34,2026-05-01,3,9028,2026-03-05T20:27:44+07:00
5623,43807,14553,240,2027-01-31,8,8850,2026-12-24T12:40:28+07:00
5624,43816,14557,460,2026-07-10,3,10413,2026-06-19T13:26:37+07:00
5625,43817,14557,593,2026-10-02,3,8834,2026-08-26T19:34:43+07:00
5626,43831,14564,391,2026-11-16,1,6162,2026-11-14T10:43:57+07:00
5627,43835,14566,628,2026-09-21,8,8895,2026-08-30T00:36:43+07:00
5628,43840,14567,767,2026-10-20,7,13054,2026-09-20T11:27:00+07:00
5629,43841,14567,311,2026-12-10,7,25760,2026-11-10T20:45:25+07:00
5630,43839,14567,119,2026-12-21,7,26789,2026-11-18T12:15:28+07:00
5631,43866,14579,477,2026-05-10,3,5475,2026-05-05T18:51:44+07:00
5632,43869,14580,362,2026-07-01,3,4282,2026-06-16T07:30:59+07:00
5633,43879,14583,38,2026-08-05,7,21630,2026-06-27T22:56:03+07:00
5634,43886,14586,211,2026-10-02,1,5340,2026-09-30T20:20:37+07:00
5635,43892,14589,298,2026-02-20,3,19614,2026-02-16T00:29:31+07:00
5636,43904,14594,221,2026-04-24,2,4997,2026-03-28T17:14:58+07:00
5637,43911,14595,611,2026-10-30,2,8457,2026-10-06T12:20:11+07:00
5638,43914,14596,352,2026-08-21,2,7457,2026-07-14T20:57:54+07:00
5639,43973,14616,500,2026-10-25,8,21270,2026-10-06T17:47:27+07:00
5640,43985,14619,192,2026-12-19,5,10686,2026-11-18T00:36:54+07:00
5641,43999,14623,736,2026-05-25,1,4748,2026-05-23T00:57:02+07:00
5642,43997,14623,367,2026-07-01,1,5096,2026-06-27T14:04:35+07:00
5643,44003,14624,249,2026-10-08,6,22721,2026-09-12T14:11:10+07:00
5644,44009,14628,307,2026-05-08,2,5755,2026-04-14T00:10:41+07:00
5645,44026,14633,183,2026-10-23,7,17604,2026-10-12T01:42:53+07:00
5646,44027,14633,536,2026-12-14,10,32276,2026-11-02T19:38:45+07:00
5647,44032,14635,105,2026-12-08,1,3942,2026-12-04T13:23:58+07:00
5648,44037,14637,761,2026-08-28,3,18887,2026-08-16T21:28:52+07:00
5649,44049,14639,69,2026-12-23,5,7341,2026-11-11T13:59:08+07:00
5650,44051,14640,550,2026-10-31,3,4485,2026-09-24T10:22:18+07:00
5651,44075,14646,260,2026-05-30,2,14191,
5652,44074,14646,165,2026-08-23,4,12373,2026-06-26T05:10:24+07:00
5653,44092,14653,138,2026-06-26,2,5157,2026-06-13T19:33:41+07:00
5654,44101,14656,414,2026-12-12,1,18643,2026-12-12T17:40:36+07:00
5655,44108,14658,374,2026-05-15,5,10293,2026-04-10T17:26:26+07:00
5656,44110,14659,786,2026-12-17,3,5480,2026-10-27T12:54:05+07:00
5657,44111,14659,559,2027-02-06,3,14824,2026-12-20T12:26:40+07:00
5658,44117,14660,107,2026-06-22,6,21099,2026-05-17T13:30:58+07:00
5659,44116,14660,522,2026-06-25,5,9242,2026-05-31T11:48:49+07:00
5660,44123,14662,764,2026-10-26,10,9604,2026-10-04T12:55:36+07:00
5661,44146,14668,447,2026-12-17,1,44895,2026-12-17T16:51:46+07:00
5662,44147,14669,91,2026-08-25,6,11119,2026-08-08T12:46:46+07:00
5663,44150,14670,2,2027-01-09,4,12917,2026-12-10T09:12:55+07:00
5664,44161,14674,316,2026-11-15,5,13639,2026-11-12T13:29:53+07:00
5665,44177,14678,195,2026-08-31,8,20665,2026-08-02T12:04:47+07:00
5666,44181,14680,322,2027-01-08,3,7754,2026-12-18T23:04:32+07:00
5667,44190,14682,189,2026-04-11,3,20626,2026-04-03T22:05:38+07:00
5668,44207,14690,37,2026-11-05,7,8624,2026-09-28T09:53:53+07:00
5669,44231,14696,705,2026-09-22,5,9602,2026-08-23T18:57:29+07:00
5670,44230,14696,290,2026-09-08,10,12544,2026-08-28T00:12:08+07:00
5671,44239,14700,594,2026-10-09,2,7965,
5672,44241,14701,282,2026-08-17,5,11262,2026-07-20T14:41:51+07:00
5673,44247,14702,238,2026-08-07,3,26833,2026-06-26T16:31:42+07:00
5674,44249,14704,556,2026-09-21,5,7211,2026-09-16T14:31:44+07:00
5675,44253,14705,148,2026-12-04,4,5519,2026-10-25T08:09:48+07:00
5676,44271,14711,590,2026-11-17,8,7490,2026-10-26T14:58:35+07:00
5677,44280,14714,127,2026-12-12,3,8613,2026-11-23T23:31:13+07:00
5678,44286,14716,61,2026-08-26,2,7846,2026-08-25T09:57:19+07:00
5679,44291,14718,124,2026-11-21,5,11506,2026-10-12T19:25:45+07:00
5680,44299,14720,68,2026-09-22,7,28405,2026-09-06T07:54:02+07:00
5681,44310,14724,390,2026-07-05,1,23577,2026-07-05T06:22:14+07:00
5682,44318,14726,248,2026-09-28,3,6733,2026-09-12T22:21:58+07:00
5683,44336,14730,789,2026-08-29,5,22472,2026-07-23T00:18:21+07:00
5684,44337,14730,184,2026-08-28,4,6954,2026-07-28T09:53:59+07:00
5685,44343,14733,551,2027-01-08,3,9600,2026-12-01T18:26:22+07:00
5686,44356,14736,7,2026-06-06,3,21254,2026-05-12T20:38:44+07:00
5687,44380,14740,536,2026-08-30,4,11394,2026-08-16T07:19:34+07:00
5688,44376,14740,739,2026-11-08,7,11295,2026-09-26T00:23:41+07:00
5689,44372,14740,504,2026-10-23,5,11606,2026-10-01T06:10:40+07:00
5690,44392,14746,573,2026-11-14,4,6114,2026-11-01T15:11:32+07:00
5691,44404,14748,35,2026-05-10,8,25655,2026-04-14T16:32:54+07:00
5692,44438,14758,269,2026-11-30,12,14718,2026-10-28T08:21:10+07:00
5693,44434,14758,140,2026-11-11,11,19455,2026-10-28T18:42:20+07:00
5694,44456,14766,67,2026-10-24,1,8092,2026-10-20T15:05:25+07:00
5695,44460,14767,122,2026-12-06,1,8264,2026-12-05T20:15:52+07:00
5696,44465,14769,173,2027-01-15,4,7688,2026-11-25T12:19:42+07:00
5697,44476,14772,384,2026-11-15,7,15739,2026-10-29T15:49:12+07:00
5698,44479,14774,117,2026-06-26,3,19715,2026-05-22T12:25:18+07:00
5699,44488,14777,63,2026-03-27,2,14368,2026-03-25T13:37:57+07:00
5700,44487,14777,431,2026-04-01,1,23758,2026-04-01T19:39:40+07:00
5701,44489,14778,636,2026-10-02,6,4438,2026-09-28T10:55:30+07:00
5702,44506,14786,383,2026-07-23,2,14515,2026-07-20T10:08:18+07:00
5703,44511,14787,373,2026-10-13,11,31426,2026-09-26T20:55:09+07:00
5704,44524,14790,83,2026-09-18,3,22509,2026-09-05T14:12:37+07:00
5705,44531,14792,167,2027-01-23,3,18617,2026-12-28T18:52:02+07:00
5706,44533,14793,74,2026-11-03,3,12195,2026-10-06T18:30:51+07:00
5707,44546,14797,541,2026-08-01,1,10601,2026-08-01T15:20:38+07:00
5708,44549,14798,359,2027-01-22,3,5802,2026-12-03T21:35:57+07:00
5709,44568,14805,192,2026-04-13,8,15642,2026-03-01T11:04:37+07:00
5710,44585,14812,253,2026-09-23,9,37151,2026-09-16T16:19:23+07:00
5711,44583,14812,155,2026-12-12,4,2315,2026-11-01T11:34:04+07:00
5712,44594,14814,553,2026-05-07,4,5636,2026-04-13T00:57:58+07:00
5713,44590,14814,331,2026-05-16,3,13826,2026-04-24T22:51:47+07:00
5714,44592,14814,215,2026-06-26,2,15021,2026-06-09T23:50:59+07:00
5715,44600,14816,725,2026-10-13,3,2655,2026-09-26T16:31:11+07:00
5716,44604,14817,399,2027-01-16,9,45559,2026-12-07T20:47:52+07:00
5717,44612,14820,200,2026-04-23,10,22644,2026-03-24T10:36:11+07:00
5718,44614,14821,148,2026-11-02,12,15279,2026-10-24T21:53:36+07:00
5719,44625,14824,365,2026-12-01,3,14418,2026-11-13T02:29:13+07:00
5720,44628,14827,753,2026-07-17,7,17689,2026-06-13T19:52:48+07:00
5721,44643,14829,501,2026-04-07,1,6994,2026-04-06T18:11:21+07:00
5722,44640,14829,782,2026-04-26,2,14222,2026-04-24T12:43:31+07:00
5723,44645,14830,11,2027-01-22,3,6440,2026-12-21T20:24:08+07:00
5724,44657,14833,8,2026-04-29,2,8843,2026-04-25T14:05:52+07:00
5725,44658,14834,799,2026-10-23,1,3353,2026-10-19T19:28:59+07:00
5726,44661,14835,402,2026-08-21,1,38042,2026-08-19T11:37:52+07:00
5727,44668,14837,9,2026-11-10,4,6120,2026-10-03T12:21:57+07:00
5728,44692,14844,96,2026-12-28,1,6457,2026-12-25T13:03:17+07:00
5729,44693,14845,270,2026-09-20,3,3455,2026-08-28T05:15:00+07:00
5730,44705,14847,242,2026-10-19,2,11039,2026-10-18T15:16:00+07:00
5731,44704,14847,61,2026-12-12,2,8935,2026-12-12T15:52:15+07:00
5732,44711,14848,693,2026-07-26,3,7392,2026-06-22T23:07:35+07:00
5733,44720,14851,141,2026-07-31,3,4960,2026-07-25T02:10:44+07:00
5734,44743,14859,62,2026-08-18,12,37185,2026-08-06T15:26:17+07:00
5735,44752,14863,54,2026-06-27,1,10252,2026-06-27T14:26:30+07:00
5736,44754,14864,433,2027-01-22,3,28221,2026-12-26T09:34:25+07:00
5737,44774,14873,314,2026-08-07,4,13545,2026-06-12T08:41:38+07:00
5738,44775,14873,39,2026-08-14,2,4504,2026-07-11T23:12:06+07:00
5739,44776,14874,237,2026-11-17,7,19026,2026-11-12T07:28:33+07:00
5740,44782,14875,145,2026-04-17,12,14660,2026-04-06T22:36:58+07:00
5741,44794,14880,501,2026-05-29,3,19339,2026-04-24T13:19:22+07:00
5742,44795,14881,413,2027-01-18,12,21028,2026-12-06T15:13:55+07:00
5743,44818,14890,22,2026-06-25,4,10316,2026-06-02T14:29:29+07:00
5744,44820,14891,277,2026-05-23,5,15723,2026-05-05T20:49:56+07:00
5745,44821,14892,682,2026-08-21,3,8599,2026-08-01T20:54:26+07:00
5746,44825,14893,183,2026-09-04,3,6727,2026-08-24T12:41:28+07:00
5747,44853,14901,181,2026-07-24,2,33766,2026-07-20T11:16:10+07:00
5748,44851,14901,191,2026-08-20,2,50119,2026-08-18T18:07:46+07:00
5749,44873,14906,14,2026-12-25,3,19308,2026-11-06T17:17:39+07:00
5750,44874,14907,774,2026-11-06,4,16880,
5751,44875,14907,747,2026-10-23,3,7143,2026-10-11T10:17:03+07:00
5752,44885,14908,366,2026-11-08,11,22460,2026-10-16T19:00:47+07:00
5753,44887,14909,594,2026-12-04,3,12450,2026-11-21T01:26:51+07:00
5754,44898,14912,578,2026-11-12,1,6801,2026-11-08T01:15:25+07:00
5755,44900,14912,391,2026-12-03,3,21428,2026-12-02T10:31:10+07:00
5756,44911,14918,136,2026-06-24,5,4151,2026-05-21T22:23:30+07:00
5757,44916,14920,396,2026-12-04,4,17723,2026-10-08T20:33:22+07:00
5758,44913,14920,156,2027-02-12,3,9409,2026-12-14T00:29:40+07:00
5759,44914,14920,412,2027-02-06,4,24100,2026-12-24T16:08:02+07:00
5760,44954,14932,79,2026-08-30,1,6168,2026-08-28T10:30:14+07:00
5761,44961,14934,606,2026-07-29,1,4865,2026-07-29T11:08:30+07:00
5762,44975,14939,675,2026-08-08,4,16329,2026-06-26T10:39:13+07:00
5763,44978,14939,494,2026-08-08,4,8191,2026-06-26T12:42:11+07:00
5764,44984,14941,390,2026-10-04,1,25739,2026-09-30T10:58:39+07:00
5765,44985,14941,720,2026-10-25,1,9924,2026-10-21T14:49:29+07:00
5766,44999,14948,432,2026-11-20,2,17115,2026-10-07T00:25:02+07:00
5767,45003,14949,311,2027-01-01,2,7161,2026-11-04T21:22:41+07:00
5768,45004,14949,443,2026-12-04,3,27947,2026-11-14T00:38:09+07:00
5769,45009,14950,189,2026-08-18,2,12444,2026-08-16T18:49:40+07:00
5770,45011,14951,419,2026-12-07,12,59374,2026-11-01T23:08:06+07:00
5771,45021,14955,363,2026-11-15,11,19548,2026-10-13T13:59:35+07:00
5772,45023,14956,323,2026-11-20,3,10030,2026-11-12T01:26:11+07:00
5773,45038,14962,357,2026-11-11,1,8050,2026-11-09T08:01:55+07:00
5774,45048,14965,375,2026-12-18,3,5870,2026-11-13T00:26:40+07:00
5775,45065,14972,53,2026-05-21,1,8735,2026-05-20T23:34:11+07:00
5776,45072,14973,296,2026-08-03,1,12572,2026-08-02T12:57:23+07:00
5777,45079,14975,225,2026-09-04,2,8146,2026-07-23T15:31:27+07:00
5778,45085,14979,607,2026-11-13,2,19153,2026-11-10T00:15:22+07:00
5779,45088,14979,245,2026-12-08,2,10777,2026-12-07T14:10:58+07:00
5780,45092,14980,155,2026-11-02,11,7428,2026-10-06T09:58:22+07:00
5781,45095,14981,298,2026-11-28,4,23926,2026-11-14T19:21:11+07:00
5782,45103,14985,666,2026-07-31,3,8657,2026-07-29T21:10:11+07:00
5783,45115,14988,80,2026-10-23,4,27980,2026-10-10T17:49:23+07:00
5784,45119,14990,563,2026-08-07,3,21906,2026-07-02T15:23:08+07:00
5785,45120,14990,432,2026-10-01,3,31351,2026-08-17T23:24:17+07:00
5786,45122,14991,527,2026-11-15,2,55991,2026-11-13T07:51:50+07:00
5787,45129,14992,359,2026-09-22,4,8209,2026-08-17T13:59:44+07:00
5788,45141,14997,473,2026-10-15,10,14047,2026-10-04T14:03:34+07:00
5789,45143,14999,501,2026-07-16,3,21595,2026-06-23T17:11:15+07:00
5790,45155,15002,482,2026-05-05,5,10805,2026-04-30T10:27:32+07:00
5791,45161,15004,256,2026-10-27,3,16887,2026-10-25T00:24:42+07:00
5792,45160,15004,174,2026-11-18,1,7822,2026-11-18T13:12:32+07:00
5793,45177,15009,755,2026-08-07,3,19527,2026-07-17T17:19:47+07:00
5794,45181,15011,349,2027-01-01,4,23592,2026-12-22T22:45:43+07:00
5795,45199,15017,771,2026-09-29,7,10441,2026-08-16T00:16:33+07:00
5796,45200,15017,395,2026-10-13,4,9803,2026-09-07T13:03:39+07:00
5797,45202,15017,415,2026-10-08,8,18925,2026-09-25T10:01:42+07:00
5798,45215,15020,576,2026-09-20,8,15053,2026-08-30T00:35:37+07:00
5799,45224,15022,11,2027-01-28,3,6509,2026-12-20T23:41:21+07:00
5800,45228,15024,609,2026-05-15,2,9210,2026-04-07T20:02:14+07:00
5801,45227,15024,175,2026-06-17,3,3451,2026-05-01T02:16:14+07:00
5802,45231,15025,94,2027-01-12,8,19020,2026-12-01T00:04:07+07:00
5803,45233,15026,123,2026-07-14,8,12330,2026-06-21T23:48:40+07:00
5804,45236,15027,148,2026-12-26,4,6173,2026-11-30T00:02:22+07:00
5805,45257,15038,432,2026-09-10,1,9807,2026-09-06T12:41:28+07:00
5806,45263,15041,532,2026-07-29,1,3529,2026-07-28T21:54:27+07:00
5807,45271,15043,397,2026-03-05,1,11445,2026-03-05T10:08:53+07:00
5808,45275,15044,403,2027-01-08,4,35692,2026-12-28T19:40:16+07:00
5809,45290,15048,623,2026-07-22,3,35781,2026-07-20T01:13:49+07:00
5810,45307,15053,317,2026-10-28,3,11608,2026-09-20T20:49:41+07:00
5811,45309,15054,254,2026-10-20,3,11807,2026-09-08T10:07:04+07:00
5812,45317,15056,552,2026-11-06,6,12501,2026-09-29T21:10:50+07:00
5813,45318,15057,265,2026-12-08,2,14587,2026-12-08T21:52:23+07:00
5814,45319,15059,333,2026-04-28,3,14268,2026-03-17T09:26:21+07:00
5815,45356,15071,624,2026-10-12,5,11432,2026-09-04T00:01:25+07:00
5816,45358,15071,590,2026-10-22,8,8638,2026-09-22T17:33:10+07:00
5817,45374,15076,272,2026-09-13,9,28602,2026-07-31T08:52:35+07:00
5818,45373,15076,68,2026-10-05,10,38635,2026-09-12T06:02:12+07:00
5819,45388,15081,722,2026-08-14,3,4974,2026-08-04T23:32:03+07:00
5820,45392,15082,229,2026-08-24,3,27054,2026-07-02T09:29:34+07:00
5821,45411,15089,21,2026-08-22,4,32336,2026-07-19T15:38:32+07:00
5822,45419,15093,508,2026-04-17,1,3475,2026-04-17T17:28:47+07:00
5823,45433,15096,19,2026-09-11,3,12776,2026-08-02T23:53:55+07:00
5824,45431,15096,729,2026-09-23,4,10205,2026-08-27T10:24:14+07:00
5825,45441,15098,561,2026-09-26,12,16197,2026-08-21T20:12:05+07:00
5826,45442,15099,307,2026-07-09,5,12951,2026-07-04T16:23:24+07:00
5827,45446,15100,38,2026-09-15,5,15534,2026-09-04T11:38:12+07:00
5828,45457,15103,18,2026-08-07,11,12618,2026-07-29T11:02:44+07:00
5829,45460,15104,618,2026-07-13,12,21614,2026-06-09T21:57:32+07:00
5830,45480,15110,648,2026-09-25,12,17470,2026-08-15T08:46:24+07:00
5831,45500,15115,13,2026-03-25,3,18673,2026-03-18T00:49:29+07:00
5832,45502,15115,303,2026-04-17,2,5791,2026-03-31T10:59:33+07:00
5833,45507,15116,155,2026-05-03,7,4723,2026-04-24T00:32:59+07:00
5834,45511,15119,644,2026-12-25,3,7650,2026-10-26T20:28:23+07:00
5835,45526,15125,82,2026-10-17,4,6042,2026-10-04T14:57:17+07:00
5836,45525,15125,189,2026-12-03,5,35445,2026-11-02T12:08:29+07:00
5837,45556,15137,98,2026-12-14,7,8952,2026-11-05T13:05:34+07:00
5838,45557,15137,69,2026-12-07,9,12955,2026-12-04T21:32:45+07:00
5839,45559,15138,428,2026-08-14,2,24352,2026-06-14T14:07:45+07:00
5840,45560,15138,314,2026-07-18,4,15141,2026-06-25T21:13:22+07:00
5841,45568,15140,183,2026-10-12,4,10630,2026-09-16T20:44:00+07:00
5842,45581,15147,624,2026-05-10,11,29271,2026-04-25T00:41:45+07:00
5843,45584,15148,713,2026-03-18,1,3862,2026-03-17T15:51:05+07:00
5844,45586,15148,219,2026-05-15,2,50847,2026-05-13T10:08:28+07:00
5845,45587,15149,151,2026-08-21,3,14710,2026-06-28T18:10:27+07:00
5846,45599,15151,217,2026-12-26,6,6414,2026-12-09T16:44:33+07:00
5847,45603,15152,77,2026-12-25,8,26810,2026-12-15T11:58:38+07:00
5848,45615,15156,378,2026-11-19,5,11155,2026-11-07T12:00:22+07:00
5849,45616,15157,184,2026-10-23,3,5726,2026-09-19T08:39:34+07:00
5850,45619,15157,83,2026-11-11,4,30992,2026-09-25T11:23:08+07:00
5851,45635,15162,442,2026-10-23,2,5984,2026-10-02T21:34:58+07:00
5852,45642,15165,22,2026-10-10,12,35538,2026-10-02T14:42:08+07:00
5853,45657,15170,68,2026-11-24,3,10170,2026-11-07T23:06:14+07:00
5854,45664,15172,475,2027-02-05,4,8908,2026-12-17T09:11:57+07:00
5855,45672,15174,141,2026-10-16,7,12370,2026-09-25T01:54:40+07:00
5856,45673,15174,221,2026-11-12,3,7974,2026-09-29T14:00:31+07:00
5857,45684,15177,419,2026-04-17,5,21571,
5858,45687,15178,47,2026-12-18,2,6019,2026-11-08T11:06:40+07:00
5859,45754,15201,670,2026-11-28,11,28588,2026-11-14T08:46:11+07:00
5860,45765,15204,751,2027-01-01,4,7561,2026-12-14T17:15:28+07:00
5861,45781,15210,494,2026-07-02,11,23565,2026-06-09T21:33:52+07:00
5862,45785,15213,193,2027-02-05,7,11178,2026-12-24T18:37:49+07:00
5863,45787,15214,273,2026-09-01,8,7588,
5864,45790,15216,48,2026-11-17,3,6501,2026-11-10T09:04:58+07:00
5865,45809,15223,223,2026-12-20,3,18384,2026-11-02T10:12:02+07:00
5866,45810,15224,664,2026-07-17,4,3991,2026-06-10T15:57:00+07:00
5867,45816,15225,574,2026-09-27,1,3989,2026-09-23T18:34:03+07:00
5868,45823,15228,286,2026-07-08,8,11564,
5869,45838,15233,348,2027-01-08,5,18606,2026-12-24T11:31:31+07:00
5870,45842,15235,57,2027-01-12,3,10256,2026-11-30T12:38:42+07:00
5871,45847,15237,229,2026-10-03,2,19319,2026-09-04T13:09:39+07:00
5872,45854,15239,213,2026-11-04,4,7861,2026-09-07T22:54:20+07:00
5873,45860,15240,51,2026-11-13,2,4501,2026-09-20T23:34:55+07:00
5874,45862,15240,185,2026-11-21,2,11235,2026-10-19T09:05:10+07:00
5875,45865,15242,225,2027-01-25,9,35579,2026-12-29T14:32:02+07:00
5876,45868,15243,618,2027-01-21,3,4703,2026-12-22T12:34:08+07:00
5877,45875,15247,318,2026-07-17,3,22131,2026-06-23T16:03:00+07:00
5878,45878,15248,235,2026-12-27,2,35433,2026-12-26T22:16:01+07:00
5879,45880,15250,730,2026-02-17,2,3692,
5880,45890,15252,651,2026-12-21,3,6184,2026-10-26T00:07:14+07:00
5881,45891,15252,242,2026-12-11,3,19769,2026-11-29T12:03:50+07:00
5882,45892,15253,123,2026-12-13,3,5105,2026-11-11T19:29:21+07:00
5883,45902,15256,266,2026-12-18,2,5172,2026-11-26T03:33:15+07:00
5884,45908,15258,239,2026-11-09,8,11120,2026-10-06T20:29:28+07:00
5885,45929,15265,418,2027-01-08,3,26708,2026-11-14T22:23:20+07:00
5886,45934,15266,772,2026-10-20,2,7149,2026-10-18T09:30:00+07:00
5887,45937,15267,750,2026-10-28,3,11734,2026-10-25T14:33:26+07:00
5888,45939,15268,360,2027-01-09,5,46567,2026-12-26T15:15:38+07:00
5889,45959,15274,42,2026-10-26,4,17327,2026-09-25T16:00:47+07:00
5890,45960,15274,557,2026-12-11,3,8764,2026-10-31T16:19:47+07:00
5891,45961,15274,87,2027-01-02,4,20722,2026-11-20T18:06:33+07:00
5892,45972,15278,147,2026-09-25,3,7155,2026-09-16T14:30:42+07:00
5893,45974,15279,135,2026-12-05,3,10955,2026-12-01T11:29:05+07:00
5894,45979,15280,53,2026-12-15,2,18909,2026-12-15T00:09:32+07:00
5895,45989,15285,191,2026-09-13,1,26138,2026-09-13T23:20:16+07:00
5896,46003,15291,710,2026-11-21,4,8423,2026-09-23T20:03:11+07:00
5897,46004,15291,15,2026-11-13,2,5574,2026-10-01T07:15:54+07:00
5898,46008,15291,33,2026-12-04,2,5688,2026-10-07T13:12:33+07:00
5899,46009,15292,633,2026-08-11,5,3091,2026-07-29T05:38:55+07:00
5900,46019,15296,482,2026-09-27,8,17681,2026-08-26T15:52:32+07:00
5901,46039,15305,91,2026-10-27,7,13973,2026-10-03T22:10:14+07:00
5902,46041,15306,168,2026-10-31,5,14600,2026-09-20T13:05:11+07:00
5903,46047,15309,567,2026-05-01,4,29399,2026-04-03T12:28:18+07:00
5904,46059,15313,797,2026-04-19,12,10577,2026-04-14T12:28:14+07:00
5905,46060,15313,494,2026-06-08,8,14714,2026-05-25T09:09:26+07:00
5906,46068,15316,39,2026-12-19,4,7752,2026-11-21T15:49:03+07:00
5907,46072,15317,257,2026-04-17,3,26776,2026-04-04T21:50:43+07:00
5908,46073,15318,255,2026-12-11,4,11291,2026-10-11T04:10:08+07:00
5909,46078,15320,435,2026-09-03,7,8969,2026-07-28T21:24:36+07:00
5910,46085,15322,683,2026-12-17,9,10184,2026-12-11T01:47:12+07:00
5911,46086,15322,530,2027-01-11,6,17567,2026-12-30T19:08:34+07:00
5912,46088,15323,366,2026-05-08,3,6922,2026-03-16T23:55:40+07:00
5913,46114,15333,696,2026-04-03,2,4014,2026-03-08T01:09:46+07:00
5914,46116,15334,22,2026-08-11,10,24137,2026-08-05T10:40:45+07:00
5915,46121,15335,304,2026-12-05,12,25128,2026-11-27T19:06:34+07:00
5916,46126,15336,354,2026-11-06,4,23698,2026-09-29T18:25:51+07:00
5917,46143,15343,306,2026-09-15,4,11049,2026-08-19T22:10:09+07:00
5918,46164,15351,113,2026-10-16,4,12872,2026-10-07T02:25:34+07:00
5919,46161,15351,532,2026-12-13,2,7502,2026-10-19T10:55:31+07:00
5920,46169,15353,30,2026-10-10,2,18488,2026-10-07T13:53:03+07:00
5921,46219,15369,634,2027-01-26,5,8113,2026-12-15T22:40:42+07:00
5922,46232,15372,613,2026-11-14,2,25344,2026-11-11T17:41:22+07:00
5923,46252,15379,398,2026-11-28,2,8233,2026-10-04T08:53:04+07:00
5924,46249,15379,44,2026-11-06,3,8004,2026-10-17T00:52:44+07:00
5925,46256,15380,592,2026-07-24,3,8461,2026-07-12T15:03:05+07:00
5926,46262,15382,216,2026-11-12,2,14550,
5927,46275,15386,173,2026-11-13,8,15361,2026-11-08T13:38:43+07:00
5928,46295,15393,70,2026-11-13,12,18584,2026-10-19T21:02:54+07:00
5929,46306,15395,733,2026-11-30,8,10214,2026-10-29T10:04:55+07:00
5930,46313,15398,634,2026-09-08,8,13687,2026-08-04T23:05:14+07:00
5931,46328,15402,375,2027-01-06,3,5439,2026-12-07T00:04:14+07:00
5932,46350,15411,369,2026-11-22,3,6602,2026-10-25T19:29:12+07:00
5933,46345,15411,69,2026-11-22,3,3937,2026-11-07T08:47:46+07:00
5934,46373,15421,119,2026-11-06,2,8101,2026-09-05T15:36:46+07:00
5935,46375,15421,674,2026-11-21,3,14942,2026-10-24T10:39:40+07:00
5936,46379,15423,30,2026-09-19,1,7898,2026-09-17T14:54:29+07:00
5937,46386,15424,435,2026-08-20,6,7526,2026-08-15T12:47:05+07:00
5938,46395,15427,482,2026-12-23,5,13222,2026-11-24T16:10:04+07:00
5939,46400,15428,318,2026-09-11,4,27325,2026-07-17T16:32:13+07:00
5940,46399,15428,147,2026-09-25,4,11353,2026-08-03T19:15:21+07:00
5941,46410,15430,444,2026-08-01,4,12042,2026-06-08T00:37:21+07:00
5942,46430,15436,398,2026-04-19,3,12816,2026-03-04T13:24:01+07:00
5943,46440,15440,191,2026-05-04,1,26114,2026-04-30T16:52:44+07:00
5944,46443,15441,202,2026-08-11,1,18110,2026-08-10T01:59:25+07:00
5945,46447,15442,162,2026-08-28,3,49364,2026-08-28T09:33:34+07:00
5946,46456,15445,286,2026-08-07,2,2497,2026-06-13T01:30:57+07:00
5947,46474,15450,73,2026-05-17,1,14435,2026-05-17T23:17:38+07:00
5948,46478,15451,264,2026-12-31,5,5133,2026-11-20T19:48:26+07:00
5949,46485,15453,445,2026-07-08,8,30266,
5950,46492,15453,124,2026-09-08,7,20418,2026-08-05T10:31:03+07:00
5951,46495,15454,346,2026-08-18,1,7464,2026-08-18T22:27:03+07:00
5952,46498,15455,115,2026-12-30,11,34589,
5953,46511,15459,337,2026-11-03,5,7075,2026-10-27T22:38:12+07:00
5954,46519,15461,210,2026-08-12,4,13937,2026-08-05T16:59:13+07:00
5955,46536,15466,49,2026-03-20,3,20754,2026-03-18T20:13:21+07:00
5956,46538,15467,691,2026-11-14,3,7348,2026-10-20T00:39:13+07:00
5957,46548,15470,277,2026-07-03,3,9194,2026-06-24T16:09:57+07:00
5958,46550,15470,248,2026-09-18,11,21913,2026-08-31T23:28:13+07:00
5959,46567,15477,103,2026-12-06,5,9273,2026-11-05T01:13:22+07:00
5960,46570,15478,745,2026-11-26,2,3275,2026-10-30T22:27:19+07:00
5961,46578,15481,367,2026-07-31,2,10447,
5962,46579,15481,689,2026-08-28,3,14133,2026-07-16T12:52:42+07:00
5963,46581,15482,333,2026-11-20,3,13460,
5964,46595,15489,10,2026-10-14,3,5442,2026-10-07T23:43:41+07:00
5965,46603,15491,627,2026-01-31,2,5200,2026-01-23T23:01:18+07:00
5966,46618,15494,67,2026-07-24,1,7459,2026-07-23T20:31:29+07:00
5967,46624,15497,526,2027-02-12,4,13560,2026-12-25T19:37:41+07:00
5968,46629,15500,581,2026-08-07,3,4796,2026-07-09T21:12:25+07:00
5969,46630,15501,682,2026-02-20,3,8793,2026-01-23T07:35:25+07:00
5970,46634,15502,76,2026-10-18,7,26274,2026-10-15T00:06:29+07:00
5971,46642,15505,208,2026-11-28,2,17346,2026-11-28T13:30:54+07:00
5972,46654,15508,671,2026-12-01,12,10951,2026-11-20T19:21:34+07:00
5973,46660,15510,254,2026-10-16,9,34435,2026-09-19T14:56:42+07:00
5974,46673,15515,260,2026-03-04,2,13563,2026-02-21T13:49:47+07:00
5975,46679,15521,151,2026-09-21,1,4995,2026-09-20T19:31:54+07:00
5976,46688,15523,672,2026-04-24,3,14302,2026-03-25T17:31:58+07:00
5977,46693,15525,225,2026-04-26,4,14362,2026-03-20T10:46:46+07:00
5978,46709,15530,401,2026-11-13,3,6906,2026-10-23T12:35:26+07:00
5979,46708,15530,141,2026-12-31,8,14812,2026-12-04T13:11:18+07:00
5980,46714,15531,288,2026-08-31,5,9738,2026-08-03T11:55:48+07:00
5981,46716,15531,601,2026-09-10,9,22038,2026-08-25T09:04:32+07:00
5982,46733,15538,47,2026-10-23,3,8826,2026-10-03T18:23:23+07:00
5983,46743,15541,400,2026-05-16,3,9236,2026-04-24T17:51:29+07:00
5984,46753,15542,228,2026-10-31,2,18231,2026-10-30T13:01:22+07:00
5985,46745,15542,105,2026-12-04,3,11487,2026-12-04T09:28:56+07:00
5986,46752,15542,152,2026-12-08,1,17597,2026-12-06T15:36:13+07:00
5987,46778,15551,44,2026-10-22,9,25093,2026-10-13T20:44:47+07:00
5988,46781,15552,339,2026-05-15,3,3771,2026-04-20T12:14:26+07:00
5989,46782,15553,346,2026-08-14,4,29693,2026-07-27T21:09:39+07:00
5990,46788,15555,421,2026-11-02,3,24109,2026-10-01T01:48:11+07:00
5991,46801,15558,272,2026-10-02,2,5724,2026-09-01T15:28:34+07:00
5992,46810,15562,197,2026-04-17,2,12909,2026-03-19T18:10:46+07:00
5993,46820,15566,634,2026-06-06,9,14243,2026-05-29T18:39:13+07:00
5994,46836,15572,231,2026-07-17,8,17189,2026-06-29T23:32:17+07:00
5995,46838,15573,420,2026-10-18,2,80249,2026-10-16T23:42:32+07:00
5996,46837,15573,179,2026-12-15,1,12470,2026-12-14T20:00:50+07:00
5997,46841,15574,132,2026-12-19,1,28073,2026-12-15T16:02:46+07:00
5998,46842,15575,336,2026-04-03,4,24625,
5999,46847,15576,147,2026-12-22,10,27163,2026-12-14T21:00:00+07:00
6000,46855,15578,336,2026-10-23,4,25938,2026-09-16T11:51:29+07:00
6001,46860,15579,644,2027-01-19,12,33133,2026-12-19T00:08:32+07:00
6002,46880,15584,371,2026-10-28,3,14701,2026-10-25T21:53:27+07:00
6003,46890,15586,520,2026-06-19,1,3876,2026-06-19T10:20:10+07:00
6004,46892,15587,352,2026-10-16,5,18455,2026-09-23T20:09:58+07:00
6005,46897,15588,223,2026-07-31,2,10533,2026-06-28T19:17:35+07:00
6006,46902,15590,62,2026-09-23,5,15111,
6007,46906,15592,372,2026-10-30,9,25281,2026-10-06T16:45:31+07:00
6008,46924,15597,164,2026-04-13,4,3858,2026-03-28T14:01:09+07:00
6009,46953,15610,76,2026-11-09,12,47477,2026-10-01T23:17:46+07:00
6010,46956,15611,250,2026-12-02,9,32179,2026-11-22T17:53:14+07:00
6011,46962,15612,18,2026-12-23,8,11025,2026-12-06T22:54:48+07:00
6012,46968,15613,432,2026-09-26,4,38811,2026-08-08T19:37:56+07:00
6013,46976,15615,749,2026-07-31,1,3694,2026-07-31T13:45:53+07:00
6014,46990,15619,606,2026-12-25,3,13799,2026-11-24T10:26:47+07:00
6015,46991,15620,206,2026-11-11,2,5994,2026-10-26T17:19:33+07:00
6016,47000,15624,541,2026-07-29,2,17552,2026-07-27T02:18:21+07:00
6017,47015,15627,76,2026-10-09,4,16959,2026-08-12T19:08:24+07:00
6018,47014,15627,360,2026-10-16,4,43142,2026-08-23T01:34:03+07:00
6019,47026,15630,406,2026-10-13,2,61808,2026-10-10T18:55:12+07:00
6020,47031,15632,73,2026-08-04,3,41241,2026-08-01T10:22:29+07:00
6021,47050,15638,87,2026-06-03,1,6329,2026-05-30T11:29:17+07:00
6022,47073,15646,147,2026-08-03,11,31336,2026-07-27T15:27:43+07:00
6023,47082,15648,317,2026-12-04,3,12069,2026-10-30T23:22:38+07:00
6024,47087,15650,469,2026-09-24,9,7379,2026-08-12T19:48:51+07:00
6025,47098,15655,29,2026-06-24,8,26303,2026-05-15T12:52:38+07:00
6026,47103,15656,677,2026-05-26,1,20351,2026-05-23T19:56:22+07:00
6027,47106,15657,51,2026-11-13,2,4277,2026-10-10T19:47:25+07:00
6028,47114,15659,364,2026-10-07,8,10927,2026-09-12T20:23:56+07:00
6029,47148,15671,118,2026-12-12,3,16044,2026-12-08T22:59:45+07:00
6030,47152,15672,290,2026-09-04,3,3847,2026-08-11T22:40:38+07:00
6031,47158,15674,208,2026-04-11,2,16274,2026-04-11T20:58:02+07:00
6032,47162,15675,651,2026-11-08,12,23538,2026-11-02T10:47:31+07:00
6033,47167,15676,446,2027-01-08,5,40125,2026-11-26T17:53:38+07:00
6034,47171,15677,238,2026-05-24,3,27086,2026-03-28T16:25:45+07:00
6035,47174,15678,118,2026-07-21,1,5783,2026-07-21T23:48:12+07:00
6036,47176,15679,141,2026-07-03,4,7700,2026-06-08T23:08:16+07:00
6037,47180,15681,24,2026-06-25,2,30544,2026-06-23T17:28:03+07:00
6038,47198,15686,45,2026-10-16,3,30167,2026-09-11T19:44:49+07:00
6039,47202,15687,141,2026-11-27,3,4866,2026-10-31T23:51:41+07:00
6040,47204,15688,127,2026-11-16,3,8441,2026-11-09T09:47:08+07:00
6041,47206,15690,373,2026-11-13,12,34843,2026-10-26T04:14:43+07:00
6042,47208,15690,791,2026-11-30,12,15835,2026-11-04T19:16:48+07:00
6043,47210,15691,734,2026-11-10,9,27167,2026-11-04T19:13:29+07:00
6044,47241,15704,638,2026-10-24,2,8574,2026-10-20T11:05:30+07:00
6045,47243,15705,232,2026-12-19,5,12194,2026-10-26T14:50:19+07:00
6046,47253,15707,249,2026-09-18,4,17880,
6047,47275,15715,22,2026-06-04,2,4914,
6048,47277,15715,70,2026-07-03,3,4499,2026-05-10T19:34:48+07:00
6049,47286,15717,399,2027-01-04,5,26052,2026-11-06T02:15:54+07:00
6050,47294,15720,62,2026-12-19,4,14282,2026-12-10T21:50:08+07:00
6051,47320,15731,530,2026-10-25,11,31415,2026-10-16T12:39:55+07:00
6052,47334,15735,221,2027-01-08,2,4812,2026-11-28T18:38:57+07:00
6053,47337,15736,343,2026-11-27,2,15894,2026-11-09T12:22:26+07:00
6054,47346,15739,403,2026-11-14,1,8584,2026-11-10T22:40:04+07:00
6055,47348,15740,62,2026-03-24,7,24615,2026-03-03T14:24:47+07:00
6056,47356,15741,177,2026-12-07,3,3764,2026-11-02T23:44:25+07:00
6057,47368,15746,366,2026-07-02,7,14073,2026-06-28T15:16:18+07:00
6058,47377,15748,418,2026-01-23,2,19751,2026-01-14T17:13:12+07:00
6059,47383,15749,427,2026-12-05,10,25965,2026-11-13T15:04:48+07:00
6060,47392,15752,151,2027-01-08,5,21715,2026-12-04T06:16:41+07:00
6061,47394,15752,2,2027-01-15,3,9515,2026-12-12T08:32:36+07:00
6062,47405,15755,622,2026-12-17,6,14264,2026-11-13T20:46:37+07:00
6063,47404,15755,424,2026-12-12,8,19875,2026-11-16T10:01:34+07:00
6064,47409,15757,624,2026-08-03,2,4837,2026-06-16T20:41:22+07:00
6065,47417,15759,698,2026-12-23,3,16863,2026-12-19T13:40:07+07:00
6066,47419,15760,83,2026-08-26,1,7307,2026-08-25T22:56:37+07:00
6067,47420,15760,247,2026-09-11,3,29891,2026-09-09T01:57:00+07:00
6068,47426,15762,369,2026-12-11,4,9337,2026-11-29T16:52:40+07:00
6069,47425,15762,87,2027-01-08,2,11815,2026-12-12T16:37:08+07:00
6070,47427,15763,500,2026-08-23,3,8854,2026-07-25T17:33:23+07:00
6071,47438,15766,78,2027-01-15,2,14601,2026-12-17T16:51:51+07:00
6072,47437,15766,242,2027-01-22,2,12948,2026-12-29T19:29:41+07:00
6073,47448,15772,63,2026-10-21,1,6657,2026-10-21T18:25:57+07:00
6074,47451,15773,629,2026-12-11,3,15083,2026-12-10T01:49:31+07:00
6075,47470,15778,558,2027-01-21,11,29426,2026-12-30T23:10:25+07:00
6076,47474,15779,465,2026-10-09,2,6042,2026-10-08T14:51:43+07:00
6077,47480,15781,216,2026-08-26,2,14822,2026-08-26T19:36:48+07:00
6078,47485,15783,426,2026-10-09,5,70030,2026-08-30T21:55:08+07:00
6079,47490,15785,722,2026-06-11,3,5506,2026-05-19T19:12:33+07:00
6080,47500,15791,427,2026-03-16,11,33959,
6081,47503,15792,54,2026-09-17,1,10346,2026-09-15T07:15:21+07:00
6082,47508,15793,299,2026-11-17,1,4844,2026-11-14T10:14:37+07:00
6083,47514,15794,573,2026-10-28,4,6107,2026-09-23T14:52:32+07:00
6084,47519,15795,387,2026-08-01,2,7878,2026-06-25T11:34:14+07:00
6085,47522,15797,797,2026-12-01,12,11678,2026-11-13T19:37:57+07:00
6086,47530,15799,300,2026-11-20,3,15882,2026-10-14T06:25:04+07:00
6087,47544,15801,420,2026-04-06,1,42408,2026-04-04T12:15:07+07:00
6088,47555,15804,730,2026-10-30,2,4296,2026-10-06T22:52:51+07:00
6089,47570,15808,57,2026-04-18,5,17688,2026-04-07T08:56:01+07:00
6090,47578,15810,175,2026-09-28,12,13342,2026-09-03T21:13:26+07:00
6091,47590,15812,166,2026-11-16,3,4336,2026-10-09T14:22:07+07:00
6092,47589,15812,250,2026-12-04,4,13404,2026-10-28T20:56:09+07:00
6093,47596,15813,442,2026-06-30,6,16800,2026-05-18T21:19:54+07:00
6094,47605,15815,436,2026-12-04,4,24522,2026-10-24T18:20:05+07:00
6095,47604,15815,203,2026-12-11,3,10197,2026-11-26T23:58:08+07:00
6096,47609,15816,250,2026-05-08,3,10984,2026-03-29T22:37:52+07:00
6097,47610,15816,500,2026-05-29,3,9382,2026-05-21T21:15:29+07:00
6098,47611,15817,433,2026-10-02,3,24958,2026-09-17T08:57:08+07:00
6099,47613,15818,299,2026-10-02,3,11738,2026-09-12T16:19:36+07:00
6100,47621,15821,144,2026-08-07,4,21278,
6101,47628,15824,523,2026-08-13,10,21575,2026-08-05T21:43:40+07:00
6102,47630,15825,304,2026-07-04,3,6362,
6103,47632,15825,63,2026-06-12,3,21267,2026-05-29T18:29:19+07:00
6104,47634,15827,245,2026-05-01,5,28579,2026-04-02T08:35:33+07:00
6105,47635,15827,355,2026-06-17,2,4885,2026-06-08T11:29:40+07:00
6106,47646,15829,17,2026-09-06,1,4272,2026-09-06T21:42:16+07:00
6107,47650,15831,94,2026-09-29,4,8466,2026-08-08T08:20:59+07:00
6108,47657,15833,559,2026-10-11,1,5174,2026-10-11T20:55:06+07:00
6109,47671,15840,191,2026-08-30,1,22534,2026-08-29T15:16:31+07:00
6110,47712,15850,515,2026-10-16,4,9876,2026-09-03T13:31:39+07:00
6111,47716,15851,356,2026-12-19,3,7342,2026-11-15T00:56:57+07:00
6112,47713,15851,454,2026-12-26,3,5991,2026-12-16T14:56:47+07:00
6113,47742,15857,345,2026-09-15,3,32261,2026-07-22T00:11:56+07:00
6114,47765,15862,177,2026-12-25,2,2797,2026-12-01T13:26:28+07:00
6115,47767,15863,37,2026-11-04,11,13022,2026-10-23T14:51:15+07:00
6116,47766,15863,596,2026-12-20,5,11751,2026-11-17T12:47:20+07:00
6117,47769,15864,694,2026-08-07,5,13012,2026-07-31T21:54:12+07:00
6118,47773,15865,74,2026-11-13,2,8059,2026-10-18T23:42:10+07:00
6119,47782,15868,787,2026-09-10,1,4151,2026-09-08T12:48:45+07:00
6120,47787,15870,772,2026-12-21,3,10229,2026-11-19T01:50:40+07:00
6121,47806,15877,85,2026-08-02,8,7578,2026-07-01T19:02:25+07:00
6122,47820,15881,353,2026-08-22,2,20056,2026-08-18T14:48:33+07:00
6123,47828,15885,370,2026-07-13,1,9724,2026-07-10T01:40:10+07:00
6124,47833,15888,241,2026-06-26,2,20493,2026-05-14T09:15:47+07:00
6125,47844,15890,671,2026-08-02,3,3291,2026-07-13T21:22:16+07:00
6126,47875,15902,200,2027-01-21,6,13617,2026-12-26T13:26:16+07:00
6127,47889,15906,252,2026-10-20,2,29836,2026-10-16T20:39:50+07:00
6128,47903,15912,531,2026-01-30,1,5488,2026-01-29T10:34:16+07:00
6129,47905,15912,755,2026-03-21,2,14737,2026-03-18T19:57:30+07:00
6130,47915,15916,278,2026-09-25,3,7472,2026-07-28T00:12:39+07:00
6131,47920,15918,539,2026-08-21,3,10905,2026-08-05T08:33:11+07:00
6132,47926,15920,706,2026-10-01,1,3508,2026-09-27T16:36:18+07:00
6133,47939,15925,72,2026-10-10,3,8499,2026-09-03T16:56:37+07:00
6134,47942,15927,583,2026-08-06,9,7117,2026-07-10T20:24:18+07:00
6135,47951,15930,257,2026-11-23,1,9357,2026-11-20T14:12:02+07:00
6136,47963,15935,534,2026-07-28,1,4489,2026-07-27T12:30:34+07:00
6137,47967,15936,374,2027-01-21,3,6229,2026-12-22T20:25:22+07:00
6138,47982,15940,107,2027-01-29,3,9443,2026-12-02T17:22:39+07:00
6139,47990,15942,318,2026-10-19,3,19039,2026-10-17T10:10:15+07:00
6140,47993,15943,544,2026-09-24,2,22803,2026-09-22T21:35:21+07:00
6141,47996,15944,241,2026-07-14,1,8775,2026-07-12T13:44:01+07:00
6142,48004,15946,257,2026-04-26,1,9043,2026-04-26T17:57:39+07:00
6143,48011,15947,553,2026-08-26,3,4577,2026-07-23T13:24:04+07:00
6144,48022,15951,37,2026-11-08,3,3498,2026-10-12T20:50:32+07:00
6145,48023,15951,48,2026-11-27,6,10935,2026-11-09T01:58:30+07:00
6146,48026,15952,156,2026-08-04,2,5639,2026-06-16T08:18:15+07:00
6147,48041,15958,72,2026-07-03,4,12174,2026-05-24T14:13:17+07:00
6148,48055,15962,348,2027-01-04,4,16879,2026-12-18T20:21:36+07:00
6149,48058,15963,532,2026-07-17,5,17315,2026-06-27T20:56:24+07:00
6150,48061,15964,526,2026-10-17,5,14244,2026-10-04T18:13:08+07:00
6151,48069,15967,704,2026-08-17,1,15983,2026-08-16T20:00:15+07:00
6152,48071,15968,724,2026-12-20,2,34047,2026-12-16T12:07:56+07:00
6153,48083,15973,353,2026-10-29,1,10591,2026-10-28T12:11:18+07:00
6154,48085,15975,515,2026-06-06,12,29288,2026-05-02T15:35:46+07:00
6155,48100,15981,68,2026-11-27,3,10556,2026-10-25T01:10:15+07:00
6156,48103,15982,579,2026-11-07,2,46911,2026-11-06T01:12:54+07:00
6157,48113,15985,165,2026-08-05,4,12698,2026-07-01T14:59:20+07:00
6158,48114,15985,203,2026-07-18,4,15540,2026-07-10T00:35:26+07:00
6159,48110,15985,148,2026-09-04,4,5957,
6160,48129,15990,238,2026-08-21,2,16927,2026-07-26T01:02:30+07:00
6161,48136,15992,50,2026-09-22,9,11742,2026-09-16T22:57:26+07:00
6162,48141,15993,311,2026-11-13,2,7956,2026-10-23T02:08:29+07:00
6163,48144,15994,653,2026-05-31,3,13428,2026-05-30T18:04:38+07:00
6164,48145,15994,132,2026-06-19,2,56515,2026-06-19T10:53:52+07:00
6165,48147,15995,712,2026-12-18,2,8954,2026-12-01T22:20:57+07:00
6166,48164,16001,517,2026-02-20,7,19987,2026-02-17T05:54:21+07:00
6167,48178,16005,633,2026-12-28,9,5429,2026-11-22T23:44:05+07:00
6168,48193,16009,394,2026-12-29,1,12831,2026-12-25T21:53:54+07:00
6169,48205,16012,260,2027-02-19,2,14251,2026-12-27T00:09:19+07:00
6170,48243,16025,43,2026-12-04,2,10709,2026-10-13T01:51:22+07:00
6171,48256,16029,586,2026-10-14,2,12308,2026-08-19T00:06:56+07:00
6172,48260,16029,76,2026-10-16,5,18767,
6173,48258,16029,517,2026-10-03,2,5127,2026-09-13T09:44:04+07:00
6174,48264,16031,789,2026-09-19,3,13939,
6175,48268,16032,319,2026-06-26,2,4704,2026-06-05T22:40:22+07:00
6176,48269,16033,504,2026-09-12,2,3995,2026-08-04T09:29:51+07:00
6177,48303,16044,113,2026-10-09,3,9779,2026-08-22T20:13:03+07:00
6178,48306,16045,95,2026-12-18,3,9281,2026-10-21T21:09:53+07:00
6179,48314,16050,730,2026-10-20,3,5894,2026-09-19T22:03:02+07:00
6180,48336,16055,755,2026-02-09,3,21212,2026-02-07T18:26:36+07:00
6181,48340,16056,250,2026-09-07,6,20937,2026-09-05T00:08:07+07:00
6182,48349,16058,80,2026-12-31,4,24660,2026-12-06T20:02:00+07:00
6183,48356,16060,421,2026-09-26,1,7875,2026-09-26T18:41:11+07:00
6184,48360,16061,48,2027-01-19,11,21400,
6185,48368,16063,712,2026-09-24,2,7997,2026-09-24T03:22:17+07:00
6186,48367,16063,219,2026-10-18,1,25035,2026-10-18T18:18:42+07:00
6187,48374,16064,131,2027-01-14,4,14555,2026-12-21T01:05:29+07:00
6188,48378,16066,81,2026-02-18,2,11910,2026-02-17T00:15:22+07:00
6189,48392,16070,124,2026-12-15,8,20246,2026-11-23T15:01:48+07:00
6190,48398,16071,1,2026-10-23,3,16248,2026-08-28T22:22:45+07:00
6191,48400,16072,277,2026-07-29,11,34069,2026-06-18T13:12:34+07:00
6192,48406,16074,739,2026-06-21,4,6611,2026-06-07T07:27:50+07:00
6193,48421,16079,63,2026-12-02,1,7211,2026-11-29T13:40:42+07:00
6194,48429,16082,209,2026-10-18,4,6199,2026-10-08T20:51:09+07:00
6195,48433,16084,304,2026-09-09,3,5736,2026-08-05T20:05:10+07:00
6196,48449,16092,326,2026-10-30,1,6008,2026-10-28T01:15:25+07:00
6197,48451,16092,426,2026-11-01,2,26703,2026-10-29T23:21:42+07:00
6198,48455,16093,729,2026-12-04,4,12168,2026-10-31T12:35:42+07:00
6199,48458,16094,621,2026-11-14,2,8214,
6200,48459,16095,225,2026-10-13,6,24258,2026-09-12T21:26:54+07:00
6201,48468,16099,38,2026-05-25,8,26109,2026-04-26T13:53:04+07:00
6202,48467,16099,244,2026-07-01,7,22833,2026-06-23T00:56:55+07:00
6203,48482,16104,363,2026-11-17,11,18160,2026-10-06T23:52:54+07:00
6204,48484,16105,61,2026-05-26,1,3940,2026-05-24T21:23:06+07:00
6205,48487,16106,124,2026-10-23,3,8218,
6206,48510,16114,673,2026-11-01,1,18217,2026-10-29T21:46:53+07:00
6207,48517,16115,47,2026-10-02,10,30253,2026-09-13T18:06:29+07:00
6208,48527,16119,618,2026-09-18,4,7520,2026-08-17T16:39:46+07:00
6209,48553,16130,770,2026-10-17,4,14526,2026-10-04T01:55:55+07:00
6210,48561,16133,102,2026-05-29,2,12499,2026-04-29T16:13:19+07:00
6211,48566,16134,243,2027-01-08,4,9353,2026-12-07T17:38:40+07:00
6212,48571,16135,188,2027-01-14,12,11824,2026-12-01T10:15:07+07:00
6213,48567,16135,634,2027-01-05,9,14532,2026-12-11T19:47:41+07:00
6214,48583,16140,640,2026-11-08,1,17537,2026-11-06T15:44:36+07:00
6215,48595,16143,105,2026-07-24,4,15686,2026-06-15T22:04:37+07:00
6216,48600,16144,675,2026-12-24,4,15665,2026-12-01T05:18:11+07:00
6217,48602,16144,689,2027-01-15,3,14683,2026-12-06T13:45:51+07:00
6218,48603,16145,695,2026-04-28,2,35577,2026-04-28T01:17:11+07:00
6219,48615,16147,366,2026-12-18,2,4540,2026-11-21T18:07:24+07:00
6220,48624,16152,398,2026-09-04,4,16548,2026-07-24T21:27:24+07:00
6221,48633,16153,398,2026-09-08,8,31656,2026-08-20T23:37:10+07:00
6222,48641,16157,271,2026-05-19,6,8239,2026-05-15T08:44:31+07:00
6223,48645,16158,701,2026-06-26,5,13279,2026-04-27T23:13:07+07:00
6224,48649,16159,214,2026-04-10,3,26425,2026-03-15T16:28:19+07:00
6225,48665,16163,563,2026-08-04,2,15423,2026-08-01T20:29:32+07:00
6226,48673,16165,479,2026-12-21,3,17045,2026-12-19T19:02:36+07:00
6227,48680,16168,536,2026-07-07,8,21369,2026-06-18T13:21:47+07:00
6228,48691,16171,384,2027-01-15,2,4315,2026-12-11T08:18:18+07:00
6229,48693,16171,171,2026-12-28,4,5378,2026-12-12T11:05:23+07:00
6230,48697,16172,65,2026-08-21,3,17206,2026-07-17T18:41:20+07:00
6231,48698,16172,141,2026-10-30,5,9836,2026-09-12T17:10:52+07:00
6232,48700,16173,177,2026-08-12,11,13309,2026-07-24T20:51:24+07:00
6233,48699,16173,232,2026-08-28,4,8123,2026-08-06T13:38:04+07:00
6234,48723,16178,396,2026-04-24,2,8539,2026-02-24T18:45:13+07:00
6235,48724,16178,304,2026-04-24,3,6026,2026-03-24T18:23:38+07:00
6236,48739,16182,619,2026-10-02,8,10076,2026-09-21T13:00:53+07:00
6237,48748,16188,311,2026-11-27,3,10455,2026-10-23T01:48:40+07:00
6238,48752,16191,38,2026-05-25,3,10682,2026-05-06T18:52:36+07:00
6239,48758,16192,596,2026-05-01,4,9422,2026-03-30T11:12:16+07:00
6240,48766,16194,529,2026-05-05,1,3606,2026-05-02T13:16:32+07:00
6241,48782,16199,542,2026-09-11,4,19686,
6242,48784,16200,66,2026-02-12,2,15411,2026-02-09T12:53:18+07:00
6243,48789,16201,301,2026-05-31,1,5121,2026-05-28T17:22:57+07:00
6244,48794,16202,94,2026-10-11,4,7611,2026-10-04T16:42:44+07:00
6245,48797,16205,554,2026-11-09,2,41365,2026-11-05T21:03:05+07:00
6246,48799,16206,448,2026-12-13,2,18939,2026-12-11T14:30:13+07:00
6247,48808,16208,373,2026-09-28,7,19133,2026-09-16T15:19:05+07:00
6248,48816,16210,235,2026-10-12,2,31653,2026-10-08T18:09:21+07:00
6249,48835,16216,126,2026-12-19,3,5161,2026-11-24T07:03:13+07:00
6250,48838,16218,120,2026-09-20,1,4908,2026-09-19T21:28:45+07:00
6251,48847,16220,222,2026-11-27,3,11575,2026-11-14T23:09:48+07:00
6252,48854,16221,737,2026-08-07,3,5612,2026-06-17T01:01:04+07:00
6253,48888,16237,197,2026-11-08,2,12792,2026-10-04T15:02:29+07:00
6254,48886,16237,336,2026-11-20,4,27605,2026-10-31T01:08:19+07:00
6255,48889,16238,753,2027-01-04,5,13511,2026-11-27T20:48:00+07:00
6256,48897,16239,171,2026-05-29,2,3010,
6257,48922,16248,159,2026-10-06,1,3505,2026-10-04T11:08:13+07:00
6258,48926,16249,529,2026-08-13,1,3634,2026-08-14T00:30:36+07:00
6259,48938,16254,540,2026-05-08,1,6662,2026-05-08T20:22:14+07:00
6260,48944,16255,669,2026-02-17,9,20426,2026-01-28T21:14:13+07:00
6261,48962,16258,299,2026-06-18,1,3999,2026-06-17T13:23:34+07:00
6262,48960,16258,235,2026-07-16,2,34162,2026-07-14T19:29:24+07:00
6263,48970,16260,41,2026-12-28,10,42928,2026-12-20T11:05:38+07:00
6264,48975,16262,138,2026-08-16,11,32258,2026-07-10T00:00:13+07:00
6265,48977,16262,195,2026-08-07,10,23601,2026-07-20T11:24:23+07:00
6266,48980,16263,144,2026-10-09,2,11786,2026-09-07T15:01:51+07:00
6267,48978,16263,245,2026-12-12,4,22149,2026-10-18T20:59:25+07:00
6268,48999,16269,522,2026-07-31,4,6664,2026-06-08T19:42:40+07:00
6269,49017,16276,8,2026-12-16,2,7957,2026-12-15T01:57:42+07:00
6270,49016,16276,765,2026-12-23,1,10582,2026-12-20T01:07:35+07:00
6271,49022,16278,436,2027-01-15,4,22777,2026-11-17T11:58:15+07:00
6272,49037,16283,42,2026-10-02,1,3436,2026-10-02T12:31:52+07:00
6273,49036,16283,301,2026-11-14,1,5793,2026-11-10T11:54:25+07:00
6274,49048,16286,496,2026-07-25,3,4469,2026-07-10T15:24:29+07:00
6275,49054,16288,708,2026-07-17,3,15957,2026-07-03T00:44:52+07:00
6276,49053,16288,1,2026-10-24,2,11536,2026-09-25T14:46:17+07:00
6277,49057,16289,430,2026-11-16,3,27362,2026-11-16T15:52:51+07:00
6278,49067,16291,396,2026-06-18,2,7573,2026-06-05T21:46:48+07:00
6279,49081,16294,643,2026-08-05,8,6870,2026-07-17T12:54:00+07:00
6280,49089,16297,393,2026-06-04,1,6264,2026-06-04T17:38:40+07:00
6281,49102,16303,532,2026-12-05,2,7089,2026-12-01T15:36:19+07:00
6282,49115,16309,11,2027-01-06,10,22406,2026-11-29T18:47:46+07:00
6283,49126,16314,603,2026-09-30,2,16764,2026-09-27T13:08:13+07:00
6284,49138,16317,710,2026-12-18,4,10151,2026-10-23T15:57:27+07:00
6285,49143,16318,343,2026-09-14,1,8182,2026-09-14T10:36:18+07:00
6286,49154,16322,660,2026-11-09,9,22071,2026-10-16T00:36:04+07:00
6287,49169,16329,280,2026-12-12,1,21093,
6288,49173,16331,460,2026-06-04,1,3553,2026-06-04T07:41:55+07:00
6289,49178,16333,175,2026-12-22,7,8608,2026-12-11T21:14:08+07:00
6290,49181,16334,40,2026-12-18,2,16780,2026-12-17T13:44:16+07:00
6291,49189,16336,111,2026-09-04,3,7232,2026-07-22T10:48:16+07:00
6292,49199,16340,21,2026-05-29,3,22582,2026-05-27T23:44:40+07:00
6293,49212,16344,354,2026-10-19,1,6318,
6294,49216,16346,601,2027-01-15,4,9851,2026-12-07T09:37:13+07:00
6295,49221,16348,425,2026-05-28,2,26332,2026-05-27T12:19:53+07:00
6296,49226,16349,187,2026-07-21,4,9095,2026-07-16T12:46:42+07:00
6297,49243,16356,257,2026-11-11,1,10897,2026-11-07T13:41:02+07:00
6298,49253,16358,213,2026-11-19,5,10444,2026-10-27T18:46:18+07:00
6299,49252,16358,33,2026-11-25,6,17393,2026-11-11T08:42:57+07:00
6300,49265,16361,7,2026-07-30,1,7983,2026-07-30T10:23:42+07:00
6301,49261,16361,174,2026-09-16,1,8819,2026-09-13T01:34:29+07:00
6302,49284,16367,360,2027-01-01,2,17449,2026-11-11T14:49:52+07:00
6303,49291,16370,669,2026-08-09,9,20848,2026-07-01T16:14:54+07:00
6304,49292,16371,299,2026-05-01,2,9056,2026-04-28T08:02:59+07:00
6305,49306,16373,764,2026-07-09,5,4670,2026-06-14T12:47:17+07:00
6306,49311,16374,329,2026-09-03,2,14231,2026-09-01T13:01:17+07:00
6307,49313,16375,311,2026-10-16,3,10466,2026-09-24T20:58:37+07:00
6308,49315,16375,533,2026-11-14,3,5617,2026-10-22T20:48:32+07:00
6309,49320,16377,594,2026-11-11,1,3802,2026-11-10T11:20:51+07:00
6310,49323,16379,285,2026-12-02,1,8196,2026-12-01T15:36:24+07:00
6311,49339,16385,394,2026-05-26,2,24036,2026-05-26T21:04:25+07:00
6312,49345,16386,171,2026-07-07,11,18026,2026-05-28T23:02:57+07:00
6313,49349,16387,724,2026-10-09,1,17005,
6314,49358,16390,618,2026-08-28,11,19907,2026-07-22T19:54:59+07:00
6315,49360,16391,394,2026-12-19,3,40200,2026-10-23T09:22:33+07:00
6316,49370,16395,310,2026-01-26,6,6711,2026-01-05T17:54:50+07:00
6317,49374,16396,764,2026-08-17,9,7798,2026-07-28T15:29:49+07:00
6318,49393,16401,474,2026-04-22,11,13857,2026-03-13T21:14:31+07:00
6319,49400,16404,566,2026-09-25,4,33621,2026-08-04T10:09:42+07:00
6320,49403,16405,107,2026-05-14,7,21445,2026-04-30T03:57:03+07:00
6321,49410,16409,455,2026-11-07,6,5442,2026-10-06T17:17:06+07:00
6322,49411,16410,566,2026-02-02,1,8840,2026-02-02T12:07:02+07:00
6323,49416,16412,570,2026-12-05,12,31372,2026-11-05T14:31:39+07:00
6324,49425,16413,755,2026-07-15,3,22127,2026-07-12T18:03:04+07:00
6325,49427,16414,214,2026-10-30,2,16320,2026-09-05T08:04:38+07:00
6326,49432,16415,561,2026-03-19,6,7937,2026-02-26T23:37:08+07:00
6327,49434,16416,300,2027-01-22,2,11401,2026-12-17T01:17:51+07:00
6328,49449,16420,790,2026-12-18,1,3072,2026-12-17T08:17:30+07:00
6329,49450,16421,566,2026-12-25,3,21657,2026-12-23T07:10:35+07:00
6330,49454,16423,228,2026-08-14,2,15514,2026-07-06T10:26:31+07:00
6331,49466,16428,249,2026-06-15,11,50144,2026-05-20T16:56:46+07:00
6332,49502,16437,677,2026-10-26,2,39932,2026-10-25T10:34:26+07:00
6333,49508,16440,146,2026-12-08,3,4190,2026-11-13T16:46:00+07:00
6334,49517,16443,417,2026-12-28,6,8928,2026-12-25T15:40:06+07:00
6335,49522,16444,424,2026-11-30,4,9391,2026-10-30T23:58:24+07:00
6336,49535,16449,72,2026-07-31,4,12010,2026-06-29T09:27:07+07:00
6337,49556,16457,114,2026-10-21,2,8872,2026-10-20T22:15:30+07:00
6338,49563,16459,100,2026-09-26,1,19347,2026-09-22T16:22:23+07:00
6339,49570,16460,182,2026-08-23,2,16360,2026-08-19T07:35:31+07:00
6340,49598,16468,29,2026-11-02,5,17312,2026-09-27T12:40:50+07:00
6341,49609,16470,98,2026-11-23,4,5293,2026-10-26T15:50:41+07:00
6342,49613,16472,75,2026-10-01,4,7490,2026-08-31T11:27:42+07:00
6343,49620,16475,644,2026-12-18,2,4743,2026-11-24T20:33:19+07:00
6344,49628,16478,194,2026-11-13,5,42541,2026-09-28T20:12:32+07:00
6345,49630,16479,180,2026-06-08,3,14121,2026-05-13T02:34:18+07:00
6346,49636,16482,330,2026-11-05,11,16124,2026-10-25T17:19:32+07:00
6347,49643,16485,481,2026-12-17,7,16683,2026-11-28T21:39:02+07:00
6348,49645,16486,38,2026-07-17,2,6394,2026-07-05T14:52:23+07:00
6349,49653,16487,307,2027-02-05,4,12236,2026-12-20T22:18:59+07:00
6350,49656,16489,133,2026-08-28,3,23276,2026-08-04T20:46:50+07:00
6351,49658,16489,398,2026-09-11,2,7226,2026-08-20T23:05:21+07:00
6352,49678,16494,206,2026-12-04,2,5641,2026-10-14T15:59:01+07:00
6353,49679,16495,316,2026-08-07,3,9816,2026-07-23T23:09:39+07:00
6354,49686,16498,507,2026-07-28,7,10689,2026-07-06T11:45:35+07:00
6355,49692,16500,28,2026-08-14,9,9379,
6356,49711,16511,252,2026-09-05,2,26072,2026-09-05T14:05:58+07:00
6357,49716,16512,310,2026-10-07,8,7732,2026-09-27T11:53:09+07:00
6358,49719,16513,282,2026-12-28,5,10977,2026-12-16T16:21:01+07:00
6359,49720,16514,353,2026-08-21,1,9628,2026-08-20T22:08:58+07:00
6360,49740,16520,256,2026-08-03,1,5350,2026-08-01T09:36:04+07:00
6361,49745,16521,730,2026-09-15,8,15991,2026-08-07T11:42:57+07:00
6362,49750,16523,302,2026-08-16,6,4571,2026-07-14T05:40:03+07:00
6363,49758,16525,137,2026-05-28,1,22980,2026-05-28T07:43:09+07:00
6364,49761,16526,179,2026-07-19,2,29510,2026-07-19T08:45:38+07:00
6365,49766,16527,442,2026-05-28,5,15284,2026-05-15T12:19:19+07:00
6366,49773,16529,105,2026-09-20,1,3984,2026-09-20T17:09:42+07:00
6367,49777,16529,182,2026-11-21,3,24692,2026-11-17T20:39:59+07:00
6368,49778,16530,600,2026-06-27,4,20472,2026-06-05T22:46:54+07:00
6369,49787,16532,183,2026-11-28,2,4969,2026-10-06T14:13:34+07:00
6370,49791,16535,592,2026-10-12,5,13683,2026-10-03T18:58:28+07:00
6371,49794,16536,42,2026-10-16,2,7632,2026-10-14T23:26:04+07:00
6372,49802,16538,376,2026-10-23,6,8045,2026-09-28T12:01:09+07:00
6373,49836,16547,97,2026-07-07,8,19515,2026-05-27T23:41:43+07:00
6374,49843,16549,497,2026-12-18,3,5950,2026-10-20T10:31:54+07:00
6375,49848,16551,658,2026-08-17,9,16052,2026-07-20T11:56:59+07:00
6376,49852,16552,218,2026-08-29,12,22257,2026-08-16T22:55:07+07:00
6377,49861,16555,212,2026-09-19,2,15655,2026-09-15T13:56:47+07:00
6378,49859,16555,130,2026-10-15,2,12357,2026-10-13T11:13:31+07:00
6379,49864,16556,540,2026-11-20,3,15960,
6380,49870,16557,200,2026-11-17,10,27030,2026-11-07T02:10:03+07:00
6381,49881,16561,650,2027-01-17,6,6770,2026-12-12T10:05:24+07:00
6382,49882,16561,141,2027-01-24,8,15473,2026-12-22T18:38:36+07:00
6383,49893,16563,301,2026-11-27,4,21210,2026-10-10T20:06:03+07:00
6384,49897,16565,510,2026-12-20,8,8612,2026-12-01T15:06:54+07:00
6385,49901,16567,629,2026-09-14,1,4958,2026-09-14T00:21:12+07:00
6386,49907,16568,227,2026-06-23,8,11129,2026-05-28T08:37:41+07:00
6387,49915,16571,154,2026-10-23,1,3708,2026-10-21T10:13:09+07:00
6388,49932,16578,156,2026-07-28,5,15021,2026-07-11T07:13:20+07:00
6389,49945,16586,324,2026-07-28,10,28058,2026-06-20T06:48:04+07:00
6390,49950,16587,51,2026-10-18,4,9223,2026-10-15T15:45:10+07:00
6391,49964,16592,266,2027-01-16,5,13740,2026-11-20T16:43:52+07:00
6392,49971,16594,195,2026-11-21,6,13520,2026-11-06T14:21:05+07:00
6393,49974,16594,68,2026-11-25,10,36323,2026-11-13T19:36:01+07:00
6394,49978,16596,145,2026-12-12,3,3505,2026-11-08T19:11:27+07:00
6395,49988,16599,76,2026-04-05,10,36117,2026-03-20T01:34:32+07:00
6396,49990,16600,267,2027-01-15,3,6350,2026-11-19T20:07:38+07:00
6397,49993,16601,445,2026-11-06,3,11619,2026-10-12T12:10:38+07:00
6398,49998,16603,505,2026-06-02,9,20311,2026-04-23T11:55:47+07:00
6399,50005,16605,140,2027-01-02,6,10698,2026-11-22T16:35:47+07:00
6400,50019,16608,426,2026-07-31,4,52551,2026-06-20T18:32:46+07:00
6401,50023,16610,305,2026-07-04,1,14223,2026-07-02T07:44:42+07:00
6402,50030,16613,228,2026-06-18,4,34719,2026-05-13T16:33:36+07:00
6403,50052,16621,296,2026-09-20,2,24615,2026-09-16T16:54:22+07:00
6404,50054,16621,532,2026-12-06,2,7377,2026-12-04T13:31:48+07:00
6405,50057,16622,344,2026-07-10,4,35874,2026-06-11T17:46:38+07:00
6406,50072,16626,56,2026-12-18,4,22386,2026-10-31T18:05:53+07:00
6407,50078,16629,374,2027-01-21,11,24705,2026-12-21T18:53:34+07:00
6408,50079,16630,787,2026-04-12,1,3636,2026-04-12T20:55:06+07:00
6409,50082,16631,552,2026-08-01,3,6256,2026-06-10T14:00:29+07:00
6410,50089,16633,317,2026-08-15,3,10387,2026-07-20T21:48:56+07:00
6411,50113,16640,701,2026-11-26,9,19589,2026-11-03T20:41:13+07:00
6412,50109,16640,793,2026-12-29,10,21127,2026-11-15T20:21:47+07:00
6413,50117,16641,275,2026-07-12,2,13803,2026-07-11T16:17:49+07:00
6414,50135,16646,327,2026-12-17,2,10396,2026-12-14T16:47:09+07:00
6415,50144,16648,111,2026-03-29,11,28550,2026-02-24T22:33:06+07:00
6416,50146,16649,106,2026-07-02,2,9067,2026-06-30T14:41:10+07:00
6417,50149,16650,63,2026-10-11,1,6744,2026-10-10T08:18:48+07:00
6418,50153,16651,232,2026-06-13,4,8363,2026-05-18T17:12:38+07:00
6419,50160,16654,724,2026-10-26,3,55815,2026-10-22T02:22:06+07:00
6420,50165,16655,449,2026-10-08,10,25093,2026-09-06T19:35:19+07:00
6421,50175,16657,784,2026-04-08,1,4699,2026-04-05T18:04:26+07:00
6422,50191,16661,676,2026-12-24,12,14029,
6423,50197,16663,177,2026-10-09,4,5304,2026-09-25T00:19:29+07:00
6424,50202,16665,298,2026-07-18,3,18452,2026-06-14T19:26:58+07:00
6425,50205,16666,709,2026-07-01,7,16277,2026-05-26T23:23:48+07:00
6426,50223,16672,565,2026-03-05,3,17988,2026-02-02T11:03:00+07:00
6427,50245,16678,114,2026-12-05,1,4766,2026-12-03T02:15:17+07:00
6428,50247,16679,342,2026-06-20,1,17172,2026-06-17T09:09:19+07:00
6429,50259,16682,4,2026-12-26,2,8614,2026-12-03T02:11:17+07:00
6430,50267,16684,327,2026-11-08,2,10028,
6431,50281,16689,537,2026-11-18,12,34211,2026-10-05T13:58:37+07:00
6432,50277,16689,335,2026-11-20,8,8102,2026-10-18T20:58:13+07:00
6433,50292,16692,243,2026-11-21,4,9413,2026-11-14T16:52:21+07:00
6434,50295,16693,564,2026-12-06,4,16493,2026-10-15T21:08:19+07:00
6435,50304,16696,453,2026-10-04,1,2706,2026-10-04T18:44:49+07:00
6436,50309,16700,573,2026-09-22,4,6945,2026-09-08T22:19:00+07:00
6437,50325,16708,543,2027-01-08,5,30600,2026-12-11T11:27:35+07:00
6438,50328,16709,93,2026-04-23,9,28326,2026-04-11T13:20:02+07:00
6439,50337,16712,112,2026-05-22,9,23929,2026-04-16T20:32:27+07:00
6440,50350,16717,384,2026-04-23,6,12650,2026-04-20T18:57:14+07:00
6441,50349,16717,11,2026-06-02,8,16642,2026-05-26T18:13:56+07:00
6442,50353,16718,556,2026-11-20,2,2909,2026-09-24T05:37:21+07:00
6443,50358,16720,218,2026-11-08,6,13519,2026-10-12T00:59:02+07:00
6444,50365,16722,130,2026-09-27,1,6004,2026-09-24T19:17:48+07:00
6445,50377,16725,611,2026-06-13,1,4124,2026-06-13T10:24:54+07:00
6446,50376,16725,262,2026-07-14,1,6177,2026-07-14T12:31:38+07:00
6447,50384,16728,775,2026-12-31,4,4262,2026-12-22T11:38:56+07:00
6448,50389,16730,688,2026-03-03,1,6758,2026-02-27T20:23:49+07:00
6449,50420,16740,712,2026-07-19,1,4521,2026-07-17T16:21:07+07:00
6450,50426,16741,457,2026-10-14,2,46427,2026-10-14T22:03:33+07:00
6451,50441,16747,385,2026-10-30,2,4008,2026-09-19T21:38:04+07:00
6452,50443,16748,257,2026-09-18,4,42724,2026-08-04T23:27:17+07:00
6453,50451,16749,731,2027-01-22,3,4778,2026-11-23T02:55:25+07:00
6454,50453,16750,214,2026-11-20,3,25334,2026-10-22T21:34:32+07:00
6455,50459,16752,626,2026-07-24,3,4026,
6456,50473,16755,94,2026-10-28,4,8304,2026-10-05T20:33:35+07:00
6457,50483,16758,245,2026-07-31,2,12253,2026-06-11T07:46:25+07:00
6458,50502,16762,107,2026-05-01,3,10006,2026-03-25T15:56:57+07:00
6459,50504,16763,344,2026-12-18,2,19159,2026-11-17T10:16:12+07:00
6460,50507,16764,690,2026-03-22,11,18779,2026-03-12T20:15:04+07:00
6461,50523,16767,753,2026-06-05,4,10520,2026-05-20T23:12:58+07:00
6462,50530,16769,188,2027-01-24,3,3311,2026-12-17T09:48:58+07:00
6463,50539,16770,371,2026-09-25,4,20443,2026-08-24T10:05:41+07:00
6464,50534,16770,357,2026-12-04,5,40743,2026-10-09T20:22:04+07:00
6465,50549,16775,595,2026-08-06,3,1697,2026-07-11T13:44:28+07:00
6466,50554,16777,762,2026-10-04,10,23004,2026-08-27T19:43:54+07:00
6467,50562,16780,245,2026-09-25,4,23840,2026-08-15T10:02:41+07:00
6468,50566,16780,145,2026-10-30,3,4313,2026-10-12T13:40:22+07:00
6469,50575,16784,659,2026-08-07,3,13782,2026-07-15T09:30:24+07:00
6470,50576,16785,93,2026-11-14,3,8969,2026-09-25T18:55:08+07:00
6471,50589,16790,105,2027-01-01,2,8002,2026-11-09T01:21:16+07:00
6472,50588,16790,236,2027-01-18,3,14948,2026-11-25T17:47:49+07:00
6473,50592,16790,144,2027-02-04,2,10491,2026-12-14T08:58:50+07:00
6474,50594,16791,416,2027-01-27,4,12545,2026-12-06T01:23:24+07:00
6475,50600,16794,779,2026-05-29,4,20146,2026-05-17T23:31:32+07:00
6476,50598,16794,630,2026-06-13,3,15308,2026-05-19T20:32:40+07:00
6477,50599,16794,425,2026-06-26,4,49000,2026-06-12T22:06:38+07:00
6478,50616,16799,231,2026-08-16,11,23592,2026-07-11T21:39:21+07:00
6479,50643,16809,64,2026-12-05,4,33302,2026-10-12T23:33:38+07:00
6480,50647,16810,649,2026-03-09,1,5042,2026-03-09T12:53:32+07:00
6481,50649,16811,771,2026-10-16,4,5812,2026-08-31T02:26:50+07:00
6482,50729,16842,436,2026-07-30,12,59251,2026-06-19T17:30:24+07:00
6483,50736,16844,156,2026-12-18,2,5399,2026-11-06T21:09:29+07:00
6484,50740,16845,297,2026-10-23,2,22196,2026-10-20T06:49:59+07:00
6485,50748,16849,675,2026-11-14,2,8706,2026-09-25T23:35:28+07:00
6486,50749,16849,685,2026-10-31,3,16980,2026-10-02T16:58:49+07:00
6487,50756,16852,480,2026-10-09,3,3662,2026-09-26T20:56:18+07:00
6488,50762,16853,521,2026-09-05,1,12362,2026-09-03T15:52:45+07:00
6489,50765,16854,635,2026-12-09,6,7209,2026-11-20T02:00:45+07:00
6490,50766,16854,264,2027-01-22,9,8139,2026-12-27T22:05:44+07:00
6491,50779,16857,484,2027-01-17,3,8349,2026-12-02T21:26:37+07:00
6492,50809,16868,419,2026-11-01,5,21408,2026-10-27T20:49:30+07:00
6493,50811,16868,757,2027-01-09,12,17339,2026-12-10T17:46:11+07:00
6494,50825,16875,36,2027-01-02,3,9397,2026-11-13T10:42:22+07:00
6495,50827,16876,396,2026-11-13,6,25401,2026-11-05T01:22:31+07:00
6496,50837,16881,6,2026-12-22,1,25120,2026-12-21T01:06:10+07:00
6497,50843,16883,666,2026-06-23,1,2801,2026-06-21T16:06:05+07:00
6498,50849,16884,366,2026-05-24,5,10753,2026-04-12T21:14:59+07:00
6499,50860,16890,680,2026-07-01,6,11507,2026-06-21T20:32:53+07:00
6500,50866,16892,722,2026-07-04,2,3996,2026-06-14T22:58:45+07:00
6501,50875,16895,333,2026-12-04,2,10717,2026-10-26T23:27:14+07:00
6502,50884,16897,663,2027-01-20,7,11992,2026-12-24T21:46:21+07:00
6503,50903,16905,236,2026-05-20,2,9569,
6504,50908,16906,536,2026-09-11,4,13139,2026-08-09T10:35:37+07:00
6505,50907,16906,648,2026-09-25,3,3902,2026-09-07T19:39:12+07:00
6506,50914,16908,284,2026-05-12,12,22148,2026-04-15T01:11:51+07:00
6507,50932,16914,54,2026-06-05,2,20074,2026-05-13T15:16:16+07:00
6508,50936,16916,636,2026-08-03,6,4047,2026-07-22T23:25:19+07:00
6509,50939,16918,755,2027-01-22,5,35942,2026-12-15T21:49:32+07:00
6510,50944,16919,290,2026-08-22,4,4441,2026-07-16T19:09:00+07:00
6511,50949,16920,300,2027-01-01,3,18388,2026-12-21T14:34:37+07:00
6512,50958,16922,201,2027-01-30,2,17892,
6513,50968,16924,441,2026-07-23,2,63698,2026-07-20T08:42:56+07:00
6514,50969,16925,345,2026-12-18,1,11543,2026-12-15T00:37:32+07:00
6515,50975,16926,394,2026-12-18,3,36176,2026-11-24T01:07:05+07:00
6516,50983,16929,244,2026-03-28,9,35806,2026-03-25T00:32:29+07:00
6517,50991,16931,426,2026-09-21,2,24866,2026-09-21T16:41:25+07:00
6518,50994,16932,464,2026-12-11,3,5889,2026-11-26T13:36:37+07:00
6519,50997,16934,795,2026-04-10,7,3672,2026-03-16T19:24:57+07:00
6520,51011,16940,283,2026-08-28,2,6502,2026-08-16T20:05:06+07:00
6521,51024,16945,426,2026-03-26,4,44547,2026-02-21T07:31:51+07:00
6522,51031,16947,221,2026-02-17,3,8630,2026-02-06T23:44:44+07:00
6523,51037,16948,398,2026-12-25,2,7889,2026-11-24T15:41:46+07:00
6524,51043,16951,61,2026-08-13,1,4535,2026-08-13T00:19:20+07:00
6525,51055,16954,773,2026-10-16,4,18458,2026-09-06T10:55:31+07:00
6526,51070,16957,730,2026-05-05,9,16106,2026-04-19T19:11:31+07:00
6527,51079,16962,467,2026-09-25,4,30036,2026-07-29T17:24:20+07:00
6528,51108,16970,242,2026-11-22,1,5909,2026-11-19T19:50:20+07:00
6529,51106,16970,305,2026-12-15,2,29205,2026-12-14T13:47:40+07:00
6530,51113,16972,615,2026-12-12,2,4410,2026-10-17T17:57:37+07:00
6531,51110,16972,21,2026-12-25,5,34892,2026-11-28T06:19:28+07:00
6532,51117,16974,800,2026-08-22,2,12497,2026-08-20T00:25:18+07:00
6533,51136,16984,175,2026-11-24,9,10991,2026-11-17T19:45:42+07:00
6534,51143,16988,394,2026-08-27,2,25120,2026-08-26T10:33:32+07:00
6535,51154,16992,753,2026-09-09,12,28748,2026-07-28T21:31:35+07:00
6536,51160,16994,700,2026-03-03,2,3433,2026-01-16T02:04:52+07:00
6537,51159,16994,384,2026-03-13,2,4706,2026-02-17T22:39:33+07:00
6538,51162,16995,663,2026-12-04,2,3285,2026-10-18T19:16:28+07:00
6539,51166,16996,750,2026-12-08,3,10980,2026-12-07T09:16:30+07:00
6540,51177,17000,107,2026-04-10,2,6975,2026-03-26T12:29:23+07:00
6541,51178,17000,212,2026-05-01,4,36453,2026-04-07T00:43:34+07:00
6542,51176,17000,55,2026-06-05,4,21243,2026-04-18T09:44:28+07:00
6543,51181,17001,312,2026-06-18,2,3280,2026-05-22T18:23:11+07:00
6544,51193,17007,460,2026-11-15,1,3752,2026-11-13T20:50:29+07:00
6545,51228,17022,355,2026-09-20,3,7745,2026-08-10T01:00:18+07:00
6546,51233,17023,383,2026-07-08,2,14865,2026-07-04T19:58:30+07:00
6547,51237,17025,466,2026-10-03,2,13276,2026-10-01T15:50:02+07:00
6548,51255,17030,490,2026-08-15,2,15260,2026-08-14T19:59:18+07:00
6549,51267,17035,91,2026-04-04,2,3728,2026-02-09T10:46:57+07:00
6550,51268,17036,43,2026-11-11,2,12225,2026-11-07T11:10:53+07:00
6551,51282,17039,111,2026-07-11,10,21873,2026-06-13T16:41:11+07:00
6552,51287,17043,533,2026-11-20,2,3465,2026-10-23T13:43:06+07:00
6553,51302,17048,436,2027-01-02,8,43831,2026-11-24T09:21:31+07:00
6554,51305,17051,789,2027-01-01,2,9973,2026-11-12T08:04:43+07:00
6555,51315,17054,654,2026-04-11,3,5926,2026-03-10T22:25:11+07:00
6556,51323,17057,781,2026-11-29,12,15466,2026-11-24T11:52:59+07:00
6557,51336,17061,692,2026-11-26,1,16342,2026-11-23T13:44:32+07:00
6558,51337,17061,699,2026-12-25,2,7257,2026-12-23T13:59:47+07:00
6559,51348,17064,196,2026-08-14,3,8861,2026-06-20T23:55:54+07:00
6560,51353,17066,252,2026-05-23,1,12941,2026-05-22T13:41:32+07:00
6561,51368,17069,240,2026-08-23,12,13290,2026-07-11T00:09:45+07:00
6562,51372,17070,133,2026-08-01,2,16537,2026-07-28T18:00:36+07:00
6563,51376,17071,362,2026-08-22,6,8573,2026-08-13T06:38:32+07:00
6564,51377,17071,538,2026-10-04,10,28890,2026-09-06T11:42:50+07:00
6565,51379,17071,44,2026-11-19,11,30522,2026-10-19T12:05:37+07:00
6566,51391,17076,131,2026-11-07,5,16923,2026-10-17T19:48:21+07:00
6567,51393,17077,615,2026-11-21,6,13242,2026-10-12T11:18:47+07:00
6568,51407,17081,276,2026-12-08,4,8279,2026-11-28T11:45:18+07:00
6569,51414,17083,249,2026-06-12,3,12841,2026-04-30T09:24:07+07:00
6570,51416,17084,97,2027-01-22,4,10787,2026-11-23T19:46:24+07:00
6571,51422,17087,500,2027-02-05,3,8424,2026-12-10T09:38:26+07:00
6572,51427,17090,756,2026-08-13,2,4460,2026-08-03T22:39:28+07:00
6573,51434,17092,111,2026-12-05,4,8845,2026-11-23T19:25:23+07:00
6574,51436,17093,184,2026-09-26,7,12538,2026-08-22T10:58:08+07:00
6575,51437,17093,68,2026-10-13,12,46978,2026-09-01T20:22:12+07:00
6576,51450,17098,757,2026-11-07,3,3748,2026-10-19T19:25:37+07:00
6577,51449,17098,247,2026-11-26,4,38944,2026-10-20T18:54:21+07:00
6578,51465,17103,290,2026-12-27,11,13105,2026-11-29T22:14:57+07:00
6579,51475,17106,39,2026-06-19,4,8740,2026-04-30T10:50:07+07:00
6580,51481,17108,219,2026-08-21,1,20805,2026-08-19T11:48:21+07:00
6581,51497,17111,617,2026-08-01,5,15993,2026-07-03T15:42:06+07:00
6582,51495,17111,38,2026-10-02,4,11760,2026-08-22T22:21:06+07:00
6583,51501,17114,434,2026-10-04,2,14801,2026-10-02T07:46:48+07:00
6584,51509,17117,15,2026-11-13,3,7604,2026-09-23T01:00:41+07:00
6585,51524,17121,425,2026-06-06,2,22595,2026-06-02T03:29:50+07:00
6586,51527,17122,123,2026-11-14,12,21099,2026-10-10T13:29:53+07:00
6587,51531,17124,436,2026-11-06,8,44935,2026-10-13T16:55:30+07:00
6588,51535,17128,98,2026-07-31,10,13554,2026-06-27T14:17:48+07:00
6589,51542,17130,532,2026-09-05,1,3619,2026-09-02T23:32:30+07:00
6590,51545,17132,220,2027-01-02,5,24212,2026-12-13T21:39:45+07:00
6591,51551,17134,397,2026-12-10,2,23039,2026-12-09T14:19:56+07:00
6592,51572,17141,540,2026-06-27,2,12638,2026-05-09T13:12:50+07:00
6593,51575,17142,151,2027-01-08,5,23406,2026-11-20T11:20:45+07:00
6594,51585,17146,212,2026-12-19,2,17522,2026-12-15T09:43:54+07:00
6595,51594,17150,538,2026-07-13,5,17416,2026-07-07T19:23:18+07:00
6596,51603,17154,39,2026-12-12,11,19713,2026-11-25T00:40:32+07:00
6597,51615,17158,145,2026-08-28,2,2641,2026-07-24T20:56:38+07:00
6598,51616,17159,525,2026-10-21,12,17601,2026-10-05T03:15:13+07:00
6599,51618,17160,332,2026-12-04,5,10586,2026-10-31T16:14:17+07:00
6600,51632,17163,169,2026-03-24,12,23988,2026-02-15T09:23:03+07:00
6601,51638,17165,113,2027-01-01,3,10143,2026-11-08T13:52:52+07:00
6602,51649,17168,265,2026-04-03,1,9233,2026-04-01T00:05:27+07:00
6603,51667,17172,127,2026-02-23,7,20727,2026-02-15T13:45:21+07:00
6604,51673,17174,558,2026-11-26,7,16041,2026-10-31T12:39:55+07:00
6605,51698,17182,164,2027-01-15,5,4388,2026-12-10T19:54:03+07:00
6606,51709,17185,644,2026-08-27,9,23956,2026-08-12T12:12:54+07:00
6607,51737,17197,562,2027-01-29,11,20281,2026-12-26T10:28:59+07:00
6608,51741,17198,174,2026-10-13,1,8065,2026-10-11T01:01:15+07:00
6609,51745,17200,356,2026-12-14,7,17000,2026-11-11T21:11:28+07:00
6610,51768,17207,344,2026-08-14,2,18141,2026-08-13T19:39:34+07:00
6611,51789,17213,203,2027-01-12,3,11262,2026-12-05T07:12:41+07:00
6612,51796,17216,716,2026-06-04,4,10691,2026-04-28T19:10:26+07:00
6613,51803,17217,703,2027-01-11,12,28713,2026-12-15T13:07:45+07:00
6614,51811,17222,257,2026-10-23,2,20518,2026-10-20T01:48:04+07:00
6615,51813,17224,669,2026-11-15,3,6768,2026-10-19T23:28:34+07:00
6616,51820,17226,333,2026-10-24,4,19141,2026-09-13T09:00:29+07:00
6617,51828,17228,736,2026-07-23,1,5102,2026-07-21T14:58:15+07:00
6618,51844,17234,367,2026-09-21,2,9274,2026-09-21T15:58:34+07:00
6619,51851,17237,485,2026-08-02,9,8699,2026-06-26T21:10:47+07:00
6620,51878,17245,380,2026-10-21,2,13738,2026-10-18T22:11:33+07:00
6621,51889,17250,428,2026-11-27,4,53654,2026-10-13T20:01:30+07:00
6622,51893,17251,37,2026-07-17,9,10433,2026-06-07T12:19:12+07:00
6623,51907,17255,105,2026-08-14,4,17917,2026-08-04T18:41:53+07:00
6624,51918,17258,48,2026-03-27,3,6660,2026-02-23T14:44:52+07:00
6625,51932,17262,123,2026-08-11,9,15474,2026-07-14T19:46:33+07:00
6626,51941,17267,622,2026-11-13,2,4167,2026-10-03T13:43:53+07:00
6627,51948,17270,160,2027-01-15,3,13165,2026-11-21T21:19:50+07:00
6628,51954,17271,581,2026-09-19,3,5318,2026-09-12T17:18:59+07:00
6629,51984,17284,574,2026-08-24,2,7309,2026-08-21T22:21:40+07:00
6630,51987,17285,387,2026-05-01,2,7157,2026-04-27T12:51:23+07:00
6631,51994,17287,71,2026-10-09,4,10047,
6632,52000,17288,201,2026-04-03,2,18811,2026-02-05T00:26:37+07:00
6633,51998,17288,241,2026-06-12,3,24686,2026-04-13T18:48:15+07:00
6634,52003,17289,756,2026-04-23,11,26970,
6635,52015,17293,62,2027-01-22,3,10004,2026-12-05T00:40:00+07:00
6636,52018,17294,203,2027-01-18,3,11285,2026-12-20T13:05:20+07:00
6637,52022,17295,758,2026-12-17,1,13970,2026-12-16T09:19:40+07:00
6638,52033,17297,212,2026-12-04,3,24220,2026-10-05T01:43:59+07:00
6639,52029,17297,753,2026-12-04,3,7658,2026-10-18T01:22:27+07:00
6640,52036,17298,24,2026-03-25,2,31342,2026-03-25T11:33:01+07:00
6641,52047,17299,56,2026-08-12,3,18519,
6642,52057,17306,698,2026-11-27,3,16362,2026-10-31T00:55:33+07:00
6643,52064,17308,154,2026-08-28,3,12634,2026-07-26T09:45:33+07:00
6644,52077,17311,163,2026-02-06,4,7665,2026-01-22T19:52:35+07:00
6645,52075,17311,298,2026-05-29,4,22426,2026-04-19T16:12:13+07:00
6646,52085,17314,306,2026-12-11,4,13347,2026-11-27T12:16:58+07:00
6647,52090,17315,276,2026-05-18,3,5534,2026-05-09T01:02:16+07:00
6648,52089,17315,363,2026-07-08,6,11853,2026-05-28T23:20:30+07:00
6649,52093,17316,52,2026-05-06,3,4670,2026-05-03T00:45:36+07:00
6650,52097,17317,186,2026-07-23,2,11991,2026-07-23T15:09:04+07:00
6651,52113,17321,287,2027-01-04,8,12143,2026-11-28T20:53:00+07:00
6652,52116,17322,792,2026-12-18,2,3847,2026-11-13T22:24:12+07:00
6653,52123,17324,48,2027-01-08,2,4051,2026-12-03T00:09:06+07:00
6654,52125,17324,80,2027-02-05,4,30602,2026-12-15T21:31:43+07:00
6655,52141,17331,258,2026-11-06,4,7357,2026-10-20T22:47:50+07:00
6656,52153,17334,620,2026-09-10,7,4539,2026-09-06T16:34:27+07:00
6657,52150,17334,760,2026-10-25,6,8748,2026-09-22T07:16:23+07:00
6658,52152,17334,499,2026-10-29,7,14023,2026-09-27T21:12:42+07:00
6659,52146,17334,455,2026-10-26,11,11837,2026-10-03T22:04:37+07:00
6660,52155,17335,485,2026-03-12,10,9590,2026-02-25T22:40:37+07:00
6661,52157,17335,147,2026-05-04,3,7394,2026-04-04T19:07:14+07:00
6662,52160,17337,598,2026-11-07,5,12901,2026-10-27T22:16:37+07:00
6663,52159,17337,112,2026-12-11,2,4191,2026-11-10T02:18:40+07:00
6664,52166,17338,687,2026-09-25,5,10401,
6665,52167,17338,629,2027-01-02,3,13316,2026-11-18T12:14:52+07:00
6666,52175,17340,400,2026-05-22,10,32555,2026-04-24T20:17:58+07:00
6667,52187,17344,318,2026-12-21,2,14431,2026-12-21T21:03:10+07:00
6668,52202,17349,38,2026-07-06,11,38616,2026-06-06T23:41:37+07:00
6669,52204,17350,719,2026-06-12,3,20719,2026-04-13T18:34:33+07:00
6670,52206,17351,510,2026-07-30,4,5168,2026-07-02T11:10:45+07:00
6671,52210,17352,158,2026-09-18,5,18547,2026-09-01T09:10:07+07:00
6672,52221,17354,378,2026-10-14,3,6466,2026-09-23T12:32:08+07:00
6673,52222,17354,19,2026-10-19,3,14998,2026-10-01T20:48:26+07:00
6674,52236,17363,772,2026-07-19,1,3359,2026-07-18T13:30:34+07:00
6675,52239,17364,394,2026-12-05,3,39631,2026-12-03T06:47:29+07:00
6676,52245,17366,722,2026-04-03,3,5463,2026-03-13T12:27:15+07:00
6677,52259,17372,734,2026-10-03,4,11243,
6678,52266,17376,487,2026-11-13,6,15689,2026-11-01T10:05:14+07:00
6679,52278,17380,251,2026-05-15,4,41199,2026-04-13T14:54:41+07:00
6680,52281,17381,67,2026-03-09,3,21568,2026-01-16T12:58:21+07:00
6681,52286,17382,222,2026-07-24,4,16344,2026-05-26T21:13:57+07:00
6682,52290,17383,416,2027-01-08,5,14333,2026-11-06T19:25:48+07:00
6683,52307,17387,481,2026-10-19,6,13569,2026-10-10T12:45:26+07:00
6684,52305,17387,157,2026-10-27,8,10498,2026-10-11T00:42:18+07:00
6685,52328,17394,774,2026-11-14,1,4165,2026-11-13T22:05:51+07:00
6686,52341,17397,131,2026-05-08,5,17228,2026-04-24T14:50:18+07:00
6687,52359,17402,138,2026-04-26,11,30036,2026-04-21T23:48:41+07:00
6688,52363,17403,445,2026-07-17,3,12221,2026-06-25T21:01:56+07:00
6689,52370,17404,373,2026-10-06,3,8290,2026-08-26T17:04:53+07:00
6690,52381,17407,638,2026-12-25,3,13062,2026-11-13T17:10:09+07:00
6691,52383,17407,791,2026-12-26,4,5409,2026-12-05T22:41:55+07:00
6692,52379,17407,315,2027-01-08,4,9592,2026-12-13T13:37:07+07:00
6693,52431,17424,276,2026-10-23,2,3717,2026-08-25T13:22:26+07:00
6694,52437,17427,372,2026-09-05,4,11832,2026-07-26T15:26:23+07:00
6695,52441,17428,526,2027-01-09,3,9196,2026-12-16T15:53:51+07:00
6696,52444,17429,298,2026-10-29,5,26611,2026-10-21T17:56:53+07:00
6697,52449,17431,30,2026-03-06,4,36466,
6698,52454,17435,365,2026-09-01,1,4115,2026-08-28T23:03:43+07:00
6699,52458,17436,399,2026-08-21,7,35275,2026-07-13T14:23:08+07:00
6700,52470,17441,41,2026-11-27,4,15243,2026-11-08T13:56:17+07:00
6701,52476,17442,495,2027-02-06,4,26184,2026-12-21T20:27:02+07:00
6702,52482,17443,621,2027-01-01,4,15584,2026-11-10T09:20:49+07:00
6703,52498,17451,467,2026-10-25,1,6849,2026-10-22T23:04:07+07:00
6704,52516,17463,263,2026-06-24,5,12958,2026-05-09T11:19:32+07:00
6705,52521,17464,478,2026-10-26,3,20335,2026-10-23T17:37:00+07:00
6706,52529,17466,157,2026-08-24,3,3185,2026-07-25T00:42:56+07:00
6707,52530,17467,378,2026-10-16,5,11112,2026-09-26T11:19:29+07:00
6708,52563,17477,118,2026-06-27,4,26299,2026-06-19T00:35:54+07:00
6709,52566,17478,43,2026-05-24,2,10180,2026-05-22T12:07:04+07:00
6710,52569,17478,252,2026-07-21,1,12981,2026-07-21T09:42:30+07:00
6711,52573,17479,329,2026-06-26,1,8439,2026-06-23T16:08:43+07:00
6712,52580,17481,733,2026-09-16,7,8193,2026-08-19T23:34:02+07:00
6713,52584,17482,46,2026-11-19,1,7662,2026-11-15T23:16:27+07:00
6714,52598,17487,762,2027-02-04,5,11113,2026-12-09T22:59:55+07:00
6715,52606,17490,644,2026-06-23,12,31941,2026-05-21T18:00:53+07:00
6716,52618,17495,639,2026-05-15,2,11106,2026-05-13T17:25:43+07:00
6717,52645,17508,191,2026-11-03,2,46735,2026-11-02T11:22:55+07:00
6718,52647,17509,288,2026-09-27,7,13281,2026-09-16T17:09:44+07:00
6719,52657,17511,395,2027-01-02,6,14900,2026-11-29T21:00:28+07:00
6720,52655,17511,660,2027-01-19,9,22092,2026-12-13T18:19:03+07:00
6721,52662,17513,781,2026-10-17,6,7472,2026-09-25T17:02:20+07:00
6722,52674,17516,746,2026-08-30,5,10254,
6723,52670,17516,510,2026-09-27,10,11382,
6724,52685,17519,546,2027-01-03,11,28552,2026-11-25T23:36:46+07:00
6725,52688,17521,793,2026-06-24,9,17355,2026-05-29T21:32:54+07:00
6726,52699,17526,53,2026-12-06,4,33755,2026-11-21T13:02:47+07:00
6727,52705,17528,432,2026-10-29,3,30102,
6728,52715,17530,211,2026-05-29,3,16626,2026-05-19T22:57:04+07:00
6729,52723,17532,794,2026-08-10,4,4088,2026-07-16T15:56:14+07:00
6730,52737,17538,794,2026-07-28,3,3286,2026-06-26T22:32:45+07:00
6731,52744,17543,664,2026-12-15,3,2857,2026-11-04T10:35:52+07:00
6732,52751,17546,756,2026-11-13,4,9935,2026-10-03T23:25:45+07:00
6733,52759,17548,274,2026-08-08,3,12027,2026-08-01T02:56:50+07:00
6734,52762,17549,18,2026-07-12,10,11293,2026-06-24T09:25:21+07:00
6735,52771,17552,669,2026-12-27,12,28844,
6736,52776,17554,536,2026-08-21,3,8871,2026-07-26T16:54:15+07:00
6737,52792,17561,449,2026-07-03,9,23812,2026-06-08T01:21:02+07:00
6738,52796,17563,356,2026-06-27,11,28207,2026-06-08T05:30:07+07:00
6739,52798,17564,610,2026-08-09,6,7162,2026-08-02T17:38:44+07:00
6740,52800,17565,105,2026-11-20,2,9193,2026-10-08T19:28:54+07:00
6741,52804,17567,245,2027-01-20,3,18737,2026-11-30T16:42:59+07:00
6742,52816,17570,29,2026-11-08,7,25255,
6743,52821,17571,590,2026-08-02,11,10366,2026-06-26T08:45:31+07:00
6744,52822,17571,526,2026-09-05,4,12796,2026-07-28T10:11:32+07:00
6745,52825,17571,558,2026-09-23,4,8648,2026-08-16T21:22:04+07:00
6746,52826,17572,218,2026-06-19,5,9222,2026-05-16T15:04:25+07:00
6747,52835,17575,160,2026-12-18,4,17158,2026-12-01T07:45:08+07:00
6748,52844,17579,464,2027-01-26,4,8929,2026-12-28T13:52:03+07:00
6749,52848,17580,413,2026-06-11,12,23867,2026-05-23T21:39:47+07:00
6750,52870,17587,576,2026-04-17,2,3803,2026-03-26T23:25:40+07:00
6751,52881,17591,46,2026-06-30,2,15276,2026-06-26T02:00:40+07:00
6752,52888,17592,40,2026-08-28,3,24981,
6753,52894,17594,445,2026-09-26,10,38345,2026-09-03T11:04:01+07:00
6754,52896,17595,746,2026-09-11,3,5364,2026-08-22T08:01:06+07:00
6755,52898,17596,582,2026-04-25,5,10562,2026-03-24T21:19:51+07:00
6756,52904,17598,387,2026-12-05,4,14620,2026-11-08T17:46:51+07:00
6757,52907,17599,419,2026-11-27,5,23761,2026-10-25T09:40:40+07:00
6758,52914,17600,159,2026-12-14,2,8055,2026-12-13T01:20:41+07:00
6759,52925,17602,706,2026-12-18,2,8235,2026-12-03T13:08:08+07:00
6760,52934,17605,465,2026-08-10,3,8462,2026-07-01T00:26:57+07:00
6761,52944,17610,187,2026-07-14,3,6250,2026-06-13T11:24:22+07:00
6762,52951,17612,663,2026-06-27,4,6852,2026-06-06T02:24:19+07:00
6763,52954,17614,79,2026-10-23,3,17021,2026-10-22T17:25:13+07:00
6764,52957,17615,42,2026-06-26,5,19119,2026-06-07T22:09:24+07:00
6765,52962,17616,523,2026-11-11,6,14010,2026-11-05T20:46:20+07:00
6766,52973,17618,345,2026-08-30,4,38780,2026-08-11T12:38:18+07:00
6767,52985,17623,127,2026-12-12,7,18453,2026-11-12T02:00:01+07:00
6768,52984,17623,183,2027-01-02,5,13033,2026-12-04T19:18:55+07:00
6769,52994,17625,168,2026-10-04,3,10320,2026-10-03T15:05:37+07:00
6770,52995,17625,543,2026-10-11,1,5905,2026-10-11T18:33:45+07:00
6771,53007,17629,270,2026-07-26,5,5849,2026-07-17T17:54:02+07:00
6772,53013,17631,551,2026-10-20,9,30318,2026-09-13T15:05:15+07:00
6773,53026,17635,215,2026-09-29,3,20901,2026-09-19T15:44:14+07:00
6774,53029,17636,475,2026-08-07,12,25916,2026-07-30T15:20:30+07:00
6775,53028,17636,82,2026-08-30,7,12207,2026-08-13T09:34:30+07:00
6776,53031,17637,365,2027-01-30,5,19438,
6777,53036,17638,569,2027-01-08,2,4809,2026-11-24T23:11:26+07:00
6778,53042,17640,378,2026-11-27,12,26668,2026-10-15T11:09:41+07:00
6779,53046,17641,97,2027-01-17,4,8788,
6780,53070,17651,501,2026-09-04,4,26920,2026-08-14T14:14:18+07:00
6781,53094,17660,403,2026-12-25,2,18264,2026-11-05T20:56:32+07:00
6782,53110,17665,145,2026-09-09,3,4157,2026-08-11T17:35:41+07:00
6783,53129,17671,571,2026-08-01,12,19501,2026-07-03T10:20:28+07:00
6784,53145,17675,364,2026-10-26,5,6973,2026-09-18T05:23:55+07:00
6785,53148,17676,244,2027-01-19,3,11902,2026-12-23T13:50:54+07:00
6786,53158,17679,433,2026-12-07,3,25577,2026-12-04T14:51:41+07:00
6787,53155,17679,325,2026-12-15,1,4539,2026-12-13T12:18:14+07:00
6788,53159,17680,268,2026-09-10,8,15822,2026-08-20T16:30:57+07:00
6789,53175,17684,345,2026-10-16,3,33507,2026-09-11T17:20:17+07:00
6790,53182,17686,514,2027-01-20,7,18955,2026-12-13T20:32:00+07:00
6791,53189,17689,145,2027-01-04,2,2477,2026-12-17T09:58:23+07:00
6792,53191,17690,439,2026-11-06,4,43818,2026-09-13T18:48:26+07:00
6793,53200,17695,18,2026-12-08,3,3637,2026-11-06T22:44:14+07:00
6794,53206,17696,94,2026-03-03,8,15941,2026-01-20T16:40:59+07:00
6795,53214,17698,105,2026-06-19,1,3812,2026-06-15T11:44:00+07:00
6796,53225,17700,353,2026-06-12,3,30299,2026-05-27T23:57:47+07:00
6797,53234,17704,230,2026-11-25,8,10545,2026-10-28T12:19:38+07:00
6798,53251,17710,211,2026-04-30,2,11642,2026-04-27T02:08:51+07:00
6799,53256,17711,201,2026-08-29,4,37009,2026-07-09T16:28:58+07:00
6800,53271,17716,546,2026-04-15,10,29330,2026-03-21T00:46:41+07:00
6801,53272,17716,322,2026-05-07,7,18056,2026-03-26T17:17:39+07:00
6802,53285,17720,95,2026-08-21,4,11465,2026-08-07T01:59:10+07:00
6803,53291,17724,183,2026-09-14,6,14248,
6804,53308,17731,710,2026-10-07,9,20220,
6805,53317,17735,373,2026-11-21,7,17806,2026-11-16T07:15:42+07:00
6806,53349,17745,400,2026-06-11,5,16929,2026-04-26T16:01:02+07:00
6807,53351,17746,517,2026-11-04,5,13641,2026-10-03T20:06:45+07:00
6808,53354,17746,553,2026-10-26,6,8586,2026-10-15T10:50:21+07:00
6809,53362,17748,65,2026-10-13,2,12619,
6810,53366,17749,39,2026-05-22,5,9386,2026-04-16T09:39:18+07:00
6811,53365,17749,171,2026-06-14,9,13213,2026-05-24T23:52:57+07:00
6812,53370,17751,311,2026-11-14,5,17351,2026-11-04T19:15:32+07:00
6813,53373,17752,378,2026-04-10,4,9011,2026-02-14T15:19:09+07:00
6814,53375,17752,115,2026-04-10,4,12565,2026-03-03T19:28:56+07:00
6815,53377,17754,163,2026-10-22,4,6933,2026-09-17T20:18:08+07:00
6816,53393,17760,467,2027-01-01,4,29788,2026-11-11T13:39:04+07:00
6817,53419,17769,571,2027-01-08,3,5695,2026-11-26T01:31:39+07:00
6818,53433,17772,446,2026-07-14,1,7766,2026-07-11T15:00:48+07:00
6819,53438,17777,262,2026-11-09,1,5037,2026-11-07T01:46:30+07:00
6820,53442,17778,7,2026-12-23,1,7115,
6821,53467,17788,33,2026-10-31,3,8106,2026-10-15T13:29:32+07:00
6822,53471,17788,268,2026-12-04,4,9631,2026-11-12T12:39:07+07:00
6823,53473,17790,98,2026-12-10,10,13970,2026-11-24T13:41:29+07:00
6824,53477,17791,527,2026-11-30,2,53042,2026-11-30T23:33:28+07:00
6825,53483,17794,539,2026-06-06,6,22010,2026-04-23T21:11:55+07:00
6826,53484,17795,408,2026-05-10,1,8691,2026-05-10T01:43:37+07:00
6827,53487,17796,576,2026-12-11,6,11148,2026-10-30T23:27:23+07:00
6828,53488,17796,513,2026-11-13,9,12938,2026-11-04T21:41:48+07:00
6829,53490,17797,701,2026-10-14,3,7860,2026-09-27T18:33:00+07:00
6830,53492,17798,481,2026-10-30,4,8357,2026-09-11T10:43:07+07:00
6831,53494,17799,408,2026-11-27,1,8295,2026-11-24T10:03:38+07:00
6832,53500,17801,134,2026-03-06,4,8472,2026-02-26T12:53:43+07:00
6833,53505,17802,84,2026-12-04,2,5347,2026-10-25T23:25:46+07:00
6834,53518,17807,330,2026-12-23,12,18859,2026-11-23T09:48:41+07:00
6835,53520,17808,506,2026-09-01,4,31136,2026-08-23T15:23:56+07:00
6836,53521,17808,383,2026-10-23,3,23129,2026-09-03T19:43:13+07:00
6837,53530,17811,93,2026-08-17,5,15838,2026-07-05T02:23:15+07:00
6838,53536,17813,34,2026-11-20,2,7208,2026-10-19T12:28:54+07:00
6839,53535,17813,220,2026-11-23,5,21977,2026-10-30T10:50:18+07:00
6840,53540,17814,129,2026-12-02,4,5484,2026-11-22T17:11:27+07:00
6841,53554,17819,486,2026-08-15,12,33325,2026-07-30T21:06:50+07:00
6842,53557,17820,146,2026-11-10,3,4506,2026-11-04T09:23:43+07:00
6843,53561,17821,168,2026-03-29,2,6460,2026-03-26T21:27:24+07:00
6844,53585,17833,348,2026-11-05,5,16856,2026-10-29T14:43:26+07:00
6845,53588,17834,335,2026-08-15,7,8177,2026-07-25T14:43:26+07:00
6846,53598,17837,413,2026-11-17,10,17612,2026-10-30T20:27:15+07:00
6847,53614,17843,718,2026-09-03,12,8471,2026-08-03T09:10:07+07:00
6848,53619,17845,96,2026-05-23,1,7500,2026-05-23T20:12:03+07:00
6849,53637,17850,623,2026-11-12,1,11744,2026-11-12T12:05:48+07:00
6850,53641,17853,773,2026-08-26,1,4947,2026-08-26T00:57:48+07:00
6851,53657,17859,81,2026-09-23,1,5914,2026-09-20T03:14:49+07:00
6852,53658,17860,82,2026-08-12,5,8489,2026-07-02T20:10:06+07:00
6853,53685,17871,769,2027-01-11,4,3080,2026-12-30T02:21:46+07:00
6854,53688,17872,87,2026-07-14,2,12230,2026-07-14T16:09:28+07:00
6855,53690,17873,66,2026-11-21,1,7771,2026-11-20T08:26:11+07:00
6856,53698,17875,444,2026-10-04,8,27291,2026-09-13T18:25:53+07:00
6857,53701,17876,198,2026-11-17,2,49255,2026-11-13T12:12:58+07:00
6858,53707,17877,620,2026-09-10,4,3182,2026-08-25T09:49:57+07:00
6859,53708,17878,184,2026-08-28,3,5824,
6860,53710,17878,147,2026-10-02,2,5077,2026-09-09T18:36:38+07:00
6861,53715,17881,282,2026-11-06,3,6491,2026-09-06T19:39:36+07:00
6862,53718,17881,225,2026-10-17,2,7637,2026-10-05T05:53:30+07:00
6863,53720,17882,501,2026-11-21,2,14661,2026-11-17T07:28:42+07:00
6864,53728,17885,51,2027-01-04,5,11586,2026-11-27T09:47:14+07:00
6865,53741,17889,56,2026-12-25,2,12097,2026-10-28T00:59:49+07:00
6866,53752,17892,292,2026-11-17,12,13924,2026-10-25T21:41:54+07:00
6867,53756,17893,759,2026-06-04,10,11792,
6868,53760,17895,771,2026-11-20,4,6880,2026-10-06T19:44:40+07:00
6869,53765,17897,222,2026-09-11,2,6748,2026-08-11T20:54:21+07:00
6870,53762,17897,387,2026-10-08,2,7529,2026-09-05T14:36:04+07:00
6871,53779,17904,379,2026-11-03,6,13095,2026-10-08T21:02:56+07:00
6872,53785,17906,766,2026-11-22,9,6818,2026-11-11T13:16:51+07:00
6873,53786,17907,210,2026-11-27,2,7364,2026-10-24T11:38:57+07:00
6874,53789,17908,151,2026-08-03,2,9846,2026-08-01T18:51:22+07:00
6875,53801,17911,697,2027-01-22,5,15895,2026-11-27T19:11:17+07:00
6876,53807,17912,440,2027-01-01,4,24616,2026-11-16T19:17:37+07:00
6877,53808,17912,112,2027-01-22,3,6707,2026-12-30T18:14:22+07:00
6878,53814,17913,323,2026-10-30,3,9850,2026-09-20T21:34:48+07:00
6879,53821,17914,169,2026-12-28,10,17940,2026-12-03T15:59:29+07:00
6880,53825,17916,438,2026-11-16,9,23669,2026-10-12T00:33:53+07:00
6881,53855,17927,719,2026-11-04,2,10961,2026-10-05T13:32:17+07:00
6882,53866,17932,340,2026-06-01,1,20692,2026-05-28T20:49:20+07:00
6883,53892,17941,618,2026-06-25,6,10498,2026-06-17T18:37:17+07:00
6884,53893,17942,79,2027-01-08,3,16629,2026-11-14T09:43:55+07:00
6885,53894,17943,27,2026-07-21,10,16722,2026-07-04T23:24:01+07:00
6886,53910,17947,516,2026-07-05,7,19560,2026-06-19T16:22:42+07:00
6887,53913,17948,765,2026-08-23,1,11737,2026-08-19T16:10:20+07:00
6888,53925,17952,210,2026-10-03,2,8089,2026-08-06T12:40:45+07:00
6889,53938,17955,606,2026-06-17,3,14476,2026-04-24T11:12:48+07:00
6890,53936,17955,323,2026-06-12,3,9812,2026-04-26T16:43:35+07:00
6891,53941,17956,77,2026-11-16,3,8936,2026-11-01T20:26:32+07:00
6892,53949,17958,348,2026-11-22,5,19025,2026-11-10T08:18:06+07:00
6893,53947,17958,281,2026-12-13,3,3772,2026-11-13T09:13:13+07:00
6894,53956,17961,108,2026-08-30,8,30861,2026-08-05T19:24:44+07:00
6895,53957,17963,373,2027-01-05,8,24108,2026-12-26T21:20:05+07:00
6896,53964,17965,98,2026-07-01,9,11112,2026-06-05T21:21:40+07:00
6897,53974,17968,71,2026-12-24,8,19709,2026-11-10T18:33:43+07:00
6898,53981,17970,442,2026-10-15,10,32704,2026-09-27T15:31:15+07:00
6899,53996,17978,181,2026-08-15,1,18935,2026-08-15T17:04:53+07:00
6900,54002,17979,283,2027-01-15,2,7017,2026-11-27T02:15:07+07:00
6901,54004,17980,667,2026-07-24,2,5285,2026-06-14T18:50:30+07:00
6902,54013,17981,379,2026-09-10,5,11876,2026-08-07T20:19:40+07:00
6903,54025,17986,115,2026-07-11,3,8671,
6904,54030,17986,362,2026-09-18,7,9830,2026-08-25T22:51:59+07:00
6905,54028,17986,255,2026-09-13,9,24281,2026-08-30T13:54:01+07:00
6906,54027,17986,204,2026-10-20,11,14048,2026-09-08T22:45:14+07:00
6907,54034,17987,709,2027-01-26,12,23780,2026-12-17T01:37:03+07:00
6908,54049,17993,365,2026-12-02,1,4325,2026-11-30T22:22:10+07:00
6909,54051,17994,354,2026-07-10,4,23216,2026-05-30T09:42:29+07:00
6910,54060,17998,537,2026-09-25,5,16896,2026-08-15T11:17:41+07:00
6911,54062,17998,88,2026-10-01,4,14239,2026-09-17T06:39:46+07:00
6912,54078,18003,127,2026-12-19,5,12431,2026-12-01T22:11:28+07:00
6913,54082,18005,244,2026-10-16,4,15278,2026-10-13T00:09:41+07:00
6914,54088,18008,551,2026-10-19,7,20928,2026-10-03T17:02:32+07:00
6915,54093,18010,169,2026-05-05,10,19501,2026-04-16T01:45:17+07:00
6916,54100,18013,3,2026-11-17,1,11605,2026-11-16T08:20:03+07:00
6917,54123,18018,13,2026-12-10,2,13438,2026-12-07T18:13:37+07:00
6918,54132,18021,118,2026-11-03,3,18419,2026-10-20T04:40:30+07:00
6919,54137,18023,686,2026-12-12,4,9150,2026-10-15T17:44:09+07:00
6920,54149,18025,103,2027-01-22,4,7750,2026-12-10T03:37:02+07:00
6921,54153,18026,475,2026-12-25,5,9776,2026-11-08T17:50:19+07:00
6922,54164,18028,35,2026-05-21,3,8215,2026-05-01T13:29:06+07:00
6923,54162,18028,480,2026-05-18,11,14248,2026-05-08T15:12:31+07:00
6924,54170,18030,94,2026-10-02,12,27606,2026-09-11T08:17:01+07:00
6925,54179,18032,291,2026-07-31,4,27212,2026-05-31T16:38:45+07:00
6926,54189,18034,307,2026-05-09,9,23680,2026-04-19T15:01:30+07:00
6927,54194,18036,171,2026-11-25,3,3914,2026-10-13T21:59:08+07:00
6928,54203,18039,145,2027-01-02,2,2701,2026-12-02T00:19:27+07:00
6929,54206,18041,650,2027-01-18,4,4527,2026-12-27T21:10:36+07:00
6930,54214,18043,255,2026-08-20,9,25268,2026-08-06T10:24:10+07:00
6931,54217,18044,522,2026-08-28,4,6782,2026-07-30T07:35:53+07:00
6932,54219,18045,634,2026-09-28,11,19262,2026-09-13T19:52:02+07:00
6933,54236,18049,64,2026-12-17,3,26598,2026-12-15T16:10:28+07:00
6934,54248,18053,337,2026-10-04,12,15922,2026-09-14T00:21:38+07:00
6935,54259,18056,794,2026-02-27,8,8681,2026-01-28T18:48:57+07:00
6936,54263,18057,248,2026-11-20,3,6057,2026-10-31T20:22:35+07:00
6937,54265,18058,497,2026-11-02,6,14200,2026-10-19T13:49:10+07:00
6938,54287,18065,221,2026-10-09,3,7094,2026-09-27T20:02:29+07:00
6939,54302,18069,247,2026-09-11,3,27211,2026-08-20T14:35:09+07:00
6940,54307,18070,10,2026-12-02,2,3746,2026-11-11T11:47:52+07:00
6941,54318,18073,702,2026-12-01,3,6998,2026-11-19T09:32:57+07:00
6942,54315,18073,797,2026-12-16,4,3786,2026-11-26T19:09:08+07:00
6943,54324,18075,310,2026-08-27,11,10931,2026-07-28T19:01:27+07:00
6944,54323,18075,608,2026-09-08,12,7977,2026-08-30T10:37:01+07:00
6945,54331,18079,743,2026-11-09,2,22667,2026-11-06T10:40:20+07:00
6946,54338,18082,270,2026-08-19,8,8640,2026-08-16T12:52:32+07:00
6947,54343,18085,577,2026-12-09,2,35651,2026-12-09T14:19:39+07:00
6948,54361,18093,452,2026-11-25,1,18772,2026-11-22T14:15:14+07:00
6949,54364,18095,345,2026-05-09,2,21923,2026-05-05T01:07:51+07:00
6950,54363,18095,443,2026-06-26,2,15189,2026-06-23T21:37:04+07:00
6951,54366,18096,523,2027-01-01,4,8686,2026-12-08T13:46:31+07:00
6952,54370,18097,341,2026-04-13,10,18647,2026-03-21T20:00:32+07:00
6953,54373,18098,317,2026-10-16,3,11816,2026-09-02T21:38:08+07:00
6954,54393,18102,506,2026-10-18,2,15073,2026-10-16T02:01:36+07:00
6955,54389,18102,439,2026-11-23,2,21139,2026-11-23T12:52:57+07:00
6956,54396,18105,372,2026-09-30,5,14763,2026-09-01T18:17:56+07:00
6957,54409,18109,15,2026-11-27,3,7427,2026-10-07T09:16:36+07:00
6958,54414,18110,278,2026-07-10,2,5110,2026-06-24T14:08:58+07:00
6959,54416,18111,485,2026-11-16,9,7783,2026-10-18T19:24:50+07:00
6960,54417,18111,294,2026-12-10,12,10400,
6961,54421,18112,243,2026-10-19,5,9683,2026-10-11T16:07:17+07:00
6962,54420,18112,199,2026-11-03,9,27939,2026-10-27T12:11:58+07:00
6963,54455,18124,303,2026-12-14,6,14721,2026-11-08T23:14:55+07:00
6964,54468,18127,284,2026-07-15,12,25285,2026-06-04T15:56:47+07:00
6965,54469,18128,207,2026-09-29,6,6615,2026-09-25T16:07:51+07:00
6966,54473,18130,271,2026-03-18,3,3699,2026-02-11T20:55:41+07:00
6967,54503,18139,324,2026-08-16,7,21446,2026-07-25T20:15:44+07:00
6968,54504,18140,310,2026-08-03,6,6503,2026-07-04T00:30:54+07:00
6969,54519,18144,338,2026-10-30,3,17654,2026-10-15T16:21:58+07:00
6970,54518,18144,755,2026-12-04,4,27783,2026-11-15T14:07:37+07:00
6971,54527,18147,48,2026-06-12,11,24196,2026-06-05T12:40:19+07:00
6972,54531,18148,51,2027-01-09,6,13037,2026-12-07T17:51:06+07:00
6973,54536,18151,738,2026-05-11,11,24101,2026-03-31T18:03:18+07:00
6974,54543,18152,645,2026-07-18,2,6210,2026-07-15T18:45:58+07:00
6975,54570,18160,628,2026-11-03,5,5623,2026-10-17T09:49:12+07:00
6976,54571,18161,450,2026-10-15,4,23298,2026-09-25T19:49:59+07:00
6977,54574,18162,258,2026-05-14,9,16107,2026-04-22T12:44:28+07:00
6978,54582,18166,710,2026-10-29,11,27165,2026-10-21T15:06:22+07:00
6979,54596,18170,394,2026-10-19,1,13034,2026-10-19T07:37:53+07:00
6980,54597,18171,468,2026-07-12,3,60682,2026-07-08T22:14:34+07:00
6981,54614,18176,433,2026-12-21,1,8572,2026-12-21T00:00:52+07:00
6982,54638,18184,1,2026-08-14,2,10789,2026-08-12T14:59:17+07:00
6983,54641,18185,622,2026-09-03,3,6457,2026-08-29T00:10:21+07:00
6984,54665,18193,753,2026-06-20,3,8586,2026-04-25T21:26:51+07:00
6985,54679,18197,5,2026-10-26,11,12997,2026-10-12T00:55:01+07:00
6986,54689,18201,425,2026-02-20,4,50398,2026-01-26T03:10:30+07:00
6987,54687,18201,508,2026-02-20,3,9135,2026-02-07T04:00:37+07:00
6988,54693,18202,709,2026-12-26,3,6016,2026-11-13T01:44:11+07:00
6989,54702,18204,535,2026-03-06,6,4444,2026-02-15T22:32:22+07:00
6990,54706,18206,281,2026-04-17,8,12017,2026-03-30T23:50:12+07:00
6991,54708,18207,481,2026-09-14,3,6110,2026-08-01T00:38:08+07:00
6992,54727,18214,157,2027-01-07,7,7937,2026-12-26T05:53:19+07:00
6993,54740,18219,145,2026-12-04,3,3435,2026-10-20T10:04:10+07:00
6994,54742,18220,160,2026-10-30,4,19868,2026-10-05T20:18:28+07:00
6995,54749,18222,248,2026-11-25,11,23102,2026-10-14T16:45:48+07:00
6996,54752,18223,681,2026-11-24,11,12798,2026-11-13T23:10:27+07:00
6997,54754,18224,159,2026-12-01,3,10037,2026-10-14T16:16:09+07:00
6998,54760,18227,798,2026-11-06,2,4251,2026-09-28T21:28:31+07:00
6999,54765,18228,384,2026-11-13,3,6519,2026-10-12T17:50:10+07:00
7000,54769,18229,600,2026-07-24,2,10992,2026-07-09T13:13:04+07:00
7001,54773,18230,148,2026-10-02,2,2509,2026-08-09T09:27:17+07:00
7002,54776,18232,123,2026-06-11,7,11310,2026-06-07T17:07:37+07:00
7003,54779,18233,256,2026-12-11,3,18001,2026-11-19T09:55:09+07:00
7004,54803,18243,764,2026-05-28,9,9093,2026-04-18T01:08:30+07:00
7005,54810,18244,399,2026-03-14,11,66669,2026-02-28T23:46:33+07:00
7006,54811,18245,595,2026-10-15,6,3550,2026-10-05T10:44:02+07:00
7007,54817,18246,629,2026-09-18,1,5028,2026-09-17T11:11:02+07:00
7008,54831,18253,771,2026-05-22,2,3186,2026-05-04T09:19:15+07:00
7009,54833,18254,513,2026-11-14,11,15586,2026-11-06T12:26:50+07:00
7010,54838,18256,401,2026-12-14,3,7799,2026-11-02T23:40:12+07:00
7011,54844,18257,536,2026-06-12,3,8040,2026-04-12T16:13:21+07:00
7012,54868,18266,509,2026-11-06,3,8334,2026-10-14T12:04:32+07:00
7013,54869,18267,487,2027-02-12,3,8252,2026-12-30T14:02:40+07:00
7014,54879,18269,457,2026-07-01,1,20159,2026-06-29T15:10:23+07:00
7015,54878,18269,785,2026-07-26,2,33455,2026-07-25T10:52:42+07:00
7016,54881,18270,272,2027-01-13,2,7013,2026-11-27T19:58:54+07:00
7017,54887,18271,301,2026-08-01,4,19446,2026-06-25T11:39:54+07:00
7018,54897,18277,555,2026-05-15,4,5668,2026-04-08T01:41:21+07:00
7019,54917,18283,712,2027-01-17,5,20255,2026-12-27T14:00:15+07:00
7020,54924,18285,29,2026-09-11,4,15959,2026-07-11T09:29:17+07:00
7021,54951,18293,586,2026-05-23,1,6718,2026-05-19T22:36:54+07:00
7022,54955,18294,278,2026-10-09,4,11772,2026-08-14T22:47:08+07:00
7023,54954,18294,165,2026-08-28,4,13265,2026-08-16T19:50:06+07:00
7024,54957,18295,685,2026-09-14,2,11846,2026-09-10T22:13:49+07:00
7025,54984,18303,68,2026-06-26,4,14309,2026-06-08T01:08:57+07:00
7026,55000,18310,495,2026-09-27,2,15467,2026-08-06T08:53:48+07:00
7027,55012,18314,265,2026-10-05,2,18515,2026-10-01T21:50:01+07:00
7028,55018,18316,516,2026-11-28,5,15040,2026-10-26T12:17:38+07:00
7029,55024,18318,1,2026-12-04,4,23700,2026-11-12T20:24:46+07:00
7030,55029,18320,444,2027-01-01,4,12082,2026-11-13T03:26:34+07:00
7031,55031,18321,61,2026-10-09,3,12825,2026-09-14T09:49:40+07:00
7032,55048,18323,534,2027-01-08,4,19100,2026-11-29T11:49:54+07:00
7033,55043,18323,565,2027-01-29,5,28624,2026-12-04T13:27:18+07:00
7034,55068,18331,378,2026-11-05,10,23414,
7035,55089,18336,458,2026-12-19,3,3930,2026-11-06T08:01:52+07:00
7036,55093,18337,666,2026-08-14,4,11918,2026-07-28T13:08:33+07:00
7037,55118,18345,112,2026-12-11,4,8696,2026-11-11T19:27:31+07:00
7038,55131,18349,95,2026-09-17,5,15135,2026-09-07T19:56:54+07:00
7039,55132,18349,283,2026-10-07,6,20845,2026-09-19T10:31:27+07:00
7040,55156,18358,190,2026-12-04,3,3502,2026-10-09T12:24:17+07:00
7041,55173,18363,160,2026-10-18,3,12626,2026-10-15T13:07:47+07:00
7042,55174,18364,195,2026-08-07,4,10313,2026-07-21T08:27:52+07:00
7043,55178,18365,218,2026-11-11,10,22717,2026-10-08T10:15:50+07:00
7044,55190,18371,67,2026-07-24,2,17233,2026-07-12T21:33:37+07:00
7045,55202,18377,302,2026-08-14,9,8072,2026-07-11T03:38:47+07:00
7046,55206,18378,175,2026-09-04,3,3411,2026-07-11T22:34:41+07:00
7047,55212,18381,443,2026-08-31,4,36194,2026-08-15T12:04:14+07:00
7048,55217,18383,245,2026-05-15,2,12313,2026-04-02T10:44:11+07:00
7049,55219,18384,628,2026-12-27,5,5282,2026-12-15T18:48:39+07:00
7050,55225,18386,350,2026-06-29,9,12094,2026-05-29T12:59:33+07:00
7051,55237,18389,282,2026-06-05,2,4027,2026-04-30T21:36:26+07:00
7052,55245,18390,330,2026-05-23,6,10516,2026-05-01T14:13:31+07:00
7053,55259,18393,672,2026-12-18,5,28651,2026-10-25T18:28:26+07:00
7054,55254,18393,220,2026-12-25,2,9086,2026-12-02T02:09:40+07:00
7055,55278,18398,569,2026-12-28,10,27909,2026-12-02T00:44:30+07:00
7056,55272,18398,762,2027-02-08,7,14014,2026-12-29T15:10:23+07:00
7057,55275,18398,530,2027-01-27,9,23035,2026-12-31T11:23:01+07:00
7058,55283,18400,440,2026-12-26,1,6172,2026-12-25T13:36:29+07:00
7059,55298,18405,209,2026-06-16,11,15452,2026-05-10T16:48:57+07:00
7060,55327,18416,565,2026-04-18,1,6647,2026-04-14T23:40:20+07:00
7061,55339,18420,407,2027-01-29,4,24357,2026-12-07T13:49:59+07:00
7062,55356,18426,536,2026-10-23,7,23141,2026-09-16T19:49:07+07:00
7063,55359,18427,663,2026-08-21,3,5686,2026-07-01T13:41:12+07:00
7064,55367,18428,50,2026-11-29,12,13757,2026-10-25T16:58:53+07:00
7065,55363,18428,273,2027-01-14,10,9781,2026-12-03T19:01:47+07:00
7066,55370,18429,94,2026-10-14,4,7885,2026-09-04T20:41:28+07:00
7067,55372,18430,626,2026-11-07,4,5538,2026-10-27T09:08:50+07:00
7068,55377,18431,482,2026-11-13,4,9694,2026-09-15T18:31:19+07:00
7069,55390,18434,672,2026-11-20,4,23088,2026-11-11T00:09:31+07:00
7070,55405,18440,648,2026-08-07,5,6754,2026-07-23T12:05:33+07:00
7071,55415,18443,350,2026-12-18,3,3785,2026-12-14T23:14:05+07:00
7072,55419,18444,357,2026-07-31,2,13543,2026-07-21T18:56:31+07:00
7073,55438,18452,85,2026-11-24,3,2553,2026-10-25T00:50:45+07:00
7074,55455,18456,244,2026-08-18,7,27047,2026-08-06T18:43:35+07:00
7075,55457,18456,98,2026-10-10,6,7287,2026-09-03T19:16:30+07:00
7076,55466,18458,246,2026-09-16,1,32284,2026-09-15T13:18:13+07:00
7077,55464,18458,453,2026-11-04,1,2745,2026-11-02T13:42:03+07:00
7078,55465,18458,567,2026-11-19,3,21979,2026-11-19T10:09:56+07:00
7079,55460,18458,506,2026-12-07,2,14211,2026-12-04T20:51:29+07:00
7080,55469,18459,1,2026-11-27,3,17385,2026-11-16T18:56:27+07:00
7081,55482,18463,743,2026-09-14,2,23610,2026-09-14T00:20:47+07:00
7082,55484,18465,764,2026-05-04,8,6931,2026-04-17T16:43:23+07:00
7083,55489,18466,107,2026-08-17,5,16450,2026-08-07T11:41:04+07:00
7084,55500,18473,514,2027-01-08,3,9312,2026-12-12T15:35:49+07:00
7085,55508,18475,172,2026-09-25,2,5585,2026-09-05T20:38:58+07:00
7086,55511,18476,666,2026-12-25,5,16731,2026-11-28T07:44:50+07:00
7087,55518,18478,612,2026-08-01,3,9152,2026-07-23T19:29:03+07:00
7088,55526,18479,216,2026-12-31,1,7599,2026-12-30T23:19:01+07:00
7089,55534,18482,366,2026-10-31,6,13657,2026-10-05T23:16:52+07:00
7090,55541,18483,175,2026-09-11,4,4322,2026-07-31T02:28:05+07:00
7091,55544,18485,128,2026-11-22,5,4917,2026-11-16T21:14:57+07:00
7092,55551,18486,159,2026-04-13,2,6949,2026-04-04T18:12:13+07:00
7093,55563,18490,560,2026-05-20,8,19690,2026-04-24T12:06:16+07:00
7094,55562,18490,656,2026-05-27,7,7871,2026-05-13T08:26:21+07:00
7095,55570,18493,201,2026-08-23,1,8927,2026-08-21T22:46:37+07:00
7096,55586,18499,615,2026-10-01,5,11129,2026-08-26T20:35:52+07:00
7097,55593,18502,706,2026-06-05,4,15737,
7098,55607,18508,135,2026-10-04,3,10874,2026-09-30T12:20:04+07:00
7099,55608,18508,159,2026-10-22,1,3573,2026-10-19T21:48:33+07:00
7100,55612,18510,46,2027-01-08,4,36082,2026-11-17T19:48:17+07:00
7101,55643,18521,323,2026-11-18,6,18902,2026-10-23T12:45:12+07:00
7102,55656,18527,354,2026-07-27,1,6356,2026-07-25T10:32:51+07:00
7103,55671,18530,676,2026-09-30,11,11112,2026-08-21T02:04:03+07:00
7104,55677,18531,593,2026-11-29,9,28348,2026-10-17T09:12:20+07:00
7105,55682,18532,82,2026-06-05,3,5078,2026-05-27T10:51:53+07:00
7106,55684,18533,246,2026-08-20,1,30919,2026-08-17T16:40:40+07:00
7107,55695,18538,371,2026-12-18,3,18571,2026-10-15T23:06:33+07:00
7108,55709,18542,792,2026-11-08,10,21281,2026-09-26T11:15:13+07:00
7109,55733,18550,525,2027-01-16,6,9194,2026-12-29T12:28:19+07:00
7110,55748,18557,244,2026-08-17,12,45614,2026-07-12T18:09:42+07:00
7111,55755,18559,755,2026-05-20,2,14807,2026-05-17T19:36:56+07:00
7112,55771,18563,221,2026-04-17,4,9983,2026-03-07T10:37:44+07:00
7113,55793,18568,131,2026-11-20,5,15771,
7114,55805,18572,697,2026-04-24,1,3658,2026-04-21T00:26:21+07:00
7115,55808,18573,653,2027-02-05,3,15827,2026-12-17T17:26:06+07:00
7116,55810,18574,187,2026-10-03,5,12822,2026-08-11T08:55:55+07:00
7117,55814,18575,350,2026-09-26,3,3319,2026-09-18T20:41:06+07:00
7118,55835,18583,693,2026-08-07,12,25276,2026-07-10T22:10:34+07:00
7119,55850,18588,370,2026-05-26,1,7965,2026-05-22T00:25:19+07:00
7120,55856,18589,491,2026-06-22,2,9739,2026-06-20T22:12:37+07:00
7121,55857,18590,652,2026-10-26,1,17395,2026-10-24T14:13:33+07:00
7122,55858,18591,646,2026-11-01,2,16213,2026-10-29T22:04:54+07:00
7123,55864,18592,558,2027-01-01,2,4388,2026-12-11T12:49:28+07:00
7124,55867,18593,31,2026-12-06,1,6593,2026-12-05T21:17:32+07:00
7125,55871,18595,419,2026-09-05,3,14229,2026-07-23T15:05:35+07:00
7126,55878,18597,602,2026-10-21,1,5958,2026-10-19T01:07:03+07:00
7127,55897,18603,322,2026-09-18,2,5579,2026-08-08T04:40:42+07:00
7128,55905,18607,578,2026-05-18,3,24190,2026-04-28T14:25:49+07:00
7129,55910,18608,151,2026-09-18,4,17450,2026-08-29T15:51:48+07:00
7130,55930,18615,452,2026-11-02,1,16472,
7131,55939,18617,641,2026-09-22,1,2545,2026-09-18T18:04:31+07:00
7132,55937,18617,194,2026-10-16,2,20571,2026-10-15T22:45:08+07:00
7133,55954,18623,241,2026-08-07,3,27962,2026-06-13T17:48:43+07:00
7134,55962,18625,698,2026-04-24,4,20680,2026-03-03T21:14:54+07:00
7135,55966,18626,18,2026-10-23,12,15924,2026-10-01T00:55:02+07:00
7136,55969,18627,438,2027-01-25,10,28483,2026-12-24T14:30:46+07:00
7137,55976,18629,619,2026-12-05,5,5599,2026-11-04T21:28:26+07:00
7138,55980,18630,730,2027-01-17,9,19023,2026-12-11T23:59:22+07:00
7139,55986,18632,426,2026-12-18,4,45604,2026-12-07T11:38:16+07:00
7140,55991,18633,696,2026-12-30,4,7069,2026-12-16T23:21:08+07:00
7141,56003,18637,72,2026-12-25,3,8622,2026-12-07T23:59:47+07:00
7142,56007,18638,560,2026-12-25,2,5254,2026-12-10T07:15:02+07:00
7143,56011,18639,68,2026-08-10,3,11029,2026-06-27T18:14:55+07:00
7144,56016,18641,601,2026-10-16,4,10469,2026-08-30T18:58:11+07:00
7145,56019,18643,260,2026-10-22,3,19874,2026-10-12T07:19:29+07:00
7146,56023,18645,56,2026-05-29,3,17654,2026-05-12T16:02:52+07:00
7147,56025,18645,322,2026-08-07,4,10463,2026-07-18T10:24:51+07:00
7148,56027,18646,58,2026-11-20,1,6745,2026-11-18T11:10:12+07:00
7149,56043,18650,726,2026-11-13,11,15722,2026-10-16T07:24:55+07:00
7150,56061,18658,251,2026-11-20,3,30547,2026-11-18T13:14:59+07:00
7151,56064,18659,518,2026-11-13,2,6972,2026-09-28T18:24:31+07:00
7152,56065,18660,338,2026-06-12,3,16993,
7153,56076,18664,353,2026-11-06,4,42119,2026-09-30T17:27:48+07:00
7154,56084,18666,339,2026-11-16,11,13934,2026-11-12T20:18:50+07:00
7155,56083,18666,62,2026-12-03,9,29438,2026-11-28T22:09:58+07:00
7156,56102,18674,360,2027-01-06,4,39649,2026-11-24T21:45:04+07:00
7157,56105,18675,471,2026-09-12,3,4994,2026-08-31T02:41:45+07:00
7158,56113,18677,157,2026-12-14,6,6565,2026-12-08T23:45:52+07:00
7159,56134,18683,509,2026-07-24,3,8724,
7160,56149,18686,119,2026-09-25,3,10267,2026-08-27T16:50:28+07:00
7161,56154,18688,594,2026-06-19,5,21673,2026-04-25T13:33:27+07:00
7162,56162,18689,209,2026-05-31,3,4101,
7163,56165,18690,260,2027-01-29,3,20435,2026-12-01T22:55:51+07:00
7164,56169,18691,404,2026-05-15,8,14636,2026-04-14T21:08:58+07:00
7165,56172,18692,279,2026-11-28,1,14491,2026-11-26T02:05:29+07:00
7166,56171,18692,430,2026-12-25,3,27816,2026-12-22T21:10:29+07:00
7167,56178,18695,262,2026-07-05,1,5966,2026-07-04T17:14:18+07:00
7168,56182,18696,31,2026-12-18,3,23282,2026-10-20T15:26:36+07:00
7169,56185,18697,410,2026-08-04,1,24102,2026-08-01T01:24:45+07:00
7170,56190,18698,84,2026-11-29,3,8950,2026-10-12T12:17:04+07:00
7171,56199,18702,504,2026-08-20,4,9533,2026-07-18T16:19:29+07:00
7172,56200,18702,751,2026-10-01,3,5996,2026-09-11T02:04:02+07:00
7173,56201,18703,626,2027-02-15,4,5430,2026-12-27T08:44:38+07:00
7174,56210,18707,434,2026-09-18,5,39840,2026-08-10T14:06:14+07:00
7175,56226,18712,195,2026-12-14,5,11374,2026-12-01T17:26:58+07:00
7176,56230,18713,448,2026-06-08,2,17536,2026-06-07T08:06:49+07:00
7177,56234,18713,421,2026-06-11,1,8377,2026-06-08T00:18:49+07:00
7178,56246,18716,131,2026-07-12,4,14528,2026-07-06T17:41:23+07:00
7179,56250,18717,249,2026-09-18,8,30059,2026-08-21T20:20:05+07:00
7180,56265,18723,108,2027-01-13,7,27759,2026-12-06T17:46:17+07:00
7181,56273,18724,705,2026-05-19,3,6025,2026-04-26T20:33:06+07:00
7182,56277,18726,374,2027-01-04,11,25190,2026-12-23T13:51:02+07:00
7183,56280,18727,454,2026-04-10,4,8782,2026-03-28T13:47:40+07:00
7184,56288,18732,29,2026-05-07,11,36846,2026-03-28T12:48:17+07:00
7185,56295,18735,441,2026-05-30,1,36056,2026-05-26T10:41:32+07:00
7186,56299,18736,713,2027-02-04,4,16001,2026-12-20T16:39:44+07:00
7187,56308,18740,243,2026-06-02,4,9413,2026-04-27T08:19:55+07:00
7188,56318,18743,29,2026-10-02,2,7303,2026-08-05T11:03:15+07:00
7189,56322,18744,376,2026-12-18,7,9511,2026-11-11T16:07:35+07:00
7190,56325,18745,433,2026-12-26,2,20915,2026-11-11T08:39:00+07:00
7191,56327,18745,313,2026-12-04,2,5187,2026-11-18T23:41:36+07:00
7192,56341,18751,529,2026-09-04,3,11438,2026-08-18T15:47:07+07:00
7193,56350,18754,33,2026-07-03,2,6301,2026-06-15T12:09:30+07:00
7194,56353,18755,546,2027-01-05,3,9318,2026-11-28T21:26:08+07:00
7195,56375,18763,444,2026-12-10,4,14825,2026-11-10T02:18:19+07:00
7196,56386,18769,698,2026-11-20,1,5331,2026-11-16T11:56:20+07:00
7197,56391,18770,519,2026-11-22,7,5797,2026-10-18T12:34:52+07:00
7198,56395,18771,595,2027-01-21,10,5647,2026-12-25T14:05:15+07:00
7199,56411,18777,440,2026-12-04,2,10835,2026-10-25T03:17:11+07:00
7200,56413,18778,398,2026-04-10,3,11564,2026-03-19T16:08:09+07:00
7201,56427,18781,266,2026-12-12,3,7717,2026-11-11T19:51:00+07:00
7202,56443,18787,242,2026-12-30,2,13252,2026-12-26T14:33:49+07:00
7203,56460,18793,115,2026-10-17,6,17863,2026-09-07T01:23:55+07:00
7204,56472,18797,357,2026-06-26,3,21064,2026-05-29T11:44:30+07:00
7205,56479,18800,322,2027-01-01,2,4962,2026-12-12T10:26:34+07:00
7206,56496,18803,215,2026-10-21,1,8099,2026-10-19T13:46:44+07:00
7207,56511,18810,4,2026-11-16,1,4203,2026-11-13T08:44:42+07:00
7208,56512,18811,219,2026-11-16,2,47418,2026-11-16T11:53:42+07:00
7209,56527,18816,757,2026-11-28,11,16643,2026-10-26T22:12:09+07:00
7210,56535,18819,206,2026-03-15,5,15991,2026-03-04T21:34:39+07:00
7211,56541,18820,378,2026-11-29,11,24541,2026-10-17T19:34:22+07:00
7212,56544,18821,175,2026-07-25,4,4866,2026-07-05T10:04:40+07:00
7213,56551,18823,636,2026-12-05,11,7519,
7214,56560,18825,307,2026-11-10,2,5684,2026-10-17T09:08:33+07:00
7215,56597,18837,505,2026-08-25,8,17948,2026-07-30T14:50:59+07:00
7216,56610,18841,675,2026-08-14,2,9448,2026-07-10T23:25:05+07:00
7217,56609,18841,574,2026-10-30,2,7760,2026-09-13T02:16:57+07:00
7218,56618,18846,225,2027-01-08,3,10760,2026-12-03T00:28:27+07:00
7219,56642,18854,415,2026-12-11,10,25704,2026-11-09T15:09:33+07:00
7220,56648,18855,570,2027-01-15,3,7872,2026-12-27T00:29:57+07:00
7221,56655,18856,139,2026-12-04,4,20156,2026-10-10T19:59:32+07:00
7222,56652,18856,163,2027-01-08,4,7091,2026-12-15T07:14:46+07:00
7223,56666,18859,119,2026-10-05,9,33611,2026-09-24T14:07:40+07:00
7224,56674,18860,133,2027-01-08,2,17727,2026-12-27T23:41:16+07:00
7225,56712,18872,449,2027-01-22,9,21333,2026-12-11T18:38:54+07:00
7226,56755,18889,220,2027-01-08,2,7663,2026-11-19T01:16:53+07:00
7227,56756,18890,249,2026-08-30,7,28722,2026-08-20T16:42:38+07:00
7228,56761,18893,785,2026-10-11,1,17190,2026-10-09T01:09:45+07:00
7229,56768,18895,749,2026-07-27,2,6685,2026-07-23T11:33:14+07:00
7230,56767,18895,606,2026-09-05,2,9447,2026-09-03T23:57:51+07:00
7231,56771,18896,145,2026-07-23,5,5926,2026-05-29T01:39:17+07:00
7232,56782,18899,475,2026-10-19,12,23135,2026-09-24T20:28:15+07:00
7233,56795,18906,602,2027-01-22,2,13142,2026-12-24T23:31:13+07:00
7234,56802,18908,490,2026-08-28,1,6832,2026-08-27T02:14:41+07:00
7235,56820,18914,96,2026-05-22,4,31467,2026-04-03T15:49:18+07:00
7236,56822,18914,465,2026-05-01,2,6436,2026-04-17T17:49:14+07:00
7237,56830,18919,651,2026-07-06,4,7861,2026-06-29T00:09:28+07:00
7238,56837,18921,189,2026-07-17,3,17988,2026-06-10T19:25:38+07:00
7239,56838,18922,693,2026-11-18,3,7110,2026-10-07T14:09:31+07:00
7240,56849,18926,401,2026-04-22,3,7273,2026-04-18T16:02:17+07:00
7241,56853,18928,11,2026-05-23,8,16587,2026-05-10T16:20:49+07:00
7242,56857,18929,725,2026-11-21,6,5233,2026-10-20T19:41:29+07:00
7243,56871,18933,566,2026-07-26,2,16352,2026-07-26T21:41:28+07:00
7244,56879,18936,64,2026-06-05,2,17622,2026-05-08T02:05:31+07:00
7245,56893,18942,180,2026-12-11,1,5413,2026-12-08T01:38:14+07:00
7246,56902,18944,597,2026-04-28,2,10910,2026-04-26T11:52:00+07:00
7247,56910,18948,752,2026-06-26,4,4851,2026-05-16T12:39:30+07:00
7248,56912,18949,146,2026-12-21,10,14779,2026-11-24T22:09:11+07:00
7249,56916,18950,514,2027-01-23,6,17183,2026-12-29T16:43:44+07:00
7250,56929,18956,604,2026-07-24,3,11274,2026-06-14T18:24:03+07:00
7251,56933,18957,453,2026-09-07,1,3105,2026-09-04T22:47:00+07:00
7252,56941,18960,134,2026-12-18,3,5349,2026-11-06T17:44:54+07:00
7253,56945,18961,209,2026-09-21,6,7784,2026-08-28T19:17:18+07:00
7254,56948,18962,735,2026-09-09,11,8404,2026-09-04T01:18:33+07:00
7255,56954,18967,469,2026-09-01,8,7583,2026-08-17T10:40:58+07:00
7256,56957,18968,777,2026-09-25,3,8082,2026-08-30T00:40:12+07:00
7257,56962,18970,97,2026-05-15,4,9985,2026-04-11T00:26:25+07:00
7258,56961,18970,1,2026-05-01,2,11612,2026-04-20T19:45:23+07:00
7259,56966,18973,323,2026-07-03,3,10514,2026-05-16T20:24:35+07:00
7260,56992,18984,564,2026-10-05,2,7681,2026-10-02T10:20:19+07:00
7261,56994,18984,67,2026-11-28,1,7992,2026-11-24T19:47:32+07:00
7262,56996,18985,152,2026-12-25,1,16380,2026-12-23T14:55:36+07:00
7263,57007,18987,171,2026-12-27,6,9576,2026-11-29T14:39:45+07:00
7264,57003,18987,547,2026-12-31,4,14433,2026-12-18T12:14:13+07:00
7265,57012,18988,316,2026-10-14,4,11737,2026-09-09T14:48:35+07:00
7266,57029,18993,135,2026-08-21,1,4217,2026-08-17T00:16:07+07:00
7267,57034,18995,497,2026-08-27,12,24013,2026-07-30T12:15:43+07:00
7268,57048,19001,49,2026-08-31,2,12241,2026-08-30T13:18:50+07:00
7269,57055,19005,509,2026-11-15,2,6221,2026-11-03T18:15:07+07:00
7270,57057,19005,221,2027-02-19,5,11591,2026-12-23T12:13:20+07:00
7271,57084,19013,560,2026-04-28,7,16812,2026-03-18T12:01:36+07:00
7272,57087,19013,517,2026-05-19,5,13699,2026-04-16T08:41:31+07:00
7273,57091,19015,43,2026-11-03,3,18148,2026-09-20T00:50:38+07:00
7274,57097,19017,330,2027-01-01,4,5998,2026-12-17T11:56:30+07:00
7275,57104,19019,211,2026-08-29,2,11084,2026-07-23T01:47:16+07:00
7276,57112,19023,504,2026-12-17,12,25620,2026-11-26T18:01:27+07:00
7277,57117,19025,113,2026-10-27,11,34713,2026-09-13T07:29:21+07:00
7278,57120,19026,449,2026-12-01,10,23778,2026-11-14T23:08:45+07:00
7279,57139,19034,81,2026-08-28,1,5359,2026-08-24T21:40:04+07:00
7280,57144,19036,442,2026-05-24,10,32332,2026-05-11T16:59:07+07:00
7281,57151,19038,352,2026-12-09,11,39773,2026-11-22T20:01:45+07:00
7282,57156,19039,237,2027-01-08,3,8968,2026-12-04T09:18:55+07:00
7283,57162,19040,796,2026-09-25,4,3992,2026-09-13T10:31:58+07:00
7284,57178,19046,65,2026-10-22,2,12420,2026-10-19T23:20:57+07:00
7285,57183,19050,542,2026-11-23,3,14049,2026-11-22T12:05:00+07:00
7286,57189,19051,566,2026-10-24,1,8555,2026-10-20T14:04:36+07:00
7287,57190,19052,32,2026-01-30,2,23223,2026-01-30T16:18:13+07:00
7288,57210,19059,419,2027-01-01,4,20444,2026-12-02T23:34:18+07:00
7289,57218,19062,282,2026-11-01,6,13794,2026-09-22T13:24:37+07:00
7290,57225,19065,792,2026-12-29,4,7813,2026-11-23T12:40:05+07:00
7291,57226,19066,260,2026-06-26,3,23665,2026-04-28T19:02:50+07:00
7292,57229,19067,191,2026-08-10,2,51933,2026-08-07T12:08:13+07:00
7293,57234,19070,534,2026-11-13,1,4311,2026-11-10T20:57:41+07:00
7294,57240,19071,790,2026-07-12,4,12728,2026-06-01T12:43:38+07:00
7295,57246,19073,628,2026-10-15,10,9914,2026-09-17T11:45:40+07:00
7296,57257,19076,19,2026-12-07,3,14040,2026-11-15T13:08:24+07:00
7297,57268,19079,140,2026-10-16,5,7241,2026-09-29T12:34:18+07:00
7298,57278,19083,568,2026-10-25,10,10996,2026-09-17T22:32:11+07:00
7299,57279,19083,398,2026-10-25,9,35392,2026-10-19T19:51:04+07:00
7300,57283,19085,268,2026-07-31,3,7093,2026-07-03T00:29:16+07:00
7301,57287,19087,146,2026-09-04,3,4023,2026-08-10T12:16:40+07:00
7302,57300,19091,360,2026-03-04,1,8833,2026-03-03T12:03:21+07:00
7303,57311,19095,111,2026-10-10,9,19383,2026-09-19T01:43:53+07:00
7304,57318,19096,322,2026-06-05,3,8548,2026-05-15T08:44:46+07:00
7305,57336,19103,133,2026-02-22,1,8371,2026-02-22T21:12:20+07:00
7306,57343,19105,446,2026-06-27,1,8242,2026-06-26T19:11:29+07:00
7307,57345,19106,247,2026-03-20,3,24777,2026-03-01T12:22:28+07:00
7308,57349,19107,38,2026-12-10,12,41285,2026-11-23T13:37:45+07:00
7309,57353,19108,622,2026-09-24,4,9271,2026-09-13T23:45:31+07:00
7310,57357,19109,30,2027-01-08,3,25202,2026-12-08T18:50:35+07:00
7311,57377,19116,306,2026-11-27,5,17516,2026-11-04T19:50:47+07:00
7312,57378,19116,421,2026-12-25,5,44523,2026-11-24T12:02:20+07:00
7313,57382,19117,504,2026-10-08,6,11839,2026-09-28T20:50:24+07:00
7314,57385,19118,17,2026-10-16,5,18862,2026-09-13T11:19:03+07:00
7315,57386,19118,505,2026-11-28,3,6836,2026-11-06T17:59:29+07:00
7316,57389,19119,195,2027-01-01,2,4644,2026-11-19T01:00:23+07:00
7317,57395,19122,323,2026-01-24,5,15356,2026-01-17T17:24:42+07:00
7318,57403,19124,721,2026-12-21,12,23713,2026-12-03T14:02:59+07:00
7319,57409,19127,246,2026-10-23,1,27833,2026-10-23T10:32:03+07:00
7320,57419,19131,517,2026-11-30,8,22981,2026-11-12T11:01:10+07:00
7321,57442,19139,79,2026-09-04,3,16629,2026-07-11T00:02:11+07:00
7322,57451,19141,255,2026-11-03,10,27923,2026-10-06T14:13:18+07:00
7323,57460,19145,125,2026-12-04,9,12312,2026-11-19T16:41:21+07:00
7324,57470,19147,634,2026-12-11,3,5345,2026-10-22T11:13:35+07:00
7325,57468,19147,117,2026-12-04,4,29881,2026-10-29T12:59:39+07:00
7326,57472,19147,373,2026-12-25,2,5620,2026-12-10T20:19:59+07:00
7327,57492,19152,199,2026-10-18,4,11666,2026-08-21T13:30:54+07:00
7328,57495,19153,88,2026-10-23,2,7541,2026-10-11T14:11:11+07:00
7329,57513,19160,790,2026-07-14,2,6803,2026-07-13T21:25:05+07:00
7330,57517,19161,125,2026-11-09,9,13696,2026-11-03T22:41:36+07:00
7331,57525,19164,5,2026-04-27,7,8073,2026-04-20T18:39:04+07:00
7332,57536,19169,41,2026-07-17,4,14780,2026-06-08T11:56:03+07:00
7333,57539,19170,180,2026-04-02,2,10976,2026-04-01T01:36:13+07:00
7334,57542,19172,188,2026-08-15,10,9589,2026-07-29T11:01:23+07:00
7335,57544,19173,67,2026-03-30,4,29899,2026-02-05T09:52:50+07:00
7336,57550,19175,369,2026-10-04,4,9267,2026-09-08T23:34:42+07:00
7337,57553,19177,94,2026-10-16,4,9014,
7338,57560,19180,55,2026-11-06,3,14895,2026-10-24T09:32:03+07:00
7339,57565,19181,507,2026-05-29,5,8107,2026-03-30T14:15:50+07:00
7340,57571,19183,358,2026-07-31,5,26112,2026-07-08T01:11:55+07:00
7341,57573,19184,103,2026-06-04,10,19691,2026-05-15T22:01:14+07:00
7342,57580,19185,17,2026-10-05,1,4016,2026-10-02T00:49:35+07:00
7343,57578,19185,370,2026-11-02,2,16410,2026-11-01T11:50:47+07:00
7344,57582,19186,277,2026-09-20,12,38303,2026-09-11T17:35:58+07:00
7345,57593,19188,465,2026-09-18,2,6487,2026-08-22T09:37:03+07:00
7346,57603,19190,723,2026-09-17,10,7250,2026-08-29T20:09:55+07:00
7347,57612,19193,473,2026-11-17,6,7450,2026-11-14T12:16:51+07:00
7348,57617,19195,83,2026-07-24,5,38495,2026-06-16T17:59:43+07:00
7349,57623,19196,584,2026-11-20,2,3944,2026-09-23T15:03:54+07:00
7350,57621,19196,627,2026-12-11,3,9274,2026-11-04T08:43:50+07:00
7351,57633,19199,562,2026-09-25,4,6270,2026-09-10T15:08:41+07:00
7352,57641,19202,294,2026-11-13,9,9321,2026-10-21T20:48:15+07:00
7353,57653,19205,757,2026-12-14,6,8551,2026-11-25T16:22:08+07:00
7354,57654,19205,798,2026-12-30,5,9598,2026-12-10T09:51:01+07:00
7355,57667,19210,114,2026-08-18,2,9360,2026-08-18T00:05:08+07:00
7356,57673,19213,285,2026-06-07,1,7373,2026-06-06T02:15:29+07:00
7357,57683,19215,749,2026-12-06,1,3609,
7358,57702,19225,413,2026-10-24,8,14232,2026-09-22T23:05:15+07:00
7359,57709,19227,26,2026-09-19,7,15508,2026-08-26T00:26:22+07:00
7360,57710,19228,197,2026-07-08,3,17541,2026-06-26T17:17:40+07:00
7361,57726,19232,718,2026-12-11,9,6921,2026-11-16T21:07:58+07:00
7362,57732,19235,684,2027-01-02,7,10989,2026-12-05T21:25:39+07:00
7363,57735,19235,608,2026-12-30,7,5240,2026-12-19T00:13:50+07:00
7364,57758,19244,72,2026-12-18,10,24260,2026-11-05T18:03:08+07:00
7365,57762,19245,669,2026-12-25,3,7359,2026-12-06T14:40:51+07:00
7366,57777,19251,663,2026-09-18,3,5170,2026-08-10T21:12:45+07:00
7367,57779,19251,637,2026-09-04,2,10002,2026-08-27T22:38:43+07:00
7368,57780,19252,24,2026-08-30,2,28405,2026-08-28T16:05:52+07:00
7369,57784,19254,451,2026-04-02,6,6719,2026-03-19T23:21:54+07:00
7370,57788,19255,90,2026-12-18,4,9707,2026-10-20T09:42:26+07:00
7371,57786,19255,120,2026-12-25,2,9222,2026-12-05T18:48:06+07:00
7372,57790,19256,290,2026-10-02,4,5236,2026-09-24T00:12:59+07:00
7373,57803,19259,197,2026-08-22,3,18487,2026-06-28T20:17:58+07:00
7374,57812,19261,77,2026-04-15,9,29344,2026-03-20T09:05:53+07:00
7375,57823,19264,663,2027-01-08,3,5284,2026-12-30T17:02:27+07:00
7376,57827,19266,375,2026-07-24,7,12405,2026-07-16T00:17:42+07:00
7377,57833,19267,324,2027-01-29,5,15448,2026-12-15T10:49:23+07:00
7378,57835,19268,22,2026-11-26,5,13099,2026-10-05T16:51:21+07:00
7379,57834,19268,426,2027-01-22,2,22903,2026-12-14T17:59:20+07:00
7380,57840,19270,753,2026-11-28,5,12043,2026-10-21T16:26:54+07:00
7381,57852,19273,767,2027-02-04,6,12037,2026-12-25T12:20:26+07:00
7382,57865,19279,515,2026-09-16,7,16257,2026-08-08T21:45:50+07:00
7383,57866,19279,378,2026-09-10,8,19009,2026-08-14T00:45:04+07:00
7384,57867,19279,379,2026-08-24,4,9977,2026-08-21T15:02:19+07:00
7385,57870,19280,193,2026-06-07,5,9257,2026-06-01T09:39:27+07:00
7386,57875,19282,293,2026-10-19,2,32730,2026-10-17T18:22:12+07:00
7387,57905,19295,223,2026-10-23,1,5567,2026-10-19T02:09:18+07:00
7388,57925,19300,359,2026-08-22,3,5860,2026-07-31T20:44:08+07:00
7389,57930,19301,238,2026-07-03,4,31933,2026-05-17T13:20:39+07:00
7390,57928,19301,442,2026-10-02,3,10359,2026-08-03T02:34:29+07:00
7391,57935,19303,220,2026-07-26,4,18658,2026-07-12T19:13:54+07:00
7392,57948,19309,237,2026-11-27,3,8694,2026-10-08T23:27:02+07:00
7393,57950,19309,189,2026-12-04,3,21267,2026-11-10T09:46:24+07:00
7394,57952,19310,56,2026-11-04,1,5964,2026-11-02T02:22:15+07:00
7395,57953,19311,205,2026-12-14,10,17867,2026-11-21T21:25:36+07:00
7396,57965,19315,331,2027-01-18,5,21432,2026-11-24T01:12:23+07:00
7397,57968,19316,550,2026-10-04,3,5649,2026-08-22T00:08:20+07:00
7398,58000,19328,567,2026-02-26,2,14575,2026-02-02T12:40:57+07:00
7399,58002,19329,67,2026-11-14,1,7297,2026-11-11T20:28:00+07:00
7400,58005,19331,248,2026-03-26,12,24824,2026-03-13T09:38:37+07:00
7401,58011,19333,481,2027-01-07,3,6916,2026-12-02T20:11:14+07:00
7402,58020,19334,490,2026-12-11,4,25010,2026-11-26T22:18:09+07:00
7403,58022,19335,76,2026-10-17,7,24236,2026-09-23T19:56:14+07:00
7404,58031,19338,13,2026-07-18,3,20837,2026-06-04T12:05:25+07:00
7405,58036,19339,458,2026-11-06,8,12023,2026-10-06T13:18:03+07:00
7406,58039,19340,328,2026-04-10,4,8915,2026-03-06T10:31:53+07:00
7407,58051,19343,156,2026-11-27,2,6202,2026-11-20T14:11:42+07:00
7408,58046,19343,336,2027-02-05,3,20382,2026-12-12T02:09:06+07:00
7409,58058,19345,432,2026-06-26,5,43118,
7410,58085,19353,791,2026-11-22,11,13589,2026-10-09T18:46:43+07:00
7411,58089,19354,140,2026-08-31,11,16618,2026-08-04T20:20:18+07:00
7412,58101,19356,359,2026-08-29,8,18155,2026-07-18T02:27:38+07:00
7413,58107,19359,559,2027-01-22,3,17556,2026-12-30T13:25:07+07:00
7414,58116,19363,678,2026-06-19,3,4555,2026-04-25T18:21:12+07:00
7415,58121,19364,440,2026-09-10,1,6410,2026-09-07T08:16:15+07:00
7416,58135,19370,196,2026-12-06,3,9434,2026-11-09T12:31:04+07:00
7417,58159,19377,108,2027-02-19,4,15713,2026-12-22T14:27:28+07:00
7418,58172,19383,453,2026-09-11,3,9822,2026-07-19T23:53:29+07:00
7419,58181,19385,790,2026-10-06,2,6522,2026-10-03T19:54:51+07:00
7420,58179,19385,448,2026-12-30,1,10009,2026-12-26T23:40:22+07:00
7421,58184,19386,766,2026-09-26,5,3256,2026-09-08T10:22:15+07:00
7422,58187,19387,765,2026-09-19,1,10175,2026-09-17T15:01:33+07:00
7423,58186,19387,402,2026-10-30,1,37220,2026-10-28T12:26:07+07:00
7424,58202,19392,284,2027-01-08,4,7671,2026-11-12T17:16:07+07:00
7425,58213,19398,488,2026-10-02,5,12566,2026-09-03T07:00:44+07:00
7426,58225,19401,336,2026-04-04,1,7072,2026-04-01T15:21:42+07:00
7427,58227,19402,494,2026-10-09,2,3563,2026-09-10T11:41:05+07:00
7428,58247,19409,456,2026-06-23,4,7165,2026-05-02T22:03:22+07:00
7429,58250,19409,393,2026-06-23,2,13660,2026-06-10T00:56:13+07:00
7430,58256,19412,390,2026-12-20,1,25581,2026-12-16T23:23:15+07:00
7431,58268,19417,97,2026-08-26,4,10322,
7432,58270,19418,51,2026-05-30,4,9966,2026-05-26T17:32:36+07:00
7433,58274,19420,327,2026-02-27,3,13736,2026-02-20T12:57:06+07:00
7434,58279,19421,637,2026-12-25,2,12141,2026-12-22T13:15:54+07:00
7435,58283,19423,635,2026-06-20,9,10960,2026-06-16T00:51:38+07:00
7436,58288,19424,408,2026-09-18,1,8699,2026-09-15T14:17:05+07:00
7437,58293,19426,374,2026-09-29,10,22260,2026-08-31T17:32:09+07:00
7438,58300,19428,169,2026-04-24,2,3457,2026-04-07T12:36:11+07:00
7439,58302,19429,164,2026-12-08,11,9330,2026-10-27T06:14:20+07:00
7440,58313,19430,364,2026-12-09,6,7645,2026-11-12T08:45:05+07:00
7441,58317,19431,790,2027-01-22,5,15819,2026-12-19T14:18:01+07:00
7442,58324,19433,237,2026-05-21,10,30781,2026-04-24T18:49:03+07:00
7443,58339,19439,348,2026-11-18,4,16666,2026-11-10T12:55:44+07:00
7444,58348,19441,257,2026-08-28,2,19714,
7445,58359,19445,407,2027-01-08,3,17132,2026-12-14T21:39:26+07:00
7446,58380,19450,649,2026-03-27,3,13860,2026-02-05T01:25:14+07:00
7447,58383,19452,779,2026-07-24,1,4336,2026-07-22T22:46:17+07:00
7448,58391,19454,95,2026-11-16,4,11753,2026-10-27T21:50:30+07:00
7449,58390,19454,424,2026-12-10,12,30514,2026-11-22T10:25:58+07:00
7450,58392,19455,734,2026-08-28,3,9191,
7451,58401,19457,38,2026-11-14,3,8970,2026-10-25T21:09:49+07:00
7452,58405,19458,303,2026-11-11,4,10781,2026-10-12T20:29:16+07:00
7453,58408,19459,195,2027-02-19,5,11054,2026-12-28T15:02:32+07:00
7454,58419,19462,75,2026-10-09,3,5017,2026-09-09T08:17:52+07:00
7455,58426,19466,68,2026-06-20,2,7404,2026-05-29T10:10:40+07:00
7456,58443,19471,758,2026-07-27,2,23612,2026-07-23T07:11:46+07:00
7457,58442,19471,563,2026-08-25,2,15325,2026-08-24T13:17:25+07:00
7458,58463,19477,411,2026-09-16,3,21972,2026-08-18T10:02:27+07:00
7459,58475,19480,363,2026-09-28,9,18231,2026-09-05T14:57:46+07:00
7460,58489,19488,620,2026-09-14,12,8361,2026-08-09T09:53:36+07:00
7461,58490,19488,647,2026-08-31,12,8630,
7462,58501,19491,387,2026-11-13,2,6734,2026-10-09T19:26:23+07:00
7463,58552,19507,713,2026-06-26,3,12729,2026-06-12T18:30:33+07:00
7464,58563,19511,135,2026-10-24,2,7157,2026-09-30T15:00:59+07:00
7465,58562,19511,425,2026-10-31,5,55884,2026-10-04T19:51:39+07:00
7466,58569,19514,603,2026-07-29,1,9121,2026-07-27T16:00:58+07:00
7467,58576,19517,538,2026-07-15,6,18674,2026-07-05T22:14:11+07:00
7468,58581,19519,419,2026-12-08,9,41428,2026-10-28T14:10:30+07:00
7469,58590,19526,175,2027-01-15,12,15765,2026-12-07T10:06:02+07:00
7470,58597,19528,588,2026-11-07,5,12062,2026-09-20T10:07:43+07:00
7471,58599,19529,168,2026-08-28,4,12855,2026-07-02T12:29:03+07:00
7472,58618,19535,522,2026-05-22,4,7909,2026-04-21T17:35:58+07:00
7473,58620,19536,11,2026-10-21,9,20990,2026-09-30T22:36:28+07:00
7474,58623,19537,518,2026-10-16,3,10144,2026-08-20T16:07:33+07:00
7475,58629,19539,353,2026-09-04,2,21695,2026-07-05T09:21:52+07:00
7476,58631,19540,550,2026-11-19,2,3732,2026-11-10T16:09:56+07:00
7477,58634,19541,186,2026-10-28,1,5929,2026-10-25T20:18:17+07:00
7478,58637,19542,5,2026-09-02,8,8826,2026-08-01T20:14:54+07:00
7479,58645,19546,151,2026-05-22,3,13739,2026-05-03T20:41:15+07:00
7480,58651,19547,48,2026-04-16,4,7519,2026-03-31T11:12:54+07:00
7481,58678,19555,325,2026-04-16,3,11578,2026-03-02T21:27:18+07:00
7482,58680,19556,220,2026-07-31,4,16610,2026-07-09T12:28:40+07:00
7483,58686,19558,328,2026-08-28,3,6983,2026-08-07T17:07:24+07:00
7484,58697,19561,380,2026-08-21,5,33553,2026-07-31T08:08:04+07:00
7485,58700,19562,385,2026-11-20,2,3956,2026-09-26T19:03:55+07:00
7486,58702,19563,266,2026-07-31,5,12024,2026-06-17T12:17:52+07:00
7487,58711,19566,759,2026-08-17,5,5474,2026-07-22T21:02:52+07:00
7488,58717,19568,783,2026-07-25,5,5418,2026-07-16T18:49:33+07:00
7489,58719,19570,332,2026-02-07,3,5618,2026-01-23T10:48:18+07:00
7490,58727,19571,542,2026-11-06,2,10554,2026-10-04T00:53:33+07:00
7491,58743,19575,612,2026-10-02,3,8473,2026-09-18T01:10:26+07:00
7492,58745,19576,128,2026-12-23,12,10145,2026-12-10T12:20:34+07:00
7493,58757,19578,172,2026-05-11,5,11704,2026-04-19T23:33:50+07:00
7494,58771,19583,254,2026-06-13,8,30156,2026-05-20T23:35:04+07:00
7495,58781,19586,436,2026-12-07,5,26428,2026-10-26T02:15:19+07:00
7496,58787,19588,172,2026-07-12,11,26069,2026-05-29T11:58:56+07:00
7497,58793,19590,780,2026-12-13,1,13418,2026-12-13T01:27:03+07:00
7498,58797,19591,317,2026-07-03,3,10245,2026-06-03T00:59:02+07:00
7499,58794,19591,88,2026-08-28,5,18680,2026-07-09T02:16:48+07:00
7500,58799,19592,375,2026-11-18,7,13995,2026-10-12T15:55:57+07:00
7501,58818,19599,159,2026-08-07,3,10810,2026-06-20T19:48:43+07:00
7502,58819,19600,586,2027-02-19,3,19480,2026-12-17T21:29:47+07:00
7503,58826,19602,255,2027-01-15,2,4845,2026-11-21T09:06:23+07:00
7504,58837,19606,207,2026-09-05,6,6234,2026-08-18T13:55:01+07:00
7505,58842,19607,99,2026-07-30,5,10224,2026-06-16T08:53:33+07:00
7506,58845,19608,38,2026-11-13,11,40671,2026-11-03T19:05:59+07:00
7507,58852,19611,426,2026-11-26,2,23406,2026-11-25T05:49:16+07:00
7508,58868,19616,25,2026-11-15,2,20027,2026-11-13T02:03:33+07:00
7509,58876,19617,686,2026-04-03,11,24160,2026-02-27T14:10:54+07:00
7510,58880,19618,758,2026-05-31,3,41181,2026-05-29T00:14:28+07:00
7511,58893,19623,402,2026-05-20,1,34970,2026-05-18T15:47:14+07:00
7512,58915,19630,30,2026-12-29,4,37420,2026-12-05T13:10:38+07:00
7513,58921,19631,315,2026-05-29,9,18321,2026-05-15T08:35:44+07:00
7514,58918,19631,415,2026-06-28,7,18650,2026-06-05T12:59:38+07:00
7515,58925,19633,718,2026-09-01,10,7676,2026-08-25T16:39:03+07:00
7516,58928,19634,526,2026-12-01,12,38693,2026-10-23T14:21:40+07:00
7517,58934,19635,704,2026-08-31,1,16186,2026-08-27T11:33:04+07:00
7518,58939,19636,627,2026-07-06,2,5859,2026-07-03T21:47:04+07:00
7519,58938,19636,420,2026-07-29,2,72201,2026-07-29T14:30:02+07:00
7520,58947,19639,7,2026-06-19,4,33590,2026-06-07T12:08:30+07:00
7521,58952,19640,450,2027-01-09,3,17422,2026-12-12T10:59:48+07:00
7522,58954,19641,142,2027-01-04,3,4560,2026-12-20T23:41:47+07:00
7523,58962,19642,64,2026-11-24,4,38248,2026-10-21T20:40:32+07:00
7524,58966,19645,261,2026-12-25,7,8675,2026-12-01T08:39:34+07:00
7525,58972,19646,748,2026-11-28,9,27932,2026-10-22T20:22:58+07:00
7526,58980,19648,33,2026-07-19,2,6405,2026-06-20T17:22:44+07:00
7527,58982,19650,147,2026-07-03,4,11363,2026-05-26T23:53:17+07:00
7528,58985,19651,487,2026-11-17,3,7398,2026-10-26T00:07:54+07:00
7529,58994,19655,741,2026-12-20,9,9967,2026-11-14T19:06:40+07:00
7530,59009,19660,197,2027-01-02,3,17050,2026-11-18T09:26:53+07:00
7531,59010,19660,708,2027-01-22,3,14334,2026-12-29T23:01:13+07:00
7532,59016,19661,661,2026-10-10,10,14285,2026-08-30T10:22:13+07:00
7533,59028,19667,788,2026-10-08,8,20700,
7534,59035,19669,310,2026-07-02,10,11175,2026-06-08T16:57:16+07:00
7535,59048,19673,247,2026-10-09,3,28387,2026-08-22T07:35:05+07:00
7536,59049,19674,140,2026-08-08,7,10586,2026-08-02T13:25:19+07:00
7537,59054,19675,247,2026-05-22,4,34604,2026-03-26T11:03:42+07:00
7538,59060,19676,734,2026-01-28,5,14012,2026-01-25T00:29:30+07:00
7539,59066,19680,273,2026-12-02,10,10779,2026-11-13T23:33:56+07:00
7540,59072,19682,592,2026-09-18,5,14338,2026-09-03T19:34:57+07:00
7541,59090,19686,322,2026-06-19,3,8571,2026-05-27T10:37:37+07:00
7542,59082,19686,691,2026-08-14,5,12533,2026-07-17T10:51:58+07:00
7543,59089,19686,448,2026-08-14,5,40558,2026-07-17T15:47:18+07:00
7544,59095,19689,696,2026-06-27,3,5369,2026-05-10T12:15:19+07:00
7545,59098,19690,208,2026-06-09,1,7439,2026-06-05T19:33:45+07:00
7546,59100,19691,445,2027-01-22,5,20112,2026-12-26T12:49:06+07:00
7547,59108,19693,186,2026-06-04,1,6286,2026-06-04T23:11:47+07:00
7548,59117,19696,309,2026-07-24,3,7516,2026-07-10T00:21:14+07:00
7549,59137,19702,218,2026-12-18,10,19534,
7550,59144,19704,232,2027-01-05,9,18417,2026-12-16T15:15:12+07:00
7551,59151,19707,750,2026-05-20,2,8074,2026-05-18T23:36:04+07:00
7552,59173,19714,620,2026-05-27,7,5067,2026-05-03T14:41:18+07:00
7553,59181,19717,754,2026-03-13,4,12762,2026-03-03T10:39:03+07:00
7554,59184,19719,149,2026-10-09,4,8090,2026-09-06T01:25:13+07:00
7555,59194,19721,464,2026-05-16,12,22925,2026-05-09T09:53:00+07:00
7556,59215,19727,622,2026-11-01,10,25221,2026-10-19T21:40:51+07:00
7557,59214,19727,307,2026-11-12,4,10618,2026-10-26T01:31:03+07:00
7558,59230,19732,289,2026-10-20,2,2882,2026-09-01T18:27:29+07:00
7559,59239,19736,268,2026-10-06,6,13294,2026-09-28T01:20:17+07:00
7560,59241,19737,284,2026-08-28,2,4089,2026-06-30T23:51:46+07:00
7561,59255,19741,9,2026-03-08,12,20289,2026-02-05T14:57:34+07:00
7562,59254,19741,60,2026-04-26,12,13667,2026-03-17T18:20:32+07:00
7563,59265,19744,11,2026-09-28,4,9503,2026-09-02T11:20:32+07:00
7564,59282,19748,797,2026-09-02,6,6212,2026-08-25T22:37:48+07:00
7565,59283,19749,638,2026-08-14,4,15421,2026-07-22T15:42:25+07:00
7566,59288,19750,159,2026-07-31,1,4081,2026-07-31T14:37:11+07:00
7567,59307,19756,343,2027-02-07,3,28224,2026-12-13T09:22:01+07:00
7568,59325,19763,330,2026-10-09,4,6273,2026-08-23T23:48:38+07:00
7569,59342,19768,121,2026-10-09,2,11218,2026-10-05T15:48:11+07:00
7570,59365,19777,495,2026-09-24,4,26636,2026-08-05T02:00:13+07:00
7571,59377,19783,304,2026-12-12,2,3934,2026-11-01T11:21:17+07:00
7572,59395,19789,210,2026-11-20,5,18684,2026-11-05T14:10:07+07:00
7573,59399,19791,76,2026-12-19,4,15764,2026-10-24T23:29:35+07:00
7574,59414,19794,286,2026-10-04,5,7165,2026-09-08T23:37:25+07:00
7575,59415,19795,545,2026-09-15,11,12711,2026-08-21T23:30:32+07:00
7576,59423,19798,203,2026-05-18,3,10590,2026-05-10T15:36:42+07:00
7577,59426,19799,693,2026-05-22,3,6477,2026-05-12T00:07:37+07:00
7578,59446,19807,421,2026-12-25,2,17111,2026-11-18T18:08:29+07:00
7579,59457,19812,237,2026-06-29,7,18946,2026-05-16T19:53:16+07:00
7580,59473,19818,47,2026-12-18,4,13432,2026-10-21T22:44:45+07:00
7581,59478,19819,610,2027-01-01,2,2574,2026-11-06T13:45:23+07:00
7582,59490,19825,358,2027-01-22,3,18708,2026-12-19T00:54:14+07:00
7583,59495,19826,550,2026-10-30,4,6366,
7584,59506,19830,103,2026-10-03,5,9253,2026-09-05T01:24:39+07:00
7585,59516,19834,172,2027-02-05,3,7728,2026-12-30T16:35:37+07:00
7586,59534,19843,144,2026-09-05,3,17504,2026-07-26T20:49:04+07:00
7587,59535,19844,49,2026-09-20,2,13530,2026-09-19T20:48:58+07:00
7588,59559,19853,553,2026-11-27,2,3474,2026-11-13T00:25:06+07:00
7589,59572,19858,385,2026-11-14,3,5845,2026-10-08T13:51:08+07:00
7590,59575,19860,432,2026-12-25,1,9390,2026-12-21T16:52:34+07:00
7591,59581,19863,562,2026-10-30,3,4438,2026-09-23T23:27:53+07:00
7592,59583,19863,612,2026-11-28,4,11674,2026-11-18T08:58:07+07:00
7593,59589,19865,554,2026-02-15,2,36274,2026-02-13T11:18:37+07:00
7594,59596,19866,666,2026-08-18,1,3152,2026-08-18T06:58:10+07:00
7595,59595,19866,606,2026-11-03,1,3967,2026-11-03T21:21:45+07:00
7596,59613,19875,380,2026-10-12,1,5827,2026-10-09T01:31:46+07:00
7597,59615,19876,125,2026-10-29,11,16176,2026-10-12T21:59:49+07:00
7598,59619,19877,224,2026-09-15,3,55126,2026-09-13T00:06:25+07:00
7599,59632,19881,306,2026-12-30,3,10472,2026-12-12T20:40:13+07:00
7600,59634,19882,330,2026-10-16,4,6062,2026-10-03T21:23:28+07:00
7601,59633,19882,353,2026-11-13,2,22166,2026-11-06T22:24:33+07:00
7602,59644,19884,166,2026-03-31,4,5318,2026-03-25T09:47:53+07:00
7603,59645,19884,2,2026-06-26,6,20322,2026-06-13T17:10:50+07:00
7604,59651,19886,699,2026-06-05,3,11376,2026-04-20T08:12:22+07:00
7605,59654,19887,372,2026-09-30,3,7022,2026-08-21T09:29:25+07:00
7606,59658,19889,773,2026-11-13,3,12457,
7607,59664,19890,356,2026-09-17,8,21620,2026-08-07T13:21:58+07:00
7608,59672,19893,204,2027-01-06,10,13097,2026-11-23T14:04:47+07:00
7609,59682,19897,463,2026-08-30,1,6925,2026-08-26T08:11:36+07:00
7610,59695,19905,211,2026-06-25,2,13163,2026-06-25T00:55:29+07:00
7611,59712,19911,761,2026-08-28,1,6120,2026-08-24T17:34:43+07:00
7612,59724,19913,553,2026-09-05,12,19007,2026-08-11T20:18:37+07:00
7613,59725,19914,385,2026-04-15,11,22330,2026-04-07T13:36:43+07:00
7614,59732,19916,218,2026-12-26,3,6686,2026-12-23T02:09:32+07:00
7615,59736,19918,677,2026-08-30,2,41011,2026-08-28T00:36:32+07:00
7616,59738,19919,566,2026-12-23,3,25856,2026-11-10T01:11:49+07:00
7617,59747,19923,582,2026-12-11,3,6833,2026-11-05T10:47:17+07:00
7618,59755,19925,533,2026-03-06,3,5444,2026-02-01T08:20:16+07:00
7619,59771,19930,331,2026-10-09,2,9121,2026-09-22T11:04:36+07:00
7620,59780,19933,396,2026-10-29,7,26335,
7621,59818,19943,381,2026-09-08,2,12260,2026-08-15T00:40:13+07:00
7622,59825,19945,183,2026-08-21,3,7384,2026-08-03T19:28:12+07:00
7623,59836,19949,166,2026-11-04,8,12037,2026-09-28T15:10:07+07:00
7624,59844,19951,712,2026-10-21,1,3893,2026-10-18T00:22:49+07:00
7625,59852,19953,180,2026-10-04,1,5440,2026-10-04T08:07:11+07:00
7626,59858,19954,89,2026-08-18,6,15211,
7627,59863,19955,615,2027-01-10,3,6808,2026-12-02T07:34:05+07:00
7628,59870,19957,360,2026-06-29,2,19844,2026-06-09T20:55:34+07:00
7629,59873,19958,299,2026-11-06,4,15928,2026-09-28T08:25:05+07:00
7630,59872,19958,2,2026-11-07,2,7492,2026-10-15T20:52:30+07:00
7631,59885,19963,206,2027-01-18,11,33647,2026-12-29T08:19:38+07:00
7632,59886,19964,5,2026-11-16,10,11402,2026-10-20T09:14:14+07:00
7633,59894,19966,560,2026-10-09,4,10435,2026-08-18T12:05:31+07:00
7634,59903,19969,379,2027-01-04,4,8606,2026-12-10T10:34:05+07:00
7635,59919,19973,145,2026-11-14,10,14259,2026-10-02T14:11:14+07:00
7636,59929,19978,320,2026-09-30,1,17287,2026-09-26T14:34:11+07:00
7637,59932,19979,222,2026-12-25,4,16135,2026-11-16T16:49:28+07:00
7638,59943,19982,427,2026-08-31,6,18204,2026-08-16T18:15:10+07:00
7639,59950,19984,286,2026-09-10,2,2558,2026-08-11T19:16:33+07:00
7640,59956,19985,277,2026-04-08,3,9309,2026-03-15T16:32:45+07:00
7641,59960,19986,372,2026-11-25,10,28036,2026-11-12T19:29:22+07:00
7642,59961,19987,393,2026-11-05,2,14961,2026-11-03T18:05:51+07:00
7643,59978,19991,777,2027-01-15,2,5383,2026-12-19T23:48:44+07:00
7644,59982,19993,348,2027-01-19,3,11244,2026-12-17T08:52:45+07:00
7645,59989,19994,787,2026-02-24,2,7928,2026-02-20T13:08:17+07:00
