payment_id,booking_id,method,status,attempted_ts,failure_reason,amount_thb
1,1,credit_card,success,2026-12-16T14:34:15+07:00,,3757
2,2,TrueMoney,success,2026-11-06T05:23:02+07:00,,8708
3,3,PromptPay,success,2026-09-10T14:25:15+07:00,,22535
4,4,GrabPay,success,2026-12-02T23:49:11+07:00,,25346
5,5,TrueMoney,success,2026-11-25T22:15:12+07:00,,13242
6,6,GrabPay,success,2026-12-04T07:59:41+07:00,,36266
7,7,PromptPay,success,2026-10-22T12:19:49+07:00,,8162
8,8,PromptPay,success,2026-03-14T11:21:21+07:00,,33582
9,9,credit_card,success,2026-06-07T22:03:40+07:00,,12202
10,10,debit_card,success,2026-09-11T12:55:14+07:00,,7197
11,12,PromptPay,success,2026-09-10T19:06:35+07:00,,7009
12,13,bank_transfer,success,2026-11-16T01:20:21+07:00,,8098
13,14,PromptPay,success,2026-12-13T02:08:07+07:00,,9782
14,15,TrueMoney,success,2026-03-19T15:59:09+07:00,,8520
15,16,PromptPay,success,2026-12-15T10:09:25+07:00,,19717
16,17,PromptPay,success,2026-10-23T16:16:36+07:00,,26886
17,18,TrueMoney,success,2026-10-23T16:19:22+07:00,,22757
18,19,PromptPay,success,2026-12-08T03:06:56+07:00,,12942
19,21,credit_card,success,2026-10-26T21:04:25+07:00,,5723
20,23,PromptPay,success,2026-06-27T18:26:38+07:00,,33191
21,24,PromptPay,success,2026-05-27T10:59:51+07:00,,47233
22,26,PromptPay,failed,2026-08-30T23:51:18+07:00,gateway_timeout,8730
23,27,credit_card,success,2026-11-01T03:47:25+07:00,,18300
24,28,TrueMoney,success,2026-12-21T01:50:31+07:00,,28491
25,30,debit_card,failed,2026-11-01T01:04:20+07:00,insufficient_funds,16257
26,31,bank_transfer,success,2026-12-15T13:07:42+07:00,,8407
27,32,ShopeePay,success,2026-08-07T22:52:48+07:00,,13520
28,34,credit_card,success,2026-08-19T08:59:12+07:00,,4635
29,35,bank_transfer,success,2026-08-17T09:50:59+07:00,,4201
30,37,PromptPay,success,2026-08-16T19:11:01+07:00,,7357
31,38,credit_card,success,2026-11-30T17:19:38+07:00,,35443
32,39,PromptPay,success,2026-01-22T20:43:04+07:00,,10441
33,40,TrueMoney,success,2026-09-30T17:16:05+07:00,,17652
34,41,credit_card,success,2026-10-09T15:50:37+07:00,,12327
35,42,TrueMoney,success,2026-12-26T17:52:45+07:00,,5321
36,43,debit_card,success,2026-05-26T16:42:14+07:00,,17121
37,44,PromptPay,success,2026-07-26T14:04:29+07:00,,17118
38,45,PromptPay,success,2026-09-10T16:24:39+07:00,,23030
39,46,credit_card,failed,2026-11-01T23:43:06+07:00,bank_rejected,3575
40,48,TrueMoney,success,2026-06-01T12:57:50+07:00,,8707
41,49,PromptPay,success,2026-09-30T13:21:03+07:00,,29134
42,50,PromptPay,success,2026-07-22T11:45:39+07:00,,6372
43,51,credit_card,success,2026-03-24T14:45:27+07:00,,24622
44,52,credit_card,success,2026-03-25T14:14:10+07:00,,6471
45,53,PromptPay,failed,2026-12-14T22:27:40+07:00,gateway_timeout,3806
46,54,credit_card,success,2026-11-20T13:38:29+07:00,,25661
47,55,PromptPay,success,2026-03-07T10:02:08+07:00,,4807
48,56,PromptPay,success,2026-07-16T17:06:16+07:00,,12446
49,58,ShopeePay,success,2026-10-25T22:13:41+07:00,,5316
50,59,PromptPay,success,2026-06-18T15:47:13+07:00,,5049
51,60,credit_card,success,2026-08-26T11:19:34+07:00,,12265
52,61,debit_card,success,2026-10-13T11:15:29+07:00,,38601
53,62,GrabPay,success,2026-11-21T20:09:41+07:00,,4028
54,63,PromptPay,success,2026-02-09T19:18:16+07:00,,13674
55,64,debit_card,success,2026-03-26T20:02:04+07:00,,12992
56,67,debit_card,success,2026-04-22T00:48:23+07:00,,4180
57,68,PromptPay,success,2026-07-07T17:01:43+07:00,,21342
58,69,bank_transfer,success,2026-12-19T19:27:28+07:00,,6328
59,70,bank_transfer,success,2026-10-01T12:05:43+07:00,,8089
60,71,debit_card,success,2026-10-04T16:05:26+07:00,,13771
61,72,PromptPay,success,2026-10-10T15:31:04+07:00,,19745
62,73,TrueMoney,success,2026-07-01T10:28:41+07:00,,8100
63,74,TrueMoney,success,2026-09-21T22:39:37+07:00,,12139
64,75,PromptPay,success,2026-07-28T20:30:53+07:00,,12481
65,76,TrueMoney,success,2026-10-26T06:11:17+07:00,,3762
66,77,PromptPay,success,2026-09-25T00:02:14+07:00,,40744
67,78,PromptPay,success,2026-08-17T00:32:39+07:00,,13798
68,79,PromptPay,failed,2026-03-26T23:26:29+07:00,gateway_timeout,26931
69,81,ShopeePay,success,2026-08-28T21:47:21+07:00,,7697
70,82,PromptPay,failed,2026-07-07T19:10:07+07:00,user_cancelled,20072
71,83,PromptPay,success,2026-06-21T08:58:41+07:00,,16459
72,84,credit_card,success,2026-10-26T12:09:44+07:00,,9107
73,85,credit_card,success,2026-05-15T13:09:12+07:00,,11413
74,87,credit_card,success,2026-12-23T22:30:50+07:00,,5124
75,88,TrueMoney,success,2026-12-06T19:52:49+07:00,,23025
76,89,debit_card,success,2026-11-20T22:26:12+07:00,,4688
77,90,debit_card,failed,2026-07-29T18:56:03+07:00,user_cancelled,10756
78,91,ShopeePay,success,2026-09-01T02:25:07+07:00,,8760
79,93,debit_card,success,2026-04-28T15:36:52+07:00,,28130
80,94,PromptPay,success,2026-08-06T18:07:02+07:00,,8593
81,95,PromptPay,success,2026-09-27T20:35:56+07:00,,21080
82,97,GrabPay,success,2026-08-05T19:05:30+07:00,,4683
83,98,TrueMoney,success,2026-07-17T22:58:30+07:00,,12435
84,99,credit_card,success,2026-10-07T09:36:45+07:00,,6953
85,100,credit_card,success,2026-12-17T12:36:12+07:00,,5026
86,101,GrabPay,success,2026-12-29T20:05:53+07:00,,7132
87,102,GrabPay,success,2026-03-16T19:51:29+07:00,,34494
88,103,PromptPay,success,2026-07-15T08:56:53+07:00,,5997
89,104,PromptPay,success,2026-12-15T22:08:35+07:00,,28055
90,105,PromptPay,success,2026-03-08T19:21:33+07:00,,29103
91,106,TrueMoney,success,2026-03-16T14:33:37+07:00,,5658
92,107,TrueMoney,success,2026-11-19T14:11:33+07:00,,16367
93,108,bank_transfer,success,2026-07-02T14:25:24+07:00,,25264
94,109,credit_card,success,2026-09-29T00:51:53+07:00,,5033
95,110,PromptPay,success,2026-09-17T19:06:04+07:00,,2301
96,111,PromptPay,success,2026-10-04T22:40:31+07:00,,28322
97,112,PromptPay,success,2026-12-10T07:53:15+07:00,,5405
98,114,credit_card,success,2026-11-08T15:40:59+07:00,,9667
99,115,credit_card,success,2026-10-05T14:16:28+07:00,,13426
100,116,PromptPay,success,2026-07-11T17:59:11+07:00,,8821
101,117,TrueMoney,success,2026-04-09T00:57:41+07:00,,11151
102,118,credit_card,success,2026-04-11T01:56:11+07:00,,7126
103,119,TrueMoney,success,2026-10-06T13:40:58+07:00,,22986
104,120,credit_card,success,2026-12-25T00:10:24+07:00,,3063
105,121,PromptPay,success,2026-12-24T23:54:35+07:00,,18630
106,122,TrueMoney,success,2026-01-16T23:06:44+07:00,,12651
107,124,debit_card,success,2026-02-04T17:26:11+07:00,,8792
108,125,GrabPay,success,2026-04-03T13:17:27+07:00,,8319
109,127,PromptPay,success,2026-09-22T21:11:47+07:00,,7379
110,128,debit_card,success,2026-07-16T12:14:23+07:00,,15020
111,129,PromptPay,success,2026-09-27T17:13:24+07:00,,14867
112,130,PromptPay,success,2026-03-23T11:25:45+07:00,,62442
113,131,PromptPay,success,2026-07-03T09:50:36+07:00,,7039
114,132,bank_transfer,success,2026-07-04T08:03:05+07:00,,57362
115,134,ShopeePay,success,2026-10-21T01:32:30+07:00,,19088
116,136,ShopeePay,success,2026-08-03T18:34:16+07:00,,11393
117,138,credit_card,success,2026-10-03T08:54:06+07:00,,20939
118,139,debit_card,success,2026-07-23T14:20:25+07:00,,18688
119,140,ShopeePay,success,2026-08-26T21:48:25+07:00,,13043
120,141,credit_card,success,2026-11-12T14:27:43+07:00,,35106
121,142,GrabPay,success,2026-11-01T02:51:55+07:00,,18665
122,143,PromptPay,success,2026-11-14T15:13:53+07:00,,25303
123,144,debit_card,success,2026-11-14T23:12:35+07:00,,36196
124,145,TrueMoney,success,2026-12-11T10:19:27+07:00,,10011
125,146,credit_card,success,2026-08-06T09:01:08+07:00,,31508
126,147,ShopeePay,success,2026-10-13T21:56:24+07:00,,8942
127,148,bank_transfer,success,2026-08-25T14:36:39+07:00,,7571
128,149,ShopeePay,success,2026-08-05T04:11:59+07:00,,9610
129,150,credit_card,success,2026-10-20T14:24:47+07:00,,3197
130,151,GrabPay,success,2026-02-22T20:08:28+07:00,,17952
131,152,credit_card,success,2026-11-09T01:19:02+07:00,,4188
132,154,debit_card,success,2026-10-04T17:32:26+07:00,,9148
133,155,credit_card,success,2026-11-05T20:30:07+07:00,,12638
134,156,PromptPay,success,2026-12-27T14:23:22+07:00,,19316
135,157,PromptPay,success,2026-12-26T17:52:17+07:00,,16396
136,158,credit_card,success,2026-12-08T09:03:13+07:00,,9751
137,159,credit_card,success,2026-12-16T13:13:24+07:00,,22739
138,160,credit_card,success,2026-02-26T11:44:05+07:00,,13171
139,161,TrueMoney,success,2026-10-11T21:17:39+07:00,,39164
140,162,PromptPay,failed,2026-08-05T01:14:47+07:00,gateway_timeout,19626
141,163,debit_card,success,2026-11-28T11:09:10+07:00,,4155
142,164,credit_card,success,2026-10-20T14:24:56+07:00,,6822
143,165,GrabPay,success,2026-07-27T22:45:04+07:00,,12842
144,166,ShopeePay,success,2026-10-21T16:39:46+07:00,,22468
145,167,PromptPay,success,2026-02-17T17:08:04+07:00,,10514
146,169,PromptPay,success,2026-12-11T02:49:16+07:00,,19786
147,171,credit_card,success,2026-10-07T00:30:48+07:00,,7094
148,172,TrueMoney,success,2026-05-23T22:32:15+07:00,,20213
149,174,TrueMoney,success,2026-03-19T10:00:31+07:00,,10525
150,175,bank_transfer,success,2026-11-20T17:22:35+07:00,,3542
151,176,debit_card,success,2026-12-31T02:13:01+07:00,,11864
152,177,TrueMoney,success,2026-11-25T11:04:01+07:00,,10779
153,178,credit_card,success,2026-09-13T01:18:42+07:00,,8628
154,179,PromptPay,success,2026-10-10T08:27:55+07:00,,7328
155,181,GrabPay,success,2026-09-08T16:33:39+07:00,,6887
156,182,credit_card,success,2026-02-07T09:49:07+07:00,,23070
157,183,PromptPay,success,2026-08-03T11:26:12+07:00,,6312
158,184,bank_transfer,success,2026-08-01T18:51:34+07:00,,15972
159,185,credit_card,success,2026-12-01T08:22:07+07:00,,5784
160,186,PromptPay,success,2026-12-31T23:14:05+07:00,,14844
161,187,PromptPay,success,2026-05-20T17:22:44+07:00,,6074
162,188,bank_transfer,success,2026-07-09T11:53:10+07:00,,16688
163,189,debit_card,success,2026-08-13T17:12:36+07:00,,5981
164,190,PromptPay,success,2026-08-19T13:30:54+07:00,,21933
165,191,credit_card,success,2026-04-22T20:02:20+07:00,,15064
166,192,GrabPay,success,2026-12-19T15:22:41+07:00,,7075
167,193,bank_transfer,success,2026-12-22T23:12:53+07:00,,13055
168,194,PromptPay,failed,2026-10-09T00:25:32+07:00,gateway_timeout,11838
169,195,PromptPay,failed,2026-10-15T01:09:57+07:00,gateway_timeout,4902
170,196,PromptPay,success,2026-12-21T12:39:50+07:00,,24878
171,197,PromptPay,success,2026-11-13T00:10:54+07:00,,10498
172,198,debit_card,success,2026-12-21T18:17:01+07:00,,14173
173,199,ShopeePay,success,2026-12-10T11:29:49+07:00,,11586
174,200,TrueMoney,success,2026-12-31T02:31:54+07:00,,7086
175,201,PromptPay,success,2026-10-03T10:53:03+07:00,,9444
176,202,debit_card,success,2026-12-08T17:53:05+07:00,,7338
177,203,TrueMoney,success,2026-08-01T12:27:55+07:00,,8177
178,204,GrabPay,success,2026-06-18T07:53:02+07:00,,50410
179,205,credit_card,success,2026-10-20T15:09:14+07:00,,15211
180,206,credit_card,success,2026-09-17T15:04:32+07:00,,8668
181,208,debit_card,success,2026-08-01T09:24:58+07:00,,35775
182,209,PromptPay,success,2026-11-01T01:04:27+07:00,,16510
183,210,PromptPay,success,2026-11-20T12:48:41+07:00,,6596
184,211,credit_card,success,2026-11-20T11:27:53+07:00,,10877
185,213,GrabPay,success,2026-06-08T15:15:25+07:00,,16070
186,214,credit_card,success,2026-10-06T01:19:24+07:00,,13748
187,215,debit_card,success,2026-10-29T14:59:20+07:00,,6102
188,218,PromptPay,success,2026-07-01T23:49:28+07:00,,20750
189,219,PromptPay,success,2026-05-21T22:45:38+07:00,,30549
190,220,credit_card,success,2026-03-29T23:17:53+07:00,,6635
191,221,debit_card,success,2026-12-03T16:39:57+07:00,,3597
192,222,GrabPay,success,2026-12-27T09:28:59+07:00,,26827
193,224,PromptPay,success,2026-06-27T19:09:49+07:00,,1986
194,225,PromptPay,success,2026-08-12T17:43:03+07:00,,11800
195,226,PromptPay,success,2026-12-09T04:36:14+07:00,,7197
196,227,ShopeePay,success,2026-08-25T17:01:40+07:00,,16979
197,228,PromptPay,success,2026-06-24T12:48:59+07:00,,10579
198,230,credit_card,success,2026-05-28T19:27:03+07:00,,3733
199,231,PromptPay,success,2026-11-25T17:27:34+07:00,,10494
200,232,credit_card,success,2026-06-11T16:52:53+07:00,,24092
201,233,bank_transfer,success,2026-11-01T22:32:02+07:00,,8647
202,234,TrueMoney,success,2026-07-07T19:05:21+07:00,,13817
203,235,PromptPay,success,2026-12-21T00:43:49+07:00,,13841
204,236,credit_card,success,2026-03-02T00:18:41+07:00,,20026
205,237,TrueMoney,success,2026-03-25T10:50:54+07:00,,6469
206,238,TrueMoney,success,2026-04-28T13:59:24+07:00,,6714
207,239,debit_card,success,2026-03-31T22:35:32+07:00,,10282
208,240,credit_card,success,2026-10-22T12:35:55+07:00,,6330
209,241,credit_card,success,2026-11-24T19:36:13+07:00,,6941
210,242,bank_transfer,success,2026-10-17T10:05:36+07:00,,6996
211,244,debit_card,success,2026-02-09T23:45:24+07:00,,6813
212,245,TrueMoney,success,2026-12-15T19:31:28+07:00,,14159
213,246,TrueMoney,success,2026-10-19T16:01:40+07:00,,26327
214,247,credit_card,success,2026-11-04T17:13:24+07:00,,20115
215,248,PromptPay,success,2026-11-07T13:25:44+07:00,,8950
216,249,credit_card,success,2026-10-26T01:49:26+07:00,,9672
217,251,credit_card,success,2026-08-25T06:11:29+07:00,,38649
218,252,TrueMoney,success,2026-08-30T01:18:25+07:00,,8307
219,253,ShopeePay,success,2026-04-11T15:48:54+07:00,,4203
220,254,GrabPay,success,2026-09-24T12:48:15+07:00,,26911
221,255,credit_card,success,2026-11-04T17:09:41+07:00,,24186
222,256,PromptPay,success,2026-10-13T01:10:23+07:00,,18995
223,257,debit_card,success,2026-11-15T00:08:54+07:00,,10097
224,258,credit_card,success,2026-11-19T12:40:49+07:00,,3969
225,259,credit_card,success,2026-12-27T07:08:23+07:00,,4827
226,260,credit_card,success,2026-07-13T11:50:38+07:00,,12710
227,261,TrueMoney,success,2026-08-22T11:01:11+07:00,,22107
228,262,debit_card,success,2026-09-30T11:39:58+07:00,,5689
229,263,ShopeePay,success,2026-04-18T02:02:13+07:00,,18614
230,264,credit_card,success,2026-07-20T00:47:22+07:00,,11253
231,266,debit_card,success,2026-02-27T22:27:15+07:00,,32927
232,267,credit_card,success,2026-09-02T16:58:42+07:00,,16097
233,268,bank_transfer,success,2026-05-13T09:51:54+07:00,,6603
234,269,PromptPay,success,2026-10-10T20:55:58+07:00,,25466
235,270,credit_card,success,2026-03-08T02:23:57+07:00,,6904
236,271,debit_card,success,2026-08-14T21:22:12+07:00,,11410
237,272,TrueMoney,success,2026-08-27T08:38:14+07:00,,5717
238,273,GrabPay,success,2026-05-18T02:20:42+07:00,,26375
239,274,credit_card,success,2026-11-12T22:01:52+07:00,,7927
240,275,debit_card,success,2026-08-01T08:17:06+07:00,,17096
241,276,PromptPay,success,2026-08-03T14:17:31+07:00,,15822
242,277,debit_card,success,2026-07-03T21:03:38+07:00,,21078
243,278,GrabPay,success,2026-05-11T15:46:58+07:00,,7956
244,279,credit_card,success,2026-11-15T21:57:04+07:00,,6397
245,280,debit_card,success,2026-06-17T14:08:40+07:00,,8381
246,281,debit_card,success,2026-09-11T10:34:53+07:00,,5423
247,282,credit_card,success,2026-05-12T21:20:42+07:00,,13485
248,283,TrueMoney,success,2026-07-31T01:33:49+07:00,,13704
249,284,credit_card,success,2026-11-12T20:54:56+07:00,,10392
250,285,credit_card,success,2026-03-18T14:55:00+07:00,,12892
251,286,TrueMoney,success,2026-08-23T20:40:27+07:00,,8055
252,287,PromptPay,success,2026-10-26T02:14:13+07:00,,23516
253,288,debit_card,success,2026-12-19T17:47:37+07:00,,22252
254,289,PromptPay,success,2026-12-20T17:54:04+07:00,,5402
255,290,PromptPay,success,2026-12-06T21:11:41+07:00,,5492
256,291,credit_card,success,2026-07-07T16:52:56+07:00,,31160
257,293,TrueMoney,success,2026-12-15T00:20:15+07:00,,6190
258,295,credit_card,success,2026-08-22T07:47:58+07:00,,10735
259,296,TrueMoney,success,2026-08-18T21:36:34+07:00,,7139
260,298,debit_card,success,2026-11-04T06:14:00+07:00,,15347
261,299,PromptPay,success,2026-10-26T10:21:38+07:00,,5280
262,300,credit_card,success,2026-11-10T18:02:04+07:00,,4885
263,301,credit_card,success,2026-10-06T23:36:06+07:00,,57657
264,302,debit_card,success,2026-10-08T01:43:31+07:00,,7219
265,303,credit_card,success,2026-06-07T00:00:18+07:00,,25705
266,304,PromptPay,success,2026-09-21T22:59:05+07:00,,13778
267,305,credit_card,success,2026-05-15T00:54:12+07:00,,20285
268,306,bank_transfer,success,2026-04-15T23:06:54+07:00,,18972
269,307,PromptPay,success,2026-11-06T19:55:35+07:00,,6690
270,308,PromptPay,success,2026-12-06T18:26:26+07:00,,8190
271,309,debit_card,success,2026-09-27T21:03:30+07:00,,6216
272,310,credit_card,success,2026-06-23T18:29:15+07:00,,5354
273,311,bank_transfer,success,2026-09-21T19:03:53+07:00,,19106
274,312,TrueMoney,success,2026-12-11T23:06:33+07:00,,17666
275,313,PromptPay,success,2026-12-21T20:00:35+07:00,,6630
276,314,PromptPay,success,2026-08-20T10:07:48+07:00,,18573
277,315,PromptPay,success,2026-06-19T14:16:03+07:00,,26154
278,316,PromptPay,success,2026-10-14T17:26:40+07:00,,3377
279,317,bank_transfer,success,2026-11-17T17:55:20+07:00,,3529
280,318,debit_card,success,2026-12-27T17:29:39+07:00,,15577
281,319,TrueMoney,success,2026-12-27T19:32:23+07:00,,6178
282,320,credit_card,success,2026-09-16T22:44:15+07:00,,19953
283,321,credit_card,success,2026-08-09T00:52:22+07:00,,10896
284,322,credit_card,failed,2026-10-21T23:06:01+07:00,card_declined,5252
285,323,TrueMoney,success,2026-06-30T13:29:46+07:00,,39620
286,325,debit_card,success,2026-05-28T14:04:10+07:00,,16063
287,326,credit_card,success,2026-06-23T15:06:50+07:00,,23285
288,327,PromptPay,success,2026-05-22T17:28:50+07:00,,14930
289,328,GrabPay,success,2026-11-03T01:00:30+07:00,,5537
290,329,credit_card,success,2026-08-26T16:56:15+07:00,,8103
291,330,PromptPay,success,2026-09-25T13:47:25+07:00,,15116
292,331,debit_card,success,2026-05-28T12:02:43+07:00,,17690
293,332,GrabPay,success,2026-06-11T23:00:03+07:00,,10734
294,333,PromptPay,success,2026-07-30T18:56:56+07:00,,6688
295,334,credit_card,success,2026-03-31T10:38:10+07:00,,6097
296,335,credit_card,success,2026-09-09T07:59:06+07:00,,41227
297,336,PromptPay,success,2026-11-06T12:31:37+07:00,,3879
298,337,ShopeePay,success,2026-09-30T23:05:45+07:00,,35988
299,338,GrabPay,success,2026-07-24T23:23:16+07:00,,21599
300,339,credit_card,success,2026-10-21T10:27:27+07:00,,13577
301,340,credit_card,success,2026-11-13T13:09:15+07:00,,16983
302,341,PromptPay,success,2026-05-07T18:34:08+07:00,,3363
303,342,bank_transfer,success,2026-05-17T11:31:01+07:00,,6030
304,343,GrabPay,success,2026-08-22T16:25:07+07:00,,15104
305,344,TrueMoney,success,2026-10-10T00:38:35+07:00,,15549
306,345,credit_card,success,2026-02-04T14:53:31+07:00,,11106
307,346,GrabPay,success,2026-06-03T18:35:23+07:00,,16079
308,347,PromptPay,success,2026-06-26T19:35:30+07:00,,5352
309,348,PromptPay,success,2026-11-23T23:02:51+07:00,,15201
310,349,PromptPay,success,2026-09-25T20:34:49+07:00,,17865
311,350,debit_card,success,2026-01-24T20:20:08+07:00,,16375
312,351,debit_card,success,2026-11-12T23:10:44+07:00,,22620
313,352,GrabPay,success,2026-12-09T22:10:37+07:00,,6060
314,353,credit_card,success,2026-12-08T15:09:28+07:00,,31650
315,354,credit_card,success,2026-07-04T17:54:05+07:00,,6353
316,355,credit_card,success,2026-01-31T17:00:53+07:00,,18241
317,356,TrueMoney,success,2026-02-18T21:01:24+07:00,,45080
318,357,PromptPay,success,2026-12-24T22:28:12+07:00,,4400
319,359,PromptPay,success,2026-10-02T13:14:09+07:00,,5009
320,360,TrueMoney,success,2026-12-17T08:24:41+07:00,,7238
321,361,PromptPay,success,2026-09-21T22:07:17+07:00,,10463
322,362,PromptPay,success,2026-05-30T22:14:47+07:00,,8654
323,363,PromptPay,success,2026-08-22T23:21:08+07:00,,4180
324,364,credit_card,success,2026-07-15T17:15:17+07:00,,15184
325,365,PromptPay,success,2026-09-18T12:15:01+07:00,,5670
326,366,TrueMoney,success,2026-11-17T18:12:12+07:00,,12293
327,367,TrueMoney,success,2026-09-09T14:58:14+07:00,,33995
328,368,credit_card,success,2026-10-07T19:23:31+07:00,,12616
329,369,TrueMoney,success,2026-08-22T15:39:23+07:00,,16771
330,370,credit_card,success,2026-09-29T21:04:07+07:00,,34917
331,371,credit_card,success,2026-09-15T07:41:44+07:00,,13018
332,372,PromptPay,success,2026-12-10T16:07:59+07:00,,5260
333,373,PromptPay,success,2026-03-13T21:10:49+07:00,,30084
334,374,TrueMoney,success,2026-04-22T20:56:40+07:00,,35133
335,375,PromptPay,success,2026-12-05T19:03:34+07:00,,18237
336,376,TrueMoney,success,2026-10-17T14:58:02+07:00,,9941
337,377,PromptPay,success,2026-06-08T19:47:27+07:00,,7901
338,378,TrueMoney,success,2026-09-06T19:17:42+07:00,,23957
339,379,debit_card,success,2026-09-07T17:48:02+07:00,,20071
340,380,PromptPay,success,2026-10-22T15:05:06+07:00,,7199
341,381,credit_card,success,2026-10-28T12:09:29+07:00,,18079
342,382,credit_card,success,2026-03-29T13:00:13+07:00,,4202
343,383,debit_card,success,2026-05-12T07:58:46+07:00,,6706
344,384,PromptPay,success,2026-04-15T00:58:07+07:00,,8581
345,385,ShopeePay,success,2026-09-10T09:10:57+07:00,,3813
346,386,bank_transfer,success,2026-10-08T15:03:10+07:00,,7227
347,387,PromptPay,success,2026-07-04T17:43:22+07:00,,25207
348,388,GrabPay,success,2026-09-08T10:01:05+07:00,,10209
349,389,PromptPay,success,2026-06-17T23:56:52+07:00,,10510
350,390,PromptPay,success,2026-03-17T20:26:25+07:00,,18544
351,391,credit_card,success,2026-03-24T11:51:48+07:00,,8007
352,392,credit_card,success,2026-03-12T16:35:19+07:00,,8406
353,393,credit_card,success,2026-09-11T21:29:59+07:00,,13208
354,394,PromptPay,success,2026-10-07T23:37:18+07:00,,8798
355,395,debit_card,failed,2026-10-08T13:17:45+07:00,card_declined,7298
356,396,debit_card,success,2026-12-18T01:19:41+07:00,,13818
357,397,credit_card,success,2026-10-24T18:05:52+07:00,,13335
358,399,PromptPay,success,2026-03-30T00:23:47+07:00,,19112
359,400,debit_card,failed,2026-10-17T21:07:49+07:00,card_declined,17284
360,403,PromptPay,success,2026-12-18T20:57:37+07:00,,17741
361,404,PromptPay,success,2026-10-25T12:38:13+07:00,,2867
362,405,debit_card,success,2026-02-06T20:14:50+07:00,,5116
363,406,TrueMoney,success,2026-04-23T18:20:49+07:00,,10019
364,407,TrueMoney,success,2026-11-10T20:11:03+07:00,,6464
365,408,credit_card,success,2026-04-16T11:19:48+07:00,,9093
366,409,credit_card,success,2026-12-08T02:03:52+07:00,,9078
367,410,ShopeePay,success,2026-12-13T19:53:48+07:00,,8698
368,411,PromptPay,success,2026-12-23T08:56:43+07:00,,7079
369,412,PromptPay,success,2026-09-25T22:08:11+07:00,,30272
370,413,credit_card,success,2026-11-24T12:30:15+07:00,,9937
371,414,credit_card,success,2026-03-23T15:44:56+07:00,,7512
372,416,debit_card,success,2026-12-21T14:56:25+07:00,,16755
373,417,ShopeePay,success,2026-11-07T14:50:05+07:00,,34832
374,418,credit_card,success,2026-07-17T21:41:40+07:00,,22374
375,419,credit_card,success,2026-02-25T00:11:44+07:00,,7099
376,420,debit_card,success,2026-12-03T00:59:25+07:00,,27496
377,421,PromptPay,success,2026-11-30T16:48:09+07:00,,11806
378,422,GrabPay,failed,2026-11-09T00:12:59+07:00,user_cancelled,6092
379,423,credit_card,success,2026-05-29T00:14:54+07:00,,40024
380,424,PromptPay,success,2026-04-29T17:48:36+07:00,,15586
381,425,GrabPay,success,2026-06-30T08:39:32+07:00,,13319
382,426,credit_card,success,2026-10-17T13:43:50+07:00,,30757
383,427,PromptPay,success,2026-11-12T01:27:25+07:00,,11812
384,428,debit_card,success,2026-10-01T03:32:43+07:00,,32526
385,429,PromptPay,success,2026-07-24T20:54:56+07:00,,13579
386,430,GrabPay,success,2026-08-19T21:42:46+07:00,,7564
387,431,credit_card,success,2026-11-16T21:23:31+07:00,,17624
388,432,credit_card,success,2026-10-13T21:40:43+07:00,,70434
389,433,PromptPay,success,2026-05-21T19:04:53+07:00,,21282
390,434,PromptPay,success,2026-02-26T18:18:24+07:00,,16194
391,435,PromptPay,success,2026-05-04T01:13:45+07:00,,15731
392,436,debit_card,success,2026-08-27T02:50:25+07:00,,14536
393,437,PromptPay,success,2026-09-10T16:21:44+07:00,,13844
394,438,credit_card,success,2026-10-05T13:40:34+07:00,,56542
395,439,credit_card,success,2026-11-29T09:00:24+07:00,,7534
396,440,PromptPay,success,2026-04-18T11:05:33+07:00,,14247
397,441,PromptPay,success,2026-11-09T13:40:57+07:00,,7281
398,442,PromptPay,success,2026-08-28T16:26:30+07:00,,8759
399,443,PromptPay,success,2026-04-07T01:45:10+07:00,,15099
400,444,credit_card,success,2026-08-06T19:35:39+07:00,,22836
401,445,debit_card,success,2026-04-13T20:55:47+07:00,,16636
402,446,PromptPay,failed,2026-06-13T18:25:57+07:00,card_declined,16160
403,447,debit_card,success,2026-06-24T17:56:11+07:00,,9923
404,448,GrabPay,success,2026-07-04T12:33:13+07:00,,31565
405,449,credit_card,success,2026-09-26T15:10:11+07:00,,16343
406,450,PromptPay,success,2026-11-17T20:18:04+07:00,,46476
407,452,PromptPay,success,2026-05-07T13:27:26+07:00,,5694
408,453,PromptPay,failed,2026-10-08T23:14:05+07:00,gateway_timeout,20978
409,454,PromptPay,success,2026-08-13T22:30:09+07:00,,20772
410,455,credit_card,success,2026-05-10T08:30:11+07:00,,4401
411,456,credit_card,success,2026-05-10T13:47:07+07:00,,10354
412,458,PromptPay,success,2026-12-31T10:14:37+07:00,,6579
413,459,credit_card,success,2026-08-21T00:50:45+07:00,,4260
414,461,bank_transfer,success,2026-07-22T17:45:27+07:00,,20646
415,462,PromptPay,failed,2026-06-10T23:17:26+07:00,gateway_timeout,5233
416,463,debit_card,success,2026-06-13T15:16:23+07:00,,3847
417,464,credit_card,success,2026-08-15T14:15:55+07:00,,11234
418,465,bank_transfer,success,2026-08-26T14:13:11+07:00,,7861
419,466,credit_card,success,2026-08-25T11:23:20+07:00,,6321
420,468,PromptPay,success,2026-08-20T05:55:21+07:00,,17172
421,470,PromptPay,success,2026-05-28T20:23:53+07:00,,9640
422,471,credit_card,success,2026-12-29T01:40:03+07:00,,12087
423,472,PromptPay,success,2026-10-14T17:42:41+07:00,,14076
424,474,PromptPay,success,2026-04-25T17:33:14+07:00,,23693
425,475,debit_card,failed,2026-07-06T18:33:17+07:00,insufficient_funds,5021
426,477,credit_card,success,2026-08-20T12:50:14+07:00,,27345
427,478,credit_card,success,2026-09-05T11:17:58+07:00,,4890
428,479,debit_card,success,2026-09-12T00:31:06+07:00,,13104
429,480,PromptPay,success,2026-12-06T01:26:41+07:00,,10965
430,481,PromptPay,success,2026-12-18T10:36:36+07:00,,10504
431,482,credit_card,success,2026-07-28T19:04:52+07:00,,15368
432,483,PromptPay,success,2026-07-02T10:18:36+07:00,,37346
433,484,debit_card,success,2026-11-03T20:08:09+07:00,,17146
434,486,PromptPay,success,2026-11-25T02:03:41+07:00,,3800
435,487,debit_card,success,2026-06-23T11:22:28+07:00,,9237
436,488,TrueMoney,failed,2026-06-22T20:17:02+07:00,card_declined,4180
437,489,debit_card,success,2026-09-15T22:26:04+07:00,,36763
438,490,ShopeePay,success,2026-10-27T15:24:52+07:00,,6154
439,491,credit_card,success,2026-04-09T19:21:33+07:00,,11902
440,492,debit_card,success,2026-07-12T11:03:26+07:00,,11903
441,493,debit_card,success,2026-11-24T16:55:27+07:00,,21884
442,494,PromptPay,success,2026-04-29T17:09:37+07:00,,7306
443,495,GrabPay,success,2026-06-07T07:22:21+07:00,,5537
444,496,credit_card,failed,2026-07-18T02:57:23+07:00,user_cancelled,6388
445,497,PromptPay,success,2026-04-21T19:29:19+07:00,,24830
446,498,credit_card,success,2026-12-15T19:34:14+07:00,,36649
447,499,PromptPay,success,2026-07-24T19:03:29+07:00,,9892
448,500,credit_card,success,2026-07-31T21:39:41+07:00,,19244
449,501,credit_card,success,2026-10-28T07:15:43+07:00,,32405
450,502,debit_card,success,2026-11-07T08:48:27+07:00,,9388
451,503,debit_card,success,2026-07-30T17:33:48+07:00,,6047
452,504,credit_card,success,2026-08-11T15:46:04+07:00,,5631
453,505,debit_card,success,2026-10-07T22:13:49+07:00,,18767
454,506,credit_card,failed,2026-10-14T17:43:11+07:00,user_cancelled,16966
455,507,TrueMoney,success,2026-12-20T22:25:52+07:00,,39399
456,508,bank_transfer,success,2026-12-30T09:14:49+07:00,,5464
457,509,PromptPay,success,2026-12-31T23:11:17+07:00,,5949
458,510,debit_card,success,2026-09-06T21:22:54+07:00,,21187
459,511,TrueMoney,success,2026-09-27T20:46:52+07:00,,5543
460,512,credit_card,success,2026-10-01T08:54:54+07:00,,30797
461,513,PromptPay,success,2026-11-25T09:27:36+07:00,,61112
462,514,TrueMoney,success,2026-11-18T23:59:04+07:00,,5386
463,515,credit_card,success,2026-11-28T07:55:42+07:00,,39966
464,516,TrueMoney,success,2026-04-28T13:23:57+07:00,,19569
465,517,PromptPay,success,2026-06-02T22:00:40+07:00,,16522
466,518,credit_card,success,2026-08-04T20:07:55+07:00,,17405
467,520,PromptPay,success,2026-11-11T00:16:44+07:00,,61662
468,522,PromptPay,success,2026-03-30T14:10:44+07:00,,7144
469,523,PromptPay,failed,2026-09-20T20:38:19+07:00,card_declined,8064
470,524,credit_card,success,2026-03-12T02:21:10+07:00,,12084
471,525,debit_card,success,2026-10-14T19:30:30+07:00,,43376
472,526,GrabPay,success,2026-06-27T11:28:44+07:00,,23424
473,527,bank_transfer,success,2026-03-15T12:00:45+07:00,,16589
474,528,credit_card,success,2026-10-21T12:45:46+07:00,,5118
475,529,debit_card,success,2026-09-09T13:28:45+07:00,,13751
476,531,debit_card,success,2026-09-09T11:27:51+07:00,,14281
477,533,credit_card,success,2026-10-23T08:29:31+07:00,,16182
478,534,credit_card,success,2026-08-27T15:39:46+07:00,,16003
479,535,credit_card,success,2026-10-24T13:05:09+07:00,,14389
480,536,PromptPay,success,2026-02-07T06:07:49+07:00,,3773
481,537,credit_card,success,2026-11-07T20:43:58+07:00,,6305
482,538,PromptPay,success,2026-09-27T12:28:10+07:00,,15773
483,539,ShopeePay,success,2026-07-04T07:00:31+07:00,,28820
484,540,ShopeePay,success,2026-12-13T07:32:11+07:00,,3399
485,541,PromptPay,success,2026-11-26T10:48:38+07:00,,5560
486,542,credit_card,success,2026-11-22T13:01:03+07:00,,13994
487,544,debit_card,success,2026-10-16T18:27:09+07:00,,14615
488,546,PromptPay,success,2026-05-19T19:18:49+07:00,,37910
489,547,credit_card,success,2026-07-17T22:55:07+07:00,,6902
490,549,PromptPay,success,2026-09-06T10:37:31+07:00,,46427
491,550,credit_card,success,2026-02-20T20:40:54+07:00,,6720
492,551,credit_card,success,2026-08-20T21:49:12+07:00,,10227
493,552,PromptPay,success,2026-09-08T22:49:28+07:00,,15302
494,553,credit_card,success,2026-10-05T20:51:47+07:00,,7758
495,554,debit_card,success,2026-03-15T08:29:31+07:00,,12488
496,555,bank_transfer,success,2026-03-16T13:57:56+07:00,,12776
497,556,bank_transfer,success,2026-03-19T02:24:18+07:00,,8983
498,557,PromptPay,success,2026-09-04T01:54:36+07:00,,24806
499,558,credit_card,success,2026-09-24T08:24:38+07:00,,10384
500,559,TrueMoney,success,2026-11-03T17:14:49+07:00,,7888
501,560,PromptPay,success,2026-08-29T20:14:00+07:00,,11720
502,561,PromptPay,success,2026-08-11T21:52:09+07:00,,23465
503,562,debit_card,success,2026-05-01T19:00:28+07:00,,18813
504,563,PromptPay,failed,2026-12-18T23:08:52+07:00,gateway_timeout,10994
505,564,PromptPay,success,2026-05-14T13:24:25+07:00,,6476
506,565,PromptPay,success,2026-10-09T08:39:39+07:00,,18456
507,566,PromptPay,success,2026-05-19T17:40:15+07:00,,5099
508,568,debit_card,success,2026-11-10T01:34:48+07:00,,11972
509,569,PromptPay,success,2026-09-19T12:14:31+07:00,,18663
510,570,PromptPay,success,2026-09-22T15:39:31+07:00,,16189
511,571,ShopeePay,success,2026-08-13T21:14:41+07:00,,26928
512,572,credit_card,success,2026-11-21T14:55:21+07:00,,3202
513,573,debit_card,success,2026-05-23T21:04:01+07:00,,17923
514,574,PromptPay,success,2026-06-18T17:00:18+07:00,,14792
515,575,credit_card,success,2026-12-30T14:18:27+07:00,,14268
516,577,debit_card,success,2026-08-27T06:25:26+07:00,,13890
517,578,PromptPay,success,2026-05-10T10:19:10+07:00,,15568
518,579,credit_card,success,2026-06-27T20:39:01+07:00,,10519
519,580,credit_card,success,2026-11-15T13:36:40+07:00,,6990
520,581,bank_transfer,success,2026-11-08T23:38:00+07:00,,16693
521,582,PromptPay,success,2026-07-21T10:36:45+07:00,,7754
522,583,debit_card,success,2026-11-17T20:33:12+07:00,,7248
523,585,credit_card,success,2026-11-07T12:55:25+07:00,,7737
524,586,credit_card,success,2026-12-11T21:11:04+07:00,,9210
525,587,PromptPay,success,2026-10-15T18:23:28+07:00,,9227
526,588,bank_transfer,success,2026-08-01T08:05:37+07:00,,12824
527,589,PromptPay,success,2026-09-28T10:12:46+07:00,,5038
528,591,TrueMoney,success,2026-03-06T14:11:54+07:00,,20909
529,592,credit_card,success,2026-04-08T23:35:09+07:00,,15418
530,593,ShopeePay,success,2026-03-06T23:23:39+07:00,,31755
531,594,credit_card,success,2026-06-04T19:49:45+07:00,,26266
532,595,PromptPay,success,2026-10-05T11:55:50+07:00,,9104
533,596,PromptPay,failed,2026-09-30T21:44:55+07:00,bank_rejected,15631
534,597,credit_card,success,2026-12-25T00:41:00+07:00,,15347
535,598,PromptPay,success,2026-11-04T19:03:32+07:00,,26933
536,599,debit_card,failed,2026-04-26T14:36:22+07:00,user_cancelled,20168
537,600,PromptPay,success,2026-06-05T19:37:34+07:00,,7470
538,601,debit_card,success,2026-10-09T09:32:15+07:00,,25898
539,602,ShopeePay,success,2026-07-01T14:08:56+07:00,,12001
540,603,PromptPay,success,2026-07-10T18:38:33+07:00,,26200
541,604,credit_card,success,2026-07-01T00:30:08+07:00,,8151
542,605,PromptPay,success,2026-08-27T23:37:23+07:00,,20720
543,606,credit_card,success,2026-11-22T23:16:10+07:00,,38300
544,607,debit_card,success,2026-05-25T10:08:13+07:00,,28693
545,608,credit_card,success,2026-10-02T09:57:37+07:00,,12731
546,609,credit_card,failed,2026-07-19T19:37:16+07:00,card_declined,4580
547,610,PromptPay,success,2026-10-19T06:20:55+07:00,,40791
548,611,credit_card,success,2026-11-16T08:57:25+07:00,,5957
549,612,PromptPay,success,2026-08-08T16:33:11+07:00,,15221
550,613,PromptPay,success,2026-03-03T15:45:00+07:00,,11436
551,614,debit_card,failed,2026-12-21T15:43:45+07:00,card_declined,10153
552,615,debit_card,success,2026-06-20T08:24:32+07:00,,3779
553,616,PromptPay,success,2026-06-06T08:18:18+07:00,,47144
554,617,credit_card,success,2026-11-12T00:36:54+07:00,,3746
555,618,credit_card,success,2026-04-13T15:47:51+07:00,,28019
556,619,GrabPay,success,2026-10-11T23:49:26+07:00,,7589
557,621,credit_card,success,2026-10-08T22:30:45+07:00,,29159
558,622,credit_card,success,2026-11-23T07:39:43+07:00,,48856
559,623,debit_card,success,2026-04-21T00:41:06+07:00,,35292
560,625,PromptPay,success,2026-08-04T01:49:11+07:00,,5138
561,626,credit_card,success,2026-04-21T22:10:00+07:00,,5606
562,627,PromptPay,success,2026-11-26T10:49:19+07:00,,8788
563,629,PromptPay,success,2026-07-27T16:38:26+07:00,,5808
564,630,debit_card,success,2026-08-09T13:24:56+07:00,,15626
565,631,PromptPay,success,2026-04-19T21:12:08+07:00,,13682
566,632,PromptPay,success,2026-09-30T21:07:15+07:00,,13643
567,633,GrabPay,success,2026-06-09T02:23:02+07:00,,4552
568,634,bank_transfer,success,2026-04-21T19:21:46+07:00,,20565
569,635,debit_card,success,2026-07-06T19:59:41+07:00,,3927
570,636,PromptPay,success,2026-06-08T01:03:46+07:00,,26928
571,637,TrueMoney,success,2026-12-09T01:45:16+07:00,,11246
572,639,PromptPay,success,2026-12-07T13:58:54+07:00,,13732
573,640,credit_card,success,2026-12-07T00:23:16+07:00,,10583
574,641,PromptPay,success,2026-10-06T17:33:46+07:00,,6771
575,642,ShopeePay,success,2026-05-06T21:17:42+07:00,,6217
576,643,credit_card,success,2026-11-19T23:51:07+07:00,,24002
577,644,PromptPay,success,2026-08-28T14:46:47+07:00,,6171
578,645,credit_card,success,2026-09-11T09:26:50+07:00,,14101
579,646,TrueMoney,success,2026-12-14T01:32:35+07:00,,10896
580,648,ShopeePay,success,2026-11-09T10:46:51+07:00,,13620
581,649,PromptPay,success,2026-08-30T21:55:00+07:00,,44219
582,650,PromptPay,success,2026-11-15T16:03:22+07:00,,13017
583,651,bank_transfer,success,2026-09-03T08:48:19+07:00,,9686
584,652,PromptPay,success,2026-09-20T07:13:40+07:00,,7091
585,653,GrabPay,success,2026-09-25T14:15:58+07:00,,8140
586,654,credit_card,success,2026-08-12T20:21:40+07:00,,14215
587,655,credit_card,success,2026-10-03T10:11:08+07:00,,27137
588,657,credit_card,success,2026-08-18T11:16:57+07:00,,10551
589,658,PromptPay,success,2026-08-18T14:13:28+07:00,,6633
590,659,credit_card,success,2026-09-13T22:43:18+07:00,,27120
591,660,ShopeePay,success,2026-09-25T07:42:10+07:00,,27677
592,661,TrueMoney,success,2026-10-19T20:23:12+07:00,,32861
593,662,PromptPay,success,2026-04-18T20:08:09+07:00,,4651
594,663,PromptPay,success,2026-07-22T10:46:23+07:00,,6143
595,664,debit_card,success,2026-12-09T17:47:13+07:00,,19897
596,665,credit_card,success,2026-09-23T18:40:14+07:00,,13172
597,666,PromptPay,success,2026-10-29T14:17:10+07:00,,11894
598,667,credit_card,success,2026-03-19T14:10:00+07:00,,12088
599,668,PromptPay,success,2026-12-02T19:04:29+07:00,,13525
600,669,debit_card,success,2026-11-05T10:12:20+07:00,,14425
601,670,TrueMoney,success,2026-03-29T17:51:55+07:00,,9587
602,671,PromptPay,success,2026-05-28T22:29:17+07:00,,31524
603,672,ShopeePay,success,2026-10-19T16:09:07+07:00,,4344
604,673,debit_card,failed,2026-07-09T18:38:27+07:00,insufficient_funds,28198
605,674,PromptPay,success,2026-06-25T14:47:28+07:00,,6153
606,675,TrueMoney,success,2026-05-12T12:13:07+07:00,,29522
607,676,PromptPay,success,2026-11-04T14:46:17+07:00,,5333
608,677,credit_card,success,2026-12-22T23:51:43+07:00,,24520
609,678,PromptPay,success,2026-08-11T10:31:00+07:00,,55232
610,679,credit_card,success,2026-11-11T12:13:36+07:00,,15815
611,680,TrueMoney,success,2026-08-15T01:50:19+07:00,,12831
612,682,PromptPay,success,2026-04-28T05:18:18+07:00,,6606
613,683,debit_card,success,2026-09-17T18:48:19+07:00,,8335
614,684,credit_card,success,2026-06-27T23:55:20+07:00,,19163
615,685,PromptPay,success,2026-09-01T03:31:59+07:00,,5893
616,686,PromptPay,success,2026-08-18T10:28:17+07:00,,16548
617,687,GrabPay,success,2026-09-24T16:33:44+07:00,,10948
618,689,TrueMoney,failed,2026-04-14T12:36:18+07:00,insufficient_funds,32880
619,690,GrabPay,success,2026-10-24T19:01:17+07:00,,11752
620,691,credit_card,success,2026-07-18T16:27:03+07:00,,15656
621,692,PromptPay,success,2026-10-06T20:08:49+07:00,,6957
622,693,TrueMoney,success,2026-09-22T20:09:09+07:00,,22093
623,694,PromptPay,success,2026-12-05T17:48:32+07:00,,15167
624,695,TrueMoney,success,2026-11-30T15:14:13+07:00,,2816
625,696,credit_card,success,2026-12-26T23:37:52+07:00,,3251
626,697,credit_card,success,2026-12-09T20:19:15+07:00,,15203
627,698,PromptPay,success,2026-03-06T22:16:57+07:00,,12357
628,699,PromptPay,success,2026-07-08T18:49:00+07:00,,14003
629,701,PromptPay,success,2026-08-08T13:43:17+07:00,,27387
630,702,PromptPay,success,2026-07-14T13:55:37+07:00,,19113
631,703,TrueMoney,success,2026-07-31T14:00:24+07:00,,17428
632,704,PromptPay,success,2026-11-28T18:16:52+07:00,,38427
633,705,credit_card,success,2026-11-17T18:52:16+07:00,,4667
634,706,PromptPay,success,2026-10-18T00:59:52+07:00,,23036
635,707,ShopeePay,success,2026-10-21T22:59:56+07:00,,11202
636,709,debit_card,success,2026-06-04T15:01:44+07:00,,7623
637,710,TrueMoney,success,2026-04-11T12:42:16+07:00,,29129
638,711,PromptPay,success,2026-08-14T01:03:54+07:00,,18109
639,712,TrueMoney,success,2026-11-15T13:00:41+07:00,,47261
640,713,PromptPay,success,2026-12-08T12:30:30+07:00,,12950
641,714,PromptPay,success,2026-12-10T17:47:51+07:00,,5830
642,715,TrueMoney,success,2026-12-19T16:04:45+07:00,,8486
643,716,debit_card,success,2026-10-18T20:46:33+07:00,,5527
644,717,debit_card,success,2026-04-11T16:10:18+07:00,,11882
645,719,debit_card,success,2026-05-17T15:44:07+07:00,,19298
646,720,PromptPay,success,2026-07-19T09:48:46+07:00,,11984
647,721,PromptPay,success,2026-07-23T16:25:10+07:00,,15247
648,722,TrueMoney,success,2026-07-03T10:53:47+07:00,,20378
649,723,bank_transfer,success,2026-09-28T17:56:09+07:00,,9179
650,724,ShopeePay,success,2026-10-21T12:08:35+07:00,,17145
651,725,PromptPay,success,2026-12-02T21:16:50+07:00,,12485
652,726,GrabPay,success,2026-11-19T14:02:27+07:00,,8113
653,728,PromptPay,success,2026-11-14T11:43:44+07:00,,12888
654,729,PromptPay,success,2026-10-20T06:29:48+07:00,,7955
655,730,PromptPay,success,2026-05-26T22:34:48+07:00,,38323
656,731,PromptPay,success,2026-08-21T01:36:46+07:00,,14521
657,732,credit_card,success,2026-08-26T16:29:11+07:00,,25977
658,733,debit_card,success,2026-11-18T08:49:03+07:00,,7330
659,734,PromptPay,success,2026-02-19T17:23:36+07:00,,12850
660,736,debit_card,success,2026-04-07T14:24:26+07:00,,8837
661,737,credit_card,success,2026-03-13T20:24:53+07:00,,16041
662,738,credit_card,success,2026-04-06T20:04:11+07:00,,13570
663,739,PromptPay,success,2026-12-28T18:18:03+07:00,,3977
664,740,PromptPay,success,2026-01-31T18:57:13+07:00,,9216
665,741,PromptPay,success,2026-10-12T07:40:46+07:00,,6487
666,742,credit_card,success,2026-05-01T11:42:28+07:00,,6768
667,743,ShopeePay,success,2026-04-04T21:36:32+07:00,,5026
668,744,credit_card,success,2026-10-10T10:10:38+07:00,,6825
669,745,credit_card,success,2026-08-08T15:16:23+07:00,,13644
670,746,credit_card,success,2026-11-08T07:28:14+07:00,,30987
671,747,debit_card,success,2026-02-27T19:45:29+07:00,,7875
672,748,credit_card,success,2026-03-09T19:39:29+07:00,,6676
673,750,PromptPay,failed,2026-11-04T22:07:33+07:00,gateway_timeout,10091
674,751,PromptPay,success,2026-09-18T09:53:28+07:00,,31755
675,752,PromptPay,success,2026-10-19T02:09:36+07:00,,4506
676,753,PromptPay,success,2026-04-30T13:06:22+07:00,,5166
677,754,credit_card,success,2026-09-03T05:21:37+07:00,,30210
678,755,credit_card,success,2026-12-12T02:00:06+07:00,,8578
679,756,PromptPay,success,2026-06-09T08:42:33+07:00,,12211
680,757,GrabPay,success,2026-11-09T10:13:29+07:00,,4961
681,758,PromptPay,success,2026-12-26T15:27:20+07:00,,18952
682,759,credit_card,success,2026-09-30T09:47:56+07:00,,3751
683,760,credit_card,success,2026-10-11T19:06:50+07:00,,7829
684,761,credit_card,success,2026-10-24T09:38:59+07:00,,11632
685,762,TrueMoney,success,2026-11-26T01:00:37+07:00,,8950
686,763,debit_card,failed,2026-07-22T13:18:44+07:00,user_cancelled,7388
687,764,PromptPay,success,2026-10-27T18:23:14+07:00,,23072
688,765,debit_card,success,2026-12-16T19:52:29+07:00,,13502
689,766,TrueMoney,success,2026-02-21T23:01:21+07:00,,6748
690,767,GrabPay,success,2026-04-13T21:04:26+07:00,,7357
691,768,credit_card,success,2026-07-07T08:08:50+07:00,,7868
692,769,PromptPay,success,2026-09-19T10:17:16+07:00,,19820
693,770,PromptPay,success,2026-03-30T23:53:55+07:00,,5150
694,771,credit_card,success,2026-06-12T18:33:14+07:00,,14077
695,772,PromptPay,success,2026-08-06T02:24:16+07:00,,31524
696,773,credit_card,success,2026-11-04T14:05:57+07:00,,6020
697,774,PromptPay,success,2026-08-21T03:27:58+07:00,,5380
698,775,credit_card,success,2026-09-08T00:22:23+07:00,,5986
699,776,GrabPay,success,2026-07-16T23:39:20+07:00,,18172
700,777,TrueMoney,success,2026-05-09T17:42:36+07:00,,17894
701,778,credit_card,success,2026-08-25T01:43:36+07:00,,8973
702,779,PromptPay,success,2026-10-25T14:21:44+07:00,,11305
703,780,PromptPay,success,2026-11-26T13:15:30+07:00,,19728
704,781,PromptPay,success,2026-10-18T12:21:19+07:00,,26402
705,782,PromptPay,success,2026-07-19T18:23:12+07:00,,5467
706,783,TrueMoney,success,2026-07-31T12:50:35+07:00,,30325
707,784,debit_card,success,2026-04-09T19:19:36+07:00,,26330
708,785,bank_transfer,failed,2026-08-13T23:49:20+07:00,card_declined,31301
709,786,PromptPay,success,2026-08-26T09:49:34+07:00,,9595
710,787,PromptPay,success,2026-03-19T22:59:22+07:00,,7714
711,788,PromptPay,success,2026-06-02T15:30:44+07:00,,8305
712,789,credit_card,success,2026-07-17T22:39:18+07:00,,16627
713,790,PromptPay,success,2026-06-24T14:30:18+07:00,,4744
714,791,PromptPay,success,2026-06-25T10:19:54+07:00,,9146
715,792,credit_card,success,2026-06-29T12:09:14+07:00,,19050
716,794,PromptPay,success,2026-07-16T14:06:22+07:00,,20027
717,795,PromptPay,success,2026-10-30T20:46:18+07:00,,24623
718,796,PromptPay,success,2026-12-08T08:17:09+07:00,,18961
719,797,PromptPay,success,2026-11-05T19:13:48+07:00,,6121
720,798,bank_transfer,success,2026-08-06T23:08:36+07:00,,5276
721,799,PromptPay,failed,2026-10-04T23:16:45+07:00,gateway_timeout,7022
722,802,ShopeePay,success,2026-05-28T20:09:08+07:00,,7810
723,803,PromptPay,success,2026-06-26T11:38:56+07:00,,7169
724,804,GrabPay,success,2026-03-05T00:33:48+07:00,,19891
725,805,credit_card,success,2026-07-27T09:22:57+07:00,,7866
726,806,credit_card,success,2026-08-05T16:31:24+07:00,,19215
727,807,GrabPay,success,2026-08-22T23:27:54+07:00,,9852
728,809,bank_transfer,success,2026-12-21T09:37:45+07:00,,42022
729,810,credit_card,success,2026-12-09T20:56:29+07:00,,10386
730,811,debit_card,success,2026-09-20T13:28:51+07:00,,3045
731,812,credit_card,failed,2026-08-28T21:26:27+07:00,card_declined,4648
732,813,GrabPay,success,2026-10-03T04:44:52+07:00,,11444
733,814,debit_card,success,2026-04-07T10:06:11+07:00,,26586
734,816,debit_card,success,2026-12-07T10:30:07+07:00,,12517
735,817,credit_card,success,2026-07-13T19:13:17+07:00,,23435
736,818,PromptPay,success,2026-08-16T02:12:18+07:00,,14327
737,819,credit_card,success,2026-10-16T15:07:42+07:00,,10100
738,820,TrueMoney,success,2026-10-19T11:42:43+07:00,,7446
739,823,PromptPay,success,2026-11-16T20:50:51+07:00,,17101
740,824,credit_card,success,2026-09-11T22:44:23+07:00,,4523
741,825,debit_card,success,2026-08-14T05:16:46+07:00,,16819
742,826,TrueMoney,success,2026-12-21T15:45:37+07:00,,21638
743,827,PromptPay,success,2026-02-23T12:59:11+07:00,,4432
744,828,credit_card,success,2026-08-03T09:33:15+07:00,,9888
745,829,debit_card,success,2026-12-19T00:04:37+07:00,,4927
746,830,PromptPay,success,2026-11-24T10:31:42+07:00,,7952
747,831,PromptPay,success,2026-04-17T22:20:15+07:00,,29824
748,833,credit_card,success,2026-10-27T14:42:35+07:00,,20605
749,835,credit_card,success,2026-03-15T07:12:12+07:00,,6139
750,836,PromptPay,success,2026-09-20T02:03:07+07:00,,10242
751,837,TrueMoney,success,2026-05-09T12:04:53+07:00,,15759
752,838,bank_transfer,success,2026-05-20T18:58:55+07:00,,14980
753,839,bank_transfer,success,2026-12-04T09:00:59+07:00,,34807
754,840,TrueMoney,success,2026-04-22T14:17:12+07:00,,34187
755,841,credit_card,success,2026-05-07T01:51:08+07:00,,21616
756,842,TrueMoney,success,2026-10-14T19:31:27+07:00,,8219
757,843,GrabPay,success,2026-05-01T15:25:34+07:00,,23180
758,844,PromptPay,success,2026-08-27T10:36:50+07:00,,3201
759,845,ShopeePay,success,2026-04-20T02:11:05+07:00,,4772
760,846,PromptPay,success,2026-08-10T21:30:16+07:00,,13088
761,847,TrueMoney,success,2026-06-04T17:59:47+07:00,,19425
762,848,credit_card,success,2026-07-07T14:25:11+07:00,,11610
763,849,ShopeePay,success,2026-09-02T18:53:46+07:00,,26521
764,850,bank_transfer,failed,2026-04-27T18:08:03+07:00,user_cancelled,27031
765,851,credit_card,success,2026-03-31T07:29:03+07:00,,25269
766,853,debit_card,success,2026-10-10T22:19:01+07:00,,5912
767,854,credit_card,failed,2026-11-30T11:26:50+07:00,otp_timeout,9046
768,855,debit_card,success,2026-05-11T09:54:25+07:00,,5012
769,858,bank_transfer,success,2026-12-08T00:12:32+07:00,,10513
770,859,credit_card,success,2026-08-16T12:43:02+07:00,,9085
771,860,bank_transfer,success,2026-05-05T14:29:19+07:00,,34867
772,861,PromptPay,success,2026-08-08T19:08:17+07:00,,9170
773,862,credit_card,success,2026-12-15T12:29:31+07:00,,17285
774,863,credit_card,success,2026-10-03T12:42:44+07:00,,13047
775,864,credit_card,success,2026-10-16T15:04:27+07:00,,7797
776,865,credit_card,success,2026-12-14T17:00:48+07:00,,5133
777,866,ShopeePay,success,2026-07-21T12:00:47+07:00,,13357
778,867,credit_card,success,2026-12-18T07:48:39+07:00,,6144
779,868,debit_card,success,2026-12-20T09:08:54+07:00,,23240
780,869,PromptPay,success,2026-07-08T16:01:08+07:00,,24603
781,870,PromptPay,success,2026-09-19T20:55:42+07:00,,11287
782,871,TrueMoney,success,2026-09-22T01:34:34+07:00,,11009
783,873,credit_card,success,2026-04-22T22:49:23+07:00,,11816
784,874,TrueMoney,success,2026-06-17T16:59:00+07:00,,13765
785,875,credit_card,failed,2026-07-05T00:35:25+07:00,card_declined,12780
786,876,PromptPay,success,2026-09-02T18:06:28+07:00,,6207
787,877,credit_card,success,2026-10-06T15:18:55+07:00,,15667
788,878,PromptPay,success,2026-10-13T09:54:14+07:00,,23142
789,879,PromptPay,success,2026-11-11T17:35:56+07:00,,8590
790,880,credit_card,success,2026-12-14T15:07:42+07:00,,10611
791,881,debit_card,success,2026-05-03T17:53:09+07:00,,15845
792,882,TrueMoney,success,2026-08-12T17:57:45+07:00,,21810
793,883,PromptPay,failed,2026-12-12T00:28:09+07:00,gateway_timeout,22684
794,884,debit_card,success,2026-04-21T10:47:03+07:00,,5990
795,885,PromptPay,success,2026-03-11T16:07:17+07:00,,9244
796,886,debit_card,success,2026-08-13T17:45:05+07:00,,11915
797,889,PromptPay,failed,2026-07-16T17:04:13+07:00,otp_timeout,11741
798,890,PromptPay,success,2026-07-26T16:01:06+07:00,,5440
799,891,debit_card,success,2026-12-24T11:54:03+07:00,,44055
800,892,PromptPay,failed,2026-12-03T16:34:05+07:00,otp_timeout,32391
801,893,credit_card,success,2026-12-10T01:40:30+07:00,,8385
802,894,debit_card,success,2026-12-04T13:36:56+07:00,,23414
803,895,debit_card,success,2026-07-17T20:49:52+07:00,,8374
804,896,credit_card,success,2026-12-06T00:23:51+07:00,,39284
805,897,credit_card,success,2026-09-24T20:34:12+07:00,,3824
806,898,PromptPay,success,2026-11-10T21:30:12+07:00,,6070
807,899,PromptPay,success,2026-11-18T20:54:54+07:00,,4324
808,900,credit_card,success,2026-03-11T00:09:37+07:00,,55736
809,901,credit_card,success,2026-03-28T21:19:25+07:00,,10982
810,902,debit_card,success,2026-09-02T12:30:06+07:00,,16910
811,903,PromptPay,success,2026-04-16T22:27:55+07:00,,11764
812,904,PromptPay,success,2026-12-08T12:09:15+07:00,,4110
813,905,PromptPay,success,2026-08-03T14:20:43+07:00,,4837
814,906,PromptPay,success,2026-11-07T16:41:05+07:00,,12376
815,907,credit_card,success,2026-12-19T19:57:54+07:00,,3402
816,908,TrueMoney,success,2026-09-23T07:08:17+07:00,,16184
817,909,credit_card,success,2026-12-09T21:11:22+07:00,,9608
818,910,credit_card,success,2026-12-27T16:46:41+07:00,,4726
819,911,debit_card,success,2026-11-07T14:07:32+07:00,,13318
820,912,credit_card,success,2026-08-31T14:06:59+07:00,,21855
821,913,bank_transfer,success,2026-10-12T20:35:05+07:00,,5653
822,914,debit_card,success,2026-09-25T16:12:17+07:00,,7623
823,916,credit_card,success,2026-09-20T09:21:02+07:00,,4742
824,917,PromptPay,success,2026-12-07T06:09:29+07:00,,4429
825,918,credit_card,success,2026-12-12T02:11:18+07:00,,6571
826,919,PromptPay,success,2026-11-06T22:17:18+07:00,,33563
827,920,PromptPay,success,2026-12-08T19:16:25+07:00,,14783
828,921,debit_card,success,2026-10-18T19:25:45+07:00,,29639
829,922,TrueMoney,failed,2026-11-07T12:49:39+07:00,insufficient_funds,3752
830,923,PromptPay,failed,2026-11-19T20:29:47+07:00,user_cancelled,29657
831,925,bank_transfer,success,2026-03-31T12:07:13+07:00,,36578
832,926,ShopeePay,success,2026-11-11T16:30:46+07:00,,7454
833,927,PromptPay,success,2026-08-17T10:03:37+07:00,,18079
834,928,bank_transfer,success,2026-09-09T00:16:18+07:00,,36152
835,929,credit_card,success,2026-10-16T03:21:58+07:00,,12979
836,930,credit_card,success,2026-11-29T01:27:38+07:00,,11870
837,931,GrabPay,success,2026-09-27T19:27:14+07:00,,32931
838,932,PromptPay,success,2026-12-20T13:11:27+07:00,,8870
839,933,credit_card,success,2026-06-12T01:01:17+07:00,,3781
840,935,credit_card,success,2026-06-26T21:07:15+07:00,,4319
841,936,PromptPay,success,2026-09-23T08:58:28+07:00,,32223
842,937,credit_card,success,2026-09-09T00:17:15+07:00,,5222
843,938,debit_card,success,2026-07-03T13:56:20+07:00,,7573
844,939,credit_card,success,2026-10-06T20:45:20+07:00,,23958
845,941,PromptPay,success,2026-09-30T14:29:25+07:00,,16312
846,942,PromptPay,success,2026-07-30T16:02:03+07:00,,13332
847,943,GrabPay,success,2026-08-13T16:05:12+07:00,,13758
848,944,PromptPay,success,2026-11-20T01:07:35+07:00,,17028
849,945,credit_card,success,2026-10-28T00:47:29+07:00,,26039
850,946,credit_card,success,2026-05-08T12:39:00+07:00,,7028
851,947,GrabPay,success,2026-06-04T14:23:08+07:00,,47072
852,951,debit_card,success,2026-09-08T13:06:27+07:00,,2247
853,952,GrabPay,success,2026-05-28T11:59:59+07:00,,19217
854,955,PromptPay,success,2026-12-24T09:28:34+07:00,,8407
855,956,PromptPay,failed,2026-11-26T01:51:34+07:00,gateway_timeout,8437
856,957,debit_card,success,2026-10-28T21:06:52+07:00,,26074
857,958,PromptPay,success,2026-06-12T18:17:55+07:00,,5437
858,960,credit_card,failed,2026-09-11T15:24:30+07:00,insufficient_funds,29063
859,961,TrueMoney,success,2026-09-24T14:21:11+07:00,,10486
860,962,PromptPay,success,2026-10-21T23:34:27+07:00,,8211
861,963,credit_card,success,2026-06-26T13:36:33+07:00,,3708
862,964,credit_card,success,2026-11-22T11:10:21+07:00,,18245
863,966,credit_card,success,2026-07-29T15:58:26+07:00,,17532
864,967,PromptPay,success,2026-05-12T20:32:14+07:00,,16246
865,968,ShopeePay,success,2026-11-29T18:49:12+07:00,,45265
866,970,PromptPay,success,2026-07-12T20:40:18+07:00,,9754
867,971,credit_card,success,2026-11-24T21:09:42+07:00,,10462
868,972,TrueMoney,success,2026-12-07T15:10:10+07:00,,9693
869,973,credit_card,success,2026-04-03T14:22:12+07:00,,6312
870,974,TrueMoney,success,2026-10-13T14:19:58+07:00,,24942
871,975,credit_card,success,2026-07-12T20:03:40+07:00,,13709
872,976,PromptPay,success,2026-08-31T22:28:05+07:00,,26402
873,977,credit_card,success,2026-05-20T14:09:15+07:00,,24083
874,978,ShopeePay,success,2026-10-30T18:32:20+07:00,,7454
875,979,PromptPay,success,2026-10-04T19:44:43+07:00,,19359
876,980,PromptPay,success,2026-12-07T23:14:50+07:00,,9805
877,981,TrueMoney,success,2026-12-28T13:37:19+07:00,,18416
878,982,credit_card,success,2026-12-17T13:21:42+07:00,,30495
879,983,debit_card,success,2026-12-20T01:47:30+07:00,,5074
880,984,credit_card,success,2026-12-26T21:10:32+07:00,,13818
881,985,credit_card,success,2026-02-24T06:20:58+07:00,,5066
882,986,PromptPay,success,2026-11-05T22:43:21+07:00,,14745
883,987,PromptPay,success,2026-11-16T02:46:54+07:00,,5447
884,988,PromptPay,failed,2026-12-04T17:39:02+07:00,otp_timeout,21926
885,989,ShopeePay,success,2026-11-14T23:39:56+07:00,,3553
886,990,debit_card,success,2026-09-15T20:36:01+07:00,,16688
887,991,PromptPay,success,2026-12-15T06:17:57+07:00,,26690
888,993,credit_card,success,2026-04-05T15:03:27+07:00,,10077
889,994,TrueMoney,success,2026-05-28T00:14:53+07:00,,8600
890,995,TrueMoney,success,2026-09-14T00:03:45+07:00,,14735
891,996,PromptPay,success,2026-10-30T14:16:52+07:00,,13097
892,998,GrabPay,success,2026-09-04T13:00:19+07:00,,13602
893,999,ShopeePay,success,2026-09-30T10:40:06+07:00,,9930
894,1000,TrueMoney,success,2026-10-03T10:44:52+07:00,,20824
895,1001,TrueMoney,success,2026-10-10T19:53:22+07:00,,9525
896,1002,GrabPay,success,2026-09-01T23:09:56+07:00,,8396
897,1003,credit_card,success,2026-09-04T13:39:52+07:00,,12812
898,1004,credit_card,success,2026-11-22T13:31:41+07:00,,38444
899,1005,bank_transfer,success,2026-12-25T23:54:38+07:00,,6873
900,1007,PromptPay,success,2026-10-13T00:40:01+07:00,,4920
901,1009,PromptPay,success,2026-08-01T07:54:58+07:00,,11211
902,1011,TrueMoney,success,2026-05-11T08:51:36+07:00,,18421
903,1012,credit_card,success,2026-09-06T12:38:21+07:00,,9380
904,1013,bank_transfer,success,2026-09-13T01:46:31+07:00,,25814
905,1014,bank_transfer,success,2026-10-25T00:09:17+07:00,,3069
906,1015,credit_card,success,2026-12-17T00:17:07+07:00,,2905
907,1016,bank_transfer,success,2026-08-29T23:17:07+07:00,,17846
908,1017,credit_card,success,2026-10-06T01:05:12+07:00,,4739
909,1018,credit_card,success,2026-10-27T01:11:42+07:00,,35800
910,1019,debit_card,success,2026-06-16T01:38:17+07:00,,24220
911,1020,PromptPay,success,2026-06-11T12:27:19+07:00,,7742
912,1021,bank_transfer,failed,2026-03-22T18:31:52+07:00,insufficient_funds,5919
913,1022,bank_transfer,success,2026-08-14T18:56:52+07:00,,4883
914,1023,bank_transfer,success,2026-11-17T15:55:13+07:00,,12102
915,1024,debit_card,success,2026-12-08T20:07:32+07:00,,30599
916,1025,bank_transfer,success,2026-04-08T11:39:10+07:00,,6439
917,1026,debit_card,success,2026-12-30T16:37:52+07:00,,10428
918,1027,debit_card,success,2026-08-20T12:08:11+07:00,,3838
919,1028,credit_card,success,2026-10-23T03:41:37+07:00,,17084
920,1029,PromptPay,failed,2026-09-05T01:19:34+07:00,gateway_timeout,18000
921,1030,PromptPay,success,2026-09-22T13:24:42+07:00,,8189
922,1031,credit_card,success,2026-08-28T22:58:50+07:00,,12605
923,1032,PromptPay,success,2026-11-02T18:00:12+07:00,,10122
924,1033,debit_card,success,2026-02-26T23:01:25+07:00,,17267
925,1034,GrabPay,success,2026-04-01T12:11:51+07:00,,5286
926,1035,credit_card,success,2026-06-19T10:04:11+07:00,,4532
927,1036,PromptPay,success,2026-08-28T01:07:20+07:00,,8246
928,1038,credit_card,success,2026-12-01T19:11:00+07:00,,20709
929,1040,credit_card,success,2026-08-19T13:13:48+07:00,,19324
930,1041,PromptPay,success,2026-10-24T13:51:56+07:00,,24441
931,1042,GrabPay,success,2026-10-28T18:40:11+07:00,,7181
932,1043,PromptPay,success,2026-11-30T20:31:49+07:00,,9849
933,1044,PromptPay,success,2026-10-24T15:14:24+07:00,,6225
934,1045,debit_card,success,2026-07-21T07:38:16+07:00,,39656
935,1046,credit_card,success,2026-11-23T16:24:47+07:00,,30270
936,1047,debit_card,success,2026-10-03T21:08:00+07:00,,12247
937,1048,TrueMoney,success,2026-10-02T10:22:08+07:00,,6493
938,1049,PromptPay,success,2026-12-19T15:31:23+07:00,,24933
939,1051,debit_card,success,2026-07-09T21:35:12+07:00,,31612
940,1052,PromptPay,success,2026-10-30T20:36:34+07:00,,6800
941,1053,ShopeePay,success,2026-06-19T13:41:45+07:00,,11389
942,1054,ShopeePay,success,2026-10-10T12:43:26+07:00,,7004
943,1055,PromptPay,success,2026-06-29T17:04:25+07:00,,22128
944,1056,TrueMoney,success,2026-06-04T21:23:17+07:00,,19965
945,1057,TrueMoney,success,2026-11-15T13:12:43+07:00,,6314
946,1059,credit_card,success,2026-08-07T20:56:36+07:00,,21056
947,1060,PromptPay,success,2026-10-13T19:04:59+07:00,,3076
948,1061,TrueMoney,success,2026-11-14T10:32:26+07:00,,13711
949,1062,credit_card,success,2026-09-08T19:14:23+07:00,,8252
950,1063,ShopeePay,success,2026-12-13T14:03:24+07:00,,10302
951,1064,credit_card,success,2026-10-30T11:16:48+07:00,,8538
952,1065,debit_card,success,2026-12-17T20:14:55+07:00,,16989
953,1066,PromptPay,failed,2026-12-16T00:51:47+07:00,gateway_timeout,18698
954,1067,credit_card,success,2026-10-05T13:40:16+07:00,,31021
955,1068,PromptPay,success,2026-12-28T00:34:57+07:00,,10791
956,1069,credit_card,success,2026-10-05T00:59:20+07:00,,39998
957,1070,credit_card,success,2026-08-09T13:22:15+07:00,,9246
958,1071,PromptPay,success,2026-03-19T12:38:02+07:00,,31389
959,1072,debit_card,success,2026-10-30T14:04:57+07:00,,7446
960,1073,PromptPay,success,2026-11-06T23:15:56+07:00,,6264
961,1074,credit_card,failed,2026-11-24T08:13:18+07:00,card_declined,2484
962,1075,debit_card,success,2026-07-29T16:24:05+07:00,,4689
963,1076,ShopeePay,success,2026-11-22T12:03:39+07:00,,5685
964,1077,TrueMoney,success,2026-06-02T21:33:00+07:00,,10084
965,1078,PromptPay,success,2026-09-03T21:22:37+07:00,,3512
966,1080,bank_transfer,success,2026-07-28T06:43:21+07:00,,5812
967,1081,bank_transfer,success,2026-04-26T03:03:41+07:00,,8700
968,1082,PromptPay,failed,2026-05-31T00:12:11+07:00,gateway_timeout,3746
969,1083,credit_card,success,2026-03-27T17:09:55+07:00,,5383
970,1084,PromptPay,success,2026-04-27T19:46:52+07:00,,10779
971,1085,credit_card,success,2026-02-12T18:13:21+07:00,,10340
972,1086,PromptPay,success,2026-12-17T02:36:46+07:00,,7044
973,1087,PromptPay,success,2026-01-30T18:11:04+07:00,,17159
974,1088,debit_card,success,2026-04-02T01:21:58+07:00,,11319
975,1089,PromptPay,success,2026-10-04T19:48:44+07:00,,6161
976,1090,bank_transfer,success,2026-11-13T23:58:44+07:00,,12015
977,1091,PromptPay,success,2026-12-26T22:46:49+07:00,,9555
978,1092,PromptPay,success,2026-11-09T21:55:31+07:00,,15841
979,1093,credit_card,success,2026-06-10T01:05:37+07:00,,12898
980,1094,debit_card,success,2026-04-25T01:45:06+07:00,,12066
981,1095,PromptPay,success,2026-12-08T01:58:39+07:00,,20429
982,1097,GrabPay,success,2026-04-17T10:09:23+07:00,,11523
983,1099,PromptPay,success,2026-04-05T19:12:59+07:00,,5912
984,1100,PromptPay,success,2026-08-04T12:20:05+07:00,,13549
985,1101,PromptPay,success,2026-10-16T01:12:49+07:00,,4428
986,1102,credit_card,success,2026-10-04T18:16:05+07:00,,4719
987,1103,PromptPay,success,2026-12-06T17:54:44+07:00,,24283
988,1104,credit_card,success,2026-09-20T16:43:22+07:00,,24646
989,1105,credit_card,success,2026-10-15T10:05:32+07:00,,18410
990,1106,credit_card,success,2026-10-21T21:43:34+07:00,,33085
991,1107,bank_transfer,success,2026-12-01T23:38:29+07:00,,19720
992,1108,credit_card,success,2026-09-11T20:14:01+07:00,,27549
993,1109,credit_card,success,2026-04-30T16:36:08+07:00,,5178
994,1110,TrueMoney,success,2026-07-26T09:04:36+07:00,,19735
995,1111,credit_card,success,2026-09-14T16:52:44+07:00,,5214
996,1112,TrueMoney,success,2026-11-18T01:52:09+07:00,,18596
997,1113,TrueMoney,success,2026-11-30T21:27:48+07:00,,25859
998,1114,debit_card,success,2026-10-30T10:46:01+07:00,,12829
999,1115,PromptPay,success,2026-11-20T13:40:51+07:00,,13976
1000,1117,credit_card,failed,2026-06-16T20:22:22+07:00,user_cancelled,12922
1001,1118,credit_card,success,2026-08-15T10:49:52+07:00,,18504
1002,1119,PromptPay,success,2026-10-17T02:33:59+07:00,,16158
1003,1120,credit_card,success,2026-10-09T09:24:07+07:00,,10608
1004,1122,ShopeePay,success,2026-10-09T19:24:45+07:00,,8006
1005,1123,credit_card,success,2026-08-22T13:19:14+07:00,,7166
1006,1124,TrueMoney,success,2026-07-27T18:50:05+07:00,,10571
1007,1125,credit_card,success,2026-03-11T10:18:42+07:00,,22405
1008,1126,credit_card,success,2026-12-02T01:42:52+07:00,,25329
1009,1127,credit_card,success,2026-02-18T08:41:44+07:00,,3364
1010,1128,PromptPay,success,2026-10-06T22:49:34+07:00,,6940
1011,1129,debit_card,success,2026-10-14T08:23:49+07:00,,8262
1012,1130,ShopeePay,success,2026-02-20T21:41:57+07:00,,9163
1013,1131,TrueMoney,success,2026-08-21T02:17:03+07:00,,21767
1014,1132,ShopeePay,success,2026-11-20T13:43:52+07:00,,3542
1015,1133,PromptPay,success,2026-05-05T12:26:01+07:00,,16162
1016,1134,debit_card,success,2026-11-03T17:45:31+07:00,,21271
1017,1135,PromptPay,success,2026-09-05T00:07:00+07:00,,15965
1018,1136,PromptPay,failed,2026-09-24T01:37:05+07:00,gateway_timeout,10019
1019,1137,PromptPay,success,2026-07-14T17:37:59+07:00,,6161
1020,1138,TrueMoney,success,2026-09-01T17:19:52+07:00,,7627
1021,1140,credit_card,success,2026-12-19T15:07:48+07:00,,18254
1022,1141,credit_card,failed,2026-09-20T20:28:06+07:00,card_declined,25744
1023,1142,PromptPay,success,2026-09-27T03:04:22+07:00,,19433
1024,1143,credit_card,success,2026-10-07T21:58:27+07:00,,4115
1025,1144,PromptPay,success,2026-06-10T15:51:43+07:00,,16257
1026,1145,ShopeePay,success,2026-06-14T21:03:13+07:00,,15864
1027,1146,PromptPay,success,2026-07-02T18:26:34+07:00,,9510
1028,1147,PromptPay,success,2026-07-03T12:08:24+07:00,,15533
1029,1148,PromptPay,success,2026-12-14T12:30:53+07:00,,13710
1030,1149,credit_card,success,2026-11-12T08:42:36+07:00,,9344
1031,1150,credit_card,success,2026-03-29T23:26:57+07:00,,19636
1032,1151,credit_card,success,2026-06-30T11:01:53+07:00,,5632
1033,1152,PromptPay,success,2026-12-01T02:13:48+07:00,,6502
1034,1153,TrueMoney,success,2026-09-15T10:41:28+07:00,,21037
1035,1154,ShopeePay,success,2026-05-27T02:09:03+07:00,,16101
1036,1155,credit_card,success,2026-04-18T00:24:41+07:00,,6432
1037,1156,PromptPay,success,2026-11-23T20:15:57+07:00,,12670
1038,1157,credit_card,success,2026-09-12T18:04:42+07:00,,21740
1039,1158,ShopeePay,success,2026-10-25T22:43:30+07:00,,9914
1040,1159,PromptPay,success,2026-11-25T08:46:16+07:00,,36327
1041,1160,TrueMoney,success,2026-12-03T14:20:52+07:00,,18756
1042,1161,PromptPay,success,2026-12-28T06:44:06+07:00,,2638
1043,1162,credit_card,success,2026-07-07T19:42:13+07:00,,20340
1044,1163,TrueMoney,success,2026-01-23T12:48:31+07:00,,9957
1045,1165,PromptPay,failed,2026-06-19T19:42:49+07:00,card_declined,4526
1046,1166,GrabPay,success,2026-10-14T02:20:08+07:00,,30294
1047,1167,TrueMoney,success,2026-09-03T17:15:28+07:00,,11805
1048,1168,credit_card,success,2026-10-01T13:08:41+07:00,,24869
1049,1169,credit_card,success,2026-10-12T08:11:38+07:00,,28419
1050,1170,credit_card,success,2026-06-05T08:00:59+07:00,,7857
1051,1171,credit_card,success,2026-03-12T14:22:51+07:00,,22345
1052,1172,PromptPay,success,2026-11-23T12:40:29+07:00,,24760
1053,1173,PromptPay,success,2026-07-05T11:29:53+07:00,,20381
1054,1175,PromptPay,success,2026-07-29T02:38:33+07:00,,10151
1055,1176,PromptPay,success,2026-04-27T20:07:05+07:00,,4085
1056,1177,TrueMoney,success,2026-10-28T15:04:27+07:00,,4217
1057,1178,credit_card,success,2026-09-19T20:17:57+07:00,,2483
1058,1179,TrueMoney,success,2026-12-05T23:54:47+07:00,,4776
1059,1180,credit_card,success,2026-07-22T17:02:48+07:00,,16817
1060,1181,credit_card,success,2026-09-16T20:31:45+07:00,,16952
1061,1182,TrueMoney,success,2026-06-12T02:18:57+07:00,,19586
1062,1183,credit_card,success,2026-10-09T21:03:47+07:00,,9039
1063,1184,TrueMoney,success,2026-05-10T14:23:10+07:00,,13518
1064,1185,PromptPay,success,2026-11-12T03:16:52+07:00,,23559
1065,1186,debit_card,success,2026-10-23T20:56:01+07:00,,8603
1066,1187,credit_card,failed,2026-04-27T02:40:38+07:00,otp_timeout,6400
1067,1188,PromptPay,failed,2026-10-13T01:13:06+07:00,gateway_timeout,8427
1068,1189,GrabPay,success,2026-03-09T22:12:25+07:00,,6193
1069,1190,debit_card,success,2026-10-17T13:24:39+07:00,,14187
1070,1191,PromptPay,success,2026-10-29T00:08:20+07:00,,6710
1071,1192,PromptPay,success,2026-11-18T23:24:08+07:00,,11933
1072,1193,credit_card,success,2026-11-02T13:00:01+07:00,,26492
1073,1194,ShopeePay,success,2026-06-29T23:11:00+07:00,,8154
1074,1195,PromptPay,success,2026-05-10T19:18:20+07:00,,4058
1075,1197,GrabPay,success,2026-02-20T14:14:59+07:00,,10212
1076,1198,PromptPay,success,2026-12-11T16:33:21+07:00,,44162
1077,1199,credit_card,success,2026-09-09T09:05:58+07:00,,41572
1078,1200,debit_card,success,2026-08-06T01:02:22+07:00,,6681
1079,1201,PromptPay,success,2026-10-04T00:43:38+07:00,,9582
1080,1202,ShopeePay,success,2026-12-28T00:54:54+07:00,,5433
1081,1203,PromptPay,success,2026-09-13T10:40:25+07:00,,26889
1082,1204,TrueMoney,success,2026-07-14T09:02:20+07:00,,28730
1083,1205,PromptPay,success,2026-11-06T22:56:11+07:00,,11283
1084,1206,TrueMoney,success,2026-08-06T01:33:32+07:00,,37026
1085,1207,PromptPay,success,2026-08-03T19:14:09+07:00,,14012
1086,1209,PromptPay,success,2026-12-25T15:27:50+07:00,,12761
1087,1210,credit_card,success,2026-12-09T22:15:04+07:00,,19886
1088,1211,credit_card,success,2026-12-10T13:56:25+07:00,,25263
1089,1213,PromptPay,success,2026-03-25T23:46:54+07:00,,20240
1090,1214,debit_card,success,2026-09-26T11:38:49+07:00,,10306
1091,1215,PromptPay,success,2026-03-01T04:33:34+07:00,,7169
1092,1216,PromptPay,success,2026-10-26T19:46:47+07:00,,6631
1093,1217,credit_card,success,2026-11-14T10:36:47+07:00,,15229
1094,1218,GrabPay,success,2026-11-26T02:21:41+07:00,,13745
1095,1219,debit_card,success,2026-11-14T12:32:47+07:00,,47922
1096,1220,credit_card,success,2026-08-28T10:43:01+07:00,,5976
1097,1221,TrueMoney,success,2026-06-05T13:59:26+07:00,,24127
1098,1222,credit_card,success,2026-04-27T18:16:52+07:00,,7364
1099,1223,debit_card,success,2026-08-12T20:34:49+07:00,,16921
1100,1224,credit_card,success,2026-09-04T19:11:10+07:00,,7550
1101,1226,credit_card,success,2026-06-07T10:59:36+07:00,,3724
1102,1227,bank_transfer,success,2026-03-14T12:27:21+07:00,,5120
1103,1228,credit_card,success,2026-10-03T22:42:27+07:00,,7066
1104,1229,credit_card,success,2026-10-09T18:06:17+07:00,,8011
1105,1230,debit_card,success,2026-10-04T23:22:31+07:00,,5347
1106,1231,ShopeePay,success,2026-06-30T10:20:43+07:00,,18586
1107,1232,GrabPay,success,2026-02-12T12:38:56+07:00,,25502
1108,1233,TrueMoney,success,2026-03-19T18:08:16+07:00,,8094
1109,1234,PromptPay,success,2026-10-16T13:26:02+07:00,,23116
1110,1235,GrabPay,success,2026-12-18T01:43:35+07:00,,4693
1111,1236,credit_card,success,2026-11-18T01:50:49+07:00,,7703
1112,1237,debit_card,success,2026-11-07T21:37:27+07:00,,7956
1113,1238,PromptPay,success,2026-06-22T18:23:48+07:00,,13458
1114,1239,PromptPay,success,2026-10-20T02:12:10+07:00,,8164
1115,1240,debit_card,success,2026-09-23T13:15:27+07:00,,7885
1116,1241,credit_card,success,2026-07-25T15:17:44+07:00,,7800
1117,1242,PromptPay,success,2026-11-30T18:42:03+07:00,,3692
1118,1243,credit_card,success,2026-10-22T23:24:28+07:00,,5478
1119,1244,ShopeePay,success,2026-02-03T19:40:54+07:00,,12365
1120,1246,PromptPay,success,2026-09-15T22:46:12+07:00,,34141
1121,1247,PromptPay,success,2026-03-09T22:22:31+07:00,,23879
1122,1248,credit_card,success,2026-05-23T08:37:57+07:00,,23992
1123,1249,PromptPay,success,2026-03-24T20:22:24+07:00,,26390
1124,1250,credit_card,success,2026-12-12T20:09:59+07:00,,20316
1125,1252,credit_card,success,2026-10-13T18:15:54+07:00,,14191
1126,1253,PromptPay,success,2026-10-03T13:16:21+07:00,,8805
1127,1254,TrueMoney,success,2026-04-28T16:17:59+07:00,,21103
1128,1255,TrueMoney,success,2026-04-24T18:52:46+07:00,,16772
1129,1256,PromptPay,success,2026-07-20T20:08:14+07:00,,6304
1130,1258,credit_card,success,2026-10-10T18:54:55+07:00,,20817
1131,1259,credit_card,success,2026-08-31T10:32:21+07:00,,7175
1132,1260,debit_card,success,2026-08-28T09:01:12+07:00,,10798
1133,1261,credit_card,success,2026-05-08T03:09:07+07:00,,28367
1134,1262,credit_card,success,2026-11-30T17:49:42+07:00,,3830
1135,1263,debit_card,success,2026-12-16T08:38:39+07:00,,7283
1136,1264,credit_card,success,2026-11-04T00:30:30+07:00,,13462
1137,1265,GrabPay,success,2026-03-31T21:26:24+07:00,,8642
1138,1266,credit_card,failed,2026-04-16T07:31:01+07:00,insufficient_funds,6883
1139,1267,PromptPay,success,2026-04-26T19:39:56+07:00,,9244
1140,1268,credit_card,success,2026-10-25T23:49:59+07:00,,7871
1141,1269,credit_card,success,2026-06-10T11:43:56+07:00,,24835
1142,1270,credit_card,success,2026-08-22T23:33:54+07:00,,14612
1143,1271,PromptPay,success,2026-11-10T22:39:24+07:00,,5428
1144,1272,debit_card,success,2026-09-09T18:58:36+07:00,,4648
1145,1273,TrueMoney,success,2026-09-19T22:20:39+07:00,,10957
1146,1274,credit_card,success,2026-09-26T10:52:13+07:00,,1815
1147,1275,credit_card,success,2026-11-04T18:05:46+07:00,,6288
1148,1276,credit_card,success,2026-02-28T17:42:51+07:00,,8725
1149,1277,credit_card,success,2026-04-23T16:44:01+07:00,,17228
1150,1278,credit_card,success,2026-08-15T08:55:18+07:00,,16701
1151,1279,PromptPay,success,2026-03-31T11:28:41+07:00,,11789
1152,1280,TrueMoney,success,2026-02-27T22:53:03+07:00,,7086
1153,1281,credit_card,success,2026-05-18T16:25:02+07:00,,10019
1154,1282,credit_card,success,2026-10-29T17:31:46+07:00,,39537
1155,1283,PromptPay,success,2026-09-10T20:08:39+07:00,,8522
1156,1284,debit_card,success,2026-09-14T19:59:40+07:00,,21422
1157,1285,PromptPay,success,2026-11-09T12:22:33+07:00,,12178
1158,1286,credit_card,success,2026-06-10T16:47:46+07:00,,28235
1159,1288,PromptPay,success,2026-11-09T20:58:42+07:00,,11620
1160,1289,PromptPay,success,2026-06-02T00:49:08+07:00,,3648
1161,1290,GrabPay,success,2026-06-04T02:16:38+07:00,,25048
1162,1291,ShopeePay,success,2026-06-25T17:48:12+07:00,,18470
1163,1292,debit_card,success,2026-11-30T21:37:54+07:00,,35259
1164,1293,debit_card,success,2026-07-06T16:46:55+07:00,,7807
1165,1294,PromptPay,success,2026-09-03T21:57:21+07:00,,38350
1166,1295,credit_card,success,2026-03-07T18:33:34+07:00,,23681
1167,1296,credit_card,success,2026-05-04T09:51:18+07:00,,24968
1168,1297,bank_transfer,success,2026-02-09T19:18:32+07:00,,3769
1169,1298,debit_card,success,2026-04-14T12:07:19+07:00,,12037
1170,1299,credit_card,success,2026-10-22T17:57:24+07:00,,5070
1171,1300,credit_card,success,2026-11-20T14:09:26+07:00,,36310
1172,1301,PromptPay,success,2026-09-04T01:49:48+07:00,,27389
1173,1302,debit_card,success,2026-12-18T23:59:30+07:00,,17283
1174,1303,credit_card,success,2026-11-19T15:54:55+07:00,,14426
1175,1304,PromptPay,success,2026-10-20T18:57:35+07:00,,13627
1176,1305,bank_transfer,success,2026-12-07T02:01:11+07:00,,14890
1177,1306,debit_card,success,2026-06-28T20:35:01+07:00,,19886
1178,1307,GrabPay,success,2026-07-08T06:48:04+07:00,,19909
1179,1308,PromptPay,success,2026-07-23T18:42:38+07:00,,12982
1180,1309,PromptPay,success,2026-10-15T00:59:58+07:00,,17077
1181,1310,PromptPay,success,2026-11-04T12:16:24+07:00,,17037
1182,1311,credit_card,success,2026-04-09T01:34:05+07:00,,27812
1183,1312,PromptPay,success,2026-08-29T20:09:39+07:00,,5097
1184,1313,TrueMoney,success,2026-09-21T13:37:36+07:00,,3088
1185,1314,debit_card,success,2026-10-11T06:10:18+07:00,,10307
1186,1315,credit_card,success,2026-09-11T12:22:38+07:00,,6980
1187,1316,debit_card,success,2026-12-07T01:01:16+07:00,,7361
1188,1317,bank_transfer,success,2026-10-22T21:27:36+07:00,,5784
1189,1318,bank_transfer,success,2026-11-22T12:18:29+07:00,,17905
1190,1319,PromptPay,success,2026-04-19T14:40:36+07:00,,2546
1191,1320,bank_transfer,success,2026-05-08T01:49:25+07:00,,26711
1192,1321,credit_card,success,2026-03-03T20:47:08+07:00,,4076
1193,1322,PromptPay,success,2026-10-04T11:47:59+07:00,,13301
1194,1323,GrabPay,success,2026-10-05T00:20:20+07:00,,7007
1195,1324,GrabPay,success,2026-10-10T00:11:02+07:00,,23142
1196,1325,GrabPay,success,2026-10-14T17:10:27+07:00,,14041
1197,1326,PromptPay,success,2026-12-23T16:32:38+07:00,,4468
1198,1327,debit_card,success,2026-12-16T13:59:11+07:00,,9123
1199,1328,PromptPay,failed,2026-10-19T02:37:51+07:00,card_declined,8232
1200,1329,bank_transfer,success,2026-04-18T12:06:24+07:00,,24232
1201,1330,PromptPay,failed,2026-10-21T13:01:46+07:00,card_declined,12364
1202,1331,TrueMoney,success,2026-10-19T19:52:27+07:00,,3159
1203,1332,credit_card,success,2026-10-01T13:20:03+07:00,,9282
1204,1333,TrueMoney,success,2026-10-10T09:07:55+07:00,,20119
1205,1334,ShopeePay,success,2026-12-01T22:28:23+07:00,,22476
1206,1335,bank_transfer,success,2026-12-19T20:10:50+07:00,,8973
1207,1336,PromptPay,success,2026-07-08T01:20:38+07:00,,6989
1208,1337,credit_card,success,2026-11-28T23:26:48+07:00,,41870
1209,1338,PromptPay,failed,2026-08-12T22:55:54+07:00,gateway_timeout,12654
1210,1339,PromptPay,success,2026-02-14T00:12:57+07:00,,7461
1211,1340,debit_card,success,2026-09-12T10:11:18+07:00,,19118
1212,1341,PromptPay,success,2026-09-05T17:29:35+07:00,,38270
1213,1342,credit_card,success,2026-10-25T19:46:47+07:00,,8433
1214,1343,credit_card,success,2026-07-26T17:40:04+07:00,,21619
1215,1346,credit_card,success,2026-10-11T11:21:18+07:00,,11232
1216,1348,credit_card,success,2026-09-19T06:30:48+07:00,,5170
1217,1349,debit_card,success,2026-10-12T08:38:57+07:00,,5926
1218,1350,credit_card,success,2026-07-29T10:37:51+07:00,,24168
1219,1351,PromptPay,success,2026-04-18T01:13:57+07:00,,4283
1220,1352,bank_transfer,success,2026-11-23T08:03:57+07:00,,25719
1221,1353,credit_card,success,2026-12-29T19:53:05+07:00,,43845
1222,1354,PromptPay,success,2026-09-07T18:39:47+07:00,,23913
1223,1355,debit_card,success,2026-02-09T12:50:31+07:00,,20296
1224,1357,PromptPay,success,2026-07-23T14:45:29+07:00,,19472
1225,1359,credit_card,success,2026-11-23T17:07:29+07:00,,12953
1226,1360,PromptPay,success,2026-11-01T02:46:11+07:00,,15392
1227,1361,credit_card,success,2026-06-18T22:47:44+07:00,,9482
1228,1362,PromptPay,success,2026-04-09T11:18:08+07:00,,4496
1229,1363,debit_card,success,2026-09-21T18:15:05+07:00,,25182
1230,1364,PromptPay,success,2026-07-09T16:06:58+07:00,,12390
1231,1366,credit_card,success,2026-07-25T23:19:53+07:00,,9699
1232,1367,debit_card,success,2026-09-15T09:15:09+07:00,,13033
1233,1368,PromptPay,success,2026-08-23T11:35:38+07:00,,5871
1234,1369,PromptPay,success,2026-09-22T14:20:35+07:00,,8946
1235,1371,credit_card,success,2026-12-21T13:36:21+07:00,,4957
1236,1372,debit_card,success,2026-06-12T18:43:57+07:00,,13660
1237,1373,debit_card,success,2026-09-01T11:15:33+07:00,,15975
1238,1374,debit_card,success,2026-09-07T00:06:17+07:00,,29294
1239,1375,ShopeePay,success,2026-06-11T20:06:47+07:00,,10222
1240,1376,PromptPay,success,2026-10-10T18:26:54+07:00,,38614
1241,1377,PromptPay,success,2026-10-23T16:19:34+07:00,,3783
1242,1378,PromptPay,failed,2026-04-19T23:49:03+07:00,gateway_timeout,11034
1243,1379,bank_transfer,success,2026-06-26T08:47:39+07:00,,10741
1244,1380,credit_card,success,2026-07-04T19:39:25+07:00,,15208
1245,1381,TrueMoney,success,2026-04-22T13:37:04+07:00,,5639
1246,1382,GrabPay,success,2026-07-17T13:53:11+07:00,,48332
1247,1383,credit_card,success,2026-09-18T20:06:25+07:00,,6740
1248,1384,PromptPay,success,2026-11-06T23:08:25+07:00,,13248
1249,1385,GrabPay,failed,2026-11-18T19:45:41+07:00,bank_rejected,11204
1250,1386,TrueMoney,success,2026-07-01T09:13:24+07:00,,16958
1251,1388,credit_card,success,2026-01-28T20:01:08+07:00,,35611
1252,1389,PromptPay,success,2026-02-09T22:58:25+07:00,,7772
1253,1390,debit_card,success,2026-02-10T17:45:48+07:00,,5521
1254,1391,PromptPay,success,2026-03-17T14:42:57+07:00,,18370
1255,1392,bank_transfer,success,2026-05-02T19:28:24+07:00,,17109
1256,1393,credit_card,success,2026-05-05T00:10:42+07:00,,4638
1257,1394,debit_card,success,2026-06-08T16:55:04+07:00,,16615
1258,1395,PromptPay,success,2026-06-22T23:10:37+07:00,,83106
1259,1396,PromptPay,success,2026-01-16T08:47:20+07:00,,12587
1260,1397,credit_card,success,2026-06-28T23:39:37+07:00,,3675
1261,1398,credit_card,success,2026-05-26T17:10:21+07:00,,11941
1262,1399,GrabPay,success,2026-04-17T23:36:12+07:00,,18053
1263,1400,ShopeePay,success,2026-12-05T20:08:54+07:00,,8478
1264,1401,credit_card,success,2026-09-05T07:41:07+07:00,,3929
1265,1402,PromptPay,success,2026-08-26T16:57:14+07:00,,7910
1266,1403,credit_card,success,2026-07-07T14:30:55+07:00,,17326
1267,1404,credit_card,success,2026-09-01T00:31:13+07:00,,3493
1268,1405,TrueMoney,success,2026-04-01T11:30:31+07:00,,31638
1269,1406,GrabPay,success,2026-10-11T17:25:28+07:00,,19191
1270,1407,credit_card,success,2026-10-22T12:01:14+07:00,,10520
1271,1408,debit_card,success,2026-12-15T23:28:03+07:00,,17192
1272,1409,GrabPay,success,2026-03-31T15:45:58+07:00,,19933
1273,1410,credit_card,success,2026-10-12T21:30:31+07:00,,23302
1274,1411,credit_card,success,2026-07-06T19:46:19+07:00,,27024
1275,1412,bank_transfer,success,2026-08-17T19:06:35+07:00,,6965
1276,1414,PromptPay,success,2026-06-24T18:20:05+07:00,,5278
1277,1415,PromptPay,success,2026-11-28T21:58:35+07:00,,11706
1278,1416,PromptPay,success,2026-12-03T14:51:26+07:00,,21529
1279,1417,GrabPay,success,2026-12-04T23:04:41+07:00,,8415
1280,1418,PromptPay,success,2026-09-04T16:58:21+07:00,,24614
1281,1419,credit_card,success,2026-02-24T12:53:48+07:00,,7528
1282,1420,PromptPay,success,2026-06-08T21:58:52+07:00,,15731
1283,1421,credit_card,success,2026-11-06T21:00:56+07:00,,15520
1284,1422,ShopeePay,success,2026-12-15T11:01:29+07:00,,5225
1285,1423,GrabPay,success,2026-12-03T17:58:09+07:00,,9626
1286,1424,credit_card,success,2026-09-22T13:26:16+07:00,,25104
1287,1425,debit_card,success,2026-08-13T11:24:36+07:00,,39045
1288,1426,PromptPay,success,2026-06-24T19:59:43+07:00,,6505
1289,1427,credit_card,success,2026-12-08T17:56:09+07:00,,7859
1290,1428,debit_card,success,2026-11-11T12:08:40+07:00,,11028
1291,1429,debit_card,success,2026-10-05T18:41:45+07:00,,51547
1292,1430,PromptPay,success,2026-12-25T10:06:14+07:00,,23834
1293,1432,credit_card,success,2026-11-04T00:27:09+07:00,,10639
1294,1433,PromptPay,failed,2026-12-30T21:38:29+07:00,insufficient_funds,8096
1295,1434,PromptPay,success,2026-11-27T04:00:27+07:00,,15337
1296,1435,credit_card,success,2026-12-08T09:15:04+07:00,,6913
1297,1436,PromptPay,success,2026-03-18T11:05:44+07:00,,12998
1298,1437,PromptPay,success,2026-04-29T18:12:11+07:00,,5553
1299,1438,TrueMoney,success,2026-12-25T18:35:23+07:00,,4337
1300,1439,credit_card,success,2026-10-03T02:25:42+07:00,,8143
1301,1440,ShopeePay,success,2026-09-23T07:31:41+07:00,,6521
1302,1441,PromptPay,success,2026-12-09T22:06:34+07:00,,18975
1303,1442,PromptPay,failed,2026-09-13T20:52:57+07:00,card_declined,8508
1304,1443,PromptPay,success,2026-04-12T00:55:24+07:00,,13657
1305,1444,PromptPay,success,2026-09-23T11:31:12+07:00,,8267
1306,1445,credit_card,success,2026-04-27T13:56:38+07:00,,6370
1307,1446,bank_transfer,success,2026-12-19T20:32:38+07:00,,18139
1308,1447,debit_card,success,2026-06-09T23:34:59+07:00,,3850
1309,1448,PromptPay,success,2026-10-01T20:18:50+07:00,,39809
1310,1449,TrueMoney,success,2026-09-16T11:16:36+07:00,,10819
1311,1450,debit_card,success,2026-11-12T13:47:20+07:00,,19164
1312,1451,GrabPay,success,2026-09-30T20:31:21+07:00,,5224
1313,1452,credit_card,success,2026-05-23T21:15:08+07:00,,6848
1314,1453,bank_transfer,success,2026-03-06T16:49:03+07:00,,90872
1315,1454,debit_card,success,2026-04-16T19:22:10+07:00,,3405
1316,1455,credit_card,success,2026-08-13T16:01:25+07:00,,17547
1317,1456,credit_card,success,2026-05-28T11:05:45+07:00,,33763
1318,1457,PromptPay,success,2026-07-24T19:07:59+07:00,,16808
1319,1458,PromptPay,success,2026-12-20T23:25:29+07:00,,12160
1320,1459,PromptPay,success,2026-10-01T11:26:46+07:00,,15285
1321,1460,GrabPay,success,2026-10-04T11:25:32+07:00,,15711
1322,1461,TrueMoney,failed,2026-11-19T15:53:59+07:00,card_declined,3940
1323,1462,credit_card,success,2026-09-08T17:47:59+07:00,,13205
1324,1463,debit_card,success,2026-08-23T01:47:01+07:00,,17698
1325,1464,credit_card,success,2026-08-19T02:06:06+07:00,,16016
1326,1465,PromptPay,success,2026-08-21T09:27:40+07:00,,10590
1327,1466,credit_card,success,2026-06-26T13:43:06+07:00,,25960
1328,1467,PromptPay,success,2026-09-01T10:17:58+07:00,,9095
1329,1468,PromptPay,success,2026-10-21T14:23:55+07:00,,6538
1330,1469,PromptPay,success,2026-11-01T21:52:38+07:00,,30145
1331,1470,credit_card,success,2026-09-16T09:25:43+07:00,,27063
1332,1471,GrabPay,success,2026-12-30T00:28:33+07:00,,15617
1333,1472,credit_card,success,2026-11-14T00:11:10+07:00,,6465
1334,1473,TrueMoney,success,2026-05-09T05:39:16+07:00,,7231
1335,1474,credit_card,success,2026-09-30T21:21:37+07:00,,3900
1336,1475,PromptPay,success,2026-09-07T20:14:12+07:00,,2916
1337,1477,bank_transfer,success,2026-08-12T02:21:44+07:00,,19348
1338,1479,credit_card,success,2026-10-23T14:20:53+07:00,,8269
1339,1480,PromptPay,success,2026-04-06T23:14:14+07:00,,15501
1340,1481,PromptPay,success,2026-11-07T07:50:15+07:00,,6923
1341,1482,credit_card,success,2026-08-28T14:35:18+07:00,,18498
1342,1483,credit_card,success,2026-07-23T09:43:18+07:00,,3819
1343,1484,PromptPay,success,2026-12-09T17:28:33+07:00,,12291
1344,1485,debit_card,success,2026-04-30T19:37:46+07:00,,9885
1345,1486,PromptPay,success,2026-12-02T04:43:15+07:00,,28705
1346,1487,credit_card,success,2026-10-14T09:35:05+07:00,,9892
1347,1489,credit_card,success,2026-08-22T15:02:53+07:00,,20737
1348,1490,GrabPay,success,2026-10-06T11:18:48+07:00,,3181
1349,1491,credit_card,success,2026-09-27T21:51:27+07:00,,6534
1350,1492,bank_transfer,success,2026-09-20T12:56:05+07:00,,7898
1351,1493,PromptPay,success,2026-11-18T19:13:01+07:00,,47411
1352,1494,credit_card,failed,2026-10-21T14:05:57+07:00,insufficient_funds,4904
1353,1496,GrabPay,success,2026-11-21T14:20:55+07:00,,17375
1354,1497,ShopeePay,success,2026-10-22T18:11:15+07:00,,18069
1355,1498,PromptPay,success,2026-12-02T22:36:46+07:00,,10022
1356,1500,GrabPay,success,2026-12-06T08:56:09+07:00,,8513
1357,1501,PromptPay,success,2026-09-13T21:42:56+07:00,,21096
1358,1502,bank_transfer,success,2026-09-08T21:25:09+07:00,,5150
1359,1503,bank_transfer,success,2026-08-30T23:01:59+07:00,,7673
1360,1504,PromptPay,success,2026-10-14T17:14:53+07:00,,8300
1361,1505,bank_transfer,success,2026-10-29T11:56:30+07:00,,9619
1362,1506,PromptPay,success,2026-04-24T22:38:36+07:00,,30924
1363,1507,bank_transfer,success,2026-04-17T14:29:09+07:00,,10012
1364,1508,debit_card,success,2026-09-16T02:10:50+07:00,,41691
1365,1509,PromptPay,success,2026-11-17T13:31:16+07:00,,3612
1366,1510,bank_transfer,success,2026-11-18T19:19:10+07:00,,11705
1367,1511,credit_card,success,2026-07-05T16:26:13+07:00,,17251
1368,1512,credit_card,success,2026-08-10T17:39:12+07:00,,10969
1369,1513,credit_card,success,2026-11-14T21:41:16+07:00,,14620
1370,1516,GrabPay,success,2026-10-21T08:16:06+07:00,,17316
1371,1517,credit_card,success,2026-07-06T13:28:46+07:00,,16171
1372,1518,debit_card,success,2026-10-23T21:27:26+07:00,,7881
1373,1519,credit_card,success,2026-11-20T17:18:58+07:00,,13837
1374,1520,credit_card,success,2026-08-23T18:23:17+07:00,,12583
1375,1521,credit_card,success,2026-03-27T01:12:58+07:00,,6754
1376,1523,TrueMoney,success,2026-10-05T16:18:20+07:00,,10814
1377,1524,debit_card,success,2026-10-03T23:21:04+07:00,,15438
1378,1525,credit_card,failed,2026-10-15T19:47:55+07:00,user_cancelled,12479
1379,1526,PromptPay,success,2026-10-24T13:18:08+07:00,,10437
1380,1527,TrueMoney,success,2026-05-30T21:45:38+07:00,,7120
1381,1528,PromptPay,success,2026-06-23T07:01:26+07:00,,16144
1382,1529,credit_card,failed,2026-06-05T19:58:01+07:00,card_declined,12328
1383,1530,PromptPay,success,2026-06-30T17:16:25+07:00,,20887
1384,1531,ShopeePay,success,2026-08-17T13:24:39+07:00,,14790
1385,1532,TrueMoney,success,2026-08-29T16:13:12+07:00,,5089
1386,1533,credit_card,success,2026-11-20T14:15:03+07:00,,19548
1387,1536,TrueMoney,success,2026-11-12T12:33:49+07:00,,14225
1388,1537,debit_card,success,2026-10-01T10:12:41+07:00,,19735
1389,1538,credit_card,success,2026-09-19T01:37:40+07:00,,10350
1390,1539,credit_card,success,2026-12-26T00:38:45+07:00,,38457
1391,1540,debit_card,success,2026-10-09T19:59:30+07:00,,14957
1392,1541,debit_card,success,2026-10-30T21:25:45+07:00,,3296
1393,1542,PromptPay,success,2026-08-07T08:00:41+07:00,,12966
1394,1543,TrueMoney,success,2026-10-31T22:23:33+07:00,,31299
1395,1544,debit_card,success,2026-09-14T01:28:07+07:00,,4190
1396,1545,PromptPay,success,2026-04-15T11:40:22+07:00,,20620
1397,1546,debit_card,success,2026-06-02T10:49:33+07:00,,6664
1398,1547,debit_card,success,2026-05-22T21:29:39+07:00,,18053
1399,1548,credit_card,success,2026-05-28T13:58:06+07:00,,4566
1400,1549,debit_card,success,2026-06-16T12:40:15+07:00,,3841
1401,1550,PromptPay,success,2026-07-07T00:16:50+07:00,,10083
1402,1551,PromptPay,success,2026-11-11T17:33:55+07:00,,7094
1403,1552,debit_card,success,2026-05-27T07:12:21+07:00,,6355
1404,1554,credit_card,success,2026-10-12T07:17:02+07:00,,6653
1405,1555,PromptPay,success,2026-12-07T15:40:51+07:00,,13265
1406,1558,PromptPay,success,2026-10-05T21:06:34+07:00,,10848
1407,1559,credit_card,success,2026-09-14T21:24:55+07:00,,2961
1408,1560,credit_card,success,2026-12-05T13:23:28+07:00,,38420
1409,1561,PromptPay,success,2026-10-26T22:30:12+07:00,,3371
1410,1562,PromptPay,success,2026-12-03T00:35:16+07:00,,10243
1411,1563,PromptPay,success,2026-05-17T19:28:26+07:00,,30724
1412,1564,credit_card,success,2026-05-28T08:36:40+07:00,,10663
1413,1566,bank_transfer,success,2026-12-24T08:56:27+07:00,,41455
1414,1567,ShopeePay,success,2026-11-29T14:59:02+07:00,,9384
1415,1568,debit_card,success,2026-11-25T07:50:37+07:00,,35417
1416,1570,ShopeePay,success,2026-03-03T14:35:37+07:00,,3851
1417,1571,PromptPay,success,2026-04-14T16:16:55+07:00,,25946
1418,1572,credit_card,success,2026-04-26T13:34:34+07:00,,11206
1419,1573,GrabPay,failed,2026-03-29T09:04:35+07:00,otp_timeout,12421
1420,1574,ShopeePay,failed,2026-11-09T20:40:34+07:00,otp_timeout,17880
1421,1576,PromptPay,success,2026-11-15T14:39:44+07:00,,6878
1422,1577,PromptPay,success,2026-04-21T10:26:59+07:00,,10167
1423,1578,PromptPay,failed,2026-09-04T23:43:33+07:00,gateway_timeout,8222
1424,1579,credit_card,success,2026-09-07T07:07:53+07:00,,8163
1425,1580,PromptPay,success,2026-08-13T02:11:19+07:00,,8517
1426,1581,credit_card,success,2026-11-03T16:02:14+07:00,,10816
1427,1582,PromptPay,success,2026-05-24T08:55:34+07:00,,17200
1428,1583,credit_card,failed,2026-10-05T15:44:20+07:00,insufficient_funds,5770
1429,1584,PromptPay,success,2026-02-12T23:20:30+07:00,,99689
1430,1585,PromptPay,success,2026-12-24T12:55:35+07:00,,14573
1431,1586,credit_card,success,2026-06-23T01:10:08+07:00,,12444
1432,1588,TrueMoney,success,2026-09-30T21:13:37+07:00,,7959
1433,1589,PromptPay,success,2026-12-02T23:41:01+07:00,,8487
1434,1590,bank_transfer,success,2026-11-14T17:19:45+07:00,,5744
1435,1591,PromptPay,success,2026-05-31T08:28:49+07:00,,32331
1436,1592,PromptPay,success,2026-06-06T19:58:07+07:00,,15395
1437,1593,credit_card,success,2026-08-18T12:02:42+07:00,,4385
1438,1594,PromptPay,success,2026-05-24T09:50:16+07:00,,17986
1439,1595,PromptPay,success,2026-11-23T13:41:00+07:00,,5670
1440,1597,credit_card,success,2026-07-27T18:06:42+07:00,,12492
1441,1598,PromptPay,success,2026-09-14T22:47:25+07:00,,12830
1442,1599,TrueMoney,success,2026-08-10T21:54:53+07:00,,19431
1443,1600,PromptPay,success,2026-10-03T02:24:07+07:00,,5816
1444,1601,TrueMoney,success,2026-10-10T19:10:10+07:00,,3949
1445,1602,PromptPay,success,2026-05-03T15:45:51+07:00,,38930
1446,1603,TrueMoney,success,2026-02-19T22:03:18+07:00,,2182
1447,1604,TrueMoney,success,2026-03-05T15:02:24+07:00,,12967
1448,1605,credit_card,success,2026-08-20T13:28:45+07:00,,15021
1449,1606,debit_card,success,2026-08-23T20:22:36+07:00,,13284
1450,1607,credit_card,success,2026-07-27T17:32:55+07:00,,11406
1451,1608,GrabPay,success,2026-05-26T10:05:01+07:00,,19406
1452,1609,debit_card,success,2026-07-12T22:06:35+07:00,,12755
1453,1610,TrueMoney,success,2026-03-31T22:45:31+07:00,,17560
1454,1613,PromptPay,success,2026-11-10T22:25:14+07:00,,9099
1455,1614,GrabPay,success,2026-11-03T22:26:23+07:00,,27853
1456,1615,PromptPay,success,2026-09-02T10:29:58+07:00,,12577
1457,1616,credit_card,success,2026-07-20T11:51:26+07:00,,13872
1458,1617,PromptPay,success,2026-10-24T18:53:26+07:00,,18747
1459,1618,credit_card,success,2026-08-03T23:07:02+07:00,,12939
1460,1619,PromptPay,success,2026-11-13T19:33:11+07:00,,8540
1461,1620,PromptPay,success,2026-12-26T10:51:02+07:00,,29991
1462,1621,PromptPay,success,2026-08-29T12:25:23+07:00,,19396
1463,1622,bank_transfer,success,2026-09-29T01:11:07+07:00,,50049
1464,1623,PromptPay,success,2026-02-26T11:17:12+07:00,,25528
1465,1625,debit_card,success,2026-12-16T14:37:03+07:00,,27116
1466,1626,credit_card,success,2026-11-03T15:56:02+07:00,,13102
1467,1627,PromptPay,success,2026-08-01T09:41:05+07:00,,9850
1468,1628,PromptPay,failed,2026-09-24T23:18:50+07:00,gateway_timeout,3560
1469,1629,debit_card,success,2026-03-08T22:30:27+07:00,,9718
1470,1631,credit_card,success,2026-07-13T02:12:05+07:00,,11128
1471,1632,GrabPay,success,2026-10-18T00:29:16+07:00,,4308
1472,1633,credit_card,success,2026-10-29T13:31:40+07:00,,5280
1473,1634,TrueMoney,success,2026-09-20T00:08:24+07:00,,12288
1474,1635,PromptPay,success,2026-09-18T19:42:54+07:00,,8367
1475,1636,PromptPay,success,2026-11-07T14:45:58+07:00,,2641
1476,1637,credit_card,success,2026-12-13T01:25:38+07:00,,6275
1477,1638,PromptPay,success,2026-06-01T00:08:28+07:00,,30293
1478,1639,credit_card,success,2026-06-28T19:37:29+07:00,,20256
1479,1642,PromptPay,success,2026-10-24T23:00:04+07:00,,35582
1480,1643,PromptPay,success,2026-10-24T00:56:15+07:00,,7884
1481,1645,GrabPay,success,2026-07-21T01:15:59+07:00,,16816
1482,1646,debit_card,success,2026-09-08T20:27:10+07:00,,43792
1483,1647,debit_card,success,2026-09-23T19:03:06+07:00,,7405
1484,1648,debit_card,success,2026-07-27T13:01:17+07:00,,16485
1485,1649,credit_card,success,2026-08-10T19:06:49+07:00,,9855
1486,1650,GrabPay,success,2026-09-07T16:30:29+07:00,,6708
1487,1651,PromptPay,success,2026-07-25T10:09:25+07:00,,15594
1488,1652,credit_card,success,2026-06-23T21:16:51+07:00,,14968
1489,1653,PromptPay,success,2026-03-29T16:23:25+07:00,,8018
1490,1654,credit_card,success,2026-07-13T17:13:41+07:00,,14752
1491,1655,PromptPay,success,2026-04-09T14:34:48+07:00,,18065
1492,1656,debit_card,success,2026-07-21T01:43:21+07:00,,11212
1493,1657,GrabPay,success,2026-10-24T18:04:18+07:00,,10677
1494,1658,PromptPay,success,2026-12-01T15:00:21+07:00,,3438
1495,1661,credit_card,success,2026-08-19T07:50:26+07:00,,22057
1496,1662,PromptPay,success,2026-12-06T23:59:26+07:00,,13742
1497,1663,PromptPay,failed,2026-08-28T00:20:46+07:00,gateway_timeout,10697
1498,1664,credit_card,success,2026-09-17T13:09:28+07:00,,5617
1499,1665,credit_card,success,2026-09-24T15:00:09+07:00,,10304
1500,1666,PromptPay,success,2026-08-31T02:13:24+07:00,,13161
1501,1667,PromptPay,success,2026-11-30T09:50:21+07:00,,7089
1502,1668,credit_card,success,2026-08-05T21:14:48+07:00,,45264
1503,1669,credit_card,success,2026-09-12T16:04:37+07:00,,19868
1504,1670,PromptPay,success,2026-12-15T10:59:45+07:00,,23677
1505,1671,PromptPay,success,2026-12-04T17:30:16+07:00,,31769
1506,1672,credit_card,success,2026-12-03T10:54:18+07:00,,10120
1507,1673,credit_card,success,2026-04-20T19:34:40+07:00,,7224
1508,1674,credit_card,success,2026-05-04T21:24:28+07:00,,3630
1509,1675,debit_card,success,2026-12-16T13:25:13+07:00,,4788
1510,1676,PromptPay,failed,2026-11-01T19:21:32+07:00,insufficient_funds,2879
1511,1677,TrueMoney,success,2026-09-22T13:40:58+07:00,,6606
1512,1680,credit_card,success,2026-11-09T13:05:05+07:00,,12908
1513,1682,credit_card,success,2026-08-13T06:45:14+07:00,,6842
1514,1683,PromptPay,success,2026-10-21T23:21:10+07:00,,5662
1515,1684,PromptPay,success,2026-12-06T09:00:32+07:00,,17944
1516,1685,credit_card,success,2026-09-22T22:41:02+07:00,,21704
1517,1686,bank_transfer,success,2026-10-20T12:35:51+07:00,,7905
1518,1687,credit_card,success,2026-12-16T20:59:44+07:00,,13722
1519,1688,PromptPay,success,2026-03-10T13:02:48+07:00,,21509
1520,1689,bank_transfer,success,2026-04-01T14:36:35+07:00,,6334
1521,1690,ShopeePay,success,2026-10-17T00:38:06+07:00,,35552
1522,1691,PromptPay,success,2026-06-01T14:22:07+07:00,,7992
1523,1692,credit_card,success,2026-08-02T15:58:59+07:00,,32383
1524,1694,credit_card,success,2026-11-09T07:40:52+07:00,,4248
1525,1696,GrabPay,success,2026-10-18T19:23:25+07:00,,9213
1526,1697,PromptPay,success,2026-11-20T06:15:19+07:00,,7281
1527,1698,PromptPay,success,2026-04-18T19:40:09+07:00,,19590
1528,1699,GrabPay,success,2026-09-20T12:37:37+07:00,,9804
1529,1700,PromptPay,success,2026-10-05T06:48:55+07:00,,9577
1530,1701,credit_card,success,2026-03-06T09:50:41+07:00,,14257
1531,1702,TrueMoney,success,2026-12-24T09:10:25+07:00,,16801
1532,1703,credit_card,success,2026-06-22T20:40:30+07:00,,7007
1533,1704,TrueMoney,success,2026-11-14T01:51:24+07:00,,29514
1534,1705,PromptPay,success,2026-09-10T19:02:46+07:00,,8778
1535,1706,PromptPay,success,2026-11-09T20:10:29+07:00,,4148
1536,1707,PromptPay,success,2026-09-30T12:06:30+07:00,,3074
1537,1708,credit_card,success,2026-10-03T13:59:17+07:00,,20654
1538,1709,credit_card,success,2026-08-16T08:15:06+07:00,,8396
1539,1710,credit_card,failed,2026-09-07T19:48:45+07:00,card_declined,14107
1540,1711,PromptPay,success,2026-12-13T08:38:04+07:00,,18610
1541,1712,debit_card,success,2026-09-03T13:09:12+07:00,,13490
1542,1713,bank_transfer,success,2026-03-30T09:45:42+07:00,,11372
1543,1714,TrueMoney,success,2026-07-20T16:18:33+07:00,,5582
1544,1715,credit_card,success,2026-10-21T23:30:24+07:00,,8957
1545,1716,PromptPay,success,2026-05-14T23:52:19+07:00,,14181
1546,1717,credit_card,success,2026-09-23T23:56:18+07:00,,7845
1547,1718,PromptPay,success,2026-03-07T02:10:33+07:00,,18899
1548,1720,credit_card,success,2026-08-17T18:51:26+07:00,,10659
1549,1721,credit_card,success,2026-09-27T10:09:32+07:00,,5475
1550,1722,PromptPay,success,2026-07-10T06:16:40+07:00,,6736
1551,1723,PromptPay,success,2026-03-31T10:11:23+07:00,,2281
1552,1724,debit_card,success,2026-06-22T01:44:55+07:00,,11755
1553,1725,PromptPay,success,2026-03-26T20:18:55+07:00,,2132
1554,1726,credit_card,success,2026-08-19T16:46:12+07:00,,10691
1555,1727,PromptPay,success,2026-10-01T23:20:07+07:00,,8732
1556,1728,debit_card,success,2026-09-12T10:53:45+07:00,,6333
1557,1729,debit_card,success,2026-12-21T19:47:17+07:00,,14154
1558,1730,PromptPay,success,2026-12-12T09:52:09+07:00,,3320
1559,1731,bank_transfer,success,2026-06-23T19:28:59+07:00,,29191
1560,1732,credit_card,success,2026-06-30T09:02:32+07:00,,7685
1561,1733,PromptPay,success,2026-07-29T21:45:54+07:00,,10631
1562,1734,PromptPay,failed,2026-10-07T22:46:18+07:00,card_declined,18462
1563,1735,PromptPay,success,2026-11-09T06:26:33+07:00,,13351
1564,1736,credit_card,success,2026-05-30T20:44:14+07:00,,16268
1565,1737,PromptPay,success,2026-11-05T02:26:14+07:00,,18384
1566,1738,TrueMoney,success,2026-06-13T09:06:27+07:00,,13934
1567,1739,ShopeePay,success,2026-08-26T21:35:56+07:00,,15943
1568,1740,ShopeePay,success,2026-09-22T23:04:42+07:00,,18713
1569,1741,PromptPay,success,2026-10-20T20:33:15+07:00,,6296
1570,1742,PromptPay,success,2026-10-28T01:44:23+07:00,,15926
1571,1743,debit_card,success,2026-10-18T09:38:30+07:00,,20479
1572,1744,TrueMoney,success,2026-11-03T19:51:38+07:00,,4130
1573,1745,PromptPay,success,2026-10-26T12:14:09+07:00,,7130
1574,1746,PromptPay,failed,2026-02-12T22:31:38+07:00,gateway_timeout,7235
1575,1747,credit_card,success,2026-10-26T01:17:36+07:00,,3881
1576,1748,GrabPay,success,2026-09-12T13:49:43+07:00,,9352
1577,1749,credit_card,success,2026-07-25T12:57:35+07:00,,1862
1578,1750,PromptPay,success,2026-09-08T17:49:35+07:00,,51608
1579,1751,PromptPay,success,2026-09-15T09:01:54+07:00,,13523
1580,1752,TrueMoney,success,2026-09-02T20:42:46+07:00,,14651
1581,1753,PromptPay,success,2026-09-25T06:36:26+07:00,,18987
1582,1754,PromptPay,success,2026-08-23T15:17:18+07:00,,12313
1583,1755,credit_card,success,2026-09-03T23:38:11+07:00,,6565
1584,1756,TrueMoney,success,2026-12-03T00:19:10+07:00,,22757
1585,1757,GrabPay,success,2026-04-30T22:48:01+07:00,,19287
1586,1758,bank_transfer,success,2026-11-01T14:03:49+07:00,,13936
1587,1759,credit_card,success,2026-06-23T01:40:53+07:00,,4664
1588,1760,bank_transfer,success,2026-06-27T11:51:31+07:00,,10360
1589,1761,credit_card,success,2026-08-23T15:13:08+07:00,,27995
1590,1762,PromptPay,failed,2026-09-10T23:16:03+07:00,gateway_timeout,26054
1591,1763,credit_card,success,2026-05-14T23:04:34+07:00,,11563
1592,1764,credit_card,success,2026-10-19T22:40:29+07:00,,7610
1593,1765,PromptPay,success,2026-05-21T17:24:52+07:00,,4768
1594,1766,bank_transfer,success,2026-01-24T20:23:28+07:00,,24064
1595,1767,GrabPay,success,2026-02-11T16:29:26+07:00,,8345
1596,1768,debit_card,success,2026-11-27T21:00:07+07:00,,40233
1597,1769,TrueMoney,success,2026-06-24T16:46:50+07:00,,13208
1598,1770,PromptPay,success,2026-11-18T18:42:20+07:00,,8754
1599,1771,PromptPay,success,2026-11-19T18:06:04+07:00,,18236
1600,1772,credit_card,success,2026-07-23T19:43:00+07:00,,13906
1601,1773,credit_card,success,2026-11-20T10:05:26+07:00,,15419
1602,1774,credit_card,success,2026-12-24T21:23:36+07:00,,15762
1603,1775,credit_card,success,2026-03-10T18:58:06+07:00,,9409
1604,1776,ShopeePay,success,2026-07-05T10:16:25+07:00,,13440
1605,1777,PromptPay,success,2026-08-06T06:04:14+07:00,,8969
1606,1779,credit_card,success,2026-06-18T13:27:09+07:00,,4543
1607,1780,PromptPay,failed,2026-10-10T23:35:09+07:00,gateway_timeout,5396
1608,1781,credit_card,success,2026-10-22T15:05:51+07:00,,4729
1609,1782,TrueMoney,success,2026-06-07T09:41:57+07:00,,6223
1610,1783,debit_card,success,2026-11-12T19:03:20+07:00,,32018
1611,1784,TrueMoney,success,2026-12-31T11:58:36+07:00,,21932
1612,1785,debit_card,success,2026-10-23T15:24:30+07:00,,24809
1613,1786,credit_card,success,2026-10-29T10:16:48+07:00,,16009
1614,1787,PromptPay,success,2026-06-23T18:28:45+07:00,,7255
1615,1788,PromptPay,success,2026-05-24T14:01:57+07:00,,2616
1616,1789,GrabPay,success,2026-12-12T12:25:20+07:00,,15325
1617,1790,PromptPay,success,2026-12-13T19:47:02+07:00,,6018
1618,1791,debit_card,success,2026-10-03T01:56:37+07:00,,42991
1619,1792,debit_card,success,2026-09-22T15:58:28+07:00,,15842
1620,1793,PromptPay,success,2026-10-03T22:44:22+07:00,,8427
1621,1794,PromptPay,success,2026-05-04T19:50:05+07:00,,23182
1622,1795,PromptPay,success,2026-05-10T17:51:48+07:00,,6169
1623,1796,PromptPay,success,2026-11-07T21:00:31+07:00,,15606
1624,1797,PromptPay,success,2026-11-25T00:05:18+07:00,,4680
1625,1798,credit_card,success,2026-11-12T13:42:02+07:00,,10693
1626,1799,PromptPay,success,2026-07-16T21:52:13+07:00,,6117
1627,1800,credit_card,success,2026-09-11T20:11:20+07:00,,20178
1628,1801,ShopeePay,success,2026-09-21T02:24:26+07:00,,27640
1629,1802,bank_transfer,success,2026-08-15T12:57:10+07:00,,9598
1630,1805,PromptPay,success,2026-09-17T00:19:04+07:00,,4057
1631,1806,PromptPay,success,2026-06-26T03:19:03+07:00,,10327
1632,1807,credit_card,success,2026-09-17T23:25:07+07:00,,15329
1633,1808,PromptPay,success,2026-12-17T19:51:58+07:00,,8198
1634,1809,TrueMoney,success,2026-05-03T23:37:06+07:00,,11739
1635,1810,PromptPay,success,2026-06-15T22:44:12+07:00,,14648
1636,1811,debit_card,success,2026-12-11T19:33:48+07:00,,20614
1637,1812,debit_card,success,2026-11-27T04:23:53+07:00,,9064
1638,1813,GrabPay,success,2026-08-17T11:40:57+07:00,,12448
1639,1814,PromptPay,success,2026-10-17T09:03:20+07:00,,4963
1640,1816,PromptPay,success,2026-10-15T10:30:15+07:00,,11526
1641,1817,PromptPay,success,2026-12-14T20:59:03+07:00,,6969
1642,1818,bank_transfer,success,2026-10-19T23:54:40+07:00,,42640
1643,1819,PromptPay,success,2026-03-30T22:55:10+07:00,,11317
1644,1820,debit_card,success,2026-07-14T02:18:13+07:00,,42128
1645,1821,PromptPay,success,2026-07-26T23:22:23+07:00,,8421
1646,1822,PromptPay,failed,2026-09-03T23:36:11+07:00,gateway_timeout,19263
1647,1823,credit_card,success,2026-09-11T21:39:34+07:00,,6345
1648,1824,bank_transfer,success,2026-04-23T21:56:34+07:00,,6439
1649,1825,PromptPay,success,2026-10-02T14:05:17+07:00,,14598
1650,1828,credit_card,success,2026-08-11T15:37:27+07:00,,8362
1651,1829,PromptPay,success,2026-08-08T18:31:49+07:00,,34381
1652,1831,debit_card,success,2026-08-22T19:17:50+07:00,,19495
1653,1832,PromptPay,success,2026-09-19T18:26:11+07:00,,26719
1654,1833,PromptPay,success,2026-10-21T18:51:03+07:00,,14249
1655,1836,bank_transfer,success,2026-06-09T15:15:05+07:00,,24133
1656,1838,credit_card,success,2026-10-16T13:28:14+07:00,,5086
1657,1839,PromptPay,success,2026-02-10T18:35:01+07:00,,10923
1658,1840,PromptPay,success,2026-03-17T11:15:07+07:00,,16115
1659,1841,PromptPay,success,2026-04-04T21:11:21+07:00,,10938
1660,1842,GrabPay,success,2026-07-21T10:05:13+07:00,,16859
1661,1843,PromptPay,success,2026-09-10T17:41:04+07:00,,52361
1662,1844,PromptPay,success,2026-11-24T14:10:33+07:00,,12087
1663,1845,credit_card,success,2026-09-22T22:30:05+07:00,,12006
1664,1846,credit_card,success,2026-04-15T01:41:34+07:00,,12009
1665,1847,PromptPay,success,2026-07-16T20:51:39+07:00,,50271
1666,1848,credit_card,success,2026-08-02T02:43:55+07:00,,23324
1667,1849,PromptPay,success,2026-12-28T12:04:45+07:00,,12817
1668,1851,credit_card,success,2026-04-29T23:22:21+07:00,,28021
1669,1852,credit_card,success,2026-05-13T14:29:42+07:00,,15170
1670,1853,credit_card,failed,2026-10-29T18:48:28+07:00,card_declined,11782
1671,1854,credit_card,success,2026-09-19T12:22:52+07:00,,22443
1672,1855,credit_card,success,2026-02-16T19:34:33+07:00,,7123
1673,1856,PromptPay,success,2026-06-01T16:21:06+07:00,,4630
1674,1857,credit_card,success,2026-08-21T01:00:27+07:00,,13380
1675,1858,credit_card,success,2026-12-12T14:13:25+07:00,,21551
1676,1859,PromptPay,success,2026-12-25T22:50:07+07:00,,20463
1677,1860,TrueMoney,success,2026-07-07T12:30:30+07:00,,9430
1678,1861,PromptPay,success,2026-06-10T20:22:06+07:00,,9272
1679,1862,credit_card,success,2026-07-07T14:14:10+07:00,,3603
1680,1863,credit_card,failed,2026-02-23T18:58:53+07:00,insufficient_funds,11311
1681,1864,PromptPay,success,2026-04-11T08:19:27+07:00,,13675
1682,1865,PromptPay,success,2026-06-18T23:47:15+07:00,,6665
1683,1866,credit_card,success,2026-07-01T16:18:23+07:00,,14274
1684,1867,credit_card,success,2026-05-02T23:00:56+07:00,,7880
1685,1868,debit_card,success,2026-06-23T11:50:55+07:00,,25212
1686,1869,TrueMoney,failed,2026-07-11T21:45:10+07:00,insufficient_funds,18818
1687,1872,credit_card,success,2026-12-16T23:41:45+07:00,,34345
1688,1874,PromptPay,success,2026-08-30T01:12:57+07:00,,27268
1689,1875,debit_card,success,2026-09-19T08:18:33+07:00,,21475
1690,1876,TrueMoney,success,2026-11-12T08:08:56+07:00,,7552
1691,1877,credit_card,success,2026-05-08T19:04:36+07:00,,9649
1692,1878,PromptPay,success,2026-08-17T23:19:42+07:00,,17807
1693,1879,credit_card,success,2026-08-21T23:41:27+07:00,,8376
1694,1880,credit_card,success,2026-09-06T16:56:31+07:00,,16896
1695,1883,credit_card,success,2026-05-07T01:16:31+07:00,,4439
1696,1884,PromptPay,success,2026-09-04T07:44:37+07:00,,10201
1697,1885,ShopeePay,success,2026-10-08T11:07:21+07:00,,10396
1698,1886,debit_card,success,2026-10-14T09:49:30+07:00,,8294
1699,1887,ShopeePay,success,2026-11-18T11:34:31+07:00,,5280
1700,1888,debit_card,success,2026-12-09T08:14:45+07:00,,10006
1701,1889,PromptPay,success,2026-10-09T16:41:18+07:00,,4437
1702,1890,debit_card,success,2026-06-23T11:09:13+07:00,,9874
1703,1891,credit_card,success,2026-04-30T15:47:35+07:00,,17157
1704,1894,credit_card,success,2026-11-03T16:59:35+07:00,,10243
1705,1896,credit_card,success,2026-08-03T12:45:51+07:00,,10642
1706,1898,PromptPay,success,2026-10-04T15:37:38+07:00,,7273
1707,1899,bank_transfer,success,2026-02-20T22:40:48+07:00,,5953
1708,1900,credit_card,success,2026-11-04T16:19:12+07:00,,5757
1709,1901,PromptPay,success,2026-09-11T14:52:48+07:00,,6494
1710,1903,credit_card,success,2026-05-02T19:40:13+07:00,,15480
1711,1904,credit_card,success,2026-12-19T10:53:37+07:00,,9725
1712,1905,GrabPay,success,2026-05-18T18:25:56+07:00,,26963
1713,1906,GrabPay,success,2026-10-06T12:42:57+07:00,,16546
1714,1907,credit_card,success,2026-10-06T18:52:10+07:00,,9295
1715,1909,credit_card,success,2026-08-12T10:03:12+07:00,,15498
1716,1910,TrueMoney,success,2026-03-25T17:11:56+07:00,,7731
1717,1911,credit_card,success,2026-04-04T01:55:44+07:00,,5389
1718,1913,PromptPay,success,2026-10-21T06:12:49+07:00,,25298
1719,1914,PromptPay,success,2026-11-25T23:30:59+07:00,,28209
1720,1916,PromptPay,success,2026-10-15T03:43:40+07:00,,25981
1721,1917,PromptPay,success,2026-10-27T20:51:49+07:00,,9478
1722,1918,credit_card,success,2026-09-25T17:39:48+07:00,,24902
1723,1919,credit_card,success,2026-09-15T20:21:59+07:00,,13429
1724,1920,debit_card,success,2026-08-01T17:37:27+07:00,,7888
1725,1921,PromptPay,success,2026-10-09T08:06:48+07:00,,15850
1726,1922,PromptPay,success,2026-10-27T23:20:29+07:00,,24916
1727,1923,credit_card,success,2026-06-13T18:01:31+07:00,,12055
1728,1924,ShopeePay,success,2026-05-24T23:45:25+07:00,,15367
1729,1925,credit_card,success,2026-07-08T12:59:23+07:00,,13938
1730,1926,credit_card,success,2026-11-14T09:29:44+07:00,,25709
1731,1927,credit_card,success,2026-10-19T11:40:52+07:00,,4147
1732,1928,credit_card,success,2026-09-26T21:37:11+07:00,,23302
1733,1929,credit_card,success,2026-09-04T04:41:12+07:00,,17550
1734,1930,credit_card,success,2026-10-04T09:49:21+07:00,,17830
1735,1931,debit_card,success,2026-06-06T07:35:04+07:00,,51211
1736,1932,PromptPay,success,2026-06-06T20:17:53+07:00,,22179
1737,1933,PromptPay,success,2026-11-15T15:39:33+07:00,,3704
1738,1934,PromptPay,success,2026-07-20T11:40:01+07:00,,25664
1739,1935,bank_transfer,success,2026-12-01T11:52:04+07:00,,27316
1740,1936,credit_card,success,2026-08-02T21:44:04+07:00,,14317
1741,1937,debit_card,success,2026-11-14T09:25:57+07:00,,6231
1742,1938,credit_card,success,2026-06-03T17:26:50+07:00,,28505
1743,1939,TrueMoney,success,2026-12-16T07:59:04+07:00,,14535
1744,1940,debit_card,success,2026-09-19T15:41:00+07:00,,18761
1745,1941,PromptPay,success,2026-09-15T07:59:44+07:00,,41113
1746,1942,PromptPay,success,2026-06-28T19:07:55+07:00,,28433
1747,1943,PromptPay,success,2026-08-10T00:57:39+07:00,,15208
1748,1944,PromptPay,success,2026-08-22T09:55:41+07:00,,19584
1749,1945,credit_card,success,2026-08-22T23:16:01+07:00,,5728
1750,1946,debit_card,success,2026-10-15T09:12:01+07:00,,11920
1751,1947,GrabPay,success,2026-11-19T13:03:36+07:00,,19963
1752,1948,TrueMoney,success,2026-06-27T00:16:43+07:00,,7181
1753,1950,PromptPay,success,2026-07-22T23:57:40+07:00,,16594
1754,1951,TrueMoney,success,2026-04-02T14:35:10+07:00,,6829
1755,1952,PromptPay,success,2026-07-03T13:05:22+07:00,,11655
1756,1953,TrueMoney,success,2026-04-06T22:28:56+07:00,,6791
1757,1954,credit_card,success,2026-07-24T19:47:10+07:00,,27090
1758,1956,PromptPay,success,2026-07-22T09:12:43+07:00,,17485
1759,1957,credit_card,success,2026-06-16T19:53:06+07:00,,7229
1760,1958,credit_card,success,2026-07-22T10:55:35+07:00,,8758
1761,1959,PromptPay,success,2026-11-18T07:03:57+07:00,,21753
1762,1960,debit_card,success,2026-10-27T11:13:34+07:00,,11344
1763,1961,PromptPay,success,2026-05-21T22:03:25+07:00,,21744
1764,1962,PromptPay,success,2026-10-14T09:56:05+07:00,,11185
1765,1963,PromptPay,success,2026-10-17T16:20:46+07:00,,5255
1766,1964,credit_card,success,2026-08-09T02:18:26+07:00,,8649
1767,1965,debit_card,success,2026-05-23T02:37:01+07:00,,44107
1768,1966,bank_transfer,success,2026-07-22T00:22:21+07:00,,22229
1769,1967,PromptPay,success,2026-09-06T18:59:52+07:00,,13270
1770,1968,PromptPay,success,2026-10-09T12:12:12+07:00,,8215
1771,1969,PromptPay,success,2026-12-05T18:04:44+07:00,,9763
1772,1970,TrueMoney,success,2026-12-18T11:42:17+07:00,,37145
1773,1971,PromptPay,success,2026-11-02T21:11:13+07:00,,20306
1774,1972,credit_card,success,2026-07-26T18:39:53+07:00,,6668
1775,1973,ShopeePay,success,2026-11-07T14:54:54+07:00,,6195
1776,1974,PromptPay,success,2026-10-19T21:47:36+07:00,,11013
1777,1976,debit_card,success,2026-09-11T13:04:37+07:00,,8886
1778,1977,PromptPay,success,2026-11-04T16:49:32+07:00,,16219
1779,1979,bank_transfer,success,2026-11-20T17:38:46+07:00,,21265
1780,1980,credit_card,success,2026-10-21T00:22:02+07:00,,17675
1781,1981,PromptPay,success,2026-10-10T20:27:44+07:00,,19930
1782,1982,ShopeePay,success,2026-04-05T11:13:51+07:00,,18146
1783,1983,credit_card,success,2026-03-05T10:40:02+07:00,,8736
1784,1984,bank_transfer,success,2026-05-25T23:24:34+07:00,,9473
1785,1985,ShopeePay,success,2026-05-11T19:05:35+07:00,,3690
1786,1986,debit_card,success,2026-07-17T10:17:12+07:00,,5442
1787,1987,PromptPay,success,2026-06-15T12:53:18+07:00,,10614
1788,1988,PromptPay,success,2026-10-05T18:59:29+07:00,,7029
1789,1989,debit_card,success,2026-10-16T21:52:11+07:00,,15730
1790,1990,PromptPay,success,2026-10-07T10:13:24+07:00,,15900
1791,1991,PromptPay,success,2026-10-24T03:55:42+07:00,,5367
1792,1992,PromptPay,success,2026-05-13T19:30:06+07:00,,11734
1793,1993,PromptPay,success,2026-03-15T02:18:39+07:00,,10390
1794,1994,credit_card,success,2026-08-18T10:30:30+07:00,,22815
1795,1995,bank_transfer,success,2026-09-09T14:22:30+07:00,,10917
1796,1996,TrueMoney,success,2026-07-18T13:47:12+07:00,,12167
1797,1997,PromptPay,success,2026-09-04T14:15:04+07:00,,30359
1798,1998,credit_card,success,2026-05-03T21:04:34+07:00,,21527
1799,1999,PromptPay,success,2026-10-31T18:41:05+07:00,,3619
1800,2000,PromptPay,success,2026-11-01T18:45:51+07:00,,3581
1801,2001,debit_card,failed,2026-10-12T18:56:56+07:00,bank_rejected,12386
1802,2002,credit_card,success,2026-10-24T23:35:19+07:00,,5953
1803,2003,bank_transfer,success,2026-07-29T22:12:59+07:00,,3543
1804,2004,credit_card,success,2026-07-10T01:31:23+07:00,,11919
1805,2006,PromptPay,success,2026-05-27T09:11:30+07:00,,11286
1806,2007,PromptPay,success,2026-10-02T22:45:45+07:00,,48222
1807,2008,credit_card,success,2026-05-10T14:09:08+07:00,,5955
1808,2009,PromptPay,success,2026-06-27T19:39:23+07:00,,3573
1809,2010,PromptPay,success,2026-09-12T23:14:57+07:00,,4902
1810,2011,credit_card,success,2026-08-21T18:15:51+07:00,,5906
1811,2012,TrueMoney,success,2026-09-16T11:37:14+07:00,,16606
1812,2013,credit_card,success,2026-10-05T01:45:57+07:00,,7964
1813,2014,TrueMoney,success,2026-09-25T12:37:56+07:00,,8935
1814,2015,bank_transfer,success,2026-05-24T02:02:00+07:00,,14876
1815,2016,credit_card,success,2026-08-15T19:34:32+07:00,,17944
1816,2017,GrabPay,success,2026-03-01T01:51:41+07:00,,6330
1817,2018,debit_card,success,2026-05-09T21:34:01+07:00,,5260
1818,2020,debit_card,success,2026-07-29T19:16:09+07:00,,13808
1819,2021,credit_card,success,2026-12-07T03:09:49+07:00,,37720
1820,2022,debit_card,failed,2026-08-15T22:52:01+07:00,insufficient_funds,74452
1821,2023,PromptPay,success,2026-12-10T23:05:24+07:00,,5681
1822,2024,PromptPay,success,2026-08-16T22:17:09+07:00,,3735
1823,2025,credit_card,success,2026-10-12T06:29:55+07:00,,7753
1824,2027,debit_card,success,2026-12-19T17:59:57+07:00,,3652
1825,2028,PromptPay,success,2026-11-06T10:56:40+07:00,,6687
1826,2029,credit_card,success,2026-12-22T18:12:14+07:00,,6186
1827,2030,PromptPay,success,2026-12-24T12:01:02+07:00,,19708
1828,2031,PromptPay,success,2026-11-10T17:28:51+07:00,,25188
1829,2035,credit_card,success,2026-03-12T15:25:31+07:00,,10091
1830,2036,credit_card,success,2026-07-25T07:30:42+07:00,,21756
1831,2038,PromptPay,success,2026-12-13T20:34:26+07:00,,8874
1832,2039,TrueMoney,success,2026-10-02T09:54:41+07:00,,8185
1833,2040,credit_card,success,2026-08-02T09:42:24+07:00,,44918
1834,2042,GrabPay,success,2026-05-25T12:49:08+07:00,,50490
1835,2043,TrueMoney,success,2026-09-02T19:39:03+07:00,,34215
1836,2044,credit_card,success,2026-06-12T14:23:43+07:00,,8615
1837,2045,credit_card,success,2026-10-19T22:43:45+07:00,,19885
1838,2046,ShopeePay,success,2026-09-22T01:50:41+07:00,,18821
1839,2047,credit_card,success,2026-09-12T18:27:00+07:00,,13623
1840,2048,PromptPay,success,2026-07-22T18:31:10+07:00,,25721
1841,2049,credit_card,success,2026-08-05T15:15:01+07:00,,6886
1842,2050,PromptPay,success,2026-07-29T04:52:58+07:00,,46029
1843,2051,TrueMoney,success,2026-06-17T23:06:59+07:00,,15508
1844,2052,credit_card,success,2026-09-18T17:39:40+07:00,,13224
1845,2053,PromptPay,success,2026-06-21T08:17:50+07:00,,16944
1846,2054,PromptPay,success,2026-01-24T18:14:58+07:00,,25999
1847,2055,credit_card,success,2026-08-04T16:28:01+07:00,,17316
1848,2056,bank_transfer,success,2026-06-15T02:13:07+07:00,,26169
1849,2058,bank_transfer,success,2026-09-14T09:11:51+07:00,,7729
1850,2059,TrueMoney,success,2026-08-14T16:13:24+07:00,,10171
1851,2060,credit_card,success,2026-12-20T01:04:26+07:00,,32584
1852,2061,debit_card,success,2026-12-05T11:03:30+07:00,,26845
1853,2062,bank_transfer,success,2026-04-07T14:45:52+07:00,,5489
1854,2063,PromptPay,success,2026-04-17T19:15:50+07:00,,10466
1855,2064,credit_card,success,2026-11-19T09:40:25+07:00,,25485
1856,2065,credit_card,success,2026-08-02T01:38:30+07:00,,14979
1857,2066,PromptPay,success,2026-05-07T10:56:10+07:00,,16103
1858,2067,credit_card,success,2026-05-24T09:52:15+07:00,,47231
1859,2068,bank_transfer,success,2026-06-02T20:00:34+07:00,,7390
1860,2069,debit_card,success,2026-07-12T20:55:46+07:00,,30707
1861,2070,debit_card,success,2026-11-03T21:02:15+07:00,,13673
1862,2071,credit_card,success,2026-10-13T13:15:23+07:00,,7608
1863,2072,TrueMoney,success,2026-03-25T20:35:26+07:00,,27538
1864,2073,PromptPay,success,2026-10-31T19:55:53+07:00,,11124
1865,2074,GrabPay,success,2026-02-20T23:36:45+07:00,,14450
1866,2075,credit_card,success,2026-06-11T05:58:47+07:00,,11684
1867,2076,credit_card,success,2026-12-16T21:45:37+07:00,,15666
1868,2077,PromptPay,success,2026-12-10T06:15:52+07:00,,10732
1869,2078,TrueMoney,success,2026-07-08T13:32:07+07:00,,4903
1870,2080,PromptPay,success,2026-05-30T03:55:26+07:00,,16379
1871,2081,PromptPay,success,2026-11-21T11:43:33+07:00,,32693
1872,2082,TrueMoney,success,2026-12-03T07:03:08+07:00,,9809
1873,2083,credit_card,success,2026-11-01T15:09:48+07:00,,17776
1874,2084,debit_card,success,2026-09-01T11:12:31+07:00,,5810
1875,2085,PromptPay,success,2026-11-27T11:00:43+07:00,,13801
1876,2087,credit_card,success,2026-12-16T16:25:54+07:00,,45266
1877,2088,PromptPay,success,2026-12-25T07:46:35+07:00,,26129
1878,2089,credit_card,success,2026-06-07T18:05:40+07:00,,10407
1879,2090,PromptPay,success,2026-08-11T11:36:45+07:00,,15555
1880,2091,PromptPay,success,2026-10-04T07:32:34+07:00,,7528
1881,2094,credit_card,success,2026-10-29T01:43:06+07:00,,13185
1882,2097,credit_card,success,2026-12-02T22:59:18+07:00,,38866
1883,2098,PromptPay,success,2026-12-03T03:50:00+07:00,,12425
1884,2099,PromptPay,success,2026-12-28T19:48:47+07:00,,13829
1885,2100,debit_card,success,2026-10-06T11:50:57+07:00,,19191
1886,2101,TrueMoney,success,2026-10-22T16:48:26+07:00,,14996
1887,2103,TrueMoney,success,2026-11-19T18:02:56+07:00,,7814
1888,2104,bank_transfer,success,2026-02-08T22:23:41+07:00,,5387
1889,2106,debit_card,success,2026-12-13T21:07:20+07:00,,64487
1890,2108,PromptPay,success,2026-06-26T14:44:56+07:00,,9944
1891,2109,PromptPay,success,2026-06-16T19:22:19+07:00,,36323
1892,2110,PromptPay,success,2026-07-04T01:30:43+07:00,,11066
1893,2111,PromptPay,success,2026-03-27T19:39:35+07:00,,39647
1894,2112,credit_card,success,2026-09-22T16:32:54+07:00,,5992
1895,2113,PromptPay,success,2026-06-26T01:36:19+07:00,,4535
1896,2114,TrueMoney,success,2026-10-03T19:35:16+07:00,,10891
1897,2115,debit_card,success,2026-11-24T23:31:47+07:00,,20051
1898,2116,PromptPay,failed,2026-08-07T22:49:21+07:00,gateway_timeout,7454
1899,2117,credit_card,success,2026-12-24T08:24:49+07:00,,32946
1900,2118,PromptPay,success,2026-11-10T12:34:50+07:00,,10281
1901,2120,bank_transfer,success,2026-06-16T21:42:18+07:00,,13414
1902,2121,debit_card,success,2026-07-25T17:36:53+07:00,,11272
1903,2123,credit_card,success,2026-10-26T17:28:50+07:00,,20000
1904,2124,TrueMoney,success,2026-10-12T13:57:40+07:00,,24975
1905,2125,credit_card,success,2026-10-18T13:09:53+07:00,,10777
1906,2126,credit_card,success,2026-10-20T16:32:35+07:00,,15964
1907,2127,bank_transfer,success,2026-11-30T18:34:50+07:00,,6846
1908,2128,GrabPay,success,2026-05-25T16:49:27+07:00,,19061
1909,2129,PromptPay,success,2026-04-30T16:47:30+07:00,,12920
1910,2130,ShopeePay,success,2026-08-06T09:23:10+07:00,,18972
1911,2131,credit_card,success,2026-08-05T22:09:33+07:00,,5649
1912,2132,credit_card,success,2026-08-25T00:32:15+07:00,,3185
1913,2133,credit_card,success,2026-09-10T18:34:37+07:00,,19909
1914,2134,PromptPay,success,2026-11-09T18:14:14+07:00,,11842
1915,2136,credit_card,success,2026-11-25T15:04:00+07:00,,17040
1916,2137,credit_card,success,2026-06-14T10:45:58+07:00,,16959
1917,2138,bank_transfer,success,2026-12-19T11:51:34+07:00,,9746
1918,2139,PromptPay,success,2026-12-28T02:40:30+07:00,,15388
1919,2140,credit_card,success,2026-12-04T01:07:39+07:00,,7169
1920,2141,TrueMoney,success,2026-06-01T19:19:28+07:00,,8398
1921,2142,debit_card,failed,2026-07-29T02:23:12+07:00,insufficient_funds,10748
1922,2143,PromptPay,success,2026-08-11T06:37:09+07:00,,10109
1923,2145,credit_card,success,2026-07-19T01:57:20+07:00,,6097
1924,2146,credit_card,success,2026-11-26T11:05:48+07:00,,10303
1925,2147,debit_card,success,2026-03-12T23:48:43+07:00,,7055
1926,2148,PromptPay,success,2026-10-19T20:11:50+07:00,,8628
1927,2149,GrabPay,success,2026-11-07T09:25:55+07:00,,13912
1928,2150,PromptPay,success,2026-06-20T20:55:57+07:00,,14770
1929,2151,PromptPay,success,2026-09-27T15:28:47+07:00,,31813
1930,2152,PromptPay,success,2026-10-08T02:36:34+07:00,,12988
1931,2153,PromptPay,success,2026-11-26T15:13:18+07:00,,7087
1932,2154,PromptPay,success,2026-05-04T12:05:11+07:00,,21306
1933,2155,credit_card,success,2026-07-16T02:02:53+07:00,,9340
1934,2156,credit_card,success,2026-08-17T12:36:06+07:00,,7979
1935,2157,PromptPay,success,2026-07-28T19:45:02+07:00,,5371
1936,2158,credit_card,success,2026-08-12T09:02:49+07:00,,12048
1937,2159,GrabPay,failed,2026-05-13T23:10:50+07:00,bank_rejected,27981
1938,2160,debit_card,success,2026-11-25T23:04:33+07:00,,7943
1939,2161,PromptPay,success,2026-12-04T12:27:22+07:00,,22623
1940,2162,PromptPay,success,2026-09-20T02:38:55+07:00,,14867
1941,2163,credit_card,success,2026-08-06T21:05:46+07:00,,17108
1942,2164,PromptPay,success,2026-11-14T01:52:37+07:00,,5941
1943,2165,debit_card,success,2026-09-22T11:01:35+07:00,,20116
1944,2166,PromptPay,success,2026-10-20T14:23:03+07:00,,15111
1945,2167,GrabPay,success,2026-11-28T07:28:28+07:00,,17255
1946,2168,debit_card,success,2026-02-20T00:35:14+07:00,,28824
1947,2170,bank_transfer,success,2026-08-03T22:29:59+07:00,,19257
1948,2171,GrabPay,success,2026-03-23T23:30:18+07:00,,8797
1949,2172,debit_card,success,2026-08-25T12:26:13+07:00,,24614
1950,2173,credit_card,success,2026-05-17T10:42:27+07:00,,27473
1951,2175,PromptPay,success,2026-10-09T09:57:39+07:00,,4397
1952,2176,debit_card,success,2026-11-03T08:12:18+07:00,,8394
1953,2177,TrueMoney,failed,2026-04-12T21:12:03+07:00,insufficient_funds,4043
1954,2178,debit_card,success,2026-11-13T22:30:45+07:00,,8233
1955,2179,credit_card,success,2026-05-24T12:18:08+07:00,,28948
1956,2181,GrabPay,success,2026-10-16T09:31:56+07:00,,10844
1957,2182,credit_card,success,2026-09-19T00:49:19+07:00,,10799
1958,2183,bank_transfer,success,2026-03-19T23:53:31+07:00,,6826
1959,2184,credit_card,success,2026-10-24T09:16:32+07:00,,14171
1960,2185,PromptPay,success,2026-09-15T14:58:34+07:00,,8843
1961,2186,TrueMoney,success,2026-07-25T11:25:26+07:00,,10955
1962,2187,TrueMoney,success,2026-05-05T01:04:03+07:00,,7305
1963,2188,PromptPay,success,2026-11-03T20:12:33+07:00,,25285
1964,2189,credit_card,success,2026-04-14T21:34:40+07:00,,26953
1965,2190,ShopeePay,success,2026-10-28T19:59:31+07:00,,32544
1966,2191,debit_card,success,2026-08-30T08:54:23+07:00,,9292
1967,2192,PromptPay,success,2026-11-21T08:39:58+07:00,,5297
1968,2193,PromptPay,success,2026-04-24T00:03:18+07:00,,34872
1969,2194,TrueMoney,success,2026-06-04T19:30:17+07:00,,39412
1970,2195,ShopeePay,success,2026-10-16T09:50:25+07:00,,11776
1971,2196,credit_card,success,2026-11-06T21:38:54+07:00,,16082
1972,2197,PromptPay,success,2026-09-10T10:24:05+07:00,,37409
1973,2198,credit_card,success,2026-11-04T00:36:06+07:00,,7093
1974,2199,debit_card,success,2026-09-11T22:11:43+07:00,,8130
1975,2200,PromptPay,success,2026-12-21T12:33:55+07:00,,21348
1976,2201,PromptPay,success,2026-05-17T00:49:24+07:00,,7717
1977,2202,PromptPay,success,2026-10-16T01:33:05+07:00,,17200
1978,2203,PromptPay,success,2026-10-07T00:24:52+07:00,,7145
1979,2204,TrueMoney,success,2026-11-13T10:47:23+07:00,,4849
1980,2205,TrueMoney,success,2026-12-09T09:32:54+07:00,,25111
1981,2206,credit_card,success,2026-12-25T02:23:46+07:00,,9003
1982,2207,TrueMoney,success,2026-11-27T09:42:43+07:00,,2343
1983,2208,TrueMoney,success,2026-07-04T16:47:35+07:00,,4193
1984,2209,TrueMoney,success,2026-07-18T22:53:05+07:00,,11045
1985,2210,PromptPay,success,2026-08-23T11:43:48+07:00,,28251
1986,2211,bank_transfer,success,2026-10-26T18:52:07+07:00,,10695
1987,2212,PromptPay,success,2026-09-01T23:18:04+07:00,,16863
1988,2214,bank_transfer,success,2026-06-08T00:33:35+07:00,,14409
1989,2215,PromptPay,success,2026-11-04T23:05:06+07:00,,34964
1990,2216,credit_card,success,2026-04-18T14:57:38+07:00,,7004
1991,2217,PromptPay,success,2026-12-30T01:16:07+07:00,,10778
1992,2218,PromptPay,success,2026-10-06T20:00:47+07:00,,19791
1993,2219,debit_card,success,2026-09-20T21:05:35+07:00,,3730
1994,2220,ShopeePay,success,2026-10-12T20:08:04+07:00,,9085
1995,2221,PromptPay,success,2026-12-14T21:22:39+07:00,,9711
1996,2222,PromptPay,success,2026-09-24T01:10:34+07:00,,13707
1997,2223,PromptPay,success,2026-04-03T18:15:31+07:00,,15732
1998,2224,credit_card,success,2026-11-02T20:41:05+07:00,,7224
1999,2225,TrueMoney,success,2026-11-26T10:34:28+07:00,,20841
2000,2226,PromptPay,success,2026-09-13T15:02:33+07:00,,9260
2001,2227,debit_card,success,2026-12-28T22:06:02+07:00,,7290
2002,2228,PromptPay,failed,2026-09-06T14:41:09+07:00,user_cancelled,11912
2003,2229,PromptPay,success,2026-08-08T21:50:44+07:00,,19139
2004,2230,PromptPay,success,2026-07-16T05:32:33+07:00,,6143
2005,2231,PromptPay,success,2026-12-23T23:02:39+07:00,,10251
2006,2232,PromptPay,success,2026-07-23T19:57:00+07:00,,18211
2007,2233,PromptPay,success,2026-03-17T20:47:32+07:00,,6468
2008,2234,TrueMoney,success,2026-09-29T15:34:26+07:00,,6042
2009,2235,credit_card,success,2026-09-30T16:48:19+07:00,,17309
2010,2236,credit_card,success,2026-11-17T12:18:30+07:00,,8629
2011,2237,TrueMoney,success,2026-08-20T09:00:58+07:00,,13259
2012,2238,ShopeePay,success,2026-10-17T17:37:14+07:00,,4583
2013,2239,credit_card,success,2026-08-22T20:40:22+07:00,,16832
2014,2241,PromptPay,success,2026-12-16T13:45:28+07:00,,14717
2015,2242,credit_card,success,2026-07-10T11:13:50+07:00,,5399
2016,2243,GrabPay,success,2026-11-05T20:36:01+07:00,,53354
2017,2244,PromptPay,success,2026-02-28T20:02:14+07:00,,4906
2018,2245,PromptPay,failed,2026-12-17T13:24:03+07:00,card_declined,2671
2019,2246,PromptPay,success,2026-07-09T22:59:45+07:00,,22298
2020,2247,bank_transfer,success,2026-12-05T22:19:37+07:00,,55244
2021,2248,bank_transfer,success,2026-11-08T00:49:26+07:00,,46393
2022,2249,PromptPay,success,2026-02-15T20:17:06+07:00,,12034
2023,2250,credit_card,success,2026-12-28T15:54:18+07:00,,11594
2024,2251,PromptPay,success,2026-05-28T17:07:16+07:00,,22166
2025,2252,PromptPay,success,2026-08-29T22:29:44+07:00,,28662
2026,2253,PromptPay,success,2026-08-30T13:09:59+07:00,,15680
2027,2254,TrueMoney,success,2026-09-18T23:03:55+07:00,,9059
2028,2255,bank_transfer,success,2026-12-02T01:08:09+07:00,,14252
2029,2256,debit_card,success,2026-12-15T00:03:57+07:00,,6180
2030,2258,credit_card,success,2026-04-26T23:25:55+07:00,,18219
2031,2259,PromptPay,success,2026-08-17T19:51:56+07:00,,21965
2032,2260,PromptPay,failed,2026-09-09T00:25:29+07:00,gateway_timeout,5613
2033,2261,PromptPay,success,2026-12-20T14:40:11+07:00,,6885
2034,2262,PromptPay,failed,2026-08-21T02:18:53+07:00,card_declined,19901
2035,2264,bank_transfer,success,2026-10-19T17:23:50+07:00,,11633
2036,2265,credit_card,success,2026-10-17T13:40:27+07:00,,22104
2037,2266,debit_card,success,2026-08-14T00:07:07+07:00,,20735
2038,2267,GrabPay,success,2026-04-30T07:29:47+07:00,,24499
2039,2269,credit_card,success,2026-10-07T18:04:15+07:00,,4483
2040,2272,credit_card,success,2026-11-28T13:25:27+07:00,,11657
2041,2273,bank_transfer,success,2026-08-11T00:10:04+07:00,,6422
2042,2274,debit_card,success,2026-10-22T22:56:43+07:00,,5007
2043,2275,debit_card,success,2026-11-09T23:02:23+07:00,,7265
2044,2276,credit_card,success,2026-05-02T04:58:23+07:00,,30771
2045,2278,TrueMoney,success,2026-10-01T19:31:22+07:00,,9365
2046,2279,PromptPay,success,2026-07-08T14:52:12+07:00,,6439
2047,2280,credit_card,success,2026-10-05T11:13:39+07:00,,12257
2048,2281,PromptPay,success,2026-12-08T19:06:12+07:00,,35581
2049,2282,debit_card,success,2026-12-11T22:40:15+07:00,,38642
2050,2283,PromptPay,success,2026-05-08T10:43:11+07:00,,5848
2051,2284,TrueMoney,success,2026-12-13T12:00:37+07:00,,17842
2052,2285,debit_card,success,2026-08-20T20:33:59+07:00,,14031
2053,2286,credit_card,success,2026-11-28T14:09:23+07:00,,9612
2054,2287,bank_transfer,success,2026-10-30T20:01:03+07:00,,20978
2055,2288,TrueMoney,success,2026-12-08T01:27:33+07:00,,32071
2056,2289,credit_card,success,2026-12-20T22:01:26+07:00,,13043
2057,2290,GrabPay,success,2026-11-12T20:32:16+07:00,,14056
2058,2291,credit_card,success,2026-12-17T23:13:08+07:00,,27349
2059,2292,credit_card,success,2026-03-17T23:47:54+07:00,,6240
2060,2294,debit_card,success,2026-12-18T22:30:27+07:00,,6823
2061,2295,GrabPay,success,2026-12-23T10:51:06+07:00,,36203
2062,2297,ShopeePay,success,2026-11-23T20:20:09+07:00,,41775
2063,2298,credit_card,success,2026-08-28T19:45:14+07:00,,4561
2064,2299,credit_card,success,2026-08-31T19:23:54+07:00,,6905
2065,2301,PromptPay,success,2026-07-08T14:00:44+07:00,,30113
2066,2302,bank_transfer,success,2026-05-25T18:38:36+07:00,,8239
2067,2303,credit_card,success,2026-10-24T16:23:06+07:00,,9639
2068,2304,TrueMoney,failed,2026-06-24T20:18:18+07:00,user_cancelled,41301
2069,2305,credit_card,success,2026-08-01T10:39:11+07:00,,24702
2070,2306,TrueMoney,success,2026-12-13T12:34:41+07:00,,14635
2071,2307,PromptPay,success,2026-11-08T01:07:00+07:00,,13898
2072,2308,PromptPay,success,2026-07-03T14:10:57+07:00,,11334
2073,2309,ShopeePay,success,2026-10-08T23:49:35+07:00,,13446
2074,2311,credit_card,success,2026-08-30T23:15:02+07:00,,9287
2075,2312,PromptPay,success,2026-03-20T23:04:42+07:00,,27576
2076,2313,GrabPay,success,2026-07-30T14:44:15+07:00,,5126
2077,2314,credit_card,success,2026-09-23T09:45:52+07:00,,3154
2078,2315,credit_card,success,2026-04-22T15:03:20+07:00,,38664
2079,2316,PromptPay,success,2026-09-05T11:15:13+07:00,,5736
2080,2317,debit_card,success,2026-12-10T17:50:27+07:00,,16848
2081,2318,PromptPay,success,2026-12-23T12:40:40+07:00,,18677
2082,2319,credit_card,success,2026-10-09T00:49:31+07:00,,19961
2083,2320,debit_card,success,2026-08-01T00:59:17+07:00,,10194
2084,2321,PromptPay,success,2026-10-04T10:15:28+07:00,,7213
2085,2322,PromptPay,success,2026-08-02T09:15:49+07:00,,27579
2086,2323,TrueMoney,success,2026-08-18T14:58:28+07:00,,10706
2087,2324,TrueMoney,success,2026-06-07T22:37:47+07:00,,8425
2088,2325,PromptPay,success,2026-03-26T17:36:32+07:00,,10679
2089,2326,credit_card,success,2026-03-31T16:39:17+07:00,,4386
2090,2327,PromptPay,success,2026-04-06T21:22:55+07:00,,27709
2091,2328,PromptPay,success,2026-03-09T08:45:52+07:00,,40167
2092,2329,bank_transfer,success,2026-11-02T02:04:26+07:00,,12712
2093,2330,PromptPay,success,2026-09-19T19:32:55+07:00,,8681
2094,2331,PromptPay,success,2026-09-24T13:32:00+07:00,,3618
2095,2332,PromptPay,success,2026-11-23T16:10:22+07:00,,33093
2096,2333,PromptPay,success,2026-12-17T11:56:49+07:00,,6088
2097,2334,PromptPay,success,2026-10-16T20:59:08+07:00,,26605
2098,2335,PromptPay,success,2026-11-07T08:13:59+07:00,,16065
2099,2336,debit_card,success,2026-11-23T15:05:11+07:00,,18864
2100,2337,GrabPay,success,2026-01-26T13:47:55+07:00,,3857
2101,2338,PromptPay,success,2026-07-28T21:18:45+07:00,,17002
2102,2339,PromptPay,success,2026-05-12T23:24:02+07:00,,5054
2103,2340,debit_card,success,2026-11-29T20:17:10+07:00,,26320
2104,2341,bank_transfer,success,2026-02-19T00:45:07+07:00,,16861
2105,2342,TrueMoney,success,2026-03-07T16:32:21+07:00,,17714
2106,2343,credit_card,success,2026-09-21T23:11:55+07:00,,8438
2107,2344,credit_card,success,2026-11-24T11:01:17+07:00,,9955
2108,2345,TrueMoney,success,2026-11-08T03:57:46+07:00,,8677
2109,2346,PromptPay,success,2026-10-02T15:08:06+07:00,,5994
2110,2348,TrueMoney,success,2026-10-07T21:54:32+07:00,,17394
2111,2349,TrueMoney,success,2026-12-27T20:11:48+07:00,,5090
2112,2350,PromptPay,success,2026-12-06T17:06:21+07:00,,22944
2113,2351,ShopeePay,success,2026-12-07T12:40:49+07:00,,8079
2114,2352,PromptPay,success,2026-09-05T18:54:58+07:00,,9519
2115,2353,PromptPay,failed,2026-08-09T22:45:09+07:00,gateway_timeout,5855
2116,2354,TrueMoney,success,2026-06-13T20:27:35+07:00,,10973
2117,2355,debit_card,success,2026-07-29T18:44:01+07:00,,15660
2118,2356,bank_transfer,success,2026-08-08T19:01:41+07:00,,18408
2119,2357,PromptPay,success,2026-07-08T21:44:34+07:00,,20601
2120,2358,TrueMoney,success,2026-10-18T08:39:50+07:00,,10895
2121,2359,PromptPay,success,2026-09-13T08:54:36+07:00,,7305
2122,2360,PromptPay,success,2026-10-13T21:26:07+07:00,,10573
2123,2361,credit_card,success,2026-10-20T16:07:41+07:00,,44702
2124,2363,TrueMoney,success,2026-06-08T23:48:53+07:00,,9037
2125,2364,credit_card,success,2026-06-26T13:41:01+07:00,,34540
2126,2365,bank_transfer,success,2026-10-26T13:53:30+07:00,,10984
2127,2366,PromptPay,success,2026-09-13T12:17:59+07:00,,5541
2128,2367,PromptPay,success,2026-02-28T18:16:27+07:00,,5696
2129,2368,credit_card,success,2026-11-10T02:08:05+07:00,,11603
2130,2369,GrabPay,failed,2026-11-13T23:44:23+07:00,insufficient_funds,15762
2131,2370,GrabPay,success,2026-11-16T11:27:55+07:00,,11210
2132,2372,PromptPay,success,2026-08-25T22:29:29+07:00,,37740
2133,2373,credit_card,success,2026-09-09T10:00:06+07:00,,31250
2134,2374,credit_card,success,2026-06-14T11:40:41+07:00,,7523
2135,2375,credit_card,success,2026-04-21T10:31:41+07:00,,11589
2136,2376,PromptPay,success,2026-04-04T21:59:05+07:00,,9514
2137,2377,ShopeePay,success,2026-04-23T11:52:17+07:00,,14335
2138,2378,ShopeePay,success,2026-10-21T23:20:25+07:00,,9940
2139,2379,debit_card,success,2026-09-22T09:14:55+07:00,,31583
2140,2380,credit_card,success,2026-12-24T19:40:27+07:00,,5130
2141,2381,TrueMoney,success,2026-07-09T10:16:01+07:00,,32539
2142,2382,debit_card,success,2026-10-04T10:24:58+07:00,,14811
2143,2383,PromptPay,success,2026-10-06T21:12:52+07:00,,25006
2144,2384,TrueMoney,success,2026-12-15T15:49:56+07:00,,11227
2145,2385,ShopeePay,success,2026-10-13T22:52:01+07:00,,9910
2146,2386,PromptPay,success,2026-10-24T18:59:54+07:00,,3988
2147,2387,PromptPay,success,2026-07-25T00:46:32+07:00,,19667
2148,2388,TrueMoney,success,2026-03-29T09:27:11+07:00,,20280
2149,2389,bank_transfer,success,2026-11-07T23:10:28+07:00,,16539
2150,2390,credit_card,success,2026-10-22T23:39:01+07:00,,11002
2151,2391,ShopeePay,success,2026-06-01T22:30:32+07:00,,11302
2152,2392,PromptPay,success,2026-12-11T01:28:16+07:00,,6405
2153,2393,TrueMoney,success,2026-04-04T20:15:53+07:00,,10984
2154,2394,bank_transfer,success,2026-11-07T11:06:05+07:00,,27548
2155,2396,PromptPay,success,2026-02-05T01:18:13+07:00,,20265
2156,2397,PromptPay,success,2026-10-20T08:54:06+07:00,,13919
2157,2398,PromptPay,success,2026-08-17T04:44:34+07:00,,13287
2158,2399,PromptPay,success,2026-09-07T17:58:15+07:00,,3429
2159,2400,PromptPay,failed,2026-07-27T01:55:23+07:00,gateway_timeout,19095
2160,2401,PromptPay,success,2026-12-31T22:14:46+07:00,,22192
2161,2402,PromptPay,success,2026-02-24T12:12:32+07:00,,41092
2162,2403,PromptPay,success,2026-08-30T19:34:13+07:00,,15550
2163,2404,PromptPay,success,2026-09-07T00:43:23+07:00,,31423
2164,2405,PromptPay,success,2026-10-11T00:30:00+07:00,,28090
2165,2406,PromptPay,success,2026-11-20T21:38:55+07:00,,9282
2166,2407,credit_card,success,2026-03-17T17:18:13+07:00,,4317
2167,2408,GrabPay,success,2026-08-31T00:15:53+07:00,,10523
2168,2409,credit_card,success,2026-10-14T17:50:29+07:00,,11871
2169,2410,TrueMoney,success,2026-03-28T04:15:48+07:00,,15762
2170,2411,credit_card,success,2026-11-01T00:08:49+07:00,,7095
2171,2412,credit_card,success,2026-04-13T20:27:52+07:00,,11994
2172,2413,PromptPay,success,2026-08-09T13:11:47+07:00,,7136
2173,2414,TrueMoney,success,2026-09-17T10:19:49+07:00,,10132
2174,2415,credit_card,success,2026-11-23T18:11:11+07:00,,33422
2175,2416,bank_transfer,success,2026-11-02T15:51:24+07:00,,10407
2176,2417,PromptPay,success,2026-05-17T14:12:38+07:00,,7958
2177,2419,ShopeePay,success,2026-12-17T10:10:59+07:00,,4337
2178,2420,debit_card,success,2026-07-28T08:48:57+07:00,,20899
2179,2421,credit_card,success,2026-10-19T22:53:54+07:00,,36680
2180,2422,ShopeePay,success,2026-11-12T12:49:56+07:00,,6912
2181,2423,GrabPay,success,2026-12-06T19:42:32+07:00,,9234
2182,2424,debit_card,success,2026-05-22T13:37:18+07:00,,7411
2183,2425,TrueMoney,success,2026-11-05T18:02:14+07:00,,15459
2184,2426,debit_card,success,2026-08-05T09:43:42+07:00,,3147
2185,2427,credit_card,success,2026-04-14T10:04:12+07:00,,20425
2186,2428,PromptPay,success,2026-11-23T05:31:32+07:00,,65534
2187,2429,credit_card,success,2026-11-30T15:58:02+07:00,,7870
2188,2430,bank_transfer,success,2026-09-05T05:56:39+07:00,,26476
2189,2431,GrabPay,success,2026-05-06T22:26:29+07:00,,12643
2190,2433,credit_card,success,2026-06-13T12:31:48+07:00,,5387
2191,2434,PromptPay,success,2026-11-26T21:29:59+07:00,,12240
2192,2435,PromptPay,success,2026-07-24T14:47:19+07:00,,7201
2193,2437,credit_card,success,2026-04-04T19:12:22+07:00,,12503
2194,2438,PromptPay,success,2026-10-09T00:34:55+07:00,,25800
2195,2439,credit_card,success,2026-11-22T20:33:50+07:00,,26007
2196,2441,PromptPay,success,2026-09-25T15:06:49+07:00,,13253
2197,2442,PromptPay,success,2026-02-27T01:15:02+07:00,,6543
2198,2444,credit_card,success,2026-05-17T00:21:20+07:00,,17430
2199,2445,TrueMoney,success,2026-05-06T13:49:32+07:00,,14785
2200,2446,bank_transfer,success,2026-02-07T12:19:22+07:00,,14271
2201,2447,credit_card,success,2026-11-06T18:51:07+07:00,,42119
2202,2448,PromptPay,success,2026-11-26T06:52:17+07:00,,26171
2203,2450,debit_card,success,2026-11-03T16:35:01+07:00,,2368
2204,2451,PromptPay,success,2026-08-23T12:09:19+07:00,,17438
2205,2452,ShopeePay,success,2026-11-19T11:37:11+07:00,,17135
2206,2454,credit_card,success,2026-03-20T22:03:46+07:00,,3870
2207,2455,PromptPay,success,2026-05-31T18:41:18+07:00,,7683
2208,2456,PromptPay,success,2026-08-08T10:08:59+07:00,,19393
2209,2457,PromptPay,success,2026-08-26T05:39:54+07:00,,3740
2210,2459,PromptPay,success,2026-05-13T02:36:38+07:00,,14000
2211,2460,credit_card,success,2026-12-10T14:31:07+07:00,,3334
2212,2461,PromptPay,success,2026-12-10T14:56:51+07:00,,21280
2213,2462,debit_card,success,2026-10-03T19:16:39+07:00,,21633
2214,2463,PromptPay,failed,2026-12-21T22:35:36+07:00,gateway_timeout,12485
2215,2464,credit_card,success,2026-06-27T13:58:09+07:00,,16130
2216,2465,PromptPay,success,2026-09-02T18:19:20+07:00,,9152
2217,2466,TrueMoney,success,2026-09-16T03:49:46+07:00,,17152
2218,2467,PromptPay,success,2026-04-23T12:18:20+07:00,,4377
2219,2469,TrueMoney,success,2026-09-07T14:09:08+07:00,,6645
2220,2470,debit_card,success,2026-08-09T08:27:24+07:00,,19949
2221,2472,PromptPay,success,2026-10-10T14:49:25+07:00,,6918
2222,2473,PromptPay,success,2026-11-12T22:38:59+07:00,,6040
2223,2474,credit_card,failed,2026-06-18T20:08:18+07:00,insufficient_funds,12734
2224,2475,credit_card,success,2026-10-01T12:09:41+07:00,,6530
2225,2477,TrueMoney,success,2026-06-23T22:46:49+07:00,,52442
2226,2478,debit_card,success,2026-06-19T02:01:21+07:00,,34550
2227,2479,debit_card,success,2026-07-11T22:18:54+07:00,,36547
2228,2480,credit_card,success,2026-10-25T16:54:05+07:00,,12767
2229,2481,GrabPay,success,2026-03-14T19:48:34+07:00,,4501
2230,2482,PromptPay,success,2026-11-07T11:27:34+07:00,,8936
2231,2483,credit_card,success,2026-07-14T00:19:15+07:00,,10436
2232,2484,TrueMoney,success,2026-10-16T02:13:43+07:00,,10290
2233,2485,PromptPay,success,2026-07-23T18:04:30+07:00,,9719
2234,2486,bank_transfer,success,2026-11-10T17:14:42+07:00,,9530
2235,2487,GrabPay,success,2026-11-19T20:58:40+07:00,,17476
2236,2488,credit_card,success,2026-12-16T04:41:44+07:00,,11438
2237,2489,credit_card,success,2026-07-16T10:25:58+07:00,,9659
2238,2490,debit_card,success,2026-05-09T01:11:47+07:00,,5351
2239,2491,TrueMoney,success,2026-11-25T01:41:04+07:00,,40772
2240,2492,credit_card,success,2026-03-16T19:43:01+07:00,,10932
2241,2493,debit_card,success,2026-10-12T23:19:59+07:00,,15810
2242,2494,debit_card,success,2026-11-09T19:01:53+07:00,,5195
2243,2495,debit_card,success,2026-12-01T01:09:13+07:00,,10624
2244,2496,PromptPay,success,2026-12-05T14:18:37+07:00,,11671
2245,2497,bank_transfer,success,2026-12-29T00:14:01+07:00,,26199
2246,2498,ShopeePay,failed,2026-12-31T07:49:29+07:00,user_cancelled,23536
2247,2499,GrabPay,success,2026-03-18T06:44:20+07:00,,5988
2248,2500,PromptPay,success,2026-12-29T11:58:26+07:00,,41675
2249,2501,bank_transfer,success,2026-02-12T10:45:07+07:00,,7121
2250,2502,credit_card,success,2026-04-15T10:08:38+07:00,,6773
2251,2503,PromptPay,success,2026-07-25T11:59:44+07:00,,13492
2252,2504,ShopeePay,success,2026-02-14T15:39:19+07:00,,13826
2253,2506,GrabPay,success,2026-11-10T14:16:00+07:00,,54724
2254,2507,PromptPay,success,2026-12-03T11:08:09+07:00,,4249
2255,2508,debit_card,success,2026-03-21T19:31:57+07:00,,13634
2256,2509,credit_card,success,2026-12-17T11:11:30+07:00,,32657
2257,2511,ShopeePay,success,2026-11-27T19:23:31+07:00,,27948
2258,2512,TrueMoney,success,2026-09-13T08:02:50+07:00,,31821
2259,2513,debit_card,success,2026-11-29T15:38:26+07:00,,3506
2260,2514,credit_card,success,2026-04-23T17:53:55+07:00,,6863
2261,2515,PromptPay,success,2026-08-06T19:26:14+07:00,,13337
2262,2517,bank_transfer,success,2026-05-01T17:59:47+07:00,,6658
2263,2518,TrueMoney,success,2026-06-22T13:30:18+07:00,,18119
2264,2520,debit_card,success,2026-07-30T18:03:03+07:00,,9171
2265,2521,PromptPay,success,2026-06-07T14:27:51+07:00,,24414
2266,2522,bank_transfer,success,2026-04-06T21:31:32+07:00,,22330
2267,2523,credit_card,success,2026-05-11T23:12:16+07:00,,2817
2268,2524,bank_transfer,success,2026-06-29T17:56:20+07:00,,26644
2269,2525,credit_card,success,2026-12-06T18:37:32+07:00,,17890
2270,2526,bank_transfer,success,2026-04-06T10:42:01+07:00,,6166
2271,2527,credit_card,success,2026-10-04T20:33:14+07:00,,15170
2272,2528,PromptPay,success,2026-06-08T03:52:02+07:00,,12002
2273,2529,credit_card,success,2026-10-25T01:26:57+07:00,,14698
2274,2531,PromptPay,success,2026-12-13T19:24:25+07:00,,11764
2275,2532,ShopeePay,success,2026-08-07T23:53:17+07:00,,8098
2276,2533,PromptPay,success,2026-07-28T06:18:26+07:00,,8805
2277,2534,PromptPay,success,2026-06-19T11:39:31+07:00,,15270
2278,2535,credit_card,success,2026-11-21T20:54:18+07:00,,4191
2279,2536,PromptPay,success,2026-10-07T00:01:33+07:00,,17644
2280,2537,credit_card,success,2026-05-17T11:54:07+07:00,,8348
2281,2538,debit_card,success,2026-07-30T19:47:21+07:00,,17032
2282,2539,PromptPay,failed,2026-08-12T01:09:51+07:00,gateway_timeout,5178
2283,2540,credit_card,success,2026-08-12T01:03:38+07:00,,29310
2284,2541,ShopeePay,success,2026-09-05T20:17:20+07:00,,7400
2285,2542,PromptPay,success,2026-04-22T11:00:17+07:00,,3335
2286,2544,TrueMoney,success,2026-08-07T12:32:14+07:00,,28328
2287,2545,bank_transfer,success,2026-08-10T01:28:54+07:00,,6564
2288,2546,credit_card,success,2026-11-24T12:53:20+07:00,,29202
2289,2547,debit_card,success,2026-05-12T17:26:45+07:00,,8288
2290,2548,PromptPay,success,2026-09-14T22:24:28+07:00,,5560
2291,2549,PromptPay,success,2026-11-08T10:40:32+07:00,,7174
2292,2550,debit_card,success,2026-09-11T22:49:45+07:00,,28223
2293,2551,TrueMoney,success,2026-09-25T02:13:25+07:00,,10427
2294,2552,PromptPay,success,2026-04-27T08:41:07+07:00,,20963
2295,2553,GrabPay,success,2026-11-07T19:07:32+07:00,,5779
2296,2554,credit_card,success,2026-11-20T01:29:33+07:00,,26202
2297,2556,PromptPay,failed,2026-10-24T00:13:28+07:00,gateway_timeout,25924
2298,2557,debit_card,success,2026-06-15T23:32:39+07:00,,3064
2299,2558,credit_card,success,2026-07-29T09:32:16+07:00,,46243
2300,2559,debit_card,success,2026-07-31T18:15:41+07:00,,41575
2301,2560,credit_card,success,2026-09-13T00:54:07+07:00,,12726
2302,2561,TrueMoney,success,2026-09-11T20:14:36+07:00,,16522
2303,2562,ShopeePay,success,2026-11-25T18:38:26+07:00,,3448
2304,2563,PromptPay,success,2026-11-05T18:25:22+07:00,,5101
2305,2564,credit_card,success,2026-08-31T00:36:05+07:00,,10476
2306,2565,bank_transfer,success,2026-10-19T16:24:20+07:00,,44304
2307,2566,credit_card,success,2026-11-06T09:28:46+07:00,,4773
2308,2567,TrueMoney,success,2026-12-20T11:07:50+07:00,,6446
2309,2568,debit_card,success,2026-12-27T17:17:53+07:00,,11542
2310,2569,PromptPay,success,2026-09-12T17:04:46+07:00,,13935
2311,2570,GrabPay,success,2026-09-06T06:11:43+07:00,,6173
2312,2572,PromptPay,success,2026-10-04T21:24:28+07:00,,14733
2313,2573,credit_card,success,2026-09-11T18:52:40+07:00,,15638
2314,2574,ShopeePay,success,2026-06-29T20:29:39+07:00,,56569
2315,2575,credit_card,success,2026-12-13T14:54:41+07:00,,6982
2316,2576,debit_card,success,2026-09-25T23:18:02+07:00,,6855
2317,2577,credit_card,success,2026-06-18T14:10:48+07:00,,5024
2318,2578,credit_card,success,2026-06-30T06:11:05+07:00,,11295
2319,2579,credit_card,success,2026-07-08T16:04:56+07:00,,8720
2320,2580,credit_card,failed,2026-07-13T20:50:07+07:00,card_declined,5308
2321,2582,credit_card,success,2026-12-15T10:57:53+07:00,,8384
2322,2583,PromptPay,success,2026-12-28T09:19:13+07:00,,9661
2323,2584,TrueMoney,success,2026-06-24T14:57:04+07:00,,13981
2324,2585,credit_card,success,2026-07-10T00:10:21+07:00,,7519
2325,2586,credit_card,success,2026-07-22T19:57:45+07:00,,8098
2326,2588,credit_card,success,2026-04-03T10:32:42+07:00,,7381
2327,2590,TrueMoney,success,2026-11-03T14:23:56+07:00,,12042
2328,2591,credit_card,success,2026-11-30T07:28:46+07:00,,10207
2329,2592,TrueMoney,success,2026-06-15T15:48:12+07:00,,6735
2330,2593,credit_card,success,2026-07-13T00:40:27+07:00,,22157
2331,2594,debit_card,success,2026-08-02T22:21:46+07:00,,6776
2332,2595,TrueMoney,success,2026-08-29T09:51:28+07:00,,24144
2333,2596,PromptPay,success,2026-09-16T08:47:44+07:00,,14390
2334,2597,PromptPay,success,2026-11-06T20:37:31+07:00,,9610
2335,2598,PromptPay,success,2026-10-16T11:14:43+07:00,,12494
2336,2599,TrueMoney,success,2026-10-10T02:11:12+07:00,,5284
2337,2600,bank_transfer,success,2026-03-10T09:23:58+07:00,,10526
2338,2601,PromptPay,success,2026-12-27T19:41:19+07:00,,5385
2339,2602,debit_card,success,2026-08-22T19:39:52+07:00,,19633
2340,2603,bank_transfer,success,2026-09-24T13:30:42+07:00,,8979
2341,2604,debit_card,success,2026-11-05T09:11:58+07:00,,5846
2342,2605,PromptPay,success,2026-07-12T21:16:24+07:00,,2184
2343,2606,PromptPay,success,2026-10-25T19:53:44+07:00,,21544
2344,2607,credit_card,success,2026-08-23T22:21:42+07:00,,37164
2345,2609,credit_card,success,2026-07-16T07:01:24+07:00,,8388
2346,2610,PromptPay,success,2026-09-26T18:43:40+07:00,,5294
2347,2611,PromptPay,success,2026-04-11T01:04:10+07:00,,8155
2348,2612,credit_card,success,2026-11-02T21:27:13+07:00,,18224
2349,2615,debit_card,success,2026-04-20T17:53:31+07:00,,10941
2350,2616,debit_card,success,2026-10-17T12:39:59+07:00,,7059
2351,2617,PromptPay,success,2026-05-15T22:21:26+07:00,,23316
2352,2618,TrueMoney,success,2026-05-16T14:55:09+07:00,,8975
2353,2619,PromptPay,success,2026-09-18T10:58:21+07:00,,3430
2354,2621,PromptPay,success,2026-12-08T13:11:14+07:00,,5779
2355,2622,debit_card,success,2026-08-15T18:33:44+07:00,,28990
2356,2623,debit_card,success,2026-06-15T17:58:43+07:00,,46347
2357,2624,ShopeePay,success,2026-12-16T12:02:39+07:00,,7738
2358,2625,debit_card,success,2026-10-14T00:20:46+07:00,,32784
2359,2626,bank_transfer,success,2026-11-18T21:53:36+07:00,,10790
2360,2627,PromptPay,failed,2026-08-16T00:29:33+07:00,gateway_timeout,26644
2361,2628,TrueMoney,success,2026-05-05T15:58:37+07:00,,25786
2362,2629,bank_transfer,success,2026-12-27T20:30:28+07:00,,14610
2363,2630,GrabPay,success,2026-07-30T22:27:37+07:00,,28093
2364,2631,debit_card,success,2026-11-18T18:03:59+07:00,,16167
2365,2632,credit_card,success,2026-11-29T20:28:56+07:00,,24529
2366,2633,bank_transfer,success,2026-10-08T23:55:26+07:00,,21018
2367,2634,TrueMoney,success,2026-09-20T23:38:38+07:00,,21046
2368,2635,credit_card,success,2026-11-03T22:53:16+07:00,,5392
2369,2636,credit_card,success,2026-09-25T10:50:28+07:00,,6929
2370,2637,credit_card,success,2026-04-16T15:55:30+07:00,,23955
2371,2638,GrabPay,success,2026-01-18T11:21:05+07:00,,5432
2372,2640,GrabPay,success,2026-07-17T12:56:12+07:00,,9913
2373,2641,credit_card,success,2026-04-10T01:29:34+07:00,,9136
2374,2642,PromptPay,failed,2026-03-13T21:03:07+07:00,insufficient_funds,11951
2375,2643,debit_card,success,2026-10-02T20:11:31+07:00,,22471
2376,2644,credit_card,success,2026-07-23T17:44:47+07:00,,29548
2377,2645,GrabPay,success,2026-07-15T14:06:15+07:00,,3975
2378,2647,PromptPay,success,2026-09-19T18:18:42+07:00,,3107
2379,2648,debit_card,success,2026-12-06T21:28:25+07:00,,10658
2380,2649,debit_card,success,2026-12-25T19:23:39+07:00,,14988
2381,2650,PromptPay,success,2026-08-11T19:10:04+07:00,,23196
2382,2651,credit_card,success,2026-08-21T22:34:43+07:00,,13421
2383,2652,PromptPay,success,2026-09-01T19:58:27+07:00,,24864
2384,2653,PromptPay,success,2026-08-10T02:29:21+07:00,,25331
2385,2654,credit_card,success,2026-12-13T20:19:13+07:00,,7859
2386,2655,credit_card,success,2026-11-02T02:00:46+07:00,,12831
2387,2656,TrueMoney,failed,2026-10-27T09:54:53+07:00,card_declined,15826
2388,2657,PromptPay,success,2026-07-25T12:07:27+07:00,,6543
2389,2658,PromptPay,success,2026-09-01T19:57:48+07:00,,15680
2390,2659,PromptPay,success,2026-02-25T00:21:28+07:00,,5814
2391,2660,credit_card,success,2026-07-25T11:25:37+07:00,,25403
2392,2661,PromptPay,success,2026-08-02T17:57:57+07:00,,21266
2393,2662,TrueMoney,success,2026-09-05T19:33:26+07:00,,17663
2394,2664,credit_card,success,2026-10-25T10:21:18+07:00,,5548
2395,2665,credit_card,failed,2026-05-21T21:22:13+07:00,insufficient_funds,4124
2396,2667,credit_card,failed,2026-10-23T20:31:56+07:00,user_cancelled,18614
2397,2668,PromptPay,success,2026-06-24T16:45:37+07:00,,6437
2398,2669,TrueMoney,success,2026-03-20T14:30:37+07:00,,7727
2399,2670,PromptPay,success,2026-04-26T12:47:36+07:00,,13653
2400,2672,credit_card,success,2026-12-17T09:39:16+07:00,,8445
2401,2673,PromptPay,success,2026-01-15T23:52:53+07:00,,9409
2402,2674,PromptPay,success,2026-05-16T19:30:15+07:00,,8076
2403,2675,TrueMoney,success,2026-10-22T22:06:08+07:00,,29990
2404,2676,credit_card,success,2026-08-08T10:37:14+07:00,,39747
2405,2677,PromptPay,success,2026-08-17T21:26:00+07:00,,10089
2406,2679,PromptPay,success,2026-09-01T22:55:04+07:00,,24676
2407,2680,PromptPay,success,2026-09-11T23:30:18+07:00,,11491
2408,2681,TrueMoney,success,2026-04-07T17:55:33+07:00,,7923
2409,2682,bank_transfer,success,2026-12-20T14:17:29+07:00,,18668
2410,2683,credit_card,success,2026-12-03T22:30:43+07:00,,8223
2411,2684,credit_card,success,2026-09-14T14:46:44+07:00,,9059
2412,2685,credit_card,success,2026-07-04T13:22:27+07:00,,23323
2413,2686,PromptPay,success,2026-11-09T11:17:34+07:00,,14181
2414,2688,debit_card,success,2026-12-06T20:03:55+07:00,,6472
2415,2689,PromptPay,success,2026-10-15T07:11:44+07:00,,6392
2416,2690,PromptPay,success,2026-12-04T09:59:43+07:00,,13181
2417,2692,PromptPay,success,2026-08-16T01:37:05+07:00,,7239
2418,2693,TrueMoney,success,2026-08-13T17:33:35+07:00,,19892
2419,2694,bank_transfer,success,2026-10-31T08:20:51+07:00,,10319
2420,2695,PromptPay,success,2026-11-19T22:02:34+07:00,,6177
2421,2696,credit_card,success,2026-12-07T16:49:22+07:00,,35689
2422,2697,debit_card,success,2026-09-07T17:48:35+07:00,,26694
2423,2698,PromptPay,success,2026-07-28T23:46:02+07:00,,13655
2424,2699,PromptPay,success,2026-04-19T19:16:57+07:00,,21171
2425,2700,TrueMoney,success,2026-05-16T22:18:03+07:00,,2644
2426,2701,TrueMoney,success,2026-04-02T00:46:12+07:00,,14360
2427,2702,GrabPay,success,2026-05-12T23:58:23+07:00,,10024
2428,2703,TrueMoney,success,2026-05-22T10:10:10+07:00,,14476
2429,2704,PromptPay,success,2026-06-05T11:47:18+07:00,,16746
2430,2705,TrueMoney,success,2026-06-07T00:35:17+07:00,,6561
2431,2706,PromptPay,success,2026-10-27T01:06:11+07:00,,7636
2432,2707,credit_card,success,2026-11-15T09:52:32+07:00,,11575
2433,2708,PromptPay,success,2026-09-12T10:16:40+07:00,,7719
2434,2709,PromptPay,success,2026-12-11T23:45:02+07:00,,23657
2435,2710,PromptPay,success,2026-12-23T10:21:21+07:00,,7373
2436,2711,PromptPay,success,2026-10-01T20:57:27+07:00,,17495
2437,2713,debit_card,success,2026-10-16T18:55:40+07:00,,6065
2438,2714,credit_card,success,2026-11-27T01:59:32+07:00,,8770
2439,2716,bank_transfer,success,2026-03-31T12:26:45+07:00,,6241
2440,2717,PromptPay,success,2026-07-25T22:45:28+07:00,,30022
2441,2718,TrueMoney,success,2026-10-14T19:09:45+07:00,,10880
2442,2719,credit_card,success,2026-08-25T20:14:19+07:00,,9829
2443,2720,GrabPay,success,2026-05-03T18:19:47+07:00,,7414
2444,2722,PromptPay,success,2026-10-01T07:14:40+07:00,,4424
2445,2723,PromptPay,failed,2026-07-03T22:56:34+07:00,gateway_timeout,11989
2446,2724,TrueMoney,success,2026-09-09T11:49:10+07:00,,20857
2447,2725,credit_card,success,2026-07-11T20:49:07+07:00,,15509
2448,2726,debit_card,success,2026-10-02T21:51:26+07:00,,5057
2449,2727,bank_transfer,success,2026-04-23T23:32:49+07:00,,9988
2450,2728,credit_card,success,2026-12-17T16:43:37+07:00,,14198
2451,2729,credit_card,success,2026-12-03T09:48:57+07:00,,37752
2452,2730,debit_card,success,2026-07-21T01:18:43+07:00,,5358
2453,2731,credit_card,success,2026-03-06T13:37:57+07:00,,11756
2454,2733,debit_card,success,2026-07-17T09:52:48+07:00,,6045
2455,2734,GrabPay,success,2026-06-15T14:04:39+07:00,,23007
2456,2735,credit_card,success,2026-08-04T10:21:12+07:00,,34707
2457,2736,PromptPay,success,2026-03-13T07:13:29+07:00,,4281
2458,2737,PromptPay,success,2026-10-12T08:42:59+07:00,,14745
2459,2741,PromptPay,success,2026-10-03T08:57:04+07:00,,11746
2460,2742,bank_transfer,failed,2026-12-06T21:06:21+07:00,otp_timeout,9943
2461,2744,TrueMoney,success,2026-11-18T00:29:01+07:00,,13399
2462,2745,debit_card,success,2026-03-05T12:46:57+07:00,,18400
2463,2746,PromptPay,success,2026-10-28T19:40:19+07:00,,8223
2464,2747,credit_card,success,2026-11-01T18:55:18+07:00,,3879
2465,2750,PromptPay,success,2026-06-23T14:07:55+07:00,,33127
2466,2751,PromptPay,success,2026-11-18T09:40:11+07:00,,13815
2467,2752,credit_card,success,2026-12-17T10:05:04+07:00,,3653
2468,2753,credit_card,success,2026-12-16T17:30:32+07:00,,17528
2469,2755,bank_transfer,success,2026-07-03T19:10:04+07:00,,28618
2470,2756,credit_card,success,2026-11-01T14:20:55+07:00,,23353
2471,2757,PromptPay,success,2026-11-20T13:51:28+07:00,,9397
2472,2758,PromptPay,success,2026-09-02T13:04:50+07:00,,14696
2473,2759,GrabPay,success,2026-09-09T11:17:35+07:00,,19442
2474,2760,bank_transfer,success,2026-11-13T01:33:50+07:00,,4270
2475,2761,credit_card,success,2026-01-29T14:58:28+07:00,,30153
2476,2762,PromptPay,success,2026-07-24T22:20:30+07:00,,4354
2477,2763,PromptPay,success,2026-05-13T15:22:24+07:00,,6966
2478,2764,PromptPay,success,2026-07-21T13:40:56+07:00,,4719
2479,2765,PromptPay,success,2026-09-25T18:30:46+07:00,,8085
2480,2766,credit_card,success,2026-09-20T08:09:09+07:00,,9480
2481,2768,PromptPay,success,2026-10-02T15:14:17+07:00,,6503
2482,2769,ShopeePay,success,2026-08-30T09:46:17+07:00,,7174
2483,2770,debit_card,success,2026-11-07T20:40:07+07:00,,8302
2484,2771,GrabPay,success,2026-09-14T10:55:47+07:00,,24049
2485,2772,PromptPay,success,2026-07-11T17:20:36+07:00,,24168
2486,2773,PromptPay,success,2026-05-11T23:25:59+07:00,,3973
2487,2774,PromptPay,success,2026-12-06T00:43:42+07:00,,17978
2488,2775,credit_card,success,2026-08-09T00:17:17+07:00,,18209
2489,2776,PromptPay,success,2026-09-06T23:58:20+07:00,,11745
2490,2777,TrueMoney,success,2026-12-08T15:30:56+07:00,,10569
2491,2779,PromptPay,success,2026-08-10T18:26:09+07:00,,13306
2492,2780,PromptPay,success,2026-08-30T06:03:19+07:00,,4691
2493,2781,credit_card,success,2026-05-28T11:36:26+07:00,,11730
2494,2782,PromptPay,success,2026-09-01T16:13:16+07:00,,8793
2495,2784,credit_card,success,2026-05-08T16:36:15+07:00,,11293
2496,2786,PromptPay,success,2026-06-05T17:44:20+07:00,,32659
2497,2787,GrabPay,success,2026-08-28T18:36:45+07:00,,26316
2498,2789,PromptPay,success,2026-10-22T09:45:53+07:00,,12036
2499,2790,credit_card,failed,2026-06-22T14:49:47+07:00,card_declined,4010
2500,2791,TrueMoney,success,2026-11-04T00:27:30+07:00,,49835
2501,2792,credit_card,success,2026-10-19T18:39:30+07:00,,17148
2502,2793,credit_card,success,2026-11-18T08:25:30+07:00,,5693
2503,2794,PromptPay,success,2026-11-21T17:52:08+07:00,,26308
2504,2795,PromptPay,success,2026-09-29T17:34:42+07:00,,13925
2505,2796,PromptPay,success,2026-03-30T10:28:27+07:00,,2718
2506,2797,debit_card,success,2026-06-06T16:38:44+07:00,,6630
2507,2799,PromptPay,success,2026-11-05T10:25:33+07:00,,12795
2508,2800,credit_card,success,2026-06-22T13:21:09+07:00,,42970
2509,2801,PromptPay,success,2026-11-19T22:16:10+07:00,,3584
2510,2802,credit_card,success,2026-07-20T21:40:10+07:00,,3841
2511,2803,debit_card,success,2026-11-23T00:13:06+07:00,,24038
2512,2804,PromptPay,success,2026-08-20T01:08:13+07:00,,6152
2513,2806,PromptPay,success,2026-06-25T19:21:17+07:00,,39245
2514,2807,debit_card,success,2026-07-21T23:16:38+07:00,,12045
2515,2808,PromptPay,success,2026-09-04T15:42:05+07:00,,23067
2516,2809,debit_card,success,2026-05-19T12:10:54+07:00,,15304
2517,2810,TrueMoney,success,2026-06-28T20:04:34+07:00,,17186
2518,2811,credit_card,success,2026-08-04T15:50:18+07:00,,5644
2519,2813,credit_card,success,2026-04-27T12:53:50+07:00,,8088
2520,2814,debit_card,success,2026-07-10T11:55:42+07:00,,16076
2521,2815,credit_card,success,2026-08-03T22:33:27+07:00,,17354
2522,2816,credit_card,success,2026-07-30T20:28:10+07:00,,40476
2523,2817,credit_card,success,2026-11-24T12:29:20+07:00,,17267
2524,2818,debit_card,success,2026-07-11T22:50:15+07:00,,27913
2525,2820,TrueMoney,success,2026-06-01T00:01:49+07:00,,15498
2526,2821,PromptPay,success,2026-10-15T15:19:31+07:00,,22574
2527,2822,GrabPay,success,2026-11-22T11:19:30+07:00,,6236
2528,2823,PromptPay,success,2026-07-30T08:41:25+07:00,,18313
2529,2824,TrueMoney,success,2026-09-24T00:26:41+07:00,,5081
2530,2826,TrueMoney,success,2026-09-15T21:02:27+07:00,,5256
2531,2827,GrabPay,success,2026-09-24T08:40:26+07:00,,2738
2532,2828,credit_card,success,2026-12-05T18:20:28+07:00,,14866
2533,2829,credit_card,success,2026-08-28T17:08:45+07:00,,10106
2534,2830,credit_card,success,2026-04-27T02:05:15+07:00,,10343
2535,2831,ShopeePay,success,2026-12-03T06:11:21+07:00,,23759
2536,2832,debit_card,success,2026-07-11T02:33:08+07:00,,8124
2537,2833,PromptPay,success,2026-12-20T14:08:22+07:00,,18450
2538,2834,PromptPay,success,2026-08-07T06:02:31+07:00,,5729
2539,2835,ShopeePay,success,2026-10-19T10:44:25+07:00,,34516
2540,2836,GrabPay,failed,2026-11-22T23:29:19+07:00,user_cancelled,5460
2541,2837,PromptPay,failed,2026-06-05T22:51:23+07:00,gateway_timeout,5054
2542,2838,debit_card,success,2026-12-23T14:29:46+07:00,,73780
2543,2839,credit_card,success,2026-12-30T19:47:31+07:00,,44637
2544,2840,credit_card,success,2026-09-01T14:01:58+07:00,,12496
2545,2841,credit_card,success,2026-06-23T00:29:26+07:00,,5845
2546,2842,PromptPay,success,2026-07-15T13:42:48+07:00,,7595
2547,2843,PromptPay,success,2026-04-25T08:39:35+07:00,,9997
2548,2844,PromptPay,failed,2026-11-05T12:04:02+07:00,bank_rejected,5896
2549,2845,PromptPay,success,2026-12-16T10:01:24+07:00,,19145
2550,2846,credit_card,success,2026-05-22T21:01:25+07:00,,6207
2551,2847,credit_card,success,2026-11-03T23:30:22+07:00,,29829
2552,2848,PromptPay,success,2026-11-09T10:58:24+07:00,,9362
2553,2849,PromptPay,success,2026-03-10T23:15:26+07:00,,16925
2554,2850,bank_transfer,success,2026-07-10T02:00:31+07:00,,5890
2555,2851,credit_card,success,2026-01-27T18:54:16+07:00,,5599
2556,2852,credit_card,success,2026-05-20T13:56:47+07:00,,6528
2557,2853,TrueMoney,success,2026-04-20T13:25:44+07:00,,29265
2558,2854,ShopeePay,success,2026-04-20T15:05:19+07:00,,9779
2559,2855,PromptPay,success,2026-05-14T12:09:08+07:00,,7353
2560,2856,debit_card,success,2026-11-01T17:40:14+07:00,,8479
2561,2857,TrueMoney,success,2026-06-29T20:06:46+07:00,,13854
2562,2858,TrueMoney,success,2026-12-06T02:04:05+07:00,,15496
2563,2860,PromptPay,success,2026-09-19T13:20:22+07:00,,14956
2564,2861,PromptPay,success,2026-05-19T01:03:49+07:00,,22226
2565,2862,TrueMoney,failed,2026-12-12T14:25:01+07:00,card_declined,18948
2566,2863,ShopeePay,success,2026-09-07T21:50:42+07:00,,6965
2567,2864,credit_card,success,2026-09-01T13:09:11+07:00,,15312
2568,2866,credit_card,success,2026-04-22T20:27:33+07:00,,14713
2569,2867,bank_transfer,success,2026-10-14T10:26:43+07:00,,5145
2570,2869,credit_card,success,2026-10-11T16:30:32+07:00,,18131
2571,2870,PromptPay,success,2026-12-16T17:49:04+07:00,,24401
2572,2871,ShopeePay,success,2026-12-16T19:50:24+07:00,,11065
2573,2872,PromptPay,success,2026-12-24T01:45:10+07:00,,6837
2574,2873,debit_card,success,2026-08-26T10:01:05+07:00,,13677
2575,2875,PromptPay,success,2026-12-26T21:56:05+07:00,,13012
2576,2876,GrabPay,success,2026-09-21T12:29:32+07:00,,36524
2577,2877,PromptPay,success,2026-08-16T14:36:24+07:00,,6399
2578,2879,credit_card,success,2026-09-04T15:51:54+07:00,,14049
2579,2880,PromptPay,success,2026-09-12T16:17:18+07:00,,16891
2580,2881,PromptPay,success,2026-11-23T12:47:12+07:00,,9822
2581,2883,bank_transfer,success,2026-08-23T23:52:01+07:00,,4983
2582,2884,bank_transfer,success,2026-11-10T17:55:39+07:00,,7704
2583,2885,credit_card,success,2026-11-24T14:24:13+07:00,,7904
2584,2886,debit_card,success,2026-12-31T16:34:55+07:00,,23793
2585,2887,credit_card,success,2026-06-13T10:07:43+07:00,,13842
2586,2888,PromptPay,success,2026-10-15T16:32:17+07:00,,43273
2587,2889,PromptPay,success,2026-12-14T21:53:40+07:00,,37999
2588,2890,ShopeePay,success,2026-09-28T17:46:37+07:00,,34925
2589,2891,PromptPay,success,2026-12-31T13:27:54+07:00,,2360
2590,2892,TrueMoney,success,2026-08-15T14:13:30+07:00,,12216
2591,2893,PromptPay,success,2026-04-28T09:10:18+07:00,,29745
2592,2895,PromptPay,success,2026-08-07T15:26:25+07:00,,4458
2593,2896,PromptPay,success,2026-09-12T18:44:45+07:00,,6706
2594,2897,PromptPay,success,2026-12-29T00:13:24+07:00,,8594
2595,2898,GrabPay,success,2026-04-11T12:31:22+07:00,,5082
2596,2899,credit_card,success,2026-08-23T09:36:35+07:00,,32451
2597,2900,GrabPay,success,2026-12-31T13:37:42+07:00,,22046
2598,2901,TrueMoney,success,2026-10-05T13:33:45+07:00,,38442
2599,2902,TrueMoney,success,2026-09-27T16:32:59+07:00,,25436
2600,2903,TrueMoney,success,2026-10-31T00:23:43+07:00,,13676
2601,2904,credit_card,success,2026-06-14T22:45:36+07:00,,6705
2602,2905,credit_card,success,2026-06-25T09:13:51+07:00,,8339
2603,2906,bank_transfer,success,2026-09-28T01:39:17+07:00,,3982
2604,2907,debit_card,success,2026-03-16T02:03:39+07:00,,15122
2605,2908,credit_card,success,2026-12-21T22:49:43+07:00,,6859
2606,2909,credit_card,success,2026-12-13T17:06:02+07:00,,11779
2607,2910,bank_transfer,success,2026-09-25T01:28:30+07:00,,13694
2608,2911,debit_card,success,2026-11-07T22:07:55+07:00,,5338
2609,2912,PromptPay,success,2026-04-24T06:27:28+07:00,,35005
2610,2913,PromptPay,success,2026-03-06T10:38:26+07:00,,9455
2611,2914,bank_transfer,success,2026-12-10T22:19:14+07:00,,13742
2612,2915,credit_card,success,2026-11-07T21:17:59+07:00,,9710
2613,2916,credit_card,success,2026-06-09T18:33:00+07:00,,29380
2614,2917,credit_card,success,2026-11-08T00:37:30+07:00,,9556
2615,2918,TrueMoney,success,2026-12-12T22:55:51+07:00,,20857
2616,2919,GrabPay,success,2026-11-03T19:32:19+07:00,,5317
2617,2920,TrueMoney,success,2026-08-15T18:55:15+07:00,,16805
2618,2921,PromptPay,success,2026-11-18T17:38:50+07:00,,12234
2619,2922,GrabPay,success,2026-05-31T21:24:55+07:00,,11162
2620,2923,PromptPay,success,2026-06-17T23:11:37+07:00,,64993
2621,2924,credit_card,success,2026-09-20T23:51:37+07:00,,12195
2622,2925,credit_card,success,2026-12-23T20:26:13+07:00,,8880
2623,2926,PromptPay,failed,2026-12-23T23:46:21+07:00,gateway_timeout,16537
2624,2927,PromptPay,success,2026-03-25T01:35:16+07:00,,7102
2625,2928,credit_card,success,2026-12-23T11:33:02+07:00,,21742
2626,2929,PromptPay,success,2026-09-23T12:33:56+07:00,,19820
2627,2930,debit_card,success,2026-10-28T03:56:43+07:00,,26305
2628,2931,PromptPay,success,2026-06-26T17:38:54+07:00,,6077
2629,2932,credit_card,success,2026-11-20T22:20:46+07:00,,10557
2630,2933,PromptPay,success,2026-11-29T09:17:45+07:00,,29283
2631,2934,credit_card,success,2026-04-10T12:41:34+07:00,,7060
2632,2935,PromptPay,success,2026-08-27T23:12:35+07:00,,41391
2633,2936,credit_card,success,2026-11-20T23:53:05+07:00,,8693
2634,2937,credit_card,success,2026-03-17T17:56:22+07:00,,18672
2635,2938,credit_card,success,2026-09-16T21:31:16+07:00,,31265
2636,2939,PromptPay,success,2026-09-24T17:02:48+07:00,,24884
2637,2940,GrabPay,success,2026-05-01T15:39:05+07:00,,11457
2638,2941,debit_card,failed,2026-10-04T18:26:57+07:00,card_declined,7412
2639,2942,ShopeePay,success,2026-06-29T14:04:37+07:00,,18044
2640,2943,credit_card,success,2026-07-05T17:48:49+07:00,,19085
2641,2945,PromptPay,success,2026-11-14T12:51:35+07:00,,11350
2642,2946,credit_card,success,2026-12-10T17:24:20+07:00,,7857
2643,2948,GrabPay,success,2026-11-23T11:25:52+07:00,,8296
2644,2949,debit_card,success,2026-07-13T13:24:43+07:00,,12135
2645,2950,PromptPay,success,2026-09-13T07:27:06+07:00,,8361
2646,2952,credit_card,success,2026-12-01T00:45:29+07:00,,3578
2647,2953,TrueMoney,success,2026-07-21T03:21:07+07:00,,27802
2648,2954,credit_card,success,2026-10-12T14:42:02+07:00,,5091
2649,2955,debit_card,success,2026-12-14T17:56:25+07:00,,4003
2650,2956,credit_card,success,2026-09-30T21:01:21+07:00,,10441
2651,2957,credit_card,success,2026-07-12T00:29:35+07:00,,18651
2652,2958,PromptPay,success,2026-08-06T01:24:32+07:00,,46638
2653,2959,PromptPay,success,2026-04-27T17:10:20+07:00,,8602
2654,2960,credit_card,success,2026-09-18T13:50:17+07:00,,12365
2655,2961,PromptPay,success,2026-10-26T19:18:11+07:00,,22838
2656,2962,debit_card,success,2026-11-29T09:16:43+07:00,,6747
2657,2963,debit_card,success,2026-03-27T15:35:59+07:00,,22435
2658,2964,PromptPay,success,2026-02-09T15:09:01+07:00,,7852
2659,2965,ShopeePay,success,2026-04-20T11:16:41+07:00,,22563
2660,2966,TrueMoney,success,2026-11-05T18:34:36+07:00,,5223
2661,2967,PromptPay,success,2026-12-14T00:00:21+07:00,,19162
2662,2968,TrueMoney,success,2026-06-16T16:25:41+07:00,,15360
2663,2969,PromptPay,success,2026-08-22T16:52:49+07:00,,5605
2664,2970,GrabPay,success,2026-10-04T20:19:04+07:00,,6217
2665,2971,debit_card,success,2026-12-13T13:53:22+07:00,,10732
2666,2972,debit_card,success,2026-06-11T02:42:21+07:00,,13211
2667,2973,GrabPay,success,2026-10-11T09:47:30+07:00,,22562
2668,2974,GrabPay,success,2026-07-05T14:03:56+07:00,,47926
2669,2975,PromptPay,success,2026-08-31T18:13:30+07:00,,4247
2670,2976,TrueMoney,success,2026-10-24T18:30:24+07:00,,40586
2671,2977,PromptPay,success,2026-05-30T19:46:17+07:00,,15734
2672,2978,PromptPay,success,2026-08-25T22:02:59+07:00,,7033
2673,2979,PromptPay,success,2026-10-21T01:30:34+07:00,,8939
2674,2980,debit_card,success,2026-08-24T18:42:07+07:00,,9150
2675,2981,debit_card,success,2026-06-21T20:01:57+07:00,,2686
2676,2982,PromptPay,success,2026-04-25T22:32:52+07:00,,16427
2677,2983,GrabPay,success,2026-12-26T21:52:26+07:00,,4321
2678,2984,debit_card,success,2026-10-02T11:24:54+07:00,,10163
2679,2985,credit_card,success,2026-06-15T23:15:38+07:00,,6220
2680,2986,debit_card,success,2026-11-21T09:34:09+07:00,,28635
2681,2987,credit_card,success,2026-08-27T00:45:32+07:00,,12602
2682,2989,credit_card,success,2026-10-17T11:30:45+07:00,,26888
2683,2990,GrabPay,success,2026-10-21T20:43:13+07:00,,9122
2684,2991,PromptPay,success,2026-10-14T21:34:04+07:00,,13545
2685,2993,PromptPay,success,2026-11-07T06:48:41+07:00,,19734
2686,2994,credit_card,success,2026-04-19T12:57:19+07:00,,5694
2687,2995,credit_card,success,2026-09-10T23:41:05+07:00,,3802
2688,2996,PromptPay,success,2026-12-19T13:30:16+07:00,,12435
2689,2997,credit_card,success,2026-09-12T20:21:04+07:00,,25239
2690,2998,PromptPay,success,2026-07-12T10:40:35+07:00,,6207
2691,2999,bank_transfer,success,2026-03-17T15:20:28+07:00,,15132
2692,3000,debit_card,success,2026-06-09T14:56:44+07:00,,18517
2693,3001,PromptPay,success,2026-06-22T00:19:55+07:00,,9491
2694,3002,TrueMoney,success,2026-09-22T19:08:29+07:00,,13091
2695,3003,PromptPay,success,2026-11-04T18:31:37+07:00,,8129
2696,3004,debit_card,success,2026-12-18T23:14:08+07:00,,48085
2697,3005,credit_card,success,2026-11-23T17:57:24+07:00,,24017
2698,3006,PromptPay,success,2026-02-15T18:43:04+07:00,,9954
2699,3007,credit_card,success,2026-07-10T17:34:44+07:00,,16791
2700,3008,credit_card,success,2026-07-23T17:39:51+07:00,,9189
2701,3009,PromptPay,success,2026-07-10T08:42:00+07:00,,3793
2702,3010,credit_card,success,2026-09-18T02:15:48+07:00,,3162
2703,3011,debit_card,success,2026-09-25T00:58:45+07:00,,3990
2704,3012,credit_card,success,2026-11-15T00:38:27+07:00,,9026
2705,3013,credit_card,success,2026-11-04T23:14:46+07:00,,8479
2706,3015,PromptPay,success,2026-11-28T02:00:18+07:00,,9076
2707,3016,credit_card,success,2026-09-23T17:10:44+07:00,,7396
2708,3017,bank_transfer,success,2026-07-17T14:29:20+07:00,,3842
2709,3018,credit_card,success,2026-12-04T13:40:49+07:00,,24969
2710,3020,TrueMoney,success,2026-03-17T07:14:54+07:00,,22464
2711,3021,credit_card,success,2026-09-15T07:16:51+07:00,,8632
2712,3022,PromptPay,success,2026-11-25T00:15:46+07:00,,35781
2713,3024,GrabPay,failed,2026-11-21T08:51:04+07:00,insufficient_funds,2842
2714,3025,debit_card,success,2026-07-17T09:17:28+07:00,,13881
2715,3026,credit_card,success,2026-11-12T09:24:30+07:00,,14018
2716,3027,TrueMoney,success,2026-11-03T21:53:39+07:00,,21045
2717,3028,credit_card,success,2026-12-03T01:52:55+07:00,,13866
2718,3029,credit_card,success,2026-11-15T02:58:19+07:00,,58576
2719,3030,PromptPay,success,2026-11-29T17:48:13+07:00,,10876
2720,3031,TrueMoney,success,2026-10-20T20:18:08+07:00,,24589
2721,3032,bank_transfer,success,2026-08-19T21:42:08+07:00,,13272
2722,3033,debit_card,success,2026-09-22T13:20:48+07:00,,27131
2723,3035,bank_transfer,failed,2026-09-18T00:23:28+07:00,user_cancelled,9106
2724,3037,GrabPay,success,2026-10-22T16:47:08+07:00,,18846
2725,3038,credit_card,success,2026-12-14T09:08:21+07:00,,18230
2726,3039,GrabPay,success,2026-12-12T14:03:25+07:00,,7057
2727,3040,debit_card,success,2026-04-12T22:48:29+07:00,,22097
2728,3041,PromptPay,success,2026-04-15T11:37:18+07:00,,11388
2729,3042,credit_card,success,2026-09-27T14:13:54+07:00,,3768
2730,3043,PromptPay,success,2026-04-18T06:35:10+07:00,,16053
2731,3044,TrueMoney,failed,2026-10-25T10:44:17+07:00,user_cancelled,4371
2732,3046,credit_card,success,2026-06-05T16:14:08+07:00,,5012
2733,3047,GrabPay,success,2026-04-13T15:18:09+07:00,,11225
2734,3048,credit_card,success,2026-09-01T10:06:48+07:00,,17836
2735,3049,credit_card,success,2026-12-01T00:18:39+07:00,,28651
2736,3050,bank_transfer,success,2026-07-23T19:42:09+07:00,,6984
2737,3051,PromptPay,success,2026-09-19T15:36:26+07:00,,12016
2738,3052,PromptPay,success,2026-10-03T10:57:54+07:00,,20351
2739,3053,credit_card,success,2026-09-05T23:57:25+07:00,,20102
2740,3054,PromptPay,success,2026-10-04T21:18:39+07:00,,3618
2741,3055,credit_card,success,2026-01-28T20:09:05+07:00,,15306
2742,3056,credit_card,success,2026-11-27T21:36:43+07:00,,9973
2743,3057,TrueMoney,success,2026-11-02T22:21:36+07:00,,4161
2744,3058,credit_card,success,2026-08-16T00:01:29+07:00,,8497
2745,3059,credit_card,success,2026-09-27T14:02:55+07:00,,3272
2746,3060,TrueMoney,success,2026-09-11T02:11:46+07:00,,14947
2747,3061,debit_card,success,2026-07-19T14:08:05+07:00,,26429
2748,3062,credit_card,success,2026-09-06T14:39:07+07:00,,6909
2749,3063,PromptPay,success,2026-09-16T13:24:46+07:00,,43126
2750,3064,PromptPay,success,2026-09-11T03:23:52+07:00,,16585
2751,3065,credit_card,success,2026-10-24T01:18:44+07:00,,4805
2752,3066,PromptPay,failed,2026-10-14T01:27:23+07:00,gateway_timeout,1762
2753,3067,PromptPay,success,2026-12-02T12:28:21+07:00,,19824
2754,3068,debit_card,failed,2026-08-24T13:22:36+07:00,insufficient_funds,4909
2755,3069,credit_card,success,2026-09-11T16:48:00+07:00,,35888
2756,3070,credit_card,success,2026-10-13T15:33:41+07:00,,27496
2757,3071,PromptPay,success,2026-09-22T10:51:37+07:00,,14577
2758,3072,debit_card,success,2026-10-10T01:00:35+07:00,,7646
2759,3073,PromptPay,success,2026-08-25T21:49:01+07:00,,11562
2760,3074,credit_card,success,2026-06-25T18:12:10+07:00,,5120
2761,3075,credit_card,success,2026-08-02T11:14:56+07:00,,20569
2762,3076,credit_card,success,2026-12-03T02:04:03+07:00,,8148
2763,3077,credit_card,success,2026-10-11T12:05:14+07:00,,19769
2764,3078,credit_card,success,2026-12-11T12:57:56+07:00,,22156
2765,3079,credit_card,success,2026-08-04T23:30:17+07:00,,12352
2766,3080,PromptPay,failed,2026-06-25T23:40:17+07:00,gateway_timeout,4302
2767,3081,debit_card,success,2026-10-20T14:41:30+07:00,,14312
2768,3082,TrueMoney,success,2026-04-07T19:52:35+07:00,,3381
2769,3083,bank_transfer,success,2026-12-08T12:44:40+07:00,,9274
2770,3084,TrueMoney,success,2026-10-29T18:54:56+07:00,,35853
2771,3086,debit_card,failed,2026-12-08T18:11:49+07:00,card_declined,4133
2772,3087,bank_transfer,success,2026-09-19T00:47:38+07:00,,7330
2773,3088,debit_card,success,2026-11-14T02:04:56+07:00,,2886
2774,3089,debit_card,success,2026-12-26T06:32:02+07:00,,15412
2775,3090,debit_card,success,2026-04-26T16:51:12+07:00,,9516
2776,3091,PromptPay,failed,2026-12-17T12:28:34+07:00,card_declined,39150
2777,3092,PromptPay,success,2026-06-12T08:15:24+07:00,,18962
2778,3093,GrabPay,success,2026-05-21T22:42:56+07:00,,26212
2779,3094,PromptPay,success,2026-11-29T11:40:09+07:00,,12613
2780,3095,PromptPay,failed,2026-12-21T20:39:28+07:00,card_declined,21837
2781,3096,debit_card,success,2026-11-29T11:13:20+07:00,,7821
2782,3097,credit_card,success,2026-12-20T22:46:54+07:00,,5739
2783,3098,credit_card,success,2026-08-11T20:33:05+07:00,,9119
2784,3099,PromptPay,success,2026-10-16T23:40:54+07:00,,4976
2785,3101,credit_card,success,2026-07-21T12:17:17+07:00,,21058
2786,3102,credit_card,success,2026-07-31T22:23:02+07:00,,5384
2787,3104,PromptPay,success,2026-07-23T20:04:31+07:00,,4994
2788,3105,GrabPay,success,2026-05-21T21:10:55+07:00,,4667
2789,3106,TrueMoney,success,2026-08-30T01:51:43+07:00,,12413
2790,3107,credit_card,success,2026-09-19T12:34:12+07:00,,13123
2791,3108,credit_card,success,2026-11-04T23:25:29+07:00,,10964
2792,3109,bank_transfer,success,2026-11-28T08:06:10+07:00,,14818
2793,3110,credit_card,success,2026-05-22T12:21:27+07:00,,3385
2794,3111,credit_card,success,2026-09-21T21:01:53+07:00,,18112
2795,3112,credit_card,success,2026-08-11T00:13:09+07:00,,31609
2796,3113,PromptPay,success,2026-12-03T20:27:51+07:00,,15469
2797,3114,credit_card,success,2026-10-10T18:08:04+07:00,,40572
2798,3115,PromptPay,success,2026-08-30T15:46:46+07:00,,26262
2799,3116,credit_card,success,2026-12-29T22:55:53+07:00,,10103
2800,3117,PromptPay,success,2026-05-26T19:22:48+07:00,,9837
2801,3118,debit_card,success,2026-06-04T20:10:13+07:00,,17124
2802,3119,debit_card,success,2026-06-23T21:02:12+07:00,,3566
2803,3121,PromptPay,success,2026-05-23T10:29:43+07:00,,9351
2804,3122,TrueMoney,success,2026-12-16T08:30:25+07:00,,9009
2805,3123,PromptPay,success,2026-10-19T23:17:40+07:00,,21302
2806,3124,TrueMoney,success,2026-08-17T19:59:35+07:00,,14423
2807,3125,credit_card,success,2026-07-17T21:53:49+07:00,,14183
2808,3126,PromptPay,success,2026-10-26T19:43:14+07:00,,8092
2809,3127,GrabPay,success,2026-10-05T16:21:32+07:00,,19806
2810,3128,credit_card,success,2026-09-23T20:47:39+07:00,,5097
2811,3129,GrabPay,success,2026-12-14T23:46:40+07:00,,16719
2812,3130,credit_card,success,2026-12-27T05:06:29+07:00,,7414
2813,3132,debit_card,success,2026-10-20T02:00:14+07:00,,23486
2814,3134,credit_card,success,2026-09-06T19:14:52+07:00,,9239
2815,3135,credit_card,success,2026-09-28T09:40:39+07:00,,4161
2816,3136,GrabPay,success,2026-09-16T11:04:32+07:00,,6724
2817,3137,GrabPay,success,2026-07-12T09:18:15+07:00,,28342
2818,3139,TrueMoney,success,2026-06-01T19:33:38+07:00,,4698
2819,3140,PromptPay,success,2026-10-30T20:24:38+07:00,,20460
2820,3141,debit_card,success,2026-06-02T19:31:37+07:00,,15840
2821,3142,credit_card,success,2026-09-27T08:36:05+07:00,,8585
2822,3143,debit_card,success,2026-12-16T15:24:55+07:00,,4558
2823,3144,credit_card,success,2026-10-20T12:35:09+07:00,,20990
2824,3146,debit_card,success,2026-12-21T23:21:14+07:00,,30748
2825,3147,TrueMoney,success,2026-11-04T22:18:29+07:00,,12334
2826,3148,PromptPay,success,2026-09-26T17:13:38+07:00,,7707
2827,3149,TrueMoney,success,2026-09-30T14:38:07+07:00,,11513
2828,3150,bank_transfer,success,2026-07-03T16:50:36+07:00,,11012
2829,3151,TrueMoney,success,2026-10-15T01:26:15+07:00,,14499
2830,3152,debit_card,success,2026-11-13T19:30:24+07:00,,11941
2831,3153,credit_card,success,2026-10-08T07:35:43+07:00,,41726
2832,3154,PromptPay,success,2026-07-29T10:57:16+07:00,,15442
2833,3155,credit_card,success,2026-12-11T18:26:09+07:00,,4359
2834,3156,credit_card,success,2026-09-14T14:55:13+07:00,,23222
2835,3157,GrabPay,success,2026-11-01T20:00:47+07:00,,23802
2836,3158,credit_card,success,2026-12-01T07:59:12+07:00,,6378
2837,3159,TrueMoney,success,2026-12-30T12:24:54+07:00,,43221
2838,3160,credit_card,success,2026-11-15T21:39:56+07:00,,7426
2839,3161,credit_card,success,2026-11-25T15:12:09+07:00,,22718
2840,3162,PromptPay,success,2026-10-07T00:35:02+07:00,,38015
2841,3163,credit_card,success,2026-08-10T10:26:44+07:00,,29699
2842,3164,credit_card,failed,2026-09-28T13:44:41+07:00,card_declined,5681
2843,3165,credit_card,success,2026-05-26T16:42:10+07:00,,6003
2844,3166,ShopeePay,success,2026-06-26T18:46:26+07:00,,8812
2845,3167,GrabPay,success,2026-07-14T00:07:48+07:00,,35399
2846,3168,credit_card,success,2026-10-23T18:47:03+07:00,,16261
2847,3169,PromptPay,success,2026-12-25T20:44:51+07:00,,13739
2848,3170,debit_card,success,2026-07-11T15:37:24+07:00,,16400
2849,3172,PromptPay,success,2026-10-21T10:11:35+07:00,,40117
2850,3173,PromptPay,success,2026-07-08T16:51:33+07:00,,10382
2851,3174,PromptPay,success,2026-08-25T15:17:15+07:00,,11314
2852,3175,credit_card,success,2026-07-10T23:25:01+07:00,,16441
2853,3176,debit_card,success,2026-07-01T10:31:13+07:00,,3873
2854,3177,credit_card,success,2026-10-29T20:59:13+07:00,,10326
2855,3178,PromptPay,success,2026-09-07T14:30:05+07:00,,17427
2856,3179,TrueMoney,success,2026-04-19T09:08:37+07:00,,9899
2857,3180,PromptPay,success,2026-09-25T01:39:47+07:00,,45082
2858,3181,bank_transfer,success,2026-12-27T13:42:03+07:00,,16221
2859,3182,debit_card,success,2026-10-16T00:30:52+07:00,,12618
2860,3183,PromptPay,success,2026-10-17T23:43:02+07:00,,8616
2861,3184,credit_card,success,2026-08-11T00:56:01+07:00,,4605
2862,3185,PromptPay,success,2026-11-04T13:33:45+07:00,,27206
2863,3186,PromptPay,success,2026-02-20T13:42:23+07:00,,7543
2864,3187,credit_card,success,2026-06-28T09:15:21+07:00,,5858
2865,3188,TrueMoney,success,2026-11-30T08:50:05+07:00,,41780
2866,3189,ShopeePay,success,2026-10-26T08:52:16+07:00,,13810
2867,3190,TrueMoney,success,2026-10-02T23:33:15+07:00,,22937
2868,3191,credit_card,success,2026-11-22T18:17:18+07:00,,24847
2869,3192,credit_card,success,2026-12-14T16:55:43+07:00,,23357
2870,3193,credit_card,success,2026-05-16T16:28:42+07:00,,25219
2871,3194,credit_card,success,2026-04-15T19:58:51+07:00,,27347
2872,3195,credit_card,success,2026-06-15T00:15:31+07:00,,16134
2873,3196,credit_card,success,2026-11-29T16:07:20+07:00,,3973
2874,3197,TrueMoney,success,2026-09-16T14:15:04+07:00,,8937
2875,3198,PromptPay,success,2026-05-25T12:56:01+07:00,,4820
2876,3199,PromptPay,success,2026-09-01T15:04:10+07:00,,18843
2877,3200,credit_card,success,2026-09-12T08:00:56+07:00,,12255
2878,3201,PromptPay,success,2026-08-31T14:22:40+07:00,,6622
2879,3202,PromptPay,success,2026-12-24T23:49:21+07:00,,14088
2880,3204,PromptPay,success,2026-03-06T01:28:37+07:00,,8531
2881,3205,PromptPay,success,2026-05-07T15:14:45+07:00,,15855
2882,3206,credit_card,failed,2026-09-18T14:43:49+07:00,user_cancelled,19094
2883,3207,PromptPay,success,2026-11-03T22:42:28+07:00,,9473
2884,3209,PromptPay,failed,2026-07-03T13:41:41+07:00,user_cancelled,11469
2885,3211,credit_card,success,2026-08-12T07:31:37+07:00,,31831
2886,3212,PromptPay,success,2026-05-19T06:38:38+07:00,,2813
2887,3214,GrabPay,success,2026-12-15T15:56:01+07:00,,3754
2888,3215,PromptPay,success,2026-07-11T13:56:57+07:00,,8892
2889,3217,TrueMoney,success,2026-07-29T00:47:14+07:00,,6114
2890,3218,credit_card,success,2026-06-03T23:00:57+07:00,,31373
2891,3220,PromptPay,success,2026-11-29T15:57:18+07:00,,7585
2892,3221,debit_card,success,2026-10-09T11:41:14+07:00,,2769
2893,3222,bank_transfer,success,2026-03-19T00:11:46+07:00,,38254
2894,3223,PromptPay,success,2026-11-20T12:47:34+07:00,,5216
2895,3224,debit_card,success,2026-03-23T01:17:25+07:00,,15119
2896,3226,TrueMoney,success,2026-12-06T07:36:27+07:00,,5006
2897,3227,credit_card,success,2026-07-10T16:45:15+07:00,,25264
2898,3228,bank_transfer,success,2026-09-24T22:20:30+07:00,,5736
2899,3229,bank_transfer,success,2026-08-27T04:32:36+07:00,,19487
2900,3230,debit_card,success,2026-11-30T21:33:24+07:00,,9077
2901,3231,credit_card,success,2026-04-11T12:48:14+07:00,,20802
2902,3232,GrabPay,success,2026-04-04T20:11:03+07:00,,14803
2903,3233,PromptPay,success,2026-08-14T12:44:37+07:00,,11345
2904,3234,GrabPay,success,2026-10-12T17:25:31+07:00,,5506
2905,3235,debit_card,success,2026-04-11T15:31:11+07:00,,9954
2906,3236,PromptPay,success,2026-10-30T12:52:09+07:00,,25403
2907,3237,PromptPay,success,2026-03-01T14:39:31+07:00,,16074
2908,3238,bank_transfer,success,2026-05-22T04:18:24+07:00,,27665
2909,3239,TrueMoney,success,2026-11-11T11:56:19+07:00,,9952
2910,3240,credit_card,success,2026-10-15T15:42:15+07:00,,4571
2911,3242,ShopeePay,success,2026-10-06T14:34:37+07:00,,25964
2912,3244,PromptPay,failed,2026-08-18T00:57:22+07:00,gateway_timeout,27261
2913,3245,TrueMoney,success,2026-10-20T13:25:17+07:00,,22852
2914,3246,credit_card,success,2026-10-22T11:29:06+07:00,,12182
2915,3247,bank_transfer,success,2026-11-07T12:44:04+07:00,,5102
2916,3248,credit_card,success,2026-12-17T19:50:06+07:00,,5998
2917,3249,TrueMoney,success,2026-10-12T10:17:23+07:00,,17282
2918,3250,GrabPay,success,2026-11-27T14:50:14+07:00,,13620
2919,3251,TrueMoney,success,2026-12-07T15:47:29+07:00,,6080
2920,3252,PromptPay,success,2026-10-25T18:05:16+07:00,,6133
2921,3253,GrabPay,success,2026-07-18T06:42:29+07:00,,20661
2922,3254,TrueMoney,success,2026-10-26T19:50:44+07:00,,29896
2923,3255,debit_card,success,2026-09-11T22:31:38+07:00,,15995
2924,3256,credit_card,success,2026-04-27T23:33:34+07:00,,16796
2925,3257,PromptPay,success,2026-08-29T10:56:15+07:00,,9021
2926,3258,TrueMoney,success,2026-04-11T00:09:53+07:00,,11639
2927,3259,GrabPay,success,2026-09-26T22:56:45+07:00,,23888
2928,3260,GrabPay,success,2026-11-13T10:44:29+07:00,,6143
2929,3261,credit_card,success,2026-11-18T22:05:07+07:00,,6452
2930,3262,credit_card,success,2026-08-18T23:07:50+07:00,,8703
2931,3263,credit_card,success,2026-11-09T07:52:23+07:00,,7173
2932,3264,debit_card,success,2026-12-10T10:08:22+07:00,,3834
2933,3265,credit_card,success,2026-07-21T21:10:38+07:00,,12879
2934,3266,PromptPay,success,2026-10-07T23:19:50+07:00,,8161
2935,3267,TrueMoney,success,2026-10-22T21:54:36+07:00,,9980
2936,3268,bank_transfer,success,2026-12-15T13:23:53+07:00,,30388
2937,3269,PromptPay,success,2026-09-15T09:57:07+07:00,,22650
2938,3271,TrueMoney,success,2026-08-13T14:53:28+07:00,,5890
2939,3272,PromptPay,success,2026-07-14T10:55:29+07:00,,11815
2940,3273,PromptPay,success,2026-01-30T06:00:21+07:00,,18323
2941,3274,credit_card,success,2026-04-14T09:01:54+07:00,,20676
2942,3275,credit_card,success,2026-10-24T12:45:07+07:00,,6583
2943,3276,credit_card,failed,2026-08-19T18:29:54+07:00,user_cancelled,8449
2944,3277,PromptPay,success,2026-11-19T18:21:01+07:00,,20721
2945,3278,debit_card,success,2026-09-16T17:58:31+07:00,,3015
2946,3279,ShopeePay,failed,2026-08-24T17:17:54+07:00,otp_timeout,25000
2947,3280,PromptPay,success,2026-06-23T03:12:29+07:00,,17342
2948,3281,GrabPay,success,2026-07-13T12:17:35+07:00,,12943
2949,3282,PromptPay,success,2026-08-24T10:38:52+07:00,,22863
2950,3283,credit_card,success,2026-08-11T09:25:55+07:00,,9354
2951,3284,PromptPay,failed,2026-06-12T01:45:43+07:00,gateway_timeout,12703
2952,3285,credit_card,success,2026-09-19T07:26:29+07:00,,9275
2953,3286,debit_card,success,2026-09-25T19:18:10+07:00,,33166
2954,3287,debit_card,success,2026-05-17T18:29:19+07:00,,9300
2955,3288,PromptPay,success,2026-12-31T15:11:07+07:00,,9997
2956,3289,ShopeePay,success,2026-04-29T13:21:14+07:00,,15530
2957,3290,TrueMoney,success,2026-12-13T09:41:21+07:00,,16390
2958,3291,credit_card,success,2026-09-23T11:39:21+07:00,,6160
2959,3292,credit_card,success,2026-09-10T03:02:01+07:00,,18857
2960,3293,PromptPay,success,2026-06-14T13:45:40+07:00,,12399
2961,3294,debit_card,success,2026-09-03T22:50:51+07:00,,21477
2962,3295,credit_card,success,2026-11-18T18:14:29+07:00,,2911
2963,3296,credit_card,success,2026-11-26T21:50:33+07:00,,5767
2964,3298,ShopeePay,success,2026-11-27T16:10:17+07:00,,18997
2965,3300,PromptPay,success,2026-04-09T18:08:41+07:00,,9758
2966,3301,PromptPay,success,2026-08-12T10:06:14+07:00,,5023
2967,3302,ShopeePay,success,2026-09-26T17:59:28+07:00,,13905
2968,3303,credit_card,success,2026-07-18T18:05:11+07:00,,7614
2969,3304,credit_card,success,2026-12-10T23:31:03+07:00,,8720
2970,3305,debit_card,success,2026-11-15T19:11:11+07:00,,4476
2971,3306,PromptPay,success,2026-10-11T00:21:08+07:00,,23168
2972,3307,TrueMoney,success,2026-09-23T05:43:56+07:00,,10459
2973,3309,GrabPay,success,2026-11-28T09:20:04+07:00,,9202
2974,3310,bank_transfer,success,2026-09-05T21:18:20+07:00,,9660
2975,3311,TrueMoney,success,2026-09-10T08:36:09+07:00,,9833
2976,3312,credit_card,success,2026-10-03T00:07:37+07:00,,13878
2977,3313,credit_card,success,2026-03-18T17:26:48+07:00,,16818
2978,3315,credit_card,success,2026-10-27T01:22:24+07:00,,9444
2979,3316,PromptPay,success,2026-09-01T18:45:22+07:00,,3449
2980,3317,PromptPay,success,2026-04-02T16:39:20+07:00,,6335
2981,3319,credit_card,success,2026-10-13T11:56:43+07:00,,7059
2982,3320,credit_card,success,2026-09-16T00:55:44+07:00,,14458
2983,3322,PromptPay,success,2026-07-30T01:20:57+07:00,,21258
2984,3323,PromptPay,success,2026-09-17T19:43:34+07:00,,26169
2985,3324,credit_card,success,2026-12-24T00:11:52+07:00,,7086
2986,3326,credit_card,success,2026-04-20T22:25:43+07:00,,3561
2987,3327,debit_card,success,2026-05-19T15:17:09+07:00,,9093
2988,3328,PromptPay,success,2026-12-01T17:09:26+07:00,,10539
2989,3329,credit_card,success,2026-09-16T09:37:47+07:00,,10344
2990,3330,credit_card,success,2026-07-16T23:34:11+07:00,,19487
2991,3331,bank_transfer,success,2026-11-27T00:45:58+07:00,,5218
2992,3332,PromptPay,failed,2026-12-10T21:14:06+07:00,card_declined,9808
2993,3333,PromptPay,failed,2026-12-02T16:31:25+07:00,card_declined,12722
2994,3334,PromptPay,success,2026-09-09T21:54:46+07:00,,28744
2995,3335,debit_card,success,2026-11-18T13:04:46+07:00,,11550
2996,3337,PromptPay,success,2026-04-07T18:23:47+07:00,,2901
2997,3339,PromptPay,success,2026-09-26T09:13:16+07:00,,7924
2998,3340,GrabPay,success,2026-11-20T21:12:20+07:00,,23744
2999,3341,PromptPay,success,2026-12-07T13:09:55+07:00,,5831
3000,3342,debit_card,success,2026-07-01T07:35:27+07:00,,6382
3001,3343,PromptPay,success,2026-11-27T08:27:21+07:00,,48913
3002,3344,PromptPay,success,2026-11-12T09:09:14+07:00,,3864
3003,3345,bank_transfer,success,2026-07-21T12:35:52+07:00,,18633
3004,3346,TrueMoney,success,2026-08-15T11:58:36+07:00,,11707
3005,3347,credit_card,success,2026-11-17T15:10:14+07:00,,21445
3006,3348,PromptPay,success,2026-11-23T20:07:35+07:00,,21075
3007,3349,credit_card,failed,2026-04-23T21:29:43+07:00,otp_timeout,25007
3008,3350,PromptPay,success,2026-06-05T10:07:43+07:00,,30970
3009,3351,bank_transfer,success,2026-09-03T11:26:56+07:00,,17846
3010,3352,TrueMoney,success,2026-12-05T10:37:53+07:00,,20051
3011,3353,PromptPay,success,2026-11-14T14:06:32+07:00,,7142
3012,3355,PromptPay,success,2026-05-01T11:23:42+07:00,,15462
3013,3356,PromptPay,success,2026-12-20T13:56:03+07:00,,7158
3014,3357,GrabPay,success,2026-12-13T18:23:09+07:00,,10533
3015,3358,credit_card,success,2026-06-18T18:29:38+07:00,,6918
3016,3359,PromptPay,success,2026-05-25T00:31:09+07:00,,14106
3017,3360,credit_card,success,2026-06-18T16:57:12+07:00,,5255
3018,3361,ShopeePay,success,2026-06-01T10:19:18+07:00,,9947
3019,3362,credit_card,success,2026-09-22T03:25:49+07:00,,9872
3020,3364,TrueMoney,success,2026-10-18T15:53:55+07:00,,16035
3021,3365,PromptPay,success,2026-07-02T12:38:42+07:00,,12232
3022,3366,credit_card,success,2026-10-06T00:16:25+07:00,,18796
3023,3367,credit_card,success,2026-04-03T18:39:06+07:00,,7887
3024,3368,credit_card,success,2026-09-02T16:38:48+07:00,,3038
3025,3369,credit_card,success,2026-11-02T16:31:00+07:00,,14661
3026,3370,credit_card,success,2026-11-13T19:33:40+07:00,,6321
3027,3371,credit_card,success,2026-09-24T15:34:02+07:00,,16218
3028,3372,TrueMoney,success,2026-02-18T11:11:23+07:00,,26065
3029,3373,credit_card,success,2026-05-01T21:47:56+07:00,,17568
3030,3374,credit_card,success,2026-10-24T00:51:22+07:00,,9486
3031,3376,credit_card,success,2026-11-06T00:37:46+07:00,,30100
3032,3377,PromptPay,success,2026-07-01T12:24:47+07:00,,8874
3033,3378,TrueMoney,success,2026-11-12T18:37:36+07:00,,23103
3034,3379,PromptPay,success,2026-07-12T11:39:24+07:00,,10035
3035,3381,PromptPay,failed,2026-12-21T22:02:44+07:00,gateway_timeout,13789
3036,3382,GrabPay,failed,2026-09-30T01:35:52+07:00,user_cancelled,8292
3037,3384,credit_card,success,2026-08-15T12:35:46+07:00,,5149
3038,3385,credit_card,success,2026-12-02T18:05:30+07:00,,40840
3039,3386,TrueMoney,success,2026-08-16T19:54:12+07:00,,6087
3040,3387,credit_card,success,2026-12-23T23:49:15+07:00,,4060
3041,3388,debit_card,success,2026-10-06T18:42:08+07:00,,31637
3042,3389,PromptPay,success,2026-10-01T08:24:48+07:00,,10877
3043,3390,debit_card,success,2026-10-23T11:45:15+07:00,,8016
3044,3391,credit_card,success,2026-10-29T00:41:22+07:00,,22176
3045,3392,credit_card,success,2026-01-19T04:57:00+07:00,,6948
3046,3393,credit_card,success,2026-03-08T00:51:05+07:00,,5021
3047,3395,debit_card,success,2026-06-18T13:51:04+07:00,,10082
3048,3396,TrueMoney,success,2026-09-13T09:23:04+07:00,,24883
3049,3397,credit_card,success,2026-11-17T21:36:36+07:00,,9534
3050,3398,credit_card,success,2026-09-22T22:35:24+07:00,,28980
3051,3399,PromptPay,success,2026-10-19T11:55:12+07:00,,6632
3052,3400,PromptPay,success,2026-12-09T22:50:35+07:00,,14855
3053,3401,debit_card,success,2026-12-23T19:14:29+07:00,,12215
3054,3402,debit_card,success,2026-09-25T20:07:14+07:00,,8428
3055,3403,PromptPay,success,2026-11-03T01:51:56+07:00,,31818
3056,3404,bank_transfer,success,2026-09-02T17:16:03+07:00,,18114
3057,3405,PromptPay,success,2026-07-11T09:25:28+07:00,,7640
3058,3406,PromptPay,success,2026-08-26T10:38:30+07:00,,3208
3059,3407,credit_card,success,2026-08-20T14:15:19+07:00,,5246
3060,3408,debit_card,success,2026-08-06T22:21:59+07:00,,6675
3061,3409,credit_card,success,2026-08-05T19:53:12+07:00,,27436
3062,3410,PromptPay,success,2026-11-01T07:18:45+07:00,,16704
3063,3413,PromptPay,success,2026-12-18T21:42:57+07:00,,5942
3064,3414,GrabPay,success,2026-05-27T20:34:23+07:00,,40516
3065,3415,bank_transfer,success,2026-12-10T10:49:33+07:00,,28742
3066,3416,credit_card,success,2026-12-31T16:52:24+07:00,,25144
3067,3417,debit_card,success,2026-12-07T01:29:49+07:00,,10753
3068,3418,bank_transfer,success,2026-12-17T12:21:34+07:00,,6926
3069,3419,TrueMoney,success,2026-10-27T21:00:00+07:00,,6118
3070,3420,PromptPay,success,2026-12-07T01:09:59+07:00,,39478
3071,3421,debit_card,success,2026-12-12T11:45:33+07:00,,8935
3072,3422,credit_card,success,2026-11-16T21:06:39+07:00,,21400
3073,3424,ShopeePay,failed,2026-05-03T06:30:46+07:00,insufficient_funds,33818
3074,3425,PromptPay,success,2026-11-29T17:35:03+07:00,,34462
3075,3426,debit_card,success,2026-09-16T14:44:45+07:00,,21610
3076,3427,bank_transfer,success,2026-11-03T13:30:00+07:00,,2923
3077,3428,credit_card,success,2026-12-15T22:38:53+07:00,,8775
3078,3430,TrueMoney,success,2026-12-13T17:13:35+07:00,,23825
3079,3432,PromptPay,failed,2026-04-28T22:32:34+07:00,gateway_timeout,4280
3080,3434,TrueMoney,success,2026-12-20T19:08:45+07:00,,20936
3081,3435,PromptPay,success,2026-05-01T17:56:18+07:00,,10176
3082,3436,PromptPay,success,2026-06-09T14:27:10+07:00,,6199
3083,3437,PromptPay,success,2026-11-29T13:24:24+07:00,,9185
3084,3439,GrabPay,failed,2026-10-20T09:45:57+07:00,card_declined,10379
3085,3440,credit_card,success,2026-08-27T18:18:07+07:00,,10074
3086,3441,credit_card,success,2026-10-22T17:06:10+07:00,,10324
3087,3442,debit_card,success,2026-11-18T12:21:42+07:00,,16649
3088,3443,debit_card,success,2026-08-03T00:21:36+07:00,,24402
3089,3444,TrueMoney,success,2026-10-17T22:10:46+07:00,,5267
3090,3445,credit_card,success,2026-10-29T21:18:04+07:00,,26003
3091,3446,credit_card,success,2026-03-28T18:56:54+07:00,,5736
3092,3447,debit_card,success,2026-07-28T20:40:20+07:00,,13410
3093,3448,ShopeePay,failed,2026-09-07T21:31:44+07:00,insufficient_funds,10505
3094,3449,debit_card,success,2026-11-11T11:22:59+07:00,,3879
3095,3450,PromptPay,failed,2026-04-04T23:57:02+07:00,gateway_timeout,7403
3096,3451,PromptPay,success,2026-04-16T09:51:18+07:00,,14571
3097,3452,credit_card,success,2026-06-21T21:16:13+07:00,,11943
3098,3453,bank_transfer,failed,2026-12-01T01:05:33+07:00,insufficient_funds,3146
3099,3454,PromptPay,success,2026-05-13T18:56:09+07:00,,15861
3100,3455,credit_card,success,2026-04-17T14:53:06+07:00,,7151
3101,3456,credit_card,success,2026-04-22T20:06:14+07:00,,9255
3102,3457,ShopeePay,success,2026-12-22T18:22:14+07:00,,6031
3103,3458,PromptPay,success,2026-10-11T00:49:05+07:00,,7065
3104,3459,bank_transfer,success,2026-11-07T10:27:37+07:00,,5981
3105,3460,TrueMoney,success,2026-08-21T15:59:48+07:00,,49190
3106,3461,ShopeePay,success,2026-11-07T00:06:17+07:00,,14775
3107,3462,TrueMoney,success,2026-07-04T02:14:40+07:00,,7982
3108,3463,PromptPay,success,2026-10-01T20:51:09+07:00,,14333
3109,3464,PromptPay,success,2026-10-23T21:45:58+07:00,,30714
3110,3465,PromptPay,success,2026-12-04T23:36:18+07:00,,17335
3111,3466,debit_card,success,2026-09-18T11:18:27+07:00,,13581
3112,3467,debit_card,success,2026-12-22T13:10:38+07:00,,21998
3113,3468,PromptPay,success,2026-01-30T17:20:30+07:00,,10554
3114,3469,debit_card,success,2026-02-07T13:03:59+07:00,,18883
3115,3470,PromptPay,success,2026-11-22T18:17:48+07:00,,8358
3116,3471,credit_card,failed,2026-05-24T12:39:38+07:00,card_declined,30689
3117,3472,debit_card,success,2026-01-10T01:30:55+07:00,,4257
3118,3473,debit_card,success,2026-11-14T17:37:56+07:00,,13064
3119,3474,PromptPay,success,2026-12-18T23:06:24+07:00,,28469
3120,3476,PromptPay,success,2026-09-09T22:20:26+07:00,,27485
3121,3477,credit_card,success,2026-10-07T06:13:10+07:00,,15568
3122,3478,GrabPay,success,2026-11-08T12:55:56+07:00,,33881
3123,3479,PromptPay,success,2026-04-30T22:32:35+07:00,,19776
3124,3480,credit_card,success,2026-10-08T11:01:50+07:00,,3898
3125,3481,PromptPay,success,2026-09-01T13:06:45+07:00,,18333
3126,3482,credit_card,success,2026-05-25T00:09:53+07:00,,11704
3127,3484,PromptPay,success,2026-08-12T23:58:18+07:00,,10517
3128,3485,debit_card,success,2026-09-08T22:24:05+07:00,,8413
3129,3486,TrueMoney,success,2026-08-08T01:34:37+07:00,,8329
3130,3487,PromptPay,success,2026-09-20T18:08:41+07:00,,3194
3131,3488,PromptPay,success,2026-10-21T02:22:48+07:00,,4177
3132,3489,GrabPay,success,2026-11-10T17:55:49+07:00,,13789
3133,3490,TrueMoney,success,2026-07-29T11:40:40+07:00,,31999
3134,3491,credit_card,success,2026-09-17T18:48:40+07:00,,19391
3135,3492,PromptPay,success,2026-07-21T00:18:18+07:00,,10677
3136,3493,PromptPay,success,2026-10-03T14:57:01+07:00,,8511
3137,3494,PromptPay,success,2026-06-09T09:31:49+07:00,,41605
3138,3495,debit_card,failed,2026-06-06T13:52:30+07:00,insufficient_funds,7727
3139,3496,credit_card,success,2026-10-02T10:34:12+07:00,,20088
3140,3497,debit_card,success,2026-05-18T15:32:53+07:00,,24270
3141,3498,debit_card,success,2026-10-06T01:08:08+07:00,,9918
3142,3499,PromptPay,success,2026-07-05T18:57:57+07:00,,20668
3143,3500,PromptPay,success,2026-09-07T09:53:29+07:00,,14101
3144,3501,credit_card,success,2026-06-07T19:45:25+07:00,,10675
3145,3502,PromptPay,failed,2026-07-11T22:45:53+07:00,gateway_timeout,7388
3146,3503,PromptPay,success,2026-06-05T11:23:42+07:00,,12096
3147,3504,credit_card,success,2026-12-14T17:26:17+07:00,,5518
3148,3506,GrabPay,success,2026-08-21T14:29:23+07:00,,15197
3149,3507,credit_card,success,2026-04-18T08:42:23+07:00,,42403
3150,3508,PromptPay,success,2026-09-04T07:21:53+07:00,,10805
3151,3509,TrueMoney,success,2026-07-07T07:24:04+07:00,,11580
3152,3510,bank_transfer,success,2026-06-25T21:09:20+07:00,,6757
3153,3512,PromptPay,success,2026-10-19T14:14:29+07:00,,11631
3154,3513,ShopeePay,success,2026-04-21T23:53:13+07:00,,12815
3155,3514,credit_card,success,2026-12-22T08:03:25+07:00,,8225
3156,3515,credit_card,success,2026-04-27T23:03:17+07:00,,11983
3157,3516,PromptPay,success,2026-10-19T20:34:39+07:00,,2721
3158,3517,TrueMoney,success,2026-07-31T09:52:54+07:00,,18457
3159,3518,TrueMoney,success,2026-10-21T10:01:32+07:00,,4664
3160,3519,GrabPay,success,2026-11-05T00:36:51+07:00,,17526
3161,3520,PromptPay,success,2026-09-23T02:10:03+07:00,,5087
3162,3521,bank_transfer,success,2026-10-28T09:20:28+07:00,,32419
3163,3522,credit_card,success,2026-07-29T12:52:30+07:00,,46736
3164,3523,PromptPay,failed,2026-07-30T12:27:50+07:00,insufficient_funds,31908
3165,3524,credit_card,success,2026-09-16T18:03:13+07:00,,20109
3166,3525,credit_card,success,2026-11-16T15:41:42+07:00,,22424
3167,3526,PromptPay,success,2026-06-26T22:53:34+07:00,,7080
3168,3527,credit_card,success,2026-03-29T12:57:18+07:00,,9171
3169,3528,bank_transfer,success,2026-09-30T02:21:41+07:00,,16779
3170,3529,credit_card,success,2026-10-08T15:48:31+07:00,,34532
3171,3530,PromptPay,failed,2026-12-04T18:54:49+07:00,card_declined,29365
3172,3531,credit_card,success,2026-08-20T13:41:40+07:00,,7979
3173,3532,GrabPay,success,2026-07-04T01:27:23+07:00,,13324
3174,3533,credit_card,success,2026-10-23T13:14:35+07:00,,27077
3175,3534,TrueMoney,success,2026-11-23T09:58:22+07:00,,7295
3176,3536,ShopeePay,success,2026-10-12T16:23:56+07:00,,26466
3177,3537,TrueMoney,success,2026-11-30T09:36:41+07:00,,21680
3178,3538,PromptPay,success,2026-09-04T16:11:50+07:00,,15281
3179,3539,TrueMoney,success,2026-10-05T08:26:17+07:00,,36358
3180,3540,PromptPay,success,2026-12-31T22:15:25+07:00,,4042
3181,3541,debit_card,success,2026-09-16T08:39:16+07:00,,14339
3182,3542,PromptPay,success,2026-04-08T16:27:52+07:00,,10951
3183,3543,bank_transfer,success,2026-12-24T09:23:48+07:00,,3852
3184,3544,GrabPay,success,2026-08-16T00:06:19+07:00,,17944
3185,3546,ShopeePay,success,2026-08-08T13:38:18+07:00,,6774
3186,3547,PromptPay,success,2026-09-14T18:59:52+07:00,,3218
3187,3548,bank_transfer,success,2026-10-11T21:07:18+07:00,,4820
3188,3549,PromptPay,success,2026-05-15T22:07:37+07:00,,5515
3189,3550,PromptPay,success,2026-07-05T21:35:59+07:00,,12285
3190,3551,credit_card,success,2026-08-07T01:32:21+07:00,,21126
3191,3552,debit_card,success,2026-11-10T22:21:19+07:00,,18053
3192,3553,credit_card,success,2026-04-19T10:58:56+07:00,,7763
3193,3554,credit_card,success,2026-04-25T02:09:24+07:00,,16622
3194,3555,credit_card,success,2026-04-25T21:34:29+07:00,,21224
3195,3556,credit_card,success,2026-07-22T17:52:25+07:00,,21161
3196,3557,PromptPay,success,2026-09-21T08:09:19+07:00,,16724
3197,3558,ShopeePay,success,2026-07-24T12:03:23+07:00,,4543
3198,3559,PromptPay,success,2026-11-22T00:17:56+07:00,,7287
3199,3560,GrabPay,success,2026-07-24T18:59:09+07:00,,23481
3200,3562,PromptPay,success,2026-09-18T11:48:13+07:00,,4066
3201,3563,TrueMoney,success,2026-09-07T07:47:31+07:00,,5850
3202,3564,credit_card,success,2026-09-24T17:54:42+07:00,,18918
3203,3565,PromptPay,success,2026-11-01T02:17:22+07:00,,4419
3204,3566,ShopeePay,success,2026-04-11T16:24:03+07:00,,11771
3205,3567,credit_card,success,2026-07-20T00:52:24+07:00,,10674
3206,3569,credit_card,success,2026-08-09T21:49:43+07:00,,14200
3207,3570,credit_card,success,2026-06-26T02:22:33+07:00,,13679
3208,3571,PromptPay,success,2026-08-03T17:11:41+07:00,,17668
3209,3572,PromptPay,success,2026-08-24T01:08:22+07:00,,9561
3210,3573,debit_card,success,2026-09-14T16:47:13+07:00,,6943
3211,3574,credit_card,success,2026-10-06T08:25:24+07:00,,19656
3212,3575,GrabPay,success,2026-07-15T21:01:43+07:00,,18895
3213,3576,PromptPay,success,2026-07-23T17:29:45+07:00,,11688
3214,3577,ShopeePay,success,2026-08-12T23:14:26+07:00,,20430
3215,3578,debit_card,success,2026-08-15T20:45:44+07:00,,36343
3216,3579,credit_card,success,2026-03-04T11:49:38+07:00,,6015
3217,3580,ShopeePay,success,2026-05-04T23:28:20+07:00,,6228
3218,3581,PromptPay,success,2026-06-02T12:12:33+07:00,,11988
3219,3582,TrueMoney,success,2026-12-15T01:27:33+07:00,,8470
3220,3583,credit_card,success,2026-11-24T12:09:59+07:00,,5983
3221,3584,credit_card,success,2026-04-15T07:33:30+07:00,,9239
3222,3585,credit_card,success,2026-05-16T13:08:39+07:00,,30256
3223,3586,PromptPay,success,2026-09-24T20:56:38+07:00,,38606
3224,3587,PromptPay,success,2026-11-06T15:44:29+07:00,,3847
3225,3589,credit_card,success,2026-07-26T15:07:28+07:00,,6132
3226,3590,TrueMoney,success,2026-07-09T14:34:01+07:00,,7867
3227,3593,credit_card,success,2026-11-02T01:13:24+07:00,,7896
3228,3595,credit_card,success,2026-10-30T15:34:10+07:00,,5618
3229,3596,PromptPay,success,2026-07-13T19:38:01+07:00,,7944
3230,3597,bank_transfer,success,2026-11-20T18:48:49+07:00,,11655
3231,3598,PromptPay,success,2026-12-20T00:03:27+07:00,,8228
3232,3599,ShopeePay,success,2026-12-16T21:20:27+07:00,,19791
3233,3601,PromptPay,success,2026-10-19T08:10:32+07:00,,10017
3234,3602,credit_card,success,2026-10-12T18:59:06+07:00,,25070
3235,3603,bank_transfer,success,2026-12-02T15:58:10+07:00,,4716
3236,3604,credit_card,success,2026-07-13T13:23:22+07:00,,7028
3237,3605,credit_card,success,2026-11-27T02:06:43+07:00,,13234
3238,3606,TrueMoney,success,2026-03-24T00:22:50+07:00,,11825
3239,3607,PromptPay,success,2026-11-02T00:17:20+07:00,,24248
3240,3608,PromptPay,success,2026-05-21T11:58:18+07:00,,9617
3241,3609,credit_card,success,2026-08-21T10:40:59+07:00,,3277
3242,3610,credit_card,success,2026-10-28T20:20:01+07:00,,39913
3243,3611,PromptPay,success,2026-10-30T14:22:45+07:00,,20219
3244,3613,credit_card,failed,2026-03-22T02:45:10+07:00,otp_timeout,8380
3245,3614,TrueMoney,success,2026-11-26T12:47:40+07:00,,12221
3246,3615,credit_card,success,2026-08-15T02:28:46+07:00,,13508
3247,3616,PromptPay,success,2026-10-08T22:27:17+07:00,,34943
3248,3618,credit_card,success,2026-08-13T20:47:23+07:00,,7338
3249,3619,TrueMoney,success,2026-11-12T10:19:12+07:00,,37262
3250,3620,credit_card,success,2026-12-06T20:23:57+07:00,,11619
3251,3622,TrueMoney,success,2026-06-04T12:03:49+07:00,,4673
3252,3623,credit_card,success,2026-03-02T18:51:18+07:00,,8864
3253,3624,credit_card,success,2026-09-06T15:24:18+07:00,,18636
3254,3625,TrueMoney,success,2026-12-03T00:39:52+07:00,,22417
3255,3626,bank_transfer,success,2026-03-31T10:37:29+07:00,,5720
3256,3627,credit_card,success,2026-04-13T16:10:57+07:00,,5005
3257,3628,debit_card,success,2026-04-21T17:44:57+07:00,,14734
3258,3629,credit_card,success,2026-02-22T11:41:06+07:00,,11920
3259,3630,debit_card,success,2026-11-13T13:04:05+07:00,,21856
3260,3631,TrueMoney,success,2026-06-25T23:19:18+07:00,,9303
3261,3632,PromptPay,success,2026-11-05T20:54:39+07:00,,21810
3262,3634,ShopeePay,success,2026-06-14T11:21:27+07:00,,24405
3263,3635,PromptPay,success,2026-08-27T22:22:07+07:00,,5617
3264,3636,credit_card,success,2026-10-12T12:31:31+07:00,,12887
3265,3637,credit_card,success,2026-12-05T03:10:11+07:00,,7897
3266,3638,credit_card,success,2026-12-31T00:28:00+07:00,,12783
3267,3639,credit_card,success,2026-12-24T12:14:52+07:00,,10010
3268,3640,ShopeePay,success,2026-07-05T18:52:58+07:00,,15395
3269,3642,bank_transfer,success,2026-10-10T11:17:30+07:00,,4171
3270,3643,debit_card,success,2026-06-09T22:00:51+07:00,,3528
3271,3644,credit_card,success,2026-04-28T10:12:07+07:00,,8760
3272,3645,credit_card,success,2026-09-29T00:22:53+07:00,,24147
3273,3646,credit_card,success,2026-09-16T01:03:02+07:00,,9122
3274,3647,GrabPay,success,2026-09-29T18:17:45+07:00,,27656
3275,3648,bank_transfer,success,2026-05-10T06:19:10+07:00,,6098
3276,3649,debit_card,success,2026-11-13T15:09:29+07:00,,51213
3277,3650,TrueMoney,success,2026-12-24T17:47:37+07:00,,12523
3278,3652,bank_transfer,success,2026-12-07T23:36:35+07:00,,9412
3279,3655,credit_card,success,2026-10-14T13:38:24+07:00,,6035
3280,3656,credit_card,success,2026-09-18T12:41:43+07:00,,9458
3281,3657,credit_card,success,2026-10-20T04:43:07+07:00,,16164
3282,3658,TrueMoney,success,2026-10-22T00:19:45+07:00,,13483
3283,3660,TrueMoney,success,2026-03-24T13:34:31+07:00,,14137
3284,3661,TrueMoney,success,2026-05-31T08:35:24+07:00,,35809
3285,3662,bank_transfer,success,2026-11-08T00:09:19+07:00,,23158
3286,3663,PromptPay,success,2026-02-10T17:33:39+07:00,,6399
3287,3664,credit_card,success,2026-12-06T12:36:15+07:00,,12970
3288,3666,PromptPay,success,2026-12-19T22:24:22+07:00,,22229
3289,3667,TrueMoney,success,2026-10-23T21:49:59+07:00,,29329
3290,3668,GrabPay,success,2026-10-23T11:54:45+07:00,,19530
3291,3670,credit_card,success,2026-12-20T20:54:40+07:00,,4842
3292,3671,credit_card,success,2026-06-22T03:18:12+07:00,,9970
3293,3673,credit_card,success,2026-12-15T02:01:21+07:00,,11480
3294,3674,credit_card,success,2026-04-18T02:59:00+07:00,,25964
3295,3675,credit_card,success,2026-10-20T12:00:37+07:00,,29687
3296,3676,PromptPay,success,2026-07-11T21:23:25+07:00,,24965
3297,3677,ShopeePay,success,2026-09-02T20:37:16+07:00,,4511
3298,3678,TrueMoney,success,2026-11-21T22:27:09+07:00,,44008
3299,3679,TrueMoney,success,2026-12-04T13:16:43+07:00,,11680
3300,3680,debit_card,success,2026-10-07T12:36:57+07:00,,4326
3301,3681,PromptPay,success,2026-11-08T01:31:39+07:00,,5191
3302,3682,PromptPay,success,2026-08-29T22:06:00+07:00,,7409
3303,3683,credit_card,success,2026-09-16T19:29:23+07:00,,10835
3304,3684,credit_card,failed,2026-05-15T11:45:10+07:00,card_declined,8372
3305,3685,GrabPay,success,2026-07-26T13:33:41+07:00,,25511
3306,3686,PromptPay,success,2026-09-29T09:41:00+07:00,,6251
3307,3688,credit_card,success,2026-03-30T19:12:12+07:00,,23090
3308,3689,debit_card,success,2026-12-03T01:35:32+07:00,,12361
3309,3690,credit_card,success,2026-12-03T19:06:02+07:00,,7456
3310,3691,credit_card,success,2026-09-08T12:14:36+07:00,,15341
3311,3692,debit_card,success,2026-02-13T10:57:43+07:00,,12186
3312,3693,credit_card,success,2026-10-27T16:25:26+07:00,,6708
3313,3694,credit_card,success,2026-10-15T22:56:53+07:00,,11770
3314,3695,ShopeePay,success,2026-12-01T20:32:26+07:00,,12398
3315,3696,PromptPay,failed,2026-08-20T23:25:32+07:00,gateway_timeout,18820
3316,3697,credit_card,success,2026-12-14T01:34:18+07:00,,6574
3317,3698,GrabPay,success,2026-10-20T17:09:57+07:00,,4156
3318,3699,ShopeePay,success,2026-03-09T16:44:09+07:00,,44526
3319,3700,debit_card,success,2026-08-24T08:55:38+07:00,,4680
3320,3701,PromptPay,success,2026-11-11T20:37:28+07:00,,23377
3321,3702,debit_card,success,2026-11-25T23:32:17+07:00,,9364
3322,3703,TrueMoney,success,2026-06-03T13:03:47+07:00,,15360
3323,3704,PromptPay,success,2026-03-07T10:07:05+07:00,,5802
3324,3705,PromptPay,success,2026-04-09T17:04:17+07:00,,7368
3325,3706,PromptPay,failed,2026-09-27T18:21:33+07:00,card_declined,29867
3326,3707,credit_card,success,2026-11-01T23:43:18+07:00,,4216
3327,3708,debit_card,success,2026-11-27T10:59:43+07:00,,7855
3328,3709,credit_card,success,2026-10-13T06:35:07+07:00,,9118
3329,3710,PromptPay,success,2026-08-15T15:12:43+07:00,,7403
3330,3711,bank_transfer,success,2026-07-03T06:43:52+07:00,,17461
3331,3713,TrueMoney,success,2026-07-26T10:57:42+07:00,,8245
3332,3714,credit_card,success,2026-09-21T08:44:22+07:00,,15561
3333,3715,bank_transfer,success,2026-11-20T00:46:53+07:00,,4825
3334,3717,TrueMoney,success,2026-07-13T17:37:14+07:00,,9788
3335,3718,debit_card,success,2026-07-16T20:25:52+07:00,,15457
3336,3720,PromptPay,success,2026-04-11T17:31:37+07:00,,13206
3337,3721,PromptPay,success,2026-12-11T12:14:50+07:00,,14074
3338,3722,PromptPay,success,2026-09-28T08:18:38+07:00,,32403
3339,3723,credit_card,success,2026-09-07T16:58:34+07:00,,18514
3340,3724,credit_card,success,2026-08-29T18:40:36+07:00,,5657
3341,3725,GrabPay,success,2026-04-01T10:48:28+07:00,,29925
3342,3726,PromptPay,success,2026-03-22T10:47:04+07:00,,16751
3343,3728,credit_card,success,2026-06-21T19:26:24+07:00,,10365
3344,3731,debit_card,success,2026-05-26T01:42:00+07:00,,9587
3345,3732,PromptPay,success,2026-10-06T23:05:17+07:00,,25052
3346,3733,PromptPay,success,2026-08-18T14:58:59+07:00,,8419
3347,3734,credit_card,success,2026-10-09T08:49:56+07:00,,4255
3348,3735,TrueMoney,success,2026-10-02T20:14:30+07:00,,6784
3349,3736,credit_card,success,2026-06-19T23:33:19+07:00,,24869
3350,3737,debit_card,success,2026-12-08T15:13:59+07:00,,11892
3351,3738,TrueMoney,success,2026-11-22T01:22:48+07:00,,11597
3352,3739,PromptPay,failed,2026-12-31T00:00:59+07:00,gateway_timeout,8399
3353,3740,PromptPay,success,2026-08-03T08:13:32+07:00,,26743
3354,3744,PromptPay,success,2026-08-19T11:08:32+07:00,,36476
3355,3745,PromptPay,success,2026-12-05T14:08:03+07:00,,16077
3356,3746,GrabPay,success,2026-05-04T01:00:52+07:00,,12656
3357,3747,GrabPay,success,2026-04-03T18:05:54+07:00,,3956
3358,3748,credit_card,success,2026-09-20T22:00:58+07:00,,4001
3359,3749,credit_card,success,2026-08-05T12:57:39+07:00,,13160
3360,3750,credit_card,success,2026-05-15T16:34:02+07:00,,14410
3361,3751,GrabPay,success,2026-09-19T14:20:08+07:00,,6574
3362,3752,TrueMoney,success,2026-06-22T07:03:35+07:00,,4891
3363,3753,debit_card,success,2026-09-24T20:22:47+07:00,,20172
3364,3754,bank_transfer,success,2026-10-23T13:53:12+07:00,,7287
3365,3755,credit_card,success,2026-10-13T23:22:55+07:00,,19780
3366,3757,GrabPay,success,2026-07-22T09:59:42+07:00,,15810
3367,3758,PromptPay,success,2026-11-07T17:02:54+07:00,,8352
3368,3760,credit_card,success,2026-10-13T00:18:48+07:00,,18870
3369,3761,PromptPay,success,2026-12-14T16:29:38+07:00,,20789
3370,3762,PromptPay,success,2026-12-17T00:05:55+07:00,,8577
3371,3763,credit_card,success,2026-07-13T01:46:02+07:00,,7580
3372,3764,PromptPay,success,2026-04-05T12:08:23+07:00,,34161
3373,3765,debit_card,success,2026-05-20T18:10:35+07:00,,9349
3374,3766,ShopeePay,failed,2026-09-08T03:47:08+07:00,card_declined,15369
3375,3767,credit_card,success,2026-07-21T13:57:10+07:00,,9698
3376,3768,ShopeePay,success,2026-09-30T19:03:54+07:00,,15753
3377,3769,bank_transfer,failed,2026-08-27T01:46:31+07:00,bank_rejected,32358
3378,3770,TrueMoney,success,2026-09-22T03:04:12+07:00,,15326
3379,3771,credit_card,success,2026-08-05T13:12:05+07:00,,5090
3380,3772,PromptPay,success,2026-12-13T01:36:25+07:00,,26183
3381,3773,PromptPay,success,2026-11-29T12:50:17+07:00,,4444
3382,3774,TrueMoney,success,2026-08-19T13:55:51+07:00,,10655
3383,3775,PromptPay,success,2026-10-10T11:31:17+07:00,,10731
3384,3776,PromptPay,success,2026-04-27T23:16:45+07:00,,48135
3385,3777,TrueMoney,success,2026-04-26T01:08:52+07:00,,18795
3386,3778,debit_card,success,2026-09-22T11:35:55+07:00,,9317
3387,3779,debit_card,success,2026-09-02T16:55:29+07:00,,19207
3388,3780,credit_card,success,2026-12-07T20:17:28+07:00,,10068
3389,3781,PromptPay,success,2026-03-29T12:01:53+07:00,,4888
3390,3782,TrueMoney,success,2026-03-31T23:52:19+07:00,,10128
3391,3783,credit_card,success,2026-12-06T21:24:13+07:00,,55629
3392,3785,debit_card,success,2026-03-12T18:38:58+07:00,,15473
3393,3786,credit_card,success,2026-04-14T02:36:48+07:00,,7135
3394,3787,PromptPay,success,2026-08-12T14:48:28+07:00,,15809
3395,3788,TrueMoney,success,2026-10-23T08:52:44+07:00,,5064
3396,3789,PromptPay,success,2026-05-12T20:25:22+07:00,,15027
3397,3791,PromptPay,success,2026-11-01T21:27:34+07:00,,22384
3398,3793,credit_card,success,2026-09-24T14:03:43+07:00,,37659
3399,3794,PromptPay,success,2026-11-08T09:27:09+07:00,,8590
3400,3795,GrabPay,success,2026-07-23T18:58:01+07:00,,29905
3401,3796,PromptPay,success,2026-10-07T15:36:31+07:00,,8141
3402,3797,PromptPay,success,2026-10-23T18:54:07+07:00,,15354
3403,3799,PromptPay,success,2026-04-11T20:00:49+07:00,,4749
3404,3800,PromptPay,success,2026-04-24T09:57:46+07:00,,6792
3405,3801,GrabPay,success,2026-12-20T23:17:11+07:00,,8451
3406,3804,credit_card,success,2026-10-19T10:38:49+07:00,,5111
3407,3805,credit_card,success,2026-10-30T02:08:55+07:00,,5419
3408,3806,PromptPay,success,2026-03-25T09:54:29+07:00,,6002
3409,3807,GrabPay,success,2026-03-25T01:26:52+07:00,,14090
3410,3808,PromptPay,success,2026-02-26T20:56:13+07:00,,6254
3411,3809,GrabPay,success,2026-12-23T23:04:03+07:00,,3671
3412,3810,debit_card,success,2026-07-25T23:31:51+07:00,,12632
3413,3811,debit_card,success,2026-10-03T14:58:02+07:00,,9234
3414,3812,TrueMoney,success,2026-06-29T01:32:51+07:00,,6748
3415,3813,credit_card,success,2026-07-26T21:11:31+07:00,,7658
3416,3814,debit_card,success,2026-04-03T08:34:37+07:00,,6407
3417,3815,PromptPay,failed,2026-06-22T00:27:17+07:00,gateway_timeout,17686
3418,3817,PromptPay,success,2026-03-29T11:13:48+07:00,,8510
3419,3818,PromptPay,failed,2026-08-24T12:50:41+07:00,user_cancelled,5957
3420,3819,PromptPay,success,2026-12-28T19:18:19+07:00,,24594
3421,3820,TrueMoney,success,2026-08-18T06:41:48+07:00,,6280
3422,3821,credit_card,success,2026-09-17T20:31:35+07:00,,13078
3423,3822,credit_card,success,2026-06-02T15:17:59+07:00,,37623
3424,3823,credit_card,success,2026-08-06T16:54:26+07:00,,4358
3425,3824,credit_card,success,2026-09-11T17:39:42+07:00,,14649
3426,3825,credit_card,success,2026-10-06T20:37:51+07:00,,10548
3427,3826,PromptPay,success,2026-10-26T08:49:09+07:00,,4323
3428,3827,PromptPay,success,2026-02-26T22:27:03+07:00,,15146
3429,3828,PromptPay,success,2026-04-11T17:09:23+07:00,,16543
3430,3829,ShopeePay,success,2026-04-24T20:06:15+07:00,,17511
3431,3830,debit_card,success,2026-11-13T22:56:50+07:00,,13930
3432,3831,bank_transfer,success,2026-10-16T19:06:21+07:00,,13880
3433,3832,credit_card,success,2026-06-23T19:08:52+07:00,,11170
3434,3833,credit_card,success,2026-06-27T10:00:51+07:00,,3737
3435,3834,debit_card,success,2026-12-06T13:37:45+07:00,,7502
3436,3835,credit_card,success,2026-09-11T11:55:17+07:00,,11496
3437,3837,TrueMoney,success,2026-10-10T14:12:34+07:00,,17927
3438,3839,credit_card,success,2026-11-26T14:47:50+07:00,,24794
3439,3841,GrabPay,success,2026-08-17T21:12:52+07:00,,3187
3440,3842,PromptPay,success,2026-08-13T19:58:01+07:00,,7485
3441,3843,PromptPay,success,2026-10-04T22:17:41+07:00,,23710
3442,3844,PromptPay,failed,2026-08-26T22:15:47+07:00,gateway_timeout,14857
3443,3845,PromptPay,success,2026-07-09T21:48:06+07:00,,4625
3444,3846,credit_card,success,2026-03-17T11:57:54+07:00,,7346
3445,3847,debit_card,success,2026-04-16T17:42:50+07:00,,7454
3446,3848,ShopeePay,success,2026-08-14T09:20:25+07:00,,5826
3447,3850,GrabPay,success,2026-08-08T11:34:04+07:00,,10662
3448,3851,debit_card,success,2026-12-03T13:53:48+07:00,,15153
3449,3852,TrueMoney,success,2026-05-10T21:40:06+07:00,,12330
3450,3853,PromptPay,success,2026-11-05T04:27:27+07:00,,17256
3451,3854,PromptPay,success,2026-11-20T01:28:44+07:00,,7220
3452,3855,TrueMoney,success,2026-08-22T15:01:36+07:00,,12164
3453,3856,TrueMoney,success,2026-07-27T09:13:03+07:00,,2894
3454,3857,PromptPay,success,2026-07-01T01:04:56+07:00,,18873
3455,3858,PromptPay,failed,2026-09-27T00:32:15+07:00,gateway_timeout,4922
3456,3859,PromptPay,success,2026-12-07T13:55:26+07:00,,21296
3457,3860,ShopeePay,success,2026-06-23T00:28:29+07:00,,10672
3458,3861,PromptPay,success,2026-12-05T17:41:48+07:00,,41703
3459,3862,bank_transfer,success,2026-10-11T09:27:53+07:00,,29462
3460,3863,credit_card,success,2026-08-12T12:34:19+07:00,,18672
3461,3864,GrabPay,success,2026-11-26T20:28:40+07:00,,20177
3462,3865,credit_card,success,2026-08-30T18:34:27+07:00,,18132
3463,3866,credit_card,success,2026-07-29T23:02:46+07:00,,13582
3464,3867,PromptPay,success,2026-08-18T16:54:05+07:00,,31569
3465,3868,credit_card,success,2026-10-10T00:56:25+07:00,,9582
3466,3869,PromptPay,success,2026-12-19T19:49:17+07:00,,5971
3467,3871,PromptPay,success,2026-05-03T21:25:43+07:00,,9468
3468,3872,bank_transfer,success,2026-07-03T09:58:28+07:00,,60017
3469,3873,PromptPay,success,2026-10-14T09:07:57+07:00,,19615
3470,3875,bank_transfer,success,2026-03-02T02:01:42+07:00,,11778
3471,3876,debit_card,success,2026-09-01T19:08:19+07:00,,31335
3472,3877,ShopeePay,success,2026-06-28T22:38:05+07:00,,9254
3473,3878,PromptPay,success,2026-08-01T20:52:16+07:00,,4723
3474,3879,debit_card,success,2026-07-10T10:29:55+07:00,,11104
3475,3880,PromptPay,success,2026-08-25T09:33:29+07:00,,5181
3476,3881,debit_card,success,2026-10-14T12:16:13+07:00,,4158
3477,3882,debit_card,success,2026-09-27T16:07:46+07:00,,6306
3478,3883,credit_card,success,2026-11-17T10:54:58+07:00,,16461
3479,3884,credit_card,success,2026-12-06T12:23:40+07:00,,37514
3480,3885,debit_card,success,2026-10-13T22:22:41+07:00,,3755
3481,3886,debit_card,success,2026-05-07T13:57:50+07:00,,16365
3482,3887,credit_card,success,2026-12-11T13:53:33+07:00,,33040
3483,3889,PromptPay,success,2026-08-06T07:47:04+07:00,,14642
3484,3890,PromptPay,failed,2026-07-01T20:56:00+07:00,otp_timeout,3831
3485,3891,credit_card,success,2026-04-30T21:48:43+07:00,,13317
3486,3892,GrabPay,success,2026-10-22T09:12:00+07:00,,6188
3487,3893,PromptPay,success,2026-07-22T12:06:06+07:00,,25275
3488,3894,TrueMoney,success,2026-09-28T15:02:30+07:00,,10852
3489,3895,bank_transfer,failed,2026-12-28T15:30:02+07:00,user_cancelled,20435
3490,3896,GrabPay,success,2026-10-09T10:20:51+07:00,,11060
3491,3897,debit_card,success,2026-09-05T17:13:41+07:00,,6237
3492,3898,credit_card,success,2026-06-04T16:32:07+07:00,,45126
3493,3900,credit_card,success,2026-10-22T17:54:06+07:00,,24930
3494,3901,PromptPay,success,2026-09-21T00:11:42+07:00,,69060
3495,3902,GrabPay,success,2026-08-30T22:52:24+07:00,,13061
3496,3903,PromptPay,success,2026-09-21T17:22:36+07:00,,17960
3497,3904,debit_card,success,2026-07-30T19:55:27+07:00,,16415
3498,3905,ShopeePay,success,2026-10-16T13:24:30+07:00,,12675
3499,3906,debit_card,failed,2026-03-10T00:46:50+07:00,bank_rejected,10408
3500,3907,credit_card,success,2026-11-17T11:43:25+07:00,,30517
3501,3908,PromptPay,success,2026-09-11T02:20:26+07:00,,20360
3502,3909,PromptPay,success,2026-10-14T20:21:57+07:00,,9099
3503,3910,TrueMoney,success,2026-09-23T02:53:28+07:00,,6831
3504,3912,credit_card,success,2026-09-03T00:25:09+07:00,,14167
3505,3913,PromptPay,success,2026-11-21T01:09:05+07:00,,13048
3506,3914,PromptPay,success,2026-11-24T23:43:33+07:00,,15751
3507,3915,TrueMoney,success,2026-06-13T08:34:03+07:00,,12771
3508,3916,credit_card,success,2026-11-28T21:48:03+07:00,,7338
3509,3917,GrabPay,success,2026-10-21T17:56:56+07:00,,15972
3510,3918,debit_card,success,2026-09-24T22:22:13+07:00,,25045
3511,3919,TrueMoney,success,2026-07-14T21:01:56+07:00,,12820
3512,3920,PromptPay,success,2026-02-04T21:55:40+07:00,,9616
3513,3922,PromptPay,success,2026-02-14T17:13:40+07:00,,4213
3514,3924,credit_card,success,2026-08-27T16:30:48+07:00,,6217
3515,3925,TrueMoney,success,2026-11-25T15:44:51+07:00,,6804
3516,3926,credit_card,success,2026-03-09T11:11:12+07:00,,5273
3517,3927,debit_card,success,2026-06-29T22:06:43+07:00,,4399
3518,3928,bank_transfer,success,2026-11-18T23:30:51+07:00,,8425
3519,3929,credit_card,success,2026-04-09T11:51:31+07:00,,10481
3520,3930,credit_card,success,2026-10-25T17:47:42+07:00,,6776
3521,3931,ShopeePay,success,2026-07-13T09:39:48+07:00,,12346
3522,3932,TrueMoney,success,2026-06-24T15:08:31+07:00,,9626
3523,3933,PromptPay,success,2026-12-09T13:45:06+07:00,,9184
3524,3934,PromptPay,success,2026-09-16T23:47:08+07:00,,4169
3525,3936,PromptPay,success,2026-06-08T21:01:30+07:00,,39892
3526,3937,debit_card,success,2026-09-13T13:10:23+07:00,,14214
3527,3938,debit_card,success,2026-08-12T02:09:03+07:00,,6248
3528,3939,credit_card,success,2026-11-01T17:42:47+07:00,,18014
3529,3940,credit_card,success,2026-07-20T16:07:24+07:00,,14378
3530,3941,bank_transfer,success,2026-09-11T13:07:00+07:00,,6685
3531,3942,bank_transfer,success,2026-11-14T17:37:50+07:00,,11882
3532,3943,PromptPay,success,2026-10-26T17:21:46+07:00,,23793
3533,3944,GrabPay,success,2026-04-05T23:42:40+07:00,,33216
3534,3945,PromptPay,success,2026-12-11T22:13:02+07:00,,5630
3535,3946,credit_card,success,2026-12-14T22:21:59+07:00,,11921
3536,3947,credit_card,success,2026-12-04T19:25:27+07:00,,4506
3537,3948,credit_card,success,2026-10-06T13:55:23+07:00,,4169
3538,3949,PromptPay,success,2026-11-06T10:14:11+07:00,,11628
3539,3950,debit_card,success,2026-07-26T15:28:45+07:00,,9692
3540,3951,GrabPay,success,2026-02-15T14:54:39+07:00,,12644
3541,3952,PromptPay,success,2026-11-26T02:38:52+07:00,,21976
3542,3953,PromptPay,success,2026-08-02T21:09:00+07:00,,28118
3543,3954,TrueMoney,success,2026-10-16T17:32:41+07:00,,16765
3544,3955,PromptPay,failed,2026-09-11T23:23:17+07:00,gateway_timeout,19900
3545,3956,bank_transfer,success,2026-11-06T18:26:52+07:00,,21941
3546,3957,ShopeePay,success,2026-08-14T15:45:13+07:00,,11313
3547,3958,PromptPay,success,2026-04-30T11:47:22+07:00,,10240
3548,3959,ShopeePay,success,2026-02-15T15:35:12+07:00,,7220
3549,3960,credit_card,success,2026-05-13T20:19:32+07:00,,19088
3550,3961,credit_card,success,2026-06-18T22:42:08+07:00,,3933
3551,3962,TrueMoney,success,2026-10-03T18:04:17+07:00,,22452
3552,3963,PromptPay,success,2026-07-31T16:48:18+07:00,,14605
3553,3965,credit_card,success,2026-07-07T23:00:50+07:00,,9503
3554,3966,GrabPay,success,2026-09-13T10:52:19+07:00,,31655
3555,3967,TrueMoney,success,2026-12-06T14:43:31+07:00,,12864
3556,3968,bank_transfer,success,2026-10-20T20:00:40+07:00,,19516
3557,3969,PromptPay,success,2026-12-14T16:08:40+07:00,,6833
3558,3970,GrabPay,success,2026-02-05T16:34:59+07:00,,14493
3559,3971,PromptPay,success,2026-03-04T20:32:38+07:00,,8404
3560,3972,debit_card,success,2026-12-25T08:58:46+07:00,,18520
3561,3973,PromptPay,success,2026-07-07T19:43:44+07:00,,15625
3562,3974,TrueMoney,success,2026-12-17T00:19:40+07:00,,11157
3563,3975,debit_card,failed,2026-11-22T22:47:13+07:00,bank_rejected,13935
3564,3976,credit_card,success,2026-10-18T10:05:13+07:00,,10621
3565,3977,credit_card,success,2026-11-07T12:44:18+07:00,,4510
3566,3980,ShopeePay,success,2026-07-12T23:12:30+07:00,,33459
3567,3981,PromptPay,success,2026-05-26T15:31:46+07:00,,19426
3568,3982,debit_card,success,2026-06-27T22:32:56+07:00,,18397
3569,3983,PromptPay,failed,2026-08-30T08:38:14+07:00,user_cancelled,11383
3570,3984,PromptPay,failed,2026-05-08T17:46:35+07:00,user_cancelled,17080
3571,3985,credit_card,success,2026-04-25T19:37:26+07:00,,4816
3572,3986,PromptPay,success,2026-12-20T02:10:26+07:00,,17962
3573,3987,PromptPay,success,2026-03-29T23:28:29+07:00,,9198
3574,3988,PromptPay,success,2026-11-02T19:42:42+07:00,,17796
3575,3989,credit_card,success,2026-09-21T11:15:47+07:00,,6858
3576,3990,credit_card,success,2026-09-24T18:23:24+07:00,,5994
3577,3991,credit_card,success,2026-09-22T15:04:10+07:00,,67864
3578,3992,credit_card,success,2026-11-19T22:44:28+07:00,,18095
3579,3993,PromptPay,success,2026-11-23T10:02:19+07:00,,9313
3580,3995,debit_card,success,2026-09-28T20:04:41+07:00,,14997
3581,3996,PromptPay,success,2026-07-25T21:59:27+07:00,,9872
3582,3997,credit_card,success,2026-08-03T14:12:45+07:00,,24994
3583,3998,credit_card,success,2026-08-17T00:48:34+07:00,,9656
3584,3999,PromptPay,success,2026-07-07T20:46:53+07:00,,14316
3585,4000,bank_transfer,success,2026-02-11T15:24:48+07:00,,20319
3586,4001,TrueMoney,success,2026-06-14T10:59:56+07:00,,12894
3587,4002,PromptPay,success,2026-09-18T12:33:54+07:00,,19090
3588,4003,PromptPay,success,2026-09-28T09:50:21+07:00,,5841
3589,4004,ShopeePay,failed,2026-07-17T12:53:47+07:00,bank_rejected,31933
3590,4006,PromptPay,success,2026-12-01T17:12:45+07:00,,30463
3591,4007,PromptPay,success,2026-08-03T08:59:28+07:00,,17905
3592,4008,credit_card,success,2026-10-25T15:16:40+07:00,,4650
3593,4009,debit_card,success,2026-06-03T09:32:37+07:00,,12622
3594,4010,credit_card,success,2026-09-27T16:33:42+07:00,,11121
3595,4011,credit_card,success,2026-09-29T19:16:14+07:00,,3450
3596,4012,PromptPay,success,2026-11-26T15:02:00+07:00,,16218
3597,4013,credit_card,success,2026-09-23T06:01:39+07:00,,12373
3598,4014,bank_transfer,success,2026-08-04T19:32:22+07:00,,4831
3599,4015,debit_card,success,2026-08-17T15:19:30+07:00,,27834
3600,4016,credit_card,failed,2026-11-11T21:26:37+07:00,user_cancelled,13042
3601,4017,GrabPay,success,2026-03-20T13:59:04+07:00,,25530
3602,4018,credit_card,success,2026-10-04T15:11:42+07:00,,7062
3603,4019,credit_card,failed,2026-08-11T21:06:24+07:00,card_declined,26486
3604,4020,GrabPay,success,2026-05-06T13:38:31+07:00,,20318
3605,4022,debit_card,success,2026-11-03T11:44:14+07:00,,18537
3606,4023,debit_card,success,2026-08-23T00:51:06+07:00,,2884
3607,4024,ShopeePay,success,2026-08-16T20:56:31+07:00,,34878
3608,4025,credit_card,success,2026-02-26T14:38:15+07:00,,11898
3609,4026,credit_card,success,2026-04-01T17:00:12+07:00,,17373
3610,4027,credit_card,success,2026-10-06T16:46:55+07:00,,18448
3611,4028,debit_card,success,2026-08-10T21:26:27+07:00,,21871
3612,4029,credit_card,success,2026-12-02T21:31:34+07:00,,11432
3613,4030,PromptPay,failed,2026-12-11T00:07:09+07:00,gateway_timeout,17238
3614,4032,TrueMoney,success,2026-08-28T00:25:06+07:00,,7295
3615,4033,credit_card,success,2026-05-05T11:25:58+07:00,,12936
3616,4035,PromptPay,success,2026-12-05T00:08:41+07:00,,20593
3617,4036,bank_transfer,success,2026-12-11T13:24:33+07:00,,29003
3618,4037,credit_card,success,2026-12-14T19:36:07+07:00,,19825
3619,4038,credit_card,success,2026-11-18T02:26:48+07:00,,9771
3620,4039,credit_card,success,2026-08-13T14:21:43+07:00,,9952
3621,4040,ShopeePay,success,2026-06-10T14:41:06+07:00,,11464
3622,4042,credit_card,success,2026-07-21T00:07:18+07:00,,15105
3623,4044,PromptPay,success,2026-10-29T23:40:51+07:00,,7601
3624,4045,credit_card,success,2026-09-20T10:55:15+07:00,,11222
3625,4046,PromptPay,success,2026-10-09T17:29:19+07:00,,15777
3626,4048,credit_card,success,2026-10-08T19:13:51+07:00,,9380
3627,4049,PromptPay,success,2026-10-23T21:42:21+07:00,,5668
3628,4050,PromptPay,success,2026-09-09T14:59:21+07:00,,26947
3629,4052,debit_card,success,2026-09-24T17:37:14+07:00,,9478
3630,4053,credit_card,success,2026-08-05T09:10:16+07:00,,8223
3631,4054,PromptPay,success,2026-10-09T19:45:09+07:00,,20896
3632,4055,credit_card,success,2026-01-12T10:27:52+07:00,,5687
3633,4056,PromptPay,success,2026-09-13T01:25:21+07:00,,8850
3634,4057,TrueMoney,success,2026-11-17T21:19:08+07:00,,18249
3635,4059,credit_card,success,2026-07-29T17:38:47+07:00,,22351
3636,4060,GrabPay,success,2026-05-08T18:23:26+07:00,,16779
3637,4061,debit_card,failed,2026-11-27T09:58:26+07:00,card_declined,21864
3638,4062,PromptPay,success,2026-10-08T10:43:35+07:00,,2723
3639,4063,PromptPay,success,2026-05-10T10:13:20+07:00,,15472
3640,4064,credit_card,failed,2026-03-10T10:54:58+07:00,card_declined,9151
3641,4065,TrueMoney,success,2026-07-26T10:34:19+07:00,,11007
3642,4066,PromptPay,failed,2026-10-31T17:50:46+07:00,card_declined,17430
3643,4067,TrueMoney,success,2026-09-21T20:51:16+07:00,,23425
3644,4068,PromptPay,success,2026-12-15T20:13:29+07:00,,12087
3645,4069,PromptPay,success,2026-12-12T18:43:53+07:00,,20057
3646,4070,PromptPay,failed,2026-10-11T17:35:56+07:00,otp_timeout,5565
3647,4071,credit_card,success,2026-04-19T01:11:04+07:00,,8617
3648,4072,PromptPay,success,2026-07-09T23:42:05+07:00,,24982
3649,4073,PromptPay,success,2026-04-20T15:51:54+07:00,,17549
3650,4074,PromptPay,success,2026-10-03T14:41:55+07:00,,7514
3651,4075,PromptPay,success,2026-06-18T02:45:19+07:00,,30582
3652,4076,ShopeePay,success,2026-02-12T15:52:55+07:00,,10331
3653,4077,TrueMoney,success,2026-12-05T16:44:23+07:00,,15768
3654,4079,GrabPay,success,2026-06-06T19:18:58+07:00,,7860
3655,4080,credit_card,success,2026-10-05T09:30:06+07:00,,6876
3656,4081,credit_card,success,2026-10-19T01:55:57+07:00,,8019
3657,4082,credit_card,success,2026-10-01T15:13:59+07:00,,9258
3658,4083,credit_card,success,2026-12-02T06:55:03+07:00,,23331
3659,4085,credit_card,success,2026-05-11T21:37:20+07:00,,14561
3660,4087,PromptPay,success,2026-09-08T21:37:09+07:00,,9669
3661,4088,PromptPay,success,2026-10-17T20:44:17+07:00,,4021
3662,4090,bank_transfer,success,2026-06-01T10:18:32+07:00,,34501
3663,4091,ShopeePay,success,2026-11-01T20:36:08+07:00,,25995
3664,4092,PromptPay,success,2026-09-14T21:22:32+07:00,,4908
3665,4093,PromptPay,success,2026-10-07T22:39:07+07:00,,13721
3666,4094,ShopeePay,failed,2026-08-28T01:11:10+07:00,card_declined,11328
3667,4095,ShopeePay,success,2026-06-26T02:55:51+07:00,,3591
3668,4096,credit_card,success,2026-09-03T00:33:17+07:00,,10507
3669,4097,credit_card,success,2026-09-29T14:21:27+07:00,,14229
3670,4098,PromptPay,success,2026-09-23T21:33:49+07:00,,17847
3671,4099,PromptPay,success,2026-08-26T09:37:55+07:00,,3290
3672,4100,PromptPay,success,2026-03-10T23:45:48+07:00,,30264
3673,4101,credit_card,success,2026-12-19T01:09:11+07:00,,7102
3674,4102,credit_card,success,2026-06-20T22:20:26+07:00,,3688
3675,4103,TrueMoney,success,2026-07-22T01:47:41+07:00,,9134
3676,4105,credit_card,failed,2026-08-13T14:13:23+07:00,card_declined,8517
3677,4106,PromptPay,success,2026-04-07T12:31:50+07:00,,20217
3678,4108,credit_card,success,2026-06-25T16:17:30+07:00,,4884
3679,4109,PromptPay,success,2026-05-05T21:31:08+07:00,,6659
3680,4110,credit_card,success,2026-08-10T00:31:48+07:00,,5133
3681,4112,PromptPay,success,2026-07-18T10:38:52+07:00,,14369
3682,4113,TrueMoney,success,2026-07-19T12:15:18+07:00,,7509
3683,4114,credit_card,success,2026-07-21T14:09:27+07:00,,16137
3684,4115,TrueMoney,success,2026-10-03T12:43:15+07:00,,10054
3685,4116,PromptPay,failed,2026-09-24T13:05:57+07:00,otp_timeout,9427
3686,4117,GrabPay,success,2026-09-27T14:46:40+07:00,,7055
3687,4118,PromptPay,success,2026-11-07T01:24:18+07:00,,21134
3688,4119,PromptPay,success,2026-09-24T23:53:51+07:00,,20656
3689,4120,TrueMoney,success,2026-11-13T21:53:35+07:00,,38266
3690,4121,PromptPay,success,2026-08-31T17:47:55+07:00,,35458
3691,4122,TrueMoney,success,2026-10-03T09:07:35+07:00,,24413
3692,4123,PromptPay,success,2026-09-01T19:51:59+07:00,,2973
3693,4127,bank_transfer,success,2026-09-11T10:01:45+07:00,,15580
3694,4128,debit_card,success,2026-04-03T01:16:58+07:00,,4608
3695,4129,bank_transfer,success,2026-11-25T12:05:55+07:00,,15098
3696,4130,credit_card,success,2026-08-08T01:27:54+07:00,,30760
3697,4131,credit_card,success,2026-08-23T21:04:31+07:00,,2845
3698,4132,PromptPay,success,2026-11-04T23:47:36+07:00,,13062
3699,4133,GrabPay,success,2026-10-12T16:52:13+07:00,,11033
3700,4134,debit_card,success,2026-03-24T20:29:29+07:00,,40001
3701,4135,PromptPay,success,2026-06-03T18:28:25+07:00,,9201
3702,4136,TrueMoney,success,2026-07-26T02:16:47+07:00,,8059
3703,4137,credit_card,success,2026-08-01T07:45:35+07:00,,3409
3704,4138,PromptPay,success,2026-07-04T11:34:15+07:00,,32354
3705,4139,bank_transfer,success,2026-02-17T16:28:23+07:00,,16458
3706,4140,ShopeePay,success,2026-10-10T12:57:06+07:00,,23543
3707,4141,bank_transfer,success,2026-10-19T17:23:40+07:00,,7160
3708,4142,ShopeePay,success,2026-09-28T00:35:14+07:00,,4423
3709,4143,PromptPay,success,2026-11-29T13:16:00+07:00,,5171
3710,4144,PromptPay,success,2026-10-11T04:12:50+07:00,,7087
3711,4145,PromptPay,success,2026-09-24T21:56:48+07:00,,16888
3712,4146,debit_card,success,2026-12-14T12:31:50+07:00,,6107
3713,4147,debit_card,success,2026-07-10T18:53:19+07:00,,3010
3714,4148,GrabPay,success,2026-10-03T18:26:56+07:00,,13234
3715,4150,TrueMoney,success,2026-05-03T23:12:18+07:00,,8270
3716,4151,PromptPay,success,2026-11-16T17:02:47+07:00,,8972
3717,4152,credit_card,success,2026-12-21T14:40:06+07:00,,3810
3718,4153,TrueMoney,success,2026-09-17T17:25:23+07:00,,5478
3719,4154,credit_card,success,2026-07-13T11:06:26+07:00,,14643
3720,4155,PromptPay,success,2026-09-10T02:06:11+07:00,,14511
3721,4156,PromptPay,success,2026-09-11T13:16:20+07:00,,18813
3722,4157,ShopeePay,success,2026-10-19T08:41:30+07:00,,8351
3723,4159,credit_card,success,2026-09-11T23:13:12+07:00,,6987
3724,4160,bank_transfer,success,2026-07-10T00:31:48+07:00,,11338
3725,4161,PromptPay,failed,2026-08-06T01:59:34+07:00,gateway_timeout,23618
3726,4162,TrueMoney,success,2026-06-04T18:50:59+07:00,,10889
3727,4163,ShopeePay,success,2026-07-30T08:03:30+07:00,,8741
3728,4164,PromptPay,success,2026-09-02T01:27:25+07:00,,7412
3729,4165,PromptPay,success,2026-12-02T13:51:57+07:00,,12071
3730,4166,credit_card,success,2026-12-21T11:33:58+07:00,,14907
3731,4167,ShopeePay,success,2026-10-20T02:04:48+07:00,,47668
3732,4168,TrueMoney,success,2026-12-12T20:02:35+07:00,,4285
3733,4170,PromptPay,success,2026-12-25T21:08:55+07:00,,5966
3734,4172,PromptPay,success,2026-08-05T23:14:28+07:00,,12828
3735,4174,PromptPay,success,2026-10-08T11:38:42+07:00,,11197
3736,4175,credit_card,success,2026-10-11T21:52:32+07:00,,6656
3737,4178,PromptPay,success,2026-11-16T18:59:54+07:00,,11180
3738,4181,PromptPay,success,2026-11-04T23:26:56+07:00,,9723
3739,4183,GrabPay,success,2026-12-03T11:40:41+07:00,,10447
3740,4184,PromptPay,success,2026-10-04T23:18:34+07:00,,1885
3741,4185,bank_transfer,success,2026-09-12T21:11:29+07:00,,9337
3742,4186,credit_card,success,2026-09-30T16:14:16+07:00,,3828
3743,4187,credit_card,success,2026-06-24T00:42:13+07:00,,12266
3744,4188,PromptPay,success,2026-02-27T12:08:18+07:00,,22114
3745,4189,PromptPay,success,2026-11-06T06:48:03+07:00,,13083
3746,4190,credit_card,success,2026-12-03T16:23:46+07:00,,36129
3747,4191,bank_transfer,success,2026-10-27T15:12:39+07:00,,13874
3748,4192,TrueMoney,success,2026-11-01T19:14:08+07:00,,13289
3749,4193,debit_card,success,2026-11-23T10:46:17+07:00,,8030
3750,4194,PromptPay,success,2026-02-26T09:42:41+07:00,,11782
3751,4195,PromptPay,success,2026-10-21T18:16:41+07:00,,6911
3752,4196,GrabPay,success,2026-06-29T12:24:25+07:00,,7100
3753,4197,PromptPay,success,2026-04-25T12:11:09+07:00,,15772
3754,4198,PromptPay,success,2026-07-08T01:41:48+07:00,,5934
3755,4199,credit_card,success,2026-05-15T10:48:54+07:00,,6899
3756,4200,debit_card,success,2026-08-13T18:50:17+07:00,,8004
3757,4201,credit_card,success,2026-03-18T07:43:02+07:00,,20653
3758,4202,bank_transfer,success,2026-07-21T23:20:06+07:00,,12439
3759,4203,PromptPay,success,2026-12-01T20:51:26+07:00,,8583
3760,4204,PromptPay,failed,2026-07-21T17:19:06+07:00,card_declined,14483
3761,4205,GrabPay,success,2026-10-17T02:15:53+07:00,,10820
3762,4206,debit_card,failed,2026-11-20T15:30:58+07:00,user_cancelled,8567
3763,4207,TrueMoney,success,2026-08-02T21:43:31+07:00,,3564
3764,4208,bank_transfer,success,2026-12-21T15:43:07+07:00,,14471
3765,4211,PromptPay,success,2026-08-26T12:37:02+07:00,,10633
3766,4212,PromptPay,success,2026-11-01T08:03:52+07:00,,23062
3767,4213,debit_card,success,2026-12-31T17:12:44+07:00,,23321
3768,4214,TrueMoney,success,2026-11-09T19:35:01+07:00,,12461
3769,4215,GrabPay,success,2026-03-24T15:13:08+07:00,,13455
3770,4216,TrueMoney,success,2026-12-11T00:33:50+07:00,,26145
3771,4217,bank_transfer,success,2026-03-29T19:33:16+07:00,,12916
3772,4218,debit_card,success,2026-04-01T00:41:36+07:00,,25100
3773,4219,credit_card,success,2026-10-23T17:04:55+07:00,,20041
3774,4220,credit_card,success,2026-12-16T10:41:43+07:00,,14190
3775,4221,TrueMoney,success,2026-09-06T07:22:11+07:00,,7020
3776,4222,GrabPay,success,2026-03-12T11:58:53+07:00,,7942
3777,4223,PromptPay,success,2026-02-27T17:09:36+07:00,,9218
3778,4224,PromptPay,success,2026-04-09T02:35:15+07:00,,14712
3779,4226,PromptPay,success,2026-06-16T17:01:34+07:00,,10716
3780,4227,PromptPay,failed,2026-11-04T00:19:26+07:00,gateway_timeout,13718
3781,4228,debit_card,success,2026-04-21T13:09:37+07:00,,12396
3782,4229,TrueMoney,success,2026-07-28T14:17:33+07:00,,12604
3783,4230,debit_card,failed,2026-09-25T22:18:31+07:00,card_declined,41944
3784,4231,PromptPay,failed,2026-10-16T21:38:59+07:00,card_declined,28615
3785,4232,PromptPay,success,2026-05-16T10:08:14+07:00,,14743
3786,4233,ShopeePay,failed,2026-10-20T22:09:53+07:00,card_declined,26924
3787,4234,credit_card,failed,2026-11-12T23:22:36+07:00,insufficient_funds,15090
3788,4235,ShopeePay,success,2026-05-09T20:42:16+07:00,,6400
3789,4237,PromptPay,success,2026-06-30T12:27:54+07:00,,3508
3790,4238,bank_transfer,success,2026-07-06T15:44:59+07:00,,16670
3791,4239,TrueMoney,success,2026-12-21T18:37:59+07:00,,4466
3792,4240,credit_card,success,2026-08-03T13:09:03+07:00,,24385
3793,4241,TrueMoney,success,2026-11-26T09:56:09+07:00,,23669
3794,4242,PromptPay,success,2026-10-23T22:51:01+07:00,,14896
3795,4243,debit_card,success,2026-10-12T20:04:02+07:00,,9918
3796,4244,debit_card,success,2026-07-11T21:32:40+07:00,,6118
3797,4245,bank_transfer,success,2026-05-17T01:18:47+07:00,,4963
3798,4246,PromptPay,success,2026-06-13T09:47:40+07:00,,11783
3799,4247,credit_card,success,2026-06-15T07:47:21+07:00,,8573
3800,4249,debit_card,success,2026-12-28T13:39:41+07:00,,17350
3801,4250,PromptPay,success,2026-09-26T13:37:26+07:00,,44177
3802,4251,ShopeePay,success,2026-11-25T22:42:59+07:00,,20127
3803,4252,GrabPay,success,2026-09-17T20:47:38+07:00,,5531
3804,4253,credit_card,failed,2026-01-25T12:51:11+07:00,card_declined,32917
3805,4254,TrueMoney,success,2026-05-12T12:10:24+07:00,,5210
3806,4255,TrueMoney,success,2026-08-02T02:24:22+07:00,,16601
3807,4256,PromptPay,failed,2026-11-01T23:19:02+07:00,gateway_timeout,16908
3808,4257,TrueMoney,success,2026-12-05T13:17:53+07:00,,3752
3809,4258,PromptPay,success,2026-11-14T22:39:58+07:00,,22020
3810,4259,credit_card,success,2026-11-17T17:59:30+07:00,,18818
3811,4261,PromptPay,success,2026-02-14T02:35:28+07:00,,13316
3812,4262,TrueMoney,success,2026-02-23T18:14:06+07:00,,21606
3813,4263,PromptPay,success,2026-06-09T16:59:24+07:00,,15571
3814,4264,PromptPay,success,2026-06-14T03:20:48+07:00,,10199
3815,4265,credit_card,success,2026-11-23T14:08:32+07:00,,4329
3816,4266,credit_card,success,2026-09-29T09:54:26+07:00,,4789
3817,4267,ShopeePay,success,2026-11-01T15:04:02+07:00,,17775
3818,4268,PromptPay,success,2026-11-09T19:58:33+07:00,,32485
3819,4269,PromptPay,success,2026-09-14T18:35:50+07:00,,11205
3820,4270,PromptPay,success,2026-10-16T14:02:54+07:00,,31217
3821,4271,GrabPay,success,2026-12-04T12:17:39+07:00,,11922
3822,4272,PromptPay,success,2026-12-18T07:19:46+07:00,,9727
3823,4273,credit_card,success,2026-12-17T08:34:24+07:00,,16740
3824,4274,debit_card,failed,2026-05-26T19:55:27+07:00,card_declined,7135
3825,4276,debit_card,success,2026-10-28T18:26:13+07:00,,22204
3826,4277,PromptPay,success,2026-12-15T21:31:59+07:00,,19999
3827,4278,credit_card,success,2026-11-06T02:01:15+07:00,,8560
3828,4279,debit_card,success,2026-10-02T13:45:28+07:00,,11551
3829,4280,credit_card,success,2026-11-22T01:13:14+07:00,,9471
3830,4281,credit_card,success,2026-12-31T01:53:41+07:00,,8621
3831,4282,PromptPay,success,2026-08-15T10:29:19+07:00,,27994
3832,4283,PromptPay,success,2026-03-27T02:09:04+07:00,,17703
3833,4284,PromptPay,success,2026-05-16T15:41:25+07:00,,4220
3834,4285,TrueMoney,success,2026-06-12T19:29:09+07:00,,6895
3835,4286,credit_card,success,2026-09-12T00:37:18+07:00,,11230
3836,4287,PromptPay,success,2026-10-16T02:16:39+07:00,,17255
3837,4288,debit_card,success,2026-07-27T01:52:18+07:00,,16402
3838,4289,credit_card,success,2026-09-16T02:02:27+07:00,,10099
3839,4293,GrabPay,success,2026-10-26T23:47:50+07:00,,9228
3840,4294,PromptPay,success,2026-10-09T21:23:42+07:00,,31263
3841,4295,PromptPay,success,2026-08-29T20:13:36+07:00,,4770
3842,4296,ShopeePay,success,2026-10-30T02:24:36+07:00,,13554
3843,4297,debit_card,success,2026-12-01T19:29:26+07:00,,13840
3844,4298,ShopeePay,success,2026-02-13T22:49:06+07:00,,8594
3845,4299,TrueMoney,success,2026-10-04T12:39:42+07:00,,2370
3846,4300,bank_transfer,success,2026-11-28T23:06:25+07:00,,7353
3847,4301,TrueMoney,success,2026-07-29T22:31:42+07:00,,24964
3848,4302,PromptPay,success,2026-12-24T08:25:58+07:00,,9809
3849,4303,PromptPay,success,2026-09-05T18:23:17+07:00,,33015
3850,4305,credit_card,success,2026-09-03T15:06:02+07:00,,10602
3851,4306,credit_card,success,2026-10-27T20:05:51+07:00,,4904
3852,4307,credit_card,success,2026-07-28T19:33:32+07:00,,54124
3853,4308,credit_card,success,2026-11-09T20:54:04+07:00,,7233
3854,4309,PromptPay,success,2026-03-31T18:24:23+07:00,,17190
3855,4310,credit_card,success,2026-11-05T21:44:05+07:00,,10494
3856,4311,debit_card,success,2026-06-17T16:15:33+07:00,,36072
3857,4312,TrueMoney,success,2026-09-29T01:24:35+07:00,,39481
3858,4313,debit_card,success,2026-11-22T11:45:49+07:00,,25965
3859,4314,PromptPay,failed,2026-12-26T22:49:38+07:00,gateway_timeout,17555
3860,4315,bank_transfer,success,2026-12-14T09:33:30+07:00,,3854
3861,4316,bank_transfer,success,2026-09-26T21:45:28+07:00,,20902
3862,4317,debit_card,success,2026-10-26T06:44:28+07:00,,6827
3863,4318,bank_transfer,success,2026-08-03T08:35:08+07:00,,15516
3864,4319,PromptPay,success,2026-09-10T14:52:11+07:00,,27146
3865,4321,credit_card,success,2026-05-18T01:53:49+07:00,,17983
3866,4322,PromptPay,success,2026-06-14T10:46:09+07:00,,8207
3867,4324,PromptPay,success,2026-09-03T21:07:21+07:00,,11092
3868,4326,PromptPay,success,2026-09-14T21:58:22+07:00,,9184
3869,4327,credit_card,success,2026-08-29T19:53:09+07:00,,6756
3870,4328,PromptPay,success,2026-02-21T00:32:29+07:00,,25263
3871,4329,TrueMoney,success,2026-01-14T01:39:46+07:00,,24050
3872,4330,PromptPay,success,2026-12-01T14:32:11+07:00,,4738
3873,4331,TrueMoney,success,2026-10-03T10:04:53+07:00,,4743
3874,4332,debit_card,success,2026-10-03T16:15:32+07:00,,17231
3875,4333,bank_transfer,success,2026-09-28T13:59:23+07:00,,8971
3876,4334,ShopeePay,success,2026-12-10T20:49:49+07:00,,11084
3877,4336,PromptPay,success,2026-11-03T00:07:02+07:00,,3606
3878,4337,PromptPay,success,2026-03-10T09:50:17+07:00,,13636
3879,4339,credit_card,success,2026-10-29T18:08:15+07:00,,20421
3880,4340,PromptPay,success,2026-12-23T20:24:55+07:00,,9325
3881,4341,credit_card,success,2026-12-14T18:42:52+07:00,,7730
3882,4342,credit_card,success,2026-11-18T04:57:28+07:00,,9922
3883,4343,bank_transfer,success,2026-03-24T22:45:02+07:00,,4615
3884,4344,PromptPay,success,2026-03-26T18:41:02+07:00,,15204
3885,4345,PromptPay,success,2026-03-26T21:24:18+07:00,,6644
3886,4346,PromptPay,success,2026-03-30T21:31:44+07:00,,25491
3887,4348,debit_card,success,2026-06-18T19:30:53+07:00,,24513
3888,4351,PromptPay,success,2026-10-24T12:20:45+07:00,,5985
3889,4352,GrabPay,success,2026-10-11T23:48:06+07:00,,4256
3890,4353,PromptPay,success,2026-12-16T18:16:47+07:00,,10377
3891,4354,bank_transfer,success,2026-10-10T00:32:07+07:00,,5892
3892,4355,PromptPay,success,2026-09-26T20:44:29+07:00,,16725
3893,4357,PromptPay,success,2026-10-10T01:10:18+07:00,,21102
3894,4358,PromptPay,success,2026-06-01T01:02:44+07:00,,13547
3895,4359,credit_card,success,2026-12-16T11:31:51+07:00,,14128
3896,4360,credit_card,success,2026-10-23T21:09:32+07:00,,5321
3897,4362,credit_card,success,2026-12-22T01:28:53+07:00,,19809
3898,4363,PromptPay,success,2026-03-18T18:25:35+07:00,,12038
3899,4364,PromptPay,success,2026-11-09T12:10:52+07:00,,6590
3900,4365,credit_card,success,2026-06-27T02:26:50+07:00,,10567
3901,4366,TrueMoney,success,2026-08-21T22:00:12+07:00,,3208
3902,4367,PromptPay,success,2026-10-26T22:29:55+07:00,,16631
3903,4368,credit_card,success,2026-07-10T20:01:58+07:00,,3134
3904,4369,debit_card,success,2026-08-10T18:40:58+07:00,,11943
3905,4370,PromptPay,success,2026-11-09T21:23:45+07:00,,22571
3906,4371,TrueMoney,success,2026-06-02T09:41:46+07:00,,6965
3907,4372,TrueMoney,failed,2026-10-13T00:26:20+07:00,user_cancelled,5300
3908,4373,PromptPay,success,2026-11-21T12:12:43+07:00,,27583
3909,4374,credit_card,success,2026-07-22T22:54:50+07:00,,17022
3910,4375,TrueMoney,success,2026-09-14T18:41:42+07:00,,4610
3911,4376,PromptPay,success,2026-09-18T15:30:42+07:00,,13080
3912,4377,debit_card,success,2026-10-15T11:05:33+07:00,,13533
3913,4378,PromptPay,failed,2026-12-09T22:22:51+07:00,gateway_timeout,15810
3914,4379,PromptPay,success,2026-12-09T09:59:43+07:00,,8044
3915,4380,credit_card,success,2026-09-21T18:29:37+07:00,,21072
3916,4381,credit_card,success,2026-10-23T19:38:42+07:00,,8551
3917,4382,bank_transfer,failed,2026-06-29T05:50:40+07:00,insufficient_funds,11557
3918,4383,PromptPay,success,2026-07-27T17:35:27+07:00,,15548
3919,4384,TrueMoney,success,2026-09-02T20:35:16+07:00,,26706
3920,4385,bank_transfer,success,2026-09-17T03:59:41+07:00,,20167
3921,4387,debit_card,success,2026-11-21T12:29:13+07:00,,66152
3922,4388,PromptPay,success,2026-10-10T08:11:05+07:00,,28659
3923,4389,bank_transfer,success,2026-11-05T22:11:39+07:00,,15245
3924,4390,PromptPay,success,2026-11-07T00:00:13+07:00,,6072
3925,4391,PromptPay,success,2026-11-27T09:54:00+07:00,,34769
3926,4392,debit_card,success,2026-03-19T11:01:24+07:00,,11335
3927,4393,TrueMoney,success,2026-09-10T23:46:01+07:00,,8398
3928,4394,PromptPay,success,2026-12-14T10:24:35+07:00,,3136
3929,4395,TrueMoney,success,2026-08-10T16:59:38+07:00,,27796
3930,4396,credit_card,success,2026-06-02T21:05:48+07:00,,7603
3931,4397,credit_card,success,2026-12-02T19:34:15+07:00,,12488
3932,4398,bank_transfer,success,2026-04-15T23:23:35+07:00,,28792
3933,4399,bank_transfer,success,2026-10-22T00:07:04+07:00,,8135
3934,4400,credit_card,success,2026-12-08T09:44:34+07:00,,10307
3935,4401,TrueMoney,success,2026-03-08T19:59:11+07:00,,18796
3936,4402,bank_transfer,success,2026-10-30T16:25:19+07:00,,4871
3937,4403,PromptPay,success,2026-10-21T02:30:05+07:00,,18680
3938,4404,credit_card,success,2026-10-22T20:31:42+07:00,,36818
3939,4405,TrueMoney,success,2026-10-28T16:39:05+07:00,,17282
3940,4406,PromptPay,success,2026-09-28T22:41:23+07:00,,18434
3941,4407,PromptPay,failed,2026-09-24T23:01:34+07:00,insufficient_funds,15023
3942,4409,debit_card,success,2026-02-22T18:36:07+07:00,,25202
3943,4411,credit_card,success,2026-12-11T19:13:16+07:00,,18199
3944,4412,PromptPay,success,2026-11-14T01:00:06+07:00,,11757
3945,4413,PromptPay,success,2026-10-28T18:31:02+07:00,,9850
3946,4414,ShopeePay,success,2026-10-07T23:43:59+07:00,,18876
3947,4417,bank_transfer,success,2026-10-06T16:40:45+07:00,,8333
3948,4418,PromptPay,success,2026-09-13T00:08:48+07:00,,10273
3949,4419,bank_transfer,success,2026-08-14T19:07:22+07:00,,14242
3950,4420,debit_card,success,2026-12-19T01:54:44+07:00,,43503
3951,4421,credit_card,success,2026-12-20T13:43:19+07:00,,7658
3952,4422,debit_card,success,2026-03-28T18:35:38+07:00,,29008
3953,4423,GrabPay,success,2026-02-25T22:49:40+07:00,,12537
3954,4424,credit_card,success,2026-11-11T22:03:16+07:00,,12302
3955,4425,credit_card,success,2026-11-07T16:35:44+07:00,,6934
3956,4426,PromptPay,success,2026-06-05T00:27:13+07:00,,20925
3957,4427,PromptPay,success,2026-06-05T17:59:33+07:00,,12377
3958,4428,bank_transfer,success,2026-02-25T17:18:59+07:00,,18381
3959,4429,credit_card,success,2026-10-18T12:40:14+07:00,,6711
3960,4430,GrabPay,success,2026-11-06T11:52:57+07:00,,13833
3961,4431,credit_card,success,2026-09-22T20:29:52+07:00,,5817
3962,4432,credit_card,success,2026-07-21T18:35:02+07:00,,23542
3963,4433,PromptPay,success,2026-03-18T16:41:37+07:00,,14232
3964,4434,credit_card,success,2026-10-18T02:43:33+07:00,,34325
3965,4435,credit_card,success,2026-09-21T00:01:36+07:00,,32878
3966,4436,TrueMoney,success,2026-04-04T15:40:57+07:00,,20689
3967,4437,PromptPay,success,2026-07-12T12:22:51+07:00,,26719
3968,4438,credit_card,success,2026-12-15T15:43:34+07:00,,7255
3969,4439,PromptPay,success,2026-12-08T07:59:48+07:00,,37951
3970,4441,ShopeePay,success,2026-08-22T11:08:44+07:00,,17186
3971,4443,credit_card,success,2026-06-21T11:36:01+07:00,,3468
3972,4444,bank_transfer,success,2026-09-18T07:45:50+07:00,,3726
3973,4446,PromptPay,success,2026-07-11T08:47:10+07:00,,16995
3974,4447,bank_transfer,success,2026-11-18T02:26:09+07:00,,9588
3975,4448,debit_card,success,2026-10-21T01:12:23+07:00,,13508
3976,4449,credit_card,success,2026-10-22T20:48:22+07:00,,7612
3977,4450,TrueMoney,success,2026-12-02T18:20:34+07:00,,22567
3978,4451,debit_card,failed,2026-08-15T09:42:59+07:00,bank_rejected,18882
3979,4454,GrabPay,success,2026-12-21T13:10:34+07:00,,17949
3980,4455,PromptPay,success,2026-07-21T16:32:35+07:00,,17100
3981,4456,credit_card,success,2026-07-25T14:50:30+07:00,,6260
3982,4457,TrueMoney,success,2026-03-04T21:58:38+07:00,,16561
3983,4458,credit_card,success,2026-08-23T16:26:14+07:00,,40150
3984,4459,PromptPay,success,2026-05-18T15:36:32+07:00,,17844
3985,4460,debit_card,success,2026-06-26T19:41:32+07:00,,9425
3986,4461,TrueMoney,success,2026-10-18T00:31:57+07:00,,3934
3987,4462,PromptPay,failed,2026-12-12T23:45:05+07:00,gateway_timeout,9102
3988,4463,PromptPay,success,2026-06-05T19:20:01+07:00,,14949
3989,4464,PromptPay,success,2026-07-30T09:52:31+07:00,,8923
3990,4465,credit_card,success,2026-05-02T18:09:42+07:00,,5601
3991,4466,PromptPay,success,2026-05-21T17:04:30+07:00,,33081
3992,4467,GrabPay,success,2026-05-18T02:33:43+07:00,,3903
3993,4471,ShopeePay,success,2026-10-05T22:08:25+07:00,,17567
3994,4472,PromptPay,success,2026-10-21T20:32:54+07:00,,22363
3995,4473,TrueMoney,success,2026-03-28T01:12:47+07:00,,5605
3996,4474,PromptPay,success,2026-11-24T17:57:51+07:00,,17626
3997,4475,debit_card,success,2026-09-22T12:24:13+07:00,,4761
3998,4476,bank_transfer,success,2026-12-27T23:33:54+07:00,,8750
3999,4477,credit_card,success,2026-12-30T11:17:21+07:00,,2718
4000,4478,ShopeePay,success,2026-06-06T00:04:39+07:00,,11517
4001,4480,debit_card,success,2026-06-19T00:50:03+07:00,,4975
4002,4481,PromptPay,success,2026-04-21T12:50:57+07:00,,14398
4003,4482,PromptPay,success,2026-05-29T17:18:54+07:00,,11060
4004,4483,credit_card,success,2026-10-18T21:04:29+07:00,,16826
4005,4484,GrabPay,success,2026-07-04T02:04:00+07:00,,4966
4006,4485,PromptPay,success,2026-07-31T18:10:22+07:00,,5891
4007,4486,credit_card,success,2026-06-26T23:36:23+07:00,,7512
4008,4487,credit_card,success,2026-08-14T15:54:32+07:00,,4760
4009,4488,bank_transfer,success,2026-06-26T06:24:16+07:00,,34753
4010,4489,PromptPay,success,2026-10-22T20:01:53+07:00,,3997
4011,4490,debit_card,success,2026-09-07T12:36:11+07:00,,19342
4012,4491,bank_transfer,success,2026-02-27T16:41:02+07:00,,5908
4013,4492,bank_transfer,success,2026-09-19T18:08:59+07:00,,7086
4014,4493,debit_card,success,2026-08-25T11:14:31+07:00,,10689
4015,4494,TrueMoney,success,2026-07-27T01:35:06+07:00,,4045
4016,4495,GrabPay,success,2026-04-06T21:32:22+07:00,,19905
4017,4496,debit_card,success,2026-05-05T10:56:29+07:00,,8833
4018,4497,credit_card,success,2026-09-10T20:43:08+07:00,,4206
4019,4498,PromptPay,success,2026-07-14T23:46:47+07:00,,11643
4020,4499,ShopeePay,success,2026-12-27T23:48:35+07:00,,6102
4021,4500,PromptPay,success,2026-09-07T08:15:49+07:00,,6441
4022,4501,GrabPay,success,2026-10-10T13:18:25+07:00,,16726
4023,4502,PromptPay,success,2026-03-10T07:42:24+07:00,,17109
4024,4503,PromptPay,success,2026-10-22T09:56:16+07:00,,4724
4025,4504,PromptPay,success,2026-06-13T21:23:22+07:00,,10674
4026,4505,PromptPay,success,2026-09-27T22:47:07+07:00,,13145
4027,4507,PromptPay,success,2026-12-12T14:30:42+07:00,,18843
4028,4508,debit_card,success,2026-11-18T18:06:51+07:00,,8170
4029,4509,credit_card,success,2026-10-25T18:24:40+07:00,,7509
4030,4511,credit_card,success,2026-08-24T11:19:26+07:00,,14557
4031,4512,debit_card,success,2026-10-17T14:53:57+07:00,,17000
4032,4513,TrueMoney,success,2026-04-26T11:31:43+07:00,,11461
4033,4514,debit_card,success,2026-05-18T20:57:50+07:00,,6369
4034,4515,credit_card,success,2026-12-24T19:57:51+07:00,,12811
4035,4516,debit_card,success,2026-09-10T09:30:42+07:00,,11079
4036,4517,PromptPay,success,2026-08-04T14:18:30+07:00,,14582
4037,4518,PromptPay,success,2026-05-18T23:03:12+07:00,,13926
4038,4519,credit_card,success,2026-10-09T18:14:52+07:00,,9286
4039,4520,debit_card,success,2026-07-20T21:35:05+07:00,,29147
4040,4521,GrabPay,success,2026-07-17T12:59:51+07:00,,13061
4041,4522,PromptPay,success,2026-08-12T09:16:14+07:00,,8811
4042,4524,credit_card,success,2026-12-14T19:37:53+07:00,,5197
4043,4525,PromptPay,success,2026-01-29T12:00:48+07:00,,10717
4044,4526,credit_card,success,2026-11-14T03:34:14+07:00,,16791
4045,4527,credit_card,success,2026-06-13T01:30:31+07:00,,4429
4046,4528,credit_card,success,2026-06-30T18:25:58+07:00,,17435
4047,4529,debit_card,success,2026-05-08T12:04:20+07:00,,24835
4048,4530,PromptPay,success,2026-08-10T14:17:20+07:00,,11738
4049,4531,TrueMoney,success,2026-06-06T08:28:25+07:00,,6775
4050,4532,PromptPay,success,2026-02-12T10:02:26+07:00,,20173
4051,4533,PromptPay,success,2026-10-05T23:39:03+07:00,,7688
4052,4535,PromptPay,success,2026-11-01T12:05:41+07:00,,26700
4053,4536,GrabPay,success,2026-11-15T22:02:00+07:00,,7708
4054,4537,PromptPay,success,2026-11-11T11:28:48+07:00,,18528
4055,4538,TrueMoney,success,2026-11-30T07:57:30+07:00,,5089
4056,4539,credit_card,success,2026-11-28T22:42:58+07:00,,20610
4057,4540,credit_card,success,2026-03-18T18:13:12+07:00,,14683
4058,4541,credit_card,success,2026-04-24T07:00:46+07:00,,2770
4059,4543,PromptPay,success,2026-05-21T13:38:23+07:00,,25837
4060,4544,debit_card,success,2026-08-13T19:02:41+07:00,,12038
4061,4545,GrabPay,success,2026-04-12T17:42:28+07:00,,10791
4062,4546,PromptPay,success,2026-09-19T00:33:03+07:00,,7106
4063,4547,PromptPay,success,2026-12-29T13:24:54+07:00,,13184
4064,4548,PromptPay,success,2026-05-17T21:32:39+07:00,,18804
4065,4549,credit_card,success,2026-06-11T22:23:32+07:00,,14622
4066,4550,GrabPay,success,2026-07-25T14:46:51+07:00,,16182
4067,4551,credit_card,failed,2026-07-17T14:35:52+07:00,card_declined,33186
4068,4552,PromptPay,success,2026-03-11T09:00:13+07:00,,16326
4069,4553,PromptPay,success,2026-04-28T00:03:57+07:00,,15254
4070,4555,bank_transfer,success,2026-04-30T15:48:33+07:00,,3645
4071,4556,PromptPay,success,2026-12-25T23:13:07+07:00,,8163
4072,4558,credit_card,failed,2026-05-18T01:23:59+07:00,card_declined,7893
4073,4559,PromptPay,success,2026-07-31T00:49:46+07:00,,14252
4074,4560,credit_card,success,2026-08-09T18:23:53+07:00,,43453
4075,4561,PromptPay,success,2026-05-09T02:02:28+07:00,,5998
4076,4562,debit_card,success,2026-06-10T20:48:35+07:00,,3745
4077,4563,PromptPay,success,2026-06-16T13:30:00+07:00,,5646
4078,4564,credit_card,success,2026-08-10T11:33:36+07:00,,11932
4079,4565,TrueMoney,success,2026-06-05T12:52:51+07:00,,13307
4080,4566,PromptPay,success,2026-10-12T11:46:20+07:00,,4758
4081,4567,PromptPay,success,2026-04-05T19:45:25+07:00,,4972
4082,4568,debit_card,success,2026-04-24T22:24:49+07:00,,5939
4083,4569,debit_card,success,2026-11-30T12:59:59+07:00,,6821
4084,4570,PromptPay,success,2026-08-19T08:41:21+07:00,,31007
4085,4571,credit_card,success,2026-11-17T00:45:11+07:00,,18638
4086,4572,PromptPay,success,2026-06-30T00:19:30+07:00,,19398
4087,4573,debit_card,success,2026-12-23T20:11:03+07:00,,23119
4088,4574,PromptPay,success,2026-10-20T13:06:56+07:00,,26049
4089,4575,PromptPay,success,2026-07-11T10:20:24+07:00,,18652
4090,4576,PromptPay,success,2026-06-08T13:58:45+07:00,,11169
4091,4577,bank_transfer,success,2026-06-25T07:28:44+07:00,,12960
4092,4579,TrueMoney,success,2026-09-06T23:46:49+07:00,,11789
4093,4580,PromptPay,success,2026-07-27T22:57:36+07:00,,6828
4094,4581,PromptPay,success,2026-11-14T23:07:37+07:00,,23552
4095,4582,debit_card,success,2026-08-13T13:59:23+07:00,,16920
4096,4583,credit_card,success,2026-07-10T15:18:15+07:00,,42512
4097,4584,credit_card,success,2026-07-21T23:23:22+07:00,,9032
4098,4585,PromptPay,success,2026-10-28T00:55:55+07:00,,2846
4099,4586,PromptPay,success,2026-12-19T19:40:04+07:00,,14280
4100,4587,PromptPay,success,2026-11-09T01:22:27+07:00,,10601
4101,4588,credit_card,success,2026-06-26T10:13:38+07:00,,8959
4102,4589,credit_card,success,2026-11-06T19:09:13+07:00,,11411
4103,4590,debit_card,success,2026-08-23T01:08:55+07:00,,2628
4104,4591,credit_card,success,2026-09-08T11:36:43+07:00,,18250
4105,4592,PromptPay,success,2026-10-10T09:59:00+07:00,,23803
4106,4593,credit_card,success,2026-10-27T12:52:57+07:00,,8227
4107,4594,TrueMoney,success,2026-10-20T00:30:35+07:00,,18555
4108,4596,credit_card,success,2026-07-24T19:23:13+07:00,,23719
4109,4597,TrueMoney,success,2026-08-20T19:53:21+07:00,,18622
4110,4598,TrueMoney,success,2026-09-02T21:22:26+07:00,,12341
4111,4599,TrueMoney,success,2026-11-09T19:48:48+07:00,,11181
4112,4600,TrueMoney,success,2026-02-11T12:35:23+07:00,,22294
4113,4601,credit_card,success,2026-03-14T01:07:49+07:00,,10384
4114,4602,PromptPay,success,2026-02-12T17:58:01+07:00,,16834
4115,4603,PromptPay,success,2026-09-04T23:12:45+07:00,,18301
4116,4604,debit_card,success,2026-08-13T18:25:04+07:00,,7015
4117,4605,PromptPay,success,2026-11-26T12:26:07+07:00,,18934
4118,4606,PromptPay,success,2026-02-12T22:00:30+07:00,,7339
4119,4607,credit_card,success,2026-03-15T11:55:17+07:00,,27672
4120,4608,PromptPay,success,2026-07-06T13:35:59+07:00,,21929
4121,4609,TrueMoney,success,2026-03-25T10:53:07+07:00,,9665
4122,4610,PromptPay,failed,2026-05-01T23:44:50+07:00,gateway_timeout,11021
4123,4612,credit_card,success,2026-07-04T16:45:30+07:00,,7337
4124,4613,debit_card,success,2026-11-21T08:16:45+07:00,,6723
4125,4614,GrabPay,success,2026-10-06T23:23:23+07:00,,18936
4126,4615,PromptPay,success,2026-10-07T21:13:03+07:00,,11488
4127,4617,debit_card,success,2026-05-17T13:23:29+07:00,,4513
4128,4618,PromptPay,success,2026-10-19T15:10:32+07:00,,12966
4129,4619,bank_transfer,success,2026-05-25T19:09:46+07:00,,14337
4130,4622,debit_card,success,2026-10-27T13:05:36+07:00,,42791
4131,4623,PromptPay,success,2026-11-25T21:45:27+07:00,,7001
4132,4626,credit_card,success,2026-07-02T15:47:13+07:00,,49025
4133,4627,debit_card,success,2026-08-07T15:54:14+07:00,,17597
4134,4628,credit_card,success,2026-11-11T15:25:45+07:00,,29502
4135,4629,GrabPay,success,2026-09-17T17:10:46+07:00,,20603
4136,4630,debit_card,success,2026-11-08T00:30:51+07:00,,13614
4137,4631,credit_card,success,2026-11-30T04:20:06+07:00,,12464
4138,4632,credit_card,success,2026-11-21T23:37:19+07:00,,5251
4139,4633,GrabPay,success,2026-12-12T06:42:45+07:00,,3827
4140,4634,credit_card,success,2026-12-22T17:43:55+07:00,,18986
4141,4636,debit_card,success,2026-11-24T17:30:11+07:00,,37685
4142,4637,debit_card,success,2026-12-22T15:04:08+07:00,,6468
4143,4638,ShopeePay,success,2026-07-12T16:28:15+07:00,,4252
4144,4639,ShopeePay,success,2026-09-02T20:03:22+07:00,,12018
4145,4641,PromptPay,success,2026-06-12T12:44:42+07:00,,11542
4146,4642,debit_card,success,2026-07-27T17:36:17+07:00,,9700
4147,4643,credit_card,success,2026-04-03T17:45:07+07:00,,17004
4148,4644,PromptPay,success,2026-04-04T09:16:52+07:00,,60907
4149,4645,credit_card,success,2026-09-05T09:37:22+07:00,,20045
4150,4646,credit_card,success,2026-11-15T09:58:19+07:00,,14157
4151,4648,PromptPay,success,2026-11-15T15:35:55+07:00,,7341
4152,4649,PromptPay,success,2026-09-16T18:24:32+07:00,,9443
4153,4650,ShopeePay,success,2026-07-26T09:54:59+07:00,,12436
4154,4651,PromptPay,success,2026-10-04T19:22:52+07:00,,8614
4155,4652,credit_card,success,2026-10-15T14:10:15+07:00,,5975
4156,4653,ShopeePay,success,2026-09-23T05:48:08+07:00,,11344
4157,4654,credit_card,success,2026-08-02T22:17:30+07:00,,16767
4158,4655,PromptPay,success,2026-06-07T12:39:59+07:00,,37915
4159,4656,debit_card,success,2026-08-09T17:40:28+07:00,,11021
4160,4657,ShopeePay,success,2026-06-24T23:56:56+07:00,,13545
4161,4658,debit_card,success,2026-09-22T18:57:11+07:00,,3968
4162,4659,debit_card,success,2026-12-22T02:15:09+07:00,,20334
4163,4660,PromptPay,success,2026-12-03T23:55:53+07:00,,7699
4164,4661,credit_card,success,2026-12-12T23:03:38+07:00,,5341
4165,4662,TrueMoney,success,2026-08-23T14:48:01+07:00,,17615
4166,4664,credit_card,success,2026-03-17T04:32:10+07:00,,7160
4167,4665,debit_card,success,2026-07-27T20:14:22+07:00,,37350
4168,4666,PromptPay,success,2026-09-21T16:57:56+07:00,,9276
4169,4667,GrabPay,success,2026-07-07T11:25:16+07:00,,6208
4170,4669,PromptPay,failed,2026-09-30T23:09:56+07:00,gateway_timeout,13353
4171,4670,debit_card,success,2026-04-20T13:28:17+07:00,,5213
4172,4671,credit_card,success,2026-05-09T22:32:39+07:00,,20110
4173,4672,TrueMoney,success,2026-11-02T21:42:17+07:00,,5980
4174,4673,credit_card,success,2026-12-02T17:05:09+07:00,,30617
4175,4674,credit_card,success,2026-10-01T14:22:41+07:00,,9060
4176,4675,ShopeePay,success,2026-03-04T23:18:19+07:00,,7748
4177,4676,credit_card,success,2026-06-24T08:45:14+07:00,,8909
4178,4677,PromptPay,success,2026-07-08T14:38:07+07:00,,17383
4179,4678,PromptPay,success,2026-08-05T03:46:14+07:00,,52920
4180,4679,PromptPay,success,2026-07-14T08:24:48+07:00,,11116
4181,4680,PromptPay,success,2026-10-21T01:07:26+07:00,,18727
4182,4681,TrueMoney,success,2026-04-20T23:33:10+07:00,,7119
4183,4682,debit_card,failed,2026-05-17T16:34:01+07:00,user_cancelled,9626
4184,4683,debit_card,success,2026-06-27T09:15:00+07:00,,7354
4185,4684,TrueMoney,success,2026-07-03T11:54:17+07:00,,3170
4186,4685,PromptPay,success,2026-12-11T11:15:03+07:00,,13840
4187,4686,credit_card,success,2026-12-09T18:04:21+07:00,,19358
4188,4687,credit_card,success,2026-01-28T20:07:29+07:00,,8648
4189,4690,PromptPay,success,2026-05-05T15:31:48+07:00,,13677
4190,4691,debit_card,success,2026-12-20T12:20:16+07:00,,9052
4191,4693,ShopeePay,success,2026-07-05T19:10:38+07:00,,5877
4192,4695,ShopeePay,success,2026-11-12T15:16:01+07:00,,5923
4193,4696,credit_card,success,2026-12-10T05:44:05+07:00,,7639
4194,4697,PromptPay,success,2026-03-21T12:38:31+07:00,,31549
4195,4698,debit_card,success,2026-11-06T16:46:18+07:00,,24701
4196,4699,GrabPay,success,2026-12-09T12:34:55+07:00,,23620
4197,4700,PromptPay,success,2026-09-06T23:26:40+07:00,,6461
4198,4701,credit_card,success,2026-09-21T08:29:32+07:00,,12742
4199,4702,PromptPay,failed,2026-12-02T00:06:24+07:00,gateway_timeout,29000
4200,4703,PromptPay,success,2026-08-27T07:50:50+07:00,,13323
4201,4704,GrabPay,success,2026-10-04T10:14:16+07:00,,16766
4202,4705,debit_card,success,2026-11-12T11:05:10+07:00,,15697
4203,4706,credit_card,success,2026-11-27T18:51:06+07:00,,26279
4204,4707,credit_card,success,2026-12-10T15:33:23+07:00,,19150
4205,4708,PromptPay,success,2026-04-07T18:03:19+07:00,,7045
4206,4709,credit_card,success,2026-10-16T10:08:41+07:00,,32847
4207,4710,PromptPay,success,2026-05-12T14:30:40+07:00,,14999
4208,4711,bank_transfer,success,2026-03-02T13:12:55+07:00,,10005
4209,4712,PromptPay,success,2026-05-08T15:21:21+07:00,,7832
4210,4714,credit_card,failed,2026-08-16T11:32:59+07:00,card_declined,18547
4211,4716,PromptPay,success,2026-11-26T04:40:49+07:00,,12548
4212,4717,credit_card,success,2026-10-25T14:56:31+07:00,,6957
4213,4718,TrueMoney,success,2026-07-19T15:58:40+07:00,,5339
4214,4719,PromptPay,success,2026-03-02T18:09:56+07:00,,6044
4215,4720,bank_transfer,success,2026-04-11T21:23:55+07:00,,7934
4216,4721,PromptPay,success,2026-11-29T09:25:15+07:00,,10561
4217,4722,PromptPay,success,2026-06-01T20:07:13+07:00,,18009
4218,4723,PromptPay,success,2026-07-25T11:20:51+07:00,,21209
4219,4724,credit_card,success,2026-07-01T08:56:49+07:00,,8175
4220,4725,TrueMoney,success,2026-07-09T17:42:19+07:00,,6854
4221,4726,GrabPay,success,2026-03-13T11:19:14+07:00,,17507
4222,4727,PromptPay,success,2026-05-30T20:47:58+07:00,,25458
4223,4728,debit_card,success,2026-06-07T15:25:51+07:00,,3912
4224,4729,PromptPay,success,2026-09-24T04:59:06+07:00,,24344
4225,4730,credit_card,success,2026-12-27T08:23:34+07:00,,45915
4226,4731,PromptPay,success,2026-12-24T14:25:03+07:00,,12172
4227,4732,bank_transfer,success,2026-10-29T22:44:58+07:00,,13356
4228,4733,GrabPay,success,2026-06-17T12:45:15+07:00,,17191
4229,4734,PromptPay,success,2026-03-31T19:19:07+07:00,,35617
4230,4735,credit_card,success,2026-06-30T19:31:52+07:00,,11360
4231,4736,PromptPay,success,2026-09-02T18:58:21+07:00,,28090
4232,4737,credit_card,success,2026-09-18T14:51:33+07:00,,15305
4233,4738,debit_card,success,2026-12-16T21:34:18+07:00,,12004
4234,4739,PromptPay,success,2026-07-13T12:16:33+07:00,,15651
4235,4740,GrabPay,success,2026-03-25T11:02:37+07:00,,6214
4236,4741,TrueMoney,success,2026-08-17T12:13:24+07:00,,14467
4237,4742,bank_transfer,success,2026-05-03T19:26:40+07:00,,4692
4238,4744,ShopeePay,success,2026-09-10T22:34:44+07:00,,7122
4239,4746,PromptPay,success,2026-10-05T18:49:00+07:00,,5150
4240,4747,TrueMoney,success,2026-07-09T21:51:51+07:00,,5908
4241,4748,TrueMoney,success,2026-09-04T11:34:04+07:00,,28740
4242,4749,ShopeePay,success,2026-02-25T01:18:28+07:00,,5120
4243,4750,GrabPay,success,2026-03-12T16:25:52+07:00,,8512
4244,4751,bank_transfer,success,2026-07-13T01:28:12+07:00,,3856
4245,4752,debit_card,success,2026-11-04T11:06:20+07:00,,6007
4246,4753,GrabPay,success,2026-12-26T07:12:32+07:00,,21195
4247,4755,PromptPay,success,2026-06-22T11:59:10+07:00,,19553
4248,4756,GrabPay,success,2026-09-30T13:50:30+07:00,,14506
4249,4758,credit_card,success,2026-11-30T01:37:17+07:00,,26296
4250,4759,GrabPay,success,2026-10-11T11:03:03+07:00,,20421
4251,4760,bank_transfer,success,2026-12-23T16:12:57+07:00,,23478
4252,4761,TrueMoney,success,2026-11-25T09:12:05+07:00,,6166
4253,4762,debit_card,failed,2026-05-31T01:28:05+07:00,user_cancelled,20200
4254,4763,PromptPay,success,2026-06-12T08:09:16+07:00,,19060
4255,4764,PromptPay,success,2026-08-18T23:02:34+07:00,,8469
4256,4765,credit_card,success,2026-08-07T01:09:46+07:00,,9681
4257,4766,PromptPay,failed,2026-04-02T22:25:38+07:00,gateway_timeout,12512
4258,4767,credit_card,success,2026-12-09T19:22:18+07:00,,4238
4259,4768,PromptPay,success,2026-03-20T05:38:20+07:00,,17714
4260,4769,GrabPay,success,2026-04-01T21:19:21+07:00,,12440
4261,4770,PromptPay,success,2026-10-19T02:05:57+07:00,,6634
4262,4771,TrueMoney,success,2026-03-16T16:22:46+07:00,,5537
4263,4772,TrueMoney,failed,2026-04-26T14:53:50+07:00,bank_rejected,5155
4264,4773,PromptPay,failed,2026-10-16T23:04:07+07:00,gateway_timeout,5694
4265,4774,credit_card,success,2026-04-06T00:59:17+07:00,,15556
4266,4776,PromptPay,success,2026-04-18T16:53:09+07:00,,7139
4267,4777,credit_card,success,2026-12-02T07:32:57+07:00,,11454
4268,4778,PromptPay,success,2026-06-04T00:59:30+07:00,,10549
4269,4779,debit_card,success,2026-10-15T22:37:30+07:00,,21693
4270,4781,PromptPay,success,2026-09-05T13:53:03+07:00,,15190
4271,4782,TrueMoney,success,2026-12-22T18:08:29+07:00,,4377
4272,4783,PromptPay,failed,2026-08-03T23:37:54+07:00,gateway_timeout,44837
4273,4784,TrueMoney,success,2026-08-15T21:00:19+07:00,,5190
4274,4785,debit_card,success,2026-05-07T23:41:38+07:00,,9075
4275,4786,credit_card,success,2026-05-09T23:51:14+07:00,,24075
4276,4787,credit_card,success,2026-11-09T10:45:34+07:00,,4134
4277,4788,PromptPay,success,2026-07-24T13:16:01+07:00,,8067
4278,4789,PromptPay,success,2026-09-14T11:29:05+07:00,,8314
4279,4790,TrueMoney,success,2026-08-03T05:01:56+07:00,,8138
4280,4791,TrueMoney,success,2026-09-05T03:03:55+07:00,,9645
4281,4792,debit_card,success,2026-05-04T20:25:47+07:00,,31160
4282,4793,TrueMoney,success,2026-05-07T15:43:06+07:00,,12551
4283,4794,PromptPay,success,2026-06-25T21:03:57+07:00,,4399
4284,4795,credit_card,success,2026-12-07T06:59:53+07:00,,20380
4285,4797,PromptPay,success,2026-11-27T10:03:22+07:00,,15416
4286,4798,debit_card,success,2026-12-24T19:03:27+07:00,,21601
4287,4799,credit_card,success,2026-12-30T13:12:12+07:00,,11455
4288,4800,debit_card,success,2026-08-30T22:06:33+07:00,,9103
4289,4802,credit_card,success,2026-11-07T19:52:25+07:00,,4501
4290,4803,ShopeePay,success,2026-09-30T16:07:24+07:00,,15412
4291,4804,PromptPay,success,2026-04-12T14:07:21+07:00,,3570
4292,4805,credit_card,success,2026-05-26T21:23:48+07:00,,25355
4293,4806,GrabPay,success,2026-12-31T22:46:27+07:00,,4395
4294,4807,credit_card,success,2026-12-03T20:56:29+07:00,,5006
4295,4809,PromptPay,success,2026-04-08T20:30:02+07:00,,8308
4296,4810,bank_transfer,success,2026-04-21T09:45:46+07:00,,26765
4297,4811,TrueMoney,success,2026-10-06T07:23:13+07:00,,32920
4298,4812,PromptPay,success,2026-11-27T21:33:50+07:00,,8149
4299,4813,credit_card,success,2026-10-31T22:49:58+07:00,,19148
4300,4814,GrabPay,success,2026-09-09T00:19:06+07:00,,7616
4301,4815,PromptPay,success,2026-09-05T14:20:07+07:00,,13714
4302,4816,TrueMoney,success,2026-10-13T12:32:20+07:00,,9620
4303,4817,credit_card,success,2026-10-14T23:12:18+07:00,,8226
4304,4818,credit_card,success,2026-11-01T08:10:34+07:00,,8574
4305,4819,PromptPay,success,2026-12-27T14:29:59+07:00,,4183
4306,4820,TrueMoney,success,2026-08-17T17:53:27+07:00,,13566
4307,4822,bank_transfer,success,2026-10-01T11:41:15+07:00,,27676
4308,4824,credit_card,success,2026-12-01T21:27:30+07:00,,30021
4309,4825,credit_card,success,2026-11-18T23:08:22+07:00,,11654
4310,4826,debit_card,success,2026-09-26T00:58:43+07:00,,16918
4311,4827,TrueMoney,success,2026-05-24T18:07:09+07:00,,11277
4312,4829,PromptPay,success,2026-10-24T11:37:03+07:00,,12472
4313,4831,bank_transfer,success,2026-08-07T22:35:47+07:00,,7315
4314,4832,PromptPay,success,2026-08-15T11:42:23+07:00,,11180
4315,4833,ShopeePay,success,2026-08-07T09:09:40+07:00,,13563
4316,4834,PromptPay,success,2026-11-05T22:36:20+07:00,,31283
4317,4835,bank_transfer,success,2026-07-26T22:06:46+07:00,,5706
4318,4837,GrabPay,failed,2026-09-28T16:55:24+07:00,insufficient_funds,33007
4319,4838,PromptPay,success,2026-09-26T07:36:35+07:00,,12234
4320,4839,debit_card,success,2026-06-13T23:50:57+07:00,,28920
4321,4840,credit_card,success,2026-04-26T17:35:48+07:00,,10958
4322,4841,PromptPay,success,2026-08-25T08:28:52+07:00,,6011
4323,4842,credit_card,success,2026-12-25T01:03:21+07:00,,7316
4324,4844,TrueMoney,success,2026-06-09T21:45:33+07:00,,19171
4325,4845,PromptPay,success,2026-05-08T16:09:29+07:00,,7196
4326,4847,credit_card,success,2026-08-15T06:58:16+07:00,,18171
4327,4848,credit_card,success,2026-11-15T06:28:31+07:00,,14893
4328,4849,PromptPay,success,2026-07-19T20:28:45+07:00,,14989
4329,4850,ShopeePay,success,2026-08-17T17:53:23+07:00,,11140
4330,4851,credit_card,success,2026-09-26T23:26:19+07:00,,20490
4331,4852,PromptPay,success,2026-07-23T14:59:05+07:00,,13115
4332,4853,bank_transfer,success,2026-09-22T00:35:33+07:00,,4059
4333,4854,credit_card,success,2026-03-16T15:15:34+07:00,,8210
4334,4855,credit_card,success,2026-09-10T13:08:19+07:00,,31868
4335,4856,TrueMoney,success,2026-09-11T09:54:20+07:00,,20375
4336,4858,GrabPay,success,2026-12-07T00:51:26+07:00,,6046
4337,4859,debit_card,success,2026-10-27T21:05:01+07:00,,3775
4338,4860,credit_card,success,2026-07-15T11:36:05+07:00,,7136
4339,4861,credit_card,success,2026-10-04T15:00:00+07:00,,8023
4340,4862,bank_transfer,success,2026-01-26T12:37:51+07:00,,18328
4341,4863,PromptPay,success,2026-10-18T13:44:42+07:00,,16858
4342,4864,ShopeePay,failed,2026-05-09T17:18:57+07:00,insufficient_funds,16892
4343,4865,PromptPay,success,2026-09-04T12:18:37+07:00,,5255
4344,4866,PromptPay,success,2026-11-20T23:03:06+07:00,,28404
4345,4867,debit_card,success,2026-10-02T13:46:49+07:00,,6730
4346,4868,PromptPay,success,2026-10-29T12:13:12+07:00,,3617
4347,4869,PromptPay,success,2026-10-11T18:58:03+07:00,,17676
4348,4870,bank_transfer,success,2026-11-07T21:56:43+07:00,,16994
4349,4872,credit_card,success,2026-01-06T20:12:09+07:00,,39760
4350,4873,PromptPay,success,2026-03-31T12:08:23+07:00,,10041
4351,4874,credit_card,success,2026-04-24T06:49:17+07:00,,20394
4352,4875,bank_transfer,success,2026-12-29T09:00:11+07:00,,6793
4353,4877,bank_transfer,success,2026-12-17T12:56:13+07:00,,22428
4354,4879,credit_card,success,2026-08-15T11:28:42+07:00,,6087
4355,4880,credit_card,failed,2026-10-01T01:08:08+07:00,otp_timeout,11465
4356,4881,PromptPay,success,2026-11-20T21:36:21+07:00,,18979
4357,4882,TrueMoney,success,2026-09-29T23:19:07+07:00,,12183
4358,4883,debit_card,success,2026-09-11T13:15:50+07:00,,6594
4359,4886,debit_card,success,2026-10-19T22:50:03+07:00,,16585
4360,4887,GrabPay,failed,2026-08-16T18:47:15+07:00,card_declined,15411
4361,4888,PromptPay,success,2026-08-25T09:52:18+07:00,,26348
4362,4889,credit_card,success,2026-03-12T14:17:25+07:00,,25394
4363,4890,debit_card,failed,2026-09-18T19:44:28+07:00,insufficient_funds,3242
4364,4891,debit_card,success,2026-10-20T23:53:53+07:00,,4264
4365,4892,TrueMoney,success,2026-03-19T18:21:18+07:00,,6922
4366,4893,PromptPay,success,2026-11-28T17:43:30+07:00,,4077
4367,4894,GrabPay,success,2026-04-26T19:52:58+07:00,,26023
4368,4896,bank_transfer,success,2026-11-14T23:05:05+07:00,,18241
4369,4898,PromptPay,success,2026-12-26T09:23:00+07:00,,12705
4370,4899,ShopeePay,failed,2026-09-23T00:59:04+07:00,insufficient_funds,7867
4371,4900,debit_card,success,2026-10-05T00:34:38+07:00,,5570
4372,4901,GrabPay,success,2026-07-22T01:38:50+07:00,,11152
4373,4902,debit_card,success,2026-08-15T23:20:54+07:00,,21919
4374,4903,debit_card,success,2026-08-22T02:30:16+07:00,,5316
4375,4905,credit_card,success,2026-08-15T15:37:14+07:00,,16222
4376,4906,TrueMoney,success,2026-07-05T21:00:14+07:00,,8166
4377,4907,GrabPay,success,2026-02-21T11:09:55+07:00,,12457
4378,4909,credit_card,success,2026-12-05T22:58:39+07:00,,11219
4379,4910,bank_transfer,success,2026-10-03T09:24:43+07:00,,36723
4380,4911,PromptPay,success,2026-12-22T10:13:24+07:00,,25073
4381,4912,bank_transfer,success,2026-12-31T23:59:55+07:00,,8898
4382,4913,PromptPay,failed,2026-03-26T01:01:27+07:00,gateway_timeout,12010
4383,4914,debit_card,success,2026-08-22T06:28:42+07:00,,38628
4384,4916,credit_card,success,2026-12-19T22:37:28+07:00,,11907
4385,4917,PromptPay,success,2026-10-31T04:12:49+07:00,,9254
4386,4918,PromptPay,success,2026-04-27T18:30:35+07:00,,13960
4387,4919,PromptPay,success,2026-11-28T12:43:42+07:00,,9306
4388,4920,PromptPay,success,2026-10-01T18:26:49+07:00,,9067
4389,4921,PromptPay,success,2026-06-04T12:42:19+07:00,,24251
4390,4923,debit_card,success,2026-09-17T01:58:43+07:00,,4698
4391,4924,PromptPay,success,2026-05-29T17:37:40+07:00,,11006
4392,4925,PromptPay,success,2026-11-03T21:55:39+07:00,,22563
4393,4926,debit_card,success,2026-12-02T22:55:04+07:00,,12712
4394,4928,debit_card,success,2026-08-13T21:38:53+07:00,,9804
4395,4929,PromptPay,failed,2026-03-01T19:01:00+07:00,user_cancelled,8065
4396,4930,credit_card,success,2026-09-17T21:47:58+07:00,,23401
4397,4931,TrueMoney,success,2026-03-25T10:23:10+07:00,,15853
4398,4932,TrueMoney,success,2026-09-20T14:24:23+07:00,,8412
4399,4933,credit_card,success,2026-11-05T17:25:21+07:00,,9648
4400,4934,credit_card,success,2026-01-17T18:39:47+07:00,,33151
4401,4935,TrueMoney,success,2026-02-10T23:15:37+07:00,,22416
4402,4938,PromptPay,success,2026-10-11T02:03:40+07:00,,27841
4403,4939,TrueMoney,success,2026-10-20T14:59:05+07:00,,7953
4404,4940,bank_transfer,success,2026-11-09T13:14:13+07:00,,21522
4405,4942,PromptPay,success,2026-06-15T03:18:37+07:00,,10956
4406,4943,PromptPay,success,2026-11-15T15:45:15+07:00,,33818
4407,4944,PromptPay,success,2026-03-22T11:24:56+07:00,,6575
4408,4945,bank_transfer,success,2026-02-24T20:58:14+07:00,,7081
4409,4946,ShopeePay,success,2026-08-20T09:47:59+07:00,,6623
4410,4947,debit_card,success,2026-09-06T19:21:57+07:00,,13697
4411,4948,PromptPay,success,2026-10-07T19:01:12+07:00,,14028
4412,4949,credit_card,success,2026-07-27T18:57:21+07:00,,2654
4413,4950,bank_transfer,success,2026-06-05T02:11:35+07:00,,15377
4414,4951,credit_card,success,2026-07-13T11:05:27+07:00,,15860
4415,4953,GrabPay,success,2026-08-13T10:40:20+07:00,,6956
4416,4954,PromptPay,success,2026-07-29T13:31:34+07:00,,9728
4417,4957,PromptPay,success,2026-08-23T18:59:00+07:00,,12076
4418,4958,TrueMoney,success,2026-07-28T19:41:19+07:00,,17761
4419,4959,PromptPay,success,2026-06-23T06:48:57+07:00,,6585
4420,4960,bank_transfer,success,2026-11-08T22:29:09+07:00,,12233
4421,4961,PromptPay,success,2026-11-11T02:23:04+07:00,,23747
4422,4962,TrueMoney,success,2026-11-21T16:45:16+07:00,,9931
4423,4964,PromptPay,success,2026-04-29T19:08:48+07:00,,26223
4424,4965,credit_card,success,2026-11-18T21:36:23+07:00,,29098
4425,4967,bank_transfer,success,2026-04-23T06:41:17+07:00,,24218
4426,4970,bank_transfer,success,2026-11-08T14:28:47+07:00,,7332
4427,4971,PromptPay,failed,2026-09-06T01:15:46+07:00,gateway_timeout,14909
4428,4972,PromptPay,success,2026-10-09T16:53:54+07:00,,21716
4429,4973,GrabPay,success,2026-07-25T21:51:31+07:00,,7504
4430,4974,credit_card,success,2026-04-06T02:35:25+07:00,,54661
4431,4975,PromptPay,success,2026-03-29T10:06:04+07:00,,4437
4432,4976,credit_card,success,2026-06-02T22:21:52+07:00,,3571
4433,4977,PromptPay,success,2026-06-17T17:18:03+07:00,,7502
4434,4979,TrueMoney,success,2026-02-23T09:06:00+07:00,,36585
4435,4980,PromptPay,success,2026-08-13T20:00:33+07:00,,14533
4436,4981,PromptPay,success,2026-12-03T10:30:27+07:00,,34691
4437,4982,PromptPay,success,2026-12-16T08:44:43+07:00,,8703
4438,4983,bank_transfer,failed,2026-05-31T07:36:15+07:00,otp_timeout,4151
4439,4985,GrabPay,success,2026-10-22T00:58:05+07:00,,13014
4440,4986,credit_card,success,2026-08-27T16:46:25+07:00,,6418
4441,4987,PromptPay,failed,2026-06-19T01:00:59+07:00,gateway_timeout,11162
4442,4988,credit_card,success,2026-09-28T23:45:22+07:00,,35211
4443,4989,PromptPay,failed,2026-10-06T22:00:37+07:00,gateway_timeout,26699
4444,4990,PromptPay,success,2026-08-17T09:29:02+07:00,,11383
4445,4991,PromptPay,success,2026-07-09T21:25:50+07:00,,29345
4446,4992,credit_card,success,2026-10-13T10:19:03+07:00,,22764
4447,4993,PromptPay,failed,2026-09-02T01:18:42+07:00,gateway_timeout,6337
4448,4994,PromptPay,success,2026-11-24T19:13:54+07:00,,9731
4449,4995,credit_card,success,2026-03-26T21:07:39+07:00,,6834
4450,4996,PromptPay,success,2026-08-07T14:01:36+07:00,,14919
4451,4997,credit_card,success,2026-10-25T19:07:22+07:00,,10365
4452,4998,TrueMoney,success,2026-11-20T16:45:51+07:00,,38972
4453,4999,PromptPay,success,2026-08-25T12:05:49+07:00,,5902
4454,5000,PromptPay,success,2026-09-19T08:24:37+07:00,,6929
4455,5001,GrabPay,success,2026-05-10T09:26:01+07:00,,7553
4456,5002,credit_card,success,2026-11-20T17:31:58+07:00,,18948
4457,5003,ShopeePay,success,2026-03-16T21:07:37+07:00,,14074
4458,5005,PromptPay,success,2026-05-15T07:41:51+07:00,,27837
4459,5006,PromptPay,success,2026-08-17T21:31:14+07:00,,22418
4460,5007,GrabPay,success,2026-07-16T14:13:59+07:00,,16401
4461,5008,credit_card,success,2026-12-04T10:49:34+07:00,,11898
4462,5009,debit_card,success,2026-09-26T16:10:19+07:00,,33156
4463,5010,PromptPay,success,2026-06-21T13:14:43+07:00,,24758
4464,5012,debit_card,success,2026-08-26T16:43:03+07:00,,7455
4465,5013,TrueMoney,success,2026-10-29T14:46:34+07:00,,6910
4466,5014,TrueMoney,success,2026-09-21T08:51:38+07:00,,15320
4467,5016,PromptPay,success,2026-09-13T00:08:45+07:00,,9356
4468,5017,PromptPay,success,2026-10-21T14:13:59+07:00,,19433
4469,5018,credit_card,success,2026-06-06T20:07:54+07:00,,11397
4470,5019,debit_card,success,2026-06-14T20:16:39+07:00,,15895
4471,5020,PromptPay,success,2026-11-04T20:58:47+07:00,,20407
4472,5021,GrabPay,success,2026-12-04T17:28:22+07:00,,7498
4473,5024,ShopeePay,success,2026-07-07T18:34:04+07:00,,11023
4474,5025,credit_card,failed,2026-07-19T10:33:45+07:00,card_declined,16328
4475,5027,PromptPay,success,2026-11-14T16:10:38+07:00,,16538
4476,5028,GrabPay,success,2026-06-09T11:33:23+07:00,,7129
4477,5029,PromptPay,success,2026-11-11T13:06:06+07:00,,3142
4478,5030,credit_card,failed,2026-12-06T15:55:49+07:00,otp_timeout,5599
4479,5031,PromptPay,success,2026-12-19T16:14:43+07:00,,32603
4480,5032,TrueMoney,success,2026-03-18T20:09:37+07:00,,7409
4481,5035,credit_card,success,2026-11-14T12:21:32+07:00,,9905
4482,5036,PromptPay,success,2026-10-14T10:43:54+07:00,,5386
4483,5037,bank_transfer,success,2026-10-17T15:29:45+07:00,,7545
4484,5038,bank_transfer,success,2026-11-06T17:43:35+07:00,,3705
4485,5039,TrueMoney,success,2026-09-04T09:02:38+07:00,,51954
4486,5040,PromptPay,success,2026-12-26T19:41:37+07:00,,11604
4487,5041,credit_card,success,2026-11-16T21:12:29+07:00,,38399
4488,5043,bank_transfer,success,2026-02-06T19:53:38+07:00,,35930
4489,5044,debit_card,success,2026-10-11T07:45:44+07:00,,8506
4490,5045,credit_card,success,2026-06-05T21:46:47+07:00,,24472
4491,5047,credit_card,success,2026-12-25T09:27:46+07:00,,34711
4492,5048,PromptPay,success,2026-10-26T22:55:24+07:00,,8552
4493,5049,credit_card,failed,2026-11-14T09:32:20+07:00,user_cancelled,8168
4494,5050,PromptPay,success,2026-04-20T10:55:58+07:00,,21396
4495,5051,TrueMoney,success,2026-06-03T00:00:00+07:00,,20577
4496,5052,ShopeePay,success,2026-10-11T03:56:47+07:00,,6899
4497,5053,PromptPay,success,2026-10-01T10:38:08+07:00,,33258
4498,5056,credit_card,success,2026-07-15T13:22:27+07:00,,3973
4499,5057,TrueMoney,success,2026-10-21T13:41:54+07:00,,11033
4500,5058,PromptPay,success,2026-11-19T17:19:46+07:00,,31522
4501,5059,bank_transfer,success,2026-05-12T17:31:12+07:00,,21128
4502,5060,GrabPay,success,2026-06-01T00:20:40+07:00,,15745
4503,5061,credit_card,success,2026-05-05T23:50:43+07:00,,5645
4504,5062,credit_card,success,2026-07-25T06:20:28+07:00,,26085
4505,5063,ShopeePay,success,2026-11-25T02:14:02+07:00,,7630
4506,5064,credit_card,success,2026-08-23T21:17:58+07:00,,8031
4507,5065,credit_card,success,2026-07-16T16:13:04+07:00,,16887
4508,5066,PromptPay,success,2026-11-10T10:39:51+07:00,,4108
4509,5067,debit_card,success,2026-11-18T16:54:19+07:00,,11155
4510,5068,TrueMoney,success,2026-08-25T15:44:58+07:00,,18957
4511,5069,credit_card,success,2026-05-22T15:03:41+07:00,,29470
4512,5072,TrueMoney,success,2026-12-24T21:21:18+07:00,,18192
4513,5073,credit_card,success,2026-10-18T18:15:09+07:00,,19123
4514,5074,PromptPay,success,2026-12-14T23:22:57+07:00,,6279
4515,5075,PromptPay,success,2026-12-17T22:49:52+07:00,,4999
4516,5076,PromptPay,success,2026-07-07T19:33:06+07:00,,11753
4517,5077,credit_card,success,2026-10-03T22:45:01+07:00,,22695
4518,5078,ShopeePay,failed,2026-12-09T14:43:23+07:00,card_declined,19385
4519,5079,credit_card,success,2026-10-17T17:35:44+07:00,,6327
4520,5080,PromptPay,success,2026-09-21T21:36:40+07:00,,34883
4521,5081,PromptPay,success,2026-02-13T21:45:31+07:00,,3728
4522,5082,credit_card,success,2026-03-11T02:32:14+07:00,,10611
4523,5083,GrabPay,success,2026-04-25T22:10:52+07:00,,4642
4524,5084,bank_transfer,success,2026-06-07T22:11:04+07:00,,27566
4525,5085,credit_card,success,2026-06-21T13:03:11+07:00,,35381
4526,5087,PromptPay,success,2026-07-11T00:59:59+07:00,,13757
4527,5088,credit_card,success,2026-06-16T14:16:40+07:00,,9984
4528,5089,TrueMoney,success,2026-12-09T18:09:10+07:00,,12369
4529,5091,PromptPay,success,2026-11-28T14:46:46+07:00,,11904
4530,5092,debit_card,success,2026-06-22T20:10:34+07:00,,26783
4531,5093,debit_card,success,2026-10-27T10:45:11+07:00,,4141
4532,5094,credit_card,success,2026-05-24T18:11:29+07:00,,5792
4533,5095,credit_card,success,2026-06-28T20:09:21+07:00,,12861
4534,5097,PromptPay,success,2026-02-26T14:22:26+07:00,,11119
4535,5098,PromptPay,success,2026-05-03T18:14:10+07:00,,16703
4536,5099,credit_card,success,2026-04-26T21:56:51+07:00,,7737
4537,5100,TrueMoney,success,2026-07-03T02:26:29+07:00,,6731
4538,5103,debit_card,success,2026-12-02T20:19:44+07:00,,27070
4539,5104,GrabPay,success,2026-09-20T21:02:15+07:00,,22672
4540,5105,credit_card,success,2026-07-14T19:37:48+07:00,,5789
4541,5106,PromptPay,success,2026-10-31T12:37:50+07:00,,10004
4542,5108,credit_card,success,2026-08-11T23:14:42+07:00,,20239
4543,5109,PromptPay,success,2026-10-06T20:40:24+07:00,,6157
4544,5110,TrueMoney,success,2026-12-01T21:31:24+07:00,,13517
4545,5111,GrabPay,success,2026-08-15T23:28:51+07:00,,15307
4546,5112,TrueMoney,success,2026-09-06T13:38:35+07:00,,7810
4547,5113,PromptPay,success,2026-06-14T22:03:05+07:00,,9356
4548,5114,bank_transfer,success,2026-10-28T03:46:46+07:00,,26601
4549,5115,PromptPay,success,2026-10-23T22:35:13+07:00,,18366
4550,5116,PromptPay,success,2026-10-03T00:51:14+07:00,,31456
4551,5117,debit_card,success,2026-11-11T11:48:00+07:00,,28762
4552,5118,TrueMoney,success,2026-08-17T01:03:45+07:00,,17298
4553,5119,PromptPay,success,2026-09-10T18:07:27+07:00,,8818
4554,5120,debit_card,success,2026-11-22T19:01:04+07:00,,27366
4555,5121,PromptPay,success,2026-08-11T21:05:58+07:00,,10033
4556,5122,debit_card,success,2026-04-21T18:46:23+07:00,,4908
4557,5123,credit_card,success,2026-05-19T14:55:28+07:00,,13728
4558,5124,debit_card,success,2026-04-14T12:41:24+07:00,,12083
4559,5126,PromptPay,success,2026-08-04T18:30:01+07:00,,23126
4560,5127,credit_card,success,2026-11-10T13:29:23+07:00,,4689
4561,5128,bank_transfer,success,2026-08-17T14:37:36+07:00,,6717
4562,5129,debit_card,success,2026-10-29T10:28:22+07:00,,53880
4563,5131,credit_card,success,2026-11-25T18:36:43+07:00,,9323
4564,5132,PromptPay,success,2026-12-03T17:57:17+07:00,,4801
4565,5133,PromptPay,failed,2026-05-15T23:40:45+07:00,gateway_timeout,5440
4566,5134,TrueMoney,success,2026-09-17T17:31:43+07:00,,4858
4567,5135,credit_card,success,2026-09-26T13:28:33+07:00,,19305
4568,5136,ShopeePay,success,2026-09-10T10:53:58+07:00,,4769
4569,5137,PromptPay,success,2026-10-03T07:05:37+07:00,,19535
4570,5138,PromptPay,success,2026-05-17T11:58:00+07:00,,9197
4571,5139,debit_card,success,2026-09-20T12:23:36+07:00,,21186
4572,5140,debit_card,success,2026-04-25T13:20:24+07:00,,6120
4573,5141,credit_card,success,2026-10-10T08:37:10+07:00,,8216
4574,5144,PromptPay,success,2026-10-12T02:04:23+07:00,,10171
4575,5145,PromptPay,success,2026-04-07T11:06:04+07:00,,9309
4576,5146,bank_transfer,success,2026-12-03T19:35:44+07:00,,25768
4577,5147,TrueMoney,success,2026-08-01T17:20:45+07:00,,24699
4578,5149,GrabPay,success,2026-09-09T09:14:49+07:00,,8258
4579,5150,GrabPay,success,2026-09-17T09:30:23+07:00,,17986
4580,5151,PromptPay,success,2026-02-03T20:01:49+07:00,,32001
4581,5153,bank_transfer,success,2026-12-04T11:08:59+07:00,,23600
4582,5154,ShopeePay,success,2026-12-28T20:27:04+07:00,,14810
4583,5155,credit_card,success,2026-09-04T19:55:27+07:00,,5765
4584,5156,PromptPay,success,2026-03-11T02:05:11+07:00,,6862
4585,5158,PromptPay,failed,2026-12-17T16:43:20+07:00,insufficient_funds,4915
4586,5159,debit_card,success,2026-05-31T19:23:17+07:00,,32822
4587,5160,GrabPay,success,2026-06-25T20:59:29+07:00,,7825
4588,5161,credit_card,success,2026-08-07T01:19:49+07:00,,39107
4589,5162,credit_card,success,2026-09-15T15:55:15+07:00,,4836
4590,5164,credit_card,success,2026-10-13T16:10:31+07:00,,8276
4591,5166,PromptPay,success,2026-05-21T14:28:19+07:00,,6319
4592,5168,credit_card,success,2026-04-21T18:32:05+07:00,,9384
4593,5170,PromptPay,success,2026-09-04T11:33:13+07:00,,10168
4594,5171,debit_card,failed,2026-09-10T19:55:43+07:00,user_cancelled,11075
4595,5172,credit_card,success,2026-03-01T13:30:00+07:00,,15376
4596,5173,PromptPay,failed,2026-03-30T00:17:32+07:00,gateway_timeout,25415
4597,5174,credit_card,success,2026-11-17T00:37:46+07:00,,3249
4598,5175,credit_card,success,2026-04-23T21:26:22+07:00,,27929
4599,5177,credit_card,success,2026-11-23T01:38:59+07:00,,6011
4600,5178,credit_card,success,2026-09-25T19:29:46+07:00,,15421
4601,5179,TrueMoney,success,2026-12-18T18:37:20+07:00,,10369
4602,5180,debit_card,success,2026-10-04T11:47:40+07:00,,9189
4603,5181,PromptPay,success,2026-02-09T17:04:10+07:00,,13558
4604,5182,TrueMoney,success,2026-07-31T10:38:55+07:00,,10366
4605,5184,credit_card,success,2026-11-25T23:02:23+07:00,,4690
4606,5185,PromptPay,failed,2026-05-12T22:43:29+07:00,gateway_timeout,13260
4607,5187,credit_card,success,2026-04-04T13:04:35+07:00,,19684
4608,5188,debit_card,success,2026-06-20T10:12:02+07:00,,4855
4609,5190,credit_card,success,2026-12-05T12:08:11+07:00,,6787
4610,5191,credit_card,success,2026-08-11T02:31:25+07:00,,42797
4611,5192,PromptPay,success,2026-11-13T19:00:34+07:00,,8423
4612,5193,PromptPay,success,2026-07-28T18:22:36+07:00,,8723
4613,5194,PromptPay,failed,2026-08-17T07:54:17+07:00,card_declined,30866
4614,5196,credit_card,success,2026-10-24T18:53:19+07:00,,16951
4615,5197,debit_card,success,2026-08-09T17:00:25+07:00,,12815
4616,5198,credit_card,success,2026-10-25T09:50:39+07:00,,6341
4617,5199,credit_card,success,2026-11-13T06:47:31+07:00,,6057
4618,5200,PromptPay,failed,2026-10-26T23:05:44+07:00,gateway_timeout,4168
4619,5202,TrueMoney,success,2026-09-28T16:43:00+07:00,,18002
4620,5203,credit_card,failed,2026-10-05T00:13:54+07:00,otp_timeout,6447
4621,5204,debit_card,success,2026-10-27T23:19:31+07:00,,34365
4622,5205,credit_card,success,2026-01-23T19:05:50+07:00,,8231
4623,5206,ShopeePay,failed,2026-02-11T12:30:13+07:00,otp_timeout,9517
4624,5207,bank_transfer,success,2026-12-15T01:04:21+07:00,,22086
4625,5209,credit_card,success,2026-10-21T22:53:53+07:00,,14915
4626,5210,credit_card,success,2026-06-15T08:27:14+07:00,,3570
4627,5211,PromptPay,success,2026-07-17T19:08:15+07:00,,4301
4628,5213,credit_card,success,2026-08-19T00:14:06+07:00,,3701
4629,5214,debit_card,success,2026-12-26T01:43:16+07:00,,4572
4630,5215,PromptPay,success,2026-10-18T03:55:05+07:00,,12421
4631,5216,TrueMoney,success,2026-08-14T11:28:48+07:00,,5699
4632,5217,bank_transfer,success,2026-09-16T00:31:43+07:00,,4941
4633,5218,PromptPay,success,2026-10-14T01:37:20+07:00,,14444
4634,5219,credit_card,success,2026-08-11T17:16:58+07:00,,16036
4635,5220,credit_card,success,2026-02-04T12:46:02+07:00,,14075
4636,5221,debit_card,failed,2026-11-10T12:56:30+07:00,bank_rejected,22174
4637,5222,PromptPay,success,2026-10-28T12:54:13+07:00,,15229
4638,5223,credit_card,success,2026-04-25T18:39:16+07:00,,5536
4639,5224,credit_card,success,2026-11-06T23:21:10+07:00,,11705
4640,5225,bank_transfer,success,2026-08-01T16:58:52+07:00,,9745
4641,5226,credit_card,success,2026-07-28T01:54:15+07:00,,7754
4642,5227,PromptPay,success,2026-09-30T14:11:09+07:00,,8523
4643,5228,credit_card,success,2026-11-04T09:18:38+07:00,,13209
4644,5230,debit_card,success,2026-04-28T20:39:25+07:00,,24787
4645,5231,PromptPay,success,2026-02-19T15:27:52+07:00,,48183
4646,5232,PromptPay,success,2026-05-18T10:09:19+07:00,,27411
4647,5233,debit_card,success,2026-11-29T08:24:02+07:00,,23657
4648,5234,credit_card,success,2026-09-27T21:54:10+07:00,,5462
4649,5235,credit_card,success,2026-12-30T07:24:38+07:00,,18933
4650,5236,credit_card,success,2026-03-02T05:05:53+07:00,,19434
4651,5237,PromptPay,success,2026-08-26T09:44:16+07:00,,8208
4652,5238,GrabPay,success,2026-10-15T13:43:06+07:00,,5964
4653,5239,bank_transfer,success,2026-09-06T12:42:23+07:00,,30730
4654,5240,TrueMoney,success,2026-07-10T17:08:54+07:00,,5782
4655,5241,GrabPay,success,2026-07-14T13:44:27+07:00,,4041
4656,5242,PromptPay,success,2026-05-03T01:47:43+07:00,,3286
4657,5243,credit_card,success,2026-11-14T12:50:12+07:00,,6018
4658,5244,credit_card,success,2026-05-07T00:52:39+07:00,,8428
4659,5245,PromptPay,failed,2026-10-19T00:10:10+07:00,gateway_timeout,22197
4660,5246,credit_card,success,2026-10-23T06:36:47+07:00,,49225
4661,5247,credit_card,success,2026-07-11T16:57:48+07:00,,41279
4662,5248,credit_card,success,2026-08-20T15:06:35+07:00,,5880
4663,5249,debit_card,success,2026-08-30T13:47:49+07:00,,9104
4664,5250,credit_card,success,2026-12-14T17:57:27+07:00,,17581
4665,5251,TrueMoney,success,2026-09-22T21:59:44+07:00,,16590
4666,5252,debit_card,success,2026-04-28T10:32:18+07:00,,6008
4667,5253,PromptPay,success,2026-05-04T14:57:48+07:00,,12618
4668,5254,credit_card,success,2026-05-05T23:28:51+07:00,,25491
4669,5255,PromptPay,success,2026-07-12T11:17:44+07:00,,8763
4670,5258,PromptPay,success,2026-01-13T22:22:46+07:00,,7256
4671,5259,debit_card,success,2026-02-23T14:37:42+07:00,,10850
4672,5260,ShopeePay,success,2026-07-24T23:10:01+07:00,,28042
4673,5261,debit_card,success,2026-08-30T18:03:20+07:00,,9987
4674,5262,GrabPay,success,2026-12-05T02:22:27+07:00,,15627
4675,5263,PromptPay,success,2026-10-19T20:46:58+07:00,,35495
4676,5264,PromptPay,success,2026-09-28T13:01:46+07:00,,7953
4677,5266,PromptPay,success,2026-12-29T21:53:18+07:00,,16893
4678,5267,GrabPay,success,2026-03-29T14:53:44+07:00,,50942
4679,5268,credit_card,success,2026-05-28T21:28:24+07:00,,22128
4680,5269,TrueMoney,success,2026-03-25T08:45:20+07:00,,10520
4681,5270,PromptPay,success,2026-05-24T06:13:08+07:00,,37816
4682,5271,credit_card,success,2026-08-15T16:08:02+07:00,,3801
4683,5272,PromptPay,success,2026-10-02T09:23:42+07:00,,5006
4684,5273,PromptPay,success,2026-11-18T00:52:31+07:00,,7411
4685,5275,credit_card,success,2026-07-01T11:44:30+07:00,,7591
4686,5277,bank_transfer,success,2026-05-20T21:33:57+07:00,,7501
4687,5278,debit_card,success,2026-06-09T11:48:44+07:00,,11897
4688,5279,credit_card,success,2026-06-25T19:12:23+07:00,,38462
4689,5280,credit_card,success,2026-07-21T13:41:26+07:00,,6573
4690,5281,bank_transfer,success,2026-07-11T07:33:51+07:00,,8164
4691,5282,credit_card,success,2026-08-12T10:46:40+07:00,,52964
4692,5283,PromptPay,success,2026-09-06T12:25:17+07:00,,30192
4693,5285,PromptPay,success,2026-10-16T19:18:00+07:00,,12144
4694,5286,credit_card,success,2026-07-27T22:59:28+07:00,,6339
4695,5287,PromptPay,success,2026-10-30T12:52:14+07:00,,9033
4696,5288,debit_card,success,2026-10-06T16:12:15+07:00,,33116
4697,5289,PromptPay,success,2026-10-23T22:35:04+07:00,,1758
4698,5290,debit_card,success,2026-08-15T23:13:06+07:00,,11917
4699,5291,credit_card,success,2026-09-16T13:00:16+07:00,,4136
4700,5292,credit_card,success,2026-10-26T13:49:22+07:00,,13600
4701,5293,credit_card,success,2026-06-04T11:17:42+07:00,,25728
4702,5294,PromptPay,success,2026-10-27T19:36:38+07:00,,9483
4703,5295,debit_card,success,2026-12-03T18:01:12+07:00,,6590
4704,5296,TrueMoney,success,2026-12-02T08:37:45+07:00,,5654
4705,5297,PromptPay,failed,2026-08-09T00:33:55+07:00,gateway_timeout,5797
4706,5298,credit_card,success,2026-07-09T00:37:17+07:00,,11325
4707,5299,credit_card,success,2026-07-12T09:37:35+07:00,,10303
4708,5300,credit_card,success,2026-06-02T06:10:34+07:00,,5455
4709,5301,credit_card,success,2026-04-14T08:18:20+07:00,,6490
4710,5302,credit_card,success,2026-12-20T17:22:22+07:00,,16028
4711,5303,credit_card,success,2026-07-10T00:39:56+07:00,,12284
4712,5304,bank_transfer,success,2026-04-20T08:17:57+07:00,,6598
4713,5305,PromptPay,success,2026-05-03T00:21:50+07:00,,24724
4714,5306,PromptPay,success,2026-09-04T22:49:34+07:00,,4469
4715,5307,TrueMoney,success,2026-07-11T19:07:24+07:00,,13173
4716,5308,ShopeePay,success,2026-07-05T20:05:04+07:00,,8413
4717,5311,TrueMoney,success,2026-09-21T20:37:03+07:00,,18273
4718,5312,debit_card,success,2026-10-08T22:44:48+07:00,,16181
4719,5313,PromptPay,success,2026-10-05T14:38:29+07:00,,6894
4720,5314,debit_card,success,2026-09-17T22:36:02+07:00,,5663
4721,5315,PromptPay,success,2026-09-26T01:03:12+07:00,,4772
4722,5316,credit_card,success,2026-06-23T23:12:56+07:00,,5777
4723,5318,credit_card,success,2026-07-30T16:51:32+07:00,,8584
4724,5319,TrueMoney,success,2026-12-20T22:37:43+07:00,,11663
4725,5320,debit_card,success,2026-08-06T19:41:02+07:00,,7229
4726,5321,credit_card,success,2026-01-21T16:09:46+07:00,,17696
4727,5322,credit_card,success,2026-02-15T00:49:08+07:00,,5651
4728,5323,PromptPay,success,2026-03-04T23:01:14+07:00,,47989
4729,5324,credit_card,success,2026-11-22T23:08:47+07:00,,16930
4730,5326,PromptPay,success,2026-05-30T16:28:30+07:00,,17405
4731,5327,credit_card,success,2026-03-16T14:06:52+07:00,,6830
4732,5328,credit_card,success,2026-10-16T18:07:07+07:00,,40709
4733,5330,PromptPay,success,2026-11-06T19:32:29+07:00,,13133
4734,5332,bank_transfer,success,2026-07-11T19:51:21+07:00,,15315
4735,5333,PromptPay,success,2026-12-17T19:14:09+07:00,,18431
4736,5334,credit_card,success,2026-11-08T18:16:30+07:00,,23714
4737,5335,PromptPay,success,2026-12-21T23:39:20+07:00,,12953
4738,5336,PromptPay,success,2026-06-20T11:06:09+07:00,,18808
4739,5337,credit_card,success,2026-03-27T12:49:19+07:00,,27076
4740,5338,TrueMoney,success,2026-05-25T14:04:38+07:00,,2931
4741,5340,credit_card,success,2026-05-27T01:30:43+07:00,,20217
4742,5341,credit_card,success,2026-11-28T13:33:25+07:00,,15535
4743,5342,TrueMoney,success,2026-04-22T08:53:44+07:00,,5375
4744,5346,PromptPay,success,2026-02-28T13:56:47+07:00,,12127
4745,5347,GrabPay,success,2026-12-11T15:09:34+07:00,,20160
4746,5348,bank_transfer,success,2026-09-19T10:19:19+07:00,,29103
4747,5349,credit_card,success,2026-03-23T06:08:49+07:00,,4482
4748,5350,PromptPay,success,2026-09-18T08:28:53+07:00,,5606
4749,5351,PromptPay,success,2026-07-12T19:35:15+07:00,,29837
4750,5352,bank_transfer,success,2026-09-20T11:46:57+07:00,,14466
4751,5354,TrueMoney,success,2026-06-10T08:03:11+07:00,,13641
4752,5355,credit_card,success,2026-02-18T13:20:01+07:00,,32002
4753,5356,credit_card,success,2026-08-31T12:18:26+07:00,,33484
4754,5357,credit_card,success,2026-11-19T06:33:27+07:00,,17587
4755,5358,credit_card,success,2026-06-16T19:07:35+07:00,,29930
4756,5359,credit_card,success,2026-05-15T16:05:48+07:00,,5637
4757,5360,credit_card,success,2026-05-16T00:57:09+07:00,,12310
4758,5361,TrueMoney,success,2026-11-18T01:00:34+07:00,,31189
4759,5364,PromptPay,success,2026-08-02T19:51:43+07:00,,15656
4760,5365,credit_card,success,2026-10-03T13:53:51+07:00,,5802
4761,5366,TrueMoney,success,2026-12-07T13:35:34+07:00,,11089
4762,5367,PromptPay,success,2026-10-03T19:35:11+07:00,,23455
4763,5369,PromptPay,success,2026-05-26T02:14:53+07:00,,4091
4764,5370,bank_transfer,success,2026-09-15T12:44:21+07:00,,2576
4765,5371,ShopeePay,success,2026-10-10T22:45:26+07:00,,4447
4766,5372,PromptPay,failed,2026-01-28T17:58:00+07:00,otp_timeout,41384
4767,5373,TrueMoney,success,2026-07-25T09:55:05+07:00,,11141
4768,5374,credit_card,success,2026-10-13T20:53:08+07:00,,10556
4769,5375,TrueMoney,success,2026-10-02T14:40:12+07:00,,12488
4770,5376,credit_card,success,2026-03-25T10:23:16+07:00,,6603
4771,5377,PromptPay,success,2026-10-28T23:49:46+07:00,,7322
4772,5378,credit_card,success,2026-09-01T02:09:05+07:00,,32547
4773,5380,credit_card,success,2026-10-20T01:19:35+07:00,,3759
4774,5381,PromptPay,success,2026-11-27T13:19:08+07:00,,9216
4775,5383,PromptPay,success,2026-11-25T11:24:29+07:00,,8484
4776,5384,debit_card,success,2026-12-12T21:36:04+07:00,,11504
4777,5385,credit_card,success,2026-08-23T11:35:17+07:00,,16045
4778,5386,debit_card,success,2026-10-15T22:00:34+07:00,,35424
4779,5387,PromptPay,success,2026-02-02T15:15:11+07:00,,4006
4780,5388,GrabPay,success,2026-11-12T19:25:37+07:00,,14683
4781,5389,PromptPay,success,2026-07-07T10:10:31+07:00,,15707
4782,5390,PromptPay,success,2026-11-23T08:52:46+07:00,,9825
4783,5391,credit_card,success,2026-12-04T20:57:36+07:00,,12368
4784,5392,debit_card,success,2026-12-07T09:04:09+07:00,,11638
4785,5393,PromptPay,success,2026-08-19T16:16:22+07:00,,35375
4786,5394,ShopeePay,success,2026-04-26T20:00:17+07:00,,12708
4787,5395,TrueMoney,success,2026-01-29T01:33:50+07:00,,9786
4788,5396,PromptPay,success,2026-08-12T17:07:00+07:00,,6974
4789,5397,credit_card,success,2026-11-08T19:26:55+07:00,,32005
4790,5398,debit_card,success,2026-06-21T05:58:44+07:00,,10689
4791,5399,bank_transfer,success,2026-11-07T19:56:26+07:00,,15651
4792,5401,PromptPay,success,2026-05-29T18:26:41+07:00,,27769
4793,5402,debit_card,success,2026-06-04T16:17:54+07:00,,13319
4794,5403,TrueMoney,success,2026-07-04T10:47:04+07:00,,21109
4795,5404,PromptPay,failed,2026-09-16T19:39:04+07:00,otp_timeout,10913
4796,5405,GrabPay,success,2026-06-30T01:42:20+07:00,,5003
4797,5406,credit_card,success,2026-10-21T04:35:23+07:00,,3191
4798,5409,PromptPay,success,2026-10-03T10:52:13+07:00,,9698
4799,5410,GrabPay,success,2026-11-07T22:16:07+07:00,,13328
4800,5411,PromptPay,success,2026-11-29T12:55:20+07:00,,4286
4801,5412,PromptPay,success,2026-06-28T13:24:35+07:00,,7316
4802,5413,TrueMoney,success,2026-07-18T09:13:10+07:00,,18956
4803,5414,debit_card,success,2026-05-04T23:55:54+07:00,,34065
4804,5415,ShopeePay,success,2026-09-01T17:21:15+07:00,,5102
4805,5416,PromptPay,success,2026-10-30T17:12:29+07:00,,15463
4806,5417,bank_transfer,success,2026-08-31T12:55:45+07:00,,4876
4807,5418,credit_card,success,2026-11-22T12:51:46+07:00,,32388
4808,5421,PromptPay,success,2026-09-17T17:13:04+07:00,,29954
4809,5422,bank_transfer,success,2026-11-30T20:20:46+07:00,,9500
4810,5423,debit_card,success,2026-08-10T16:09:47+07:00,,14790
4811,5424,PromptPay,success,2026-03-13T19:32:17+07:00,,6889
4812,5425,ShopeePay,success,2026-11-27T09:32:44+07:00,,5715
4813,5426,credit_card,success,2026-10-23T13:51:03+07:00,,5914
4814,5427,credit_card,success,2026-07-27T11:04:31+07:00,,26038
4815,5428,credit_card,success,2026-02-05T15:12:42+07:00,,12621
4816,5429,credit_card,success,2026-04-26T11:45:18+07:00,,8427
4817,5430,bank_transfer,success,2026-11-19T01:34:59+07:00,,5715
4818,5431,bank_transfer,success,2026-08-26T12:57:05+07:00,,48788
4819,5432,PromptPay,success,2026-10-29T11:57:22+07:00,,16880
4820,5433,bank_transfer,success,2026-09-26T19:16:49+07:00,,46330
4821,5434,credit_card,success,2026-10-17T23:46:14+07:00,,5316
4822,5437,PromptPay,success,2026-03-23T06:43:40+07:00,,27890
4823,5439,credit_card,success,2026-06-08T21:52:57+07:00,,3299
4824,5440,ShopeePay,success,2026-06-07T09:58:34+07:00,,19266
4825,5441,debit_card,success,2026-02-09T11:51:44+07:00,,4637
4826,5442,PromptPay,failed,2026-08-02T23:17:25+07:00,gateway_timeout,31927
4827,5443,credit_card,success,2026-08-03T19:58:27+07:00,,10174
4828,5444,TrueMoney,success,2026-10-21T22:26:12+07:00,,29730
4829,5445,PromptPay,success,2026-05-22T17:43:46+07:00,,11716
4830,5446,GrabPay,success,2026-07-21T13:37:43+07:00,,17212
4831,5447,credit_card,success,2026-07-30T20:14:51+07:00,,14010
4832,5448,TrueMoney,success,2026-11-14T22:16:47+07:00,,15422
4833,5450,debit_card,success,2026-09-25T23:25:25+07:00,,6273
4834,5451,PromptPay,success,2026-07-16T13:35:33+07:00,,32160
4835,5452,PromptPay,success,2026-07-28T15:24:23+07:00,,14198
4836,5454,PromptPay,success,2026-12-05T13:08:41+07:00,,5859
4837,5455,PromptPay,success,2026-05-05T16:53:58+07:00,,3493
4838,5456,debit_card,success,2026-11-26T07:44:24+07:00,,5119
4839,5457,PromptPay,success,2026-11-08T13:16:54+07:00,,36391
4840,5458,credit_card,success,2026-08-26T11:28:16+07:00,,17048
4841,5459,credit_card,success,2026-10-06T11:55:49+07:00,,24494
4842,5460,PromptPay,success,2026-08-03T15:52:34+07:00,,16087
4843,5461,credit_card,success,2026-07-11T23:24:18+07:00,,25210
4844,5462,TrueMoney,success,2026-12-01T21:23:26+07:00,,27304
4845,5463,debit_card,success,2026-08-07T20:11:32+07:00,,3367
4846,5464,TrueMoney,success,2026-11-29T23:24:06+07:00,,3497
4847,5465,TrueMoney,success,2026-07-20T12:57:56+07:00,,33701
4848,5466,ShopeePay,success,2026-08-11T22:47:04+07:00,,35331
4849,5467,PromptPay,success,2026-03-31T18:41:09+07:00,,24812
4850,5468,TrueMoney,success,2026-10-22T21:27:06+07:00,,9822
4851,5469,PromptPay,success,2026-11-18T06:04:19+07:00,,19885
4852,5470,TrueMoney,success,2026-11-21T17:33:00+07:00,,35098
4853,5471,debit_card,success,2026-11-25T15:46:48+07:00,,10055
4854,5472,bank_transfer,success,2026-05-08T02:02:23+07:00,,15496
4855,5473,PromptPay,success,2026-06-30T17:43:01+07:00,,17420
4856,5475,debit_card,success,2026-12-10T11:27:57+07:00,,22982
4857,5476,credit_card,success,2026-04-23T20:34:05+07:00,,11192
4858,5477,PromptPay,success,2026-10-23T15:58:48+07:00,,10695
4859,5478,PromptPay,success,2026-05-06T22:37:57+07:00,,9118
4860,5481,credit_card,success,2026-07-30T23:58:17+07:00,,43217
4861,5482,TrueMoney,success,2026-12-30T22:43:46+07:00,,5243
4862,5483,debit_card,success,2026-08-20T13:18:45+07:00,,13159
4863,5484,PromptPay,success,2026-10-31T07:51:52+07:00,,3408
4864,5485,TrueMoney,success,2026-05-03T10:52:50+07:00,,8313
4865,5486,PromptPay,success,2026-05-02T01:22:06+07:00,,15498
4866,5487,credit_card,success,2026-04-28T14:47:28+07:00,,6886
4867,5488,PromptPay,failed,2026-10-16T22:53:35+07:00,gateway_timeout,4406
4868,5489,PromptPay,success,2026-07-28T22:53:29+07:00,,11528
4869,5490,credit_card,success,2026-09-19T09:04:57+07:00,,10002
4870,5491,GrabPay,success,2026-03-28T15:36:27+07:00,,11839
4871,5492,PromptPay,success,2026-04-18T23:58:34+07:00,,5791
4872,5494,ShopeePay,success,2026-11-01T11:06:16+07:00,,4720
4873,5495,TrueMoney,success,2026-08-25T22:05:59+07:00,,14782
4874,5496,TrueMoney,success,2026-09-13T12:35:01+07:00,,5386
4875,5497,credit_card,success,2026-02-24T00:15:37+07:00,,14462
4876,5498,debit_card,success,2026-10-28T18:36:16+07:00,,23377
4877,5499,PromptPay,success,2026-09-10T21:28:19+07:00,,11761
4878,5500,credit_card,success,2026-08-05T13:35:59+07:00,,13449
4879,5501,ShopeePay,success,2026-12-09T13:04:43+07:00,,13459
4880,5502,credit_card,success,2026-09-23T09:36:34+07:00,,41861
4881,5503,GrabPay,success,2026-12-24T15:30:24+07:00,,19332
4882,5504,TrueMoney,success,2026-09-22T15:28:03+07:00,,4271
4883,5505,PromptPay,success,2026-11-26T09:37:35+07:00,,23064
4884,5506,credit_card,success,2026-10-24T08:31:45+07:00,,5433
4885,5507,TrueMoney,success,2026-09-24T12:54:27+07:00,,24028
4886,5508,GrabPay,success,2026-11-22T18:45:02+07:00,,27672
4887,5510,ShopeePay,success,2026-09-28T16:46:56+07:00,,8424
4888,5511,ShopeePay,success,2026-11-18T13:02:19+07:00,,32560
4889,5512,PromptPay,success,2026-07-18T16:25:00+07:00,,25221
4890,5513,PromptPay,success,2026-09-05T01:30:04+07:00,,3115
4891,5514,PromptPay,success,2026-07-29T10:11:49+07:00,,8723
4892,5515,debit_card,success,2026-12-04T08:45:04+07:00,,15541
4893,5516,ShopeePay,success,2026-09-10T01:23:34+07:00,,14082
4894,5517,debit_card,success,2026-11-05T20:26:59+07:00,,5763
4895,5518,PromptPay,success,2026-12-17T12:11:14+07:00,,11180
4896,5520,PromptPay,success,2026-10-04T01:14:05+07:00,,14435
4897,5521,PromptPay,success,2026-09-13T18:10:53+07:00,,11623
4898,5522,debit_card,success,2026-07-18T11:30:29+07:00,,5532
4899,5523,debit_card,success,2026-12-02T09:23:30+07:00,,8138
4900,5524,PromptPay,success,2026-06-18T09:19:17+07:00,,7791
4901,5525,TrueMoney,success,2026-08-27T16:26:10+07:00,,4968
4902,5526,bank_transfer,success,2026-09-08T19:16:33+07:00,,22763
4903,5528,TrueMoney,success,2026-10-10T18:33:58+07:00,,7783
4904,5529,credit_card,success,2026-09-15T00:42:19+07:00,,4893
4905,5530,credit_card,success,2026-12-18T17:26:48+07:00,,6880
4906,5531,PromptPay,success,2026-10-20T21:00:12+07:00,,7881
4907,5532,PromptPay,success,2026-08-20T20:17:46+07:00,,16988
4908,5533,bank_transfer,success,2026-08-26T23:45:25+07:00,,32160
4909,5534,PromptPay,success,2026-12-07T07:52:53+07:00,,6193
4910,5535,PromptPay,success,2026-12-25T13:40:17+07:00,,9331
4911,5536,credit_card,success,2026-08-22T22:27:48+07:00,,8311
4912,5537,PromptPay,success,2026-06-27T14:23:45+07:00,,6967
4913,5538,credit_card,success,2026-07-26T19:38:35+07:00,,16414
4914,5539,PromptPay,success,2026-09-10T17:36:47+07:00,,7757
4915,5540,PromptPay,success,2026-06-26T23:28:50+07:00,,26985
4916,5541,GrabPay,success,2026-07-12T04:58:23+07:00,,29392
4917,5542,bank_transfer,success,2026-07-13T11:02:31+07:00,,20506
4918,5543,PromptPay,success,2026-05-12T00:35:24+07:00,,18806
4919,5544,TrueMoney,success,2026-09-29T12:21:14+07:00,,5368
4920,5545,ShopeePay,success,2026-09-27T09:19:56+07:00,,3845
4921,5546,TrueMoney,failed,2026-04-02T02:30:23+07:00,card_declined,22421
4922,5547,PromptPay,success,2026-10-09T03:44:03+07:00,,14522
4923,5548,debit_card,success,2026-06-21T01:06:50+07:00,,15915
4924,5549,PromptPay,success,2026-05-27T08:21:50+07:00,,10978
4925,5550,debit_card,success,2026-06-20T19:01:37+07:00,,10277
4926,5551,credit_card,success,2026-08-26T11:36:41+07:00,,5264
4927,5552,credit_card,success,2026-05-13T12:55:23+07:00,,6956
4928,5553,credit_card,success,2026-07-18T16:11:37+07:00,,8708
4929,5554,debit_card,success,2026-11-09T17:49:29+07:00,,38557
4930,5556,debit_card,success,2026-09-30T09:28:42+07:00,,2856
4931,5557,TrueMoney,success,2026-05-18T12:17:07+07:00,,14671
4932,5558,GrabPay,success,2026-08-17T00:06:38+07:00,,14572
4933,5560,credit_card,success,2026-09-19T21:02:31+07:00,,15356
4934,5561,PromptPay,success,2026-09-22T20:58:21+07:00,,5526
4935,5562,debit_card,success,2026-07-18T00:34:00+07:00,,18832
4936,5563,PromptPay,success,2026-05-26T19:58:44+07:00,,45807
4937,5564,PromptPay,success,2026-07-12T09:43:09+07:00,,29702
4938,5565,credit_card,success,2026-12-11T08:48:32+07:00,,21495
4939,5566,PromptPay,success,2026-05-04T07:55:54+07:00,,17229
4940,5567,PromptPay,success,2026-10-21T04:59:48+07:00,,7546
4941,5568,credit_card,success,2026-05-18T22:36:34+07:00,,16863
4942,5570,PromptPay,success,2026-10-29T14:44:54+07:00,,14876
4943,5571,PromptPay,success,2026-11-11T13:51:11+07:00,,28169
4944,5573,TrueMoney,success,2026-10-18T00:02:29+07:00,,15408
4945,5575,credit_card,success,2026-08-01T01:22:04+07:00,,28811
4946,5576,PromptPay,success,2026-12-27T09:54:06+07:00,,5430
4947,5577,debit_card,success,2026-09-22T17:45:29+07:00,,10781
4948,5578,credit_card,success,2026-09-16T19:59:01+07:00,,6491
4949,5579,credit_card,success,2026-09-28T20:51:46+07:00,,11665
4950,5580,TrueMoney,success,2026-07-30T06:45:40+07:00,,31959
4951,5581,PromptPay,success,2026-09-23T21:39:04+07:00,,12002
4952,5582,PromptPay,success,2026-12-10T23:16:51+07:00,,7600
4953,5583,PromptPay,success,2026-07-24T10:23:08+07:00,,10660
4954,5584,credit_card,success,2026-10-06T17:51:11+07:00,,18186
4955,5585,PromptPay,success,2026-12-21T01:11:02+07:00,,11595
4956,5586,debit_card,success,2026-06-17T01:22:49+07:00,,40106
4957,5587,credit_card,success,2026-08-15T17:06:25+07:00,,14288
4958,5588,bank_transfer,success,2026-02-24T19:03:15+07:00,,14825
4959,5589,credit_card,success,2026-10-06T15:28:58+07:00,,7082
4960,5590,credit_card,success,2026-10-28T21:44:05+07:00,,37116
4961,5591,PromptPay,success,2026-10-10T10:59:24+07:00,,23083
4962,5592,TrueMoney,success,2026-03-02T10:28:32+07:00,,12476
4963,5593,PromptPay,success,2026-07-23T16:30:31+07:00,,10233
4964,5594,PromptPay,success,2026-07-29T10:20:32+07:00,,8093
4965,5595,credit_card,success,2026-10-06T16:29:31+07:00,,21286
4966,5596,PromptPay,success,2026-05-11T15:08:44+07:00,,8506
4967,5597,credit_card,success,2026-06-29T09:48:10+07:00,,32682
4968,5598,PromptPay,success,2026-12-19T14:37:56+07:00,,13561
4969,5599,PromptPay,success,2026-12-13T17:13:45+07:00,,19902
4970,5600,GrabPay,success,2026-12-25T10:07:53+07:00,,29220
4971,5601,credit_card,success,2026-06-22T16:49:42+07:00,,51740
4972,5602,TrueMoney,success,2026-08-08T22:32:56+07:00,,17690
4973,5603,ShopeePay,success,2026-09-06T10:34:38+07:00,,3079
4974,5605,credit_card,success,2026-10-23T22:58:19+07:00,,9098
4975,5606,credit_card,success,2026-05-11T23:01:25+07:00,,8431
4976,5607,credit_card,success,2026-12-15T10:13:51+07:00,,28901
4977,5608,PromptPay,success,2026-08-12T08:35:54+07:00,,6248
4978,5609,PromptPay,success,2026-05-08T15:23:24+07:00,,4507
4979,5610,PromptPay,success,2026-10-21T19:44:20+07:00,,16905
4980,5611,credit_card,success,2026-10-28T14:17:06+07:00,,22331
4981,5612,GrabPay,success,2026-12-04T12:58:27+07:00,,7691
4982,5613,credit_card,success,2026-04-19T22:06:37+07:00,,16033
4983,5614,PromptPay,success,2026-10-08T21:20:03+07:00,,3895
4984,5615,GrabPay,success,2026-09-04T21:24:51+07:00,,8281
4985,5616,TrueMoney,success,2026-03-30T12:46:23+07:00,,8390
4986,5617,credit_card,success,2026-12-27T22:13:35+07:00,,20659
4987,5618,PromptPay,success,2026-03-28T09:30:01+07:00,,4680
4988,5619,PromptPay,success,2026-01-16T15:36:53+07:00,,21669
4989,5620,PromptPay,failed,2026-03-26T09:45:24+07:00,card_declined,12148
4990,5621,GrabPay,success,2026-11-15T13:26:32+07:00,,5373
4991,5623,ShopeePay,success,2026-12-24T12:47:28+07:00,,8850
4992,5624,TrueMoney,success,2026-06-19T13:33:37+07:00,,10413
4993,5625,PromptPay,success,2026-08-26T19:40:43+07:00,,8834
4994,5626,bank_transfer,success,2026-11-14T10:45:57+07:00,,6162
4995,5627,GrabPay,success,2026-08-30T00:41:43+07:00,,8895
4996,5628,PromptPay,success,2026-09-20T11:29:00+07:00,,13054
4997,5629,debit_card,success,2026-11-10T20:46:25+07:00,,25760
4998,5630,PromptPay,success,2026-11-18T12:17:28+07:00,,26789
4999,5631,ShopeePay,success,2026-05-05T18:56:44+07:00,,5475
5000,5635,bank_transfer,success,2026-02-16T00:34:31+07:00,,19614
5001,5636,credit_card,success,2026-03-28T17:17:58+07:00,,4997
5002,5637,debit_card,success,2026-10-06T12:26:11+07:00,,8457
5003,5638,credit_card,success,2026-07-14T21:02:54+07:00,,7457
5004,5639,GrabPay,success,2026-10-06T17:55:27+07:00,,21270
5005,5640,PromptPay,success,2026-11-18T00:38:54+07:00,,10686
5006,5641,bank_transfer,success,2026-05-23T01:03:02+07:00,,4748
5007,5642,debit_card,success,2026-06-27T14:09:35+07:00,,5096
5008,5643,TrueMoney,success,2026-09-12T14:17:10+07:00,,22721
5009,5644,TrueMoney,success,2026-04-14T00:15:41+07:00,,5755
5010,5645,credit_card,success,2026-10-12T01:44:53+07:00,,17604
5011,5646,PromptPay,success,2026-11-02T19:46:45+07:00,,32276
5012,5648,ShopeePay,success,2026-08-16T21:30:52+07:00,,18887
5013,5649,ShopeePay,success,2026-11-11T14:01:08+07:00,,7341
5014,5650,credit_card,success,2026-09-24T10:27:18+07:00,,4485
5015,5652,GrabPay,success,2026-06-26T05:14:24+07:00,,12373
5016,5653,TrueMoney,success,2026-06-13T19:39:41+07:00,,5157
5017,5654,debit_card,success,2026-12-12T17:43:36+07:00,,18643
5018,5655,ShopeePay,success,2026-04-10T17:27:26+07:00,,10293
5019,5656,TrueMoney,success,2026-10-27T12:58:05+07:00,,5480
5020,5657,TrueMoney,success,2026-12-20T12:33:40+07:00,,14824
5021,5658,TrueMoney,success,2026-05-17T13:34:58+07:00,,21099
5022,5659,PromptPay,success,2026-05-31T11:52:49+07:00,,9242
5023,5660,PromptPay,success,2026-10-04T13:03:36+07:00,,9604
5024,5661,debit_card,success,2026-12-17T16:52:46+07:00,,44895
5025,5662,credit_card,success,2026-08-08T12:51:46+07:00,,11119
5026,5663,credit_card,success,2026-12-10T09:16:55+07:00,,12917
5027,5664,TrueMoney,success,2026-11-12T13:37:53+07:00,,13639
5028,5666,GrabPay,success,2026-12-18T23:07:32+07:00,,7754
5029,5668,debit_card,success,2026-09-28T09:56:53+07:00,,8624
5030,5669,PromptPay,success,2026-08-23T18:59:29+07:00,,9602
5031,5670,debit_card,success,2026-08-28T00:17:08+07:00,,12544
5032,5672,PromptPay,success,2026-07-20T14:47:51+07:00,,11262
5033,5673,credit_card,success,2026-06-26T16:32:42+07:00,,26833
5034,5674,PromptPay,success,2026-09-16T14:32:44+07:00,,7211
5035,5675,bank_transfer,success,2026-10-25T08:14:48+07:00,,5519
5036,5676,PromptPay,success,2026-10-26T15:01:35+07:00,,7490
5037,5677,TrueMoney,success,2026-11-23T23:33:13+07:00,,8613
5038,5678,PromptPay,success,2026-08-25T10:05:19+07:00,,7846
5039,5679,credit_card,success,2026-10-12T19:33:45+07:00,,11506
5040,5680,PromptPay,success,2026-09-06T07:56:02+07:00,,28405
5041,5681,credit_card,success,2026-07-05T06:24:14+07:00,,23577
5042,5682,PromptPay,failed,2026-09-12T22:26:58+07:00,gateway_timeout,6733
5043,5683,PromptPay,success,2026-07-23T00:19:21+07:00,,22472
5044,5684,TrueMoney,success,2026-07-28T09:58:59+07:00,,6954
5045,5685,bank_transfer,failed,2026-12-01T18:33:22+07:00,bank_rejected,9600
5046,5686,PromptPay,success,2026-05-12T20:40:44+07:00,,21254
5047,5687,PromptPay,success,2026-08-16T07:27:34+07:00,,11394
5048,5688,credit_card,success,2026-09-26T00:29:41+07:00,,11295
5049,5689,PromptPay,success,2026-10-01T06:15:40+07:00,,11606
5050,5690,PromptPay,success,2026-11-01T15:16:32+07:00,,6114
5051,5691,PromptPay,success,2026-04-14T16:35:54+07:00,,25655
5052,5692,PromptPay,success,2026-10-28T08:23:10+07:00,,14718
5053,5693,ShopeePay,success,2026-10-28T18:47:20+07:00,,19455
5054,5695,GrabPay,success,2026-12-05T20:18:52+07:00,,8264
5055,5696,PromptPay,success,2026-11-25T12:20:42+07:00,,7688
5056,5697,TrueMoney,success,2026-10-29T15:57:12+07:00,,15739
5057,5698,credit_card,success,2026-05-22T12:29:18+07:00,,19715
5058,5699,credit_card,success,2026-03-25T13:43:57+07:00,,14368
5059,5701,debit_card,success,2026-09-28T10:59:30+07:00,,4438
5060,5702,PromptPay,success,2026-07-20T10:11:18+07:00,,14515
5061,5703,credit_card,success,2026-09-26T20:56:09+07:00,,31426
5062,5704,PromptPay,success,2026-09-05T14:20:37+07:00,,22509
5063,5705,PromptPay,success,2026-12-28T18:54:02+07:00,,18617
5064,5706,PromptPay,success,2026-10-06T18:33:51+07:00,,12195
5065,5707,debit_card,success,2026-08-01T15:21:38+07:00,,10601
5066,5708,credit_card,success,2026-12-03T21:37:57+07:00,,5802
5067,5709,debit_card,success,2026-03-01T11:08:37+07:00,,15642
5068,5710,debit_card,success,2026-09-16T16:23:23+07:00,,37151
5069,5711,TrueMoney,success,2026-11-01T11:36:04+07:00,,2315
5070,5712,TrueMoney,success,2026-04-13T00:58:58+07:00,,5636
5071,5713,debit_card,success,2026-04-24T22:54:47+07:00,,13826
5072,5714,PromptPay,success,2026-06-09T23:55:59+07:00,,15021
5073,5715,bank_transfer,success,2026-09-26T16:32:11+07:00,,2655
5074,5716,credit_card,success,2026-12-07T20:53:52+07:00,,45559
5075,5717,debit_card,success,2026-03-24T10:43:11+07:00,,22644
5076,5718,credit_card,success,2026-10-24T21:57:36+07:00,,15279
5077,5719,PromptPay,success,2026-11-13T02:36:13+07:00,,14418
5078,5720,PromptPay,failed,2026-06-13T19:56:48+07:00,insufficient_funds,17689
5079,5721,bank_transfer,success,2026-04-06T18:14:21+07:00,,6994
5080,5722,debit_card,success,2026-04-24T12:47:31+07:00,,14222
5081,5723,PromptPay,success,2026-12-21T20:27:08+07:00,,6440
5082,5724,credit_card,success,2026-04-25T14:08:52+07:00,,8843
5083,5725,credit_card,success,2026-10-19T19:32:59+07:00,,3353
5084,5726,credit_card,success,2026-08-19T11:40:52+07:00,,38042
5085,5727,credit_card,success,2026-10-03T12:29:57+07:00,,6120
5086,5729,TrueMoney,success,2026-08-28T05:20:00+07:00,,3455
5087,5731,debit_card,success,2026-12-12T16:00:15+07:00,,8935
5088,5732,credit_card,success,2026-06-22T23:14:35+07:00,,7392
5089,5733,PromptPay,success,2026-07-25T02:17:44+07:00,,4960
5090,5734,PromptPay,success,2026-08-06T15:34:17+07:00,,37185
5091,5735,credit_card,success,2026-06-27T14:27:30+07:00,,10252
5092,5736,credit_card,success,2026-12-26T09:40:25+07:00,,28221
5093,5737,PromptPay,success,2026-06-12T08:47:38+07:00,,13545
5094,5738,credit_card,success,2026-07-11T23:16:06+07:00,,4504
5095,5739,PromptPay,success,2026-11-12T07:31:33+07:00,,19026
5096,5740,bank_transfer,success,2026-04-06T22:44:58+07:00,,14660
5097,5741,TrueMoney,success,2026-04-24T13:24:22+07:00,,19339
5098,5742,PromptPay,success,2026-12-06T15:16:55+07:00,,21028
5099,5743,debit_card,success,2026-06-02T14:30:29+07:00,,10316
5100,5744,bank_transfer,success,2026-05-05T20:55:56+07:00,,15723
5101,5745,PromptPay,success,2026-08-01T21:00:26+07:00,,8599
5102,5746,PromptPay,success,2026-08-24T12:48:28+07:00,,6727
5103,5747,debit_card,success,2026-07-20T11:24:10+07:00,,33766
5104,5748,PromptPay,success,2026-08-18T18:15:46+07:00,,50119
5105,5751,TrueMoney,success,2026-10-11T10:18:03+07:00,,7143
5106,5752,bank_transfer,success,2026-10-16T19:06:47+07:00,,22460
5107,5753,credit_card,success,2026-11-21T01:34:51+07:00,,12450
5108,5754,debit_card,success,2026-11-08T01:17:25+07:00,,6801
5109,5755,credit_card,success,2026-12-02T10:34:10+07:00,,21428
5110,5756,PromptPay,success,2026-05-21T22:24:30+07:00,,4151
5111,5757,PromptPay,success,2026-10-08T20:34:22+07:00,,17723
5112,5758,PromptPay,success,2026-12-14T00:37:40+07:00,,9409
5113,5760,TrueMoney,failed,2026-08-28T10:35:14+07:00,otp_timeout,6168
5114,5761,credit_card,success,2026-07-29T11:09:30+07:00,,4865
5115,5762,debit_card,success,2026-06-26T10:42:13+07:00,,16329
5116,5763,PromptPay,success,2026-06-26T12:44:11+07:00,,8191
5117,5764,credit_card,success,2026-09-30T11:03:39+07:00,,25739
5118,5765,PromptPay,success,2026-10-21T14:51:29+07:00,,9924
5119,5766,PromptPay,success,2026-10-07T00:27:02+07:00,,17115
5120,5767,PromptPay,success,2026-11-04T21:24:41+07:00,,7161
5121,5769,TrueMoney,success,2026-08-16T18:51:40+07:00,,12444
5122,5770,debit_card,success,2026-11-01T23:11:06+07:00,,59374
5123,5771,TrueMoney,success,2026-10-13T14:03:35+07:00,,19548
5124,5772,bank_transfer,success,2026-11-12T01:28:11+07:00,,10030
5125,5773,bank_transfer,success,2026-11-09T08:03:55+07:00,,8050
5126,5774,PromptPay,success,2026-11-13T00:29:40+07:00,,5870
5127,5775,credit_card,success,2026-05-20T23:41:11+07:00,,8735
5128,5776,debit_card,success,2026-08-02T12:59:23+07:00,,12572
5129,5777,PromptPay,failed,2026-07-23T15:33:27+07:00,insufficient_funds,8146
5130,5778,TrueMoney,success,2026-11-10T00:22:22+07:00,,19153
5131,5779,credit_card,success,2026-12-07T14:17:58+07:00,,10777
5132,5780,PromptPay,success,2026-10-06T10:06:22+07:00,,7428
5133,5781,PromptPay,success,2026-11-14T19:25:11+07:00,,23926
5134,5782,bank_transfer,success,2026-07-29T21:16:11+07:00,,8657
5135,5783,TrueMoney,success,2026-10-10T17:56:23+07:00,,27980
5136,5784,credit_card,success,2026-07-02T15:28:08+07:00,,21906
5137,5785,PromptPay,failed,2026-08-17T23:30:17+07:00,gateway_timeout,31351
5138,5786,PromptPay,success,2026-11-13T07:52:50+07:00,,55991
5139,5787,credit_card,success,2026-08-17T14:06:44+07:00,,8209
5140,5788,PromptPay,success,2026-10-04T14:08:34+07:00,,14047
5141,5789,credit_card,success,2026-06-23T17:18:15+07:00,,21595
5142,5790,credit_card,success,2026-04-30T10:34:32+07:00,,10805
5143,5791,debit_card,success,2026-10-25T00:30:42+07:00,,16887
5144,5792,debit_card,success,2026-11-18T13:19:32+07:00,,7822
5145,5793,PromptPay,success,2026-07-17T17:23:47+07:00,,19527
5146,5794,credit_card,success,2026-12-22T22:49:43+07:00,,23592
5147,5795,credit_card,success,2026-08-16T00:17:33+07:00,,10441
5148,5796,PromptPay,success,2026-09-07T13:09:39+07:00,,9803
5149,5797,PromptPay,success,2026-09-25T10:04:42+07:00,,18925
5150,5799,credit_card,success,2026-12-20T23:43:21+07:00,,6509
5151,5800,credit_card,success,2026-04-07T20:06:14+07:00,,9210
5152,5801,bank_transfer,success,2026-05-01T02:18:14+07:00,,3451
5153,5802,GrabPay,success,2026-12-01T00:10:07+07:00,,19020
5154,5803,TrueMoney,success,2026-06-21T23:49:40+07:00,,12330
5155,5804,ShopeePay,success,2026-11-30T00:10:22+07:00,,6173
5156,5805,credit_card,success,2026-09-06T12:46:28+07:00,,9807
5157,5806,debit_card,success,2026-07-28T22:01:27+07:00,,3529
5158,5807,TrueMoney,success,2026-03-05T10:10:53+07:00,,11445
5159,5808,TrueMoney,success,2026-12-28T19:47:16+07:00,,35692
5160,5809,debit_card,success,2026-07-20T01:14:49+07:00,,35781
5161,5810,GrabPay,success,2026-09-20T20:52:41+07:00,,11608
5162,5811,TrueMoney,success,2026-09-08T10:14:04+07:00,,11807
5163,5812,PromptPay,success,2026-09-29T21:16:50+07:00,,12501
5164,5813,PromptPay,success,2026-12-08T21:57:23+07:00,,14587
5165,5814,PromptPay,success,2026-03-17T09:34:21+07:00,,14268
5166,5815,PromptPay,success,2026-09-04T00:09:25+07:00,,11432
5167,5816,PromptPay,success,2026-09-22T17:36:10+07:00,,8638
5168,5818,GrabPay,success,2026-09-12T06:06:12+07:00,,38635
5169,5819,PromptPay,success,2026-08-04T23:38:03+07:00,,4974
5170,5820,bank_transfer,success,2026-07-02T09:34:34+07:00,,27054
5171,5821,PromptPay,success,2026-07-19T15:39:32+07:00,,32336
5172,5822,PromptPay,success,2026-04-17T17:29:47+07:00,,3475
5173,5823,ShopeePay,success,2026-08-02T23:54:55+07:00,,12776
5174,5824,credit_card,failed,2026-08-27T10:26:14+07:00,insufficient_funds,10205
5175,5825,bank_transfer,success,2026-08-21T20:19:05+07:00,,16197
5176,5826,credit_card,success,2026-07-04T16:25:24+07:00,,12951
5177,5827,TrueMoney,success,2026-09-04T11:46:12+07:00,,15534
5178,5828,PromptPay,success,2026-07-29T11:07:44+07:00,,12618
5179,5829,PromptPay,success,2026-06-09T22:05:32+07:00,,21614
5180,5830,bank_transfer,success,2026-08-15T08:54:24+07:00,,17470
5181,5831,TrueMoney,success,2026-03-18T00:55:29+07:00,,18673
5182,5832,debit_card,success,2026-03-31T11:03:33+07:00,,5791
5183,5833,TrueMoney,success,2026-04-24T00:34:59+07:00,,4723
5184,5834,PromptPay,success,2026-10-26T20:32:23+07:00,,7650
5185,5835,debit_card,success,2026-10-04T15:02:17+07:00,,6042
5186,5836,PromptPay,success,2026-11-02T12:12:29+07:00,,35445
5187,5837,TrueMoney,success,2026-11-05T13:06:34+07:00,,8952
5188,5838,debit_card,success,2026-12-04T21:38:45+07:00,,12955
5189,5839,bank_transfer,failed,2026-06-14T14:08:45+07:00,otp_timeout,24352
5190,5840,GrabPay,success,2026-06-25T21:14:22+07:00,,15141
5191,5841,PromptPay,success,2026-09-16T20:51:00+07:00,,10630
5192,5842,bank_transfer,success,2026-04-25T00:45:45+07:00,,29271
5193,5843,bank_transfer,success,2026-03-17T15:52:05+07:00,,3862
5194,5844,ShopeePay,success,2026-05-13T10:11:28+07:00,,50847
5195,5845,credit_card,success,2026-06-28T18:16:27+07:00,,14710
5196,5846,credit_card,success,2026-12-09T16:47:33+07:00,,6414
5197,5847,credit_card,success,2026-12-15T12:05:38+07:00,,26810
5198,5851,debit_card,success,2026-10-02T21:40:58+07:00,,5984
5199,5852,debit_card,success,2026-10-02T14:50:08+07:00,,35538
5200,5853,debit_card,success,2026-11-07T23:07:14+07:00,,10170
5201,5854,credit_card,success,2026-12-17T09:17:57+07:00,,8908
5202,5855,GrabPay,success,2026-09-25T01:56:40+07:00,,12370
5203,5856,bank_transfer,success,2026-09-29T14:08:31+07:00,,7974
5204,5858,debit_card,success,2026-11-08T11:13:40+07:00,,6019
5205,5859,PromptPay,success,2026-11-14T08:48:11+07:00,,28588
5206,5860,debit_card,success,2026-12-14T17:21:28+07:00,,7561
5207,5861,GrabPay,success,2026-06-09T21:39:52+07:00,,23565
5208,5862,credit_card,success,2026-12-24T18:40:49+07:00,,11178
5209,5864,debit_card,success,2026-11-10T09:06:58+07:00,,6501
5210,5865,TrueMoney,success,2026-11-02T10:18:02+07:00,,18384
5211,5866,ShopeePay,success,2026-06-10T16:00:00+07:00,,3991
5212,5867,bank_transfer,success,2026-09-23T18:40:03+07:00,,3989
5213,5869,GrabPay,success,2026-12-24T11:37:31+07:00,,18606
5214,5870,credit_card,success,2026-11-30T12:42:42+07:00,,10256
5215,5872,TrueMoney,success,2026-09-07T23:00:20+07:00,,7861
5216,5873,debit_card,success,2026-09-20T23:39:55+07:00,,4501
5217,5874,TrueMoney,success,2026-10-19T09:11:10+07:00,,11235
5218,5875,ShopeePay,success,2026-12-29T14:40:02+07:00,,35579
5219,5877,PromptPay,success,2026-06-23T16:06:00+07:00,,22131
5220,5878,TrueMoney,success,2026-12-26T22:23:01+07:00,,35433
5221,5880,bank_transfer,success,2026-10-26T00:12:14+07:00,,6184
5222,5881,TrueMoney,success,2026-11-29T12:11:50+07:00,,19769
5223,5882,PromptPay,success,2026-11-11T19:33:21+07:00,,5105
5224,5883,GrabPay,success,2026-11-26T03:35:15+07:00,,5172
5225,5884,credit_card,success,2026-10-06T20:34:28+07:00,,11120
5226,5885,PromptPay,success,2026-11-14T22:25:20+07:00,,26708
5227,5887,credit_card,success,2026-10-25T14:35:26+07:00,,11734
5228,5888,PromptPay,success,2026-12-26T15:21:38+07:00,,46567
5229,5889,credit_card,success,2026-09-25T16:03:47+07:00,,17327
5230,5890,debit_card,success,2026-10-31T16:22:47+07:00,,8764
5231,5891,TrueMoney,success,2026-11-20T18:14:33+07:00,,20722
5232,5892,GrabPay,success,2026-09-16T14:31:42+07:00,,7155
5233,5893,TrueMoney,success,2026-12-01T11:32:05+07:00,,10955
5234,5894,PromptPay,success,2026-12-15T00:16:32+07:00,,18909
5235,5895,debit_card,success,2026-09-13T23:24:16+07:00,,26138
5236,5896,PromptPay,success,2026-09-23T20:11:11+07:00,,8423
5237,5897,TrueMoney,success,2026-10-01T07:16:54+07:00,,5574
5238,5898,GrabPay,failed,2026-10-07T13:20:33+07:00,card_declined,5688
5239,5899,credit_card,success,2026-07-29T05:41:55+07:00,,3091
5240,5900,PromptPay,success,2026-08-26T15:53:32+07:00,,17681
5241,5901,PromptPay,success,2026-10-03T22:13:14+07:00,,13973
5242,5902,credit_card,success,2026-09-20T13:08:11+07:00,,14600
5243,5903,credit_card,success,2026-04-03T12:33:18+07:00,,29399
5244,5904,PromptPay,failed,2026-04-14T12:36:14+07:00,insufficient_funds,10577
5245,5905,GrabPay,failed,2026-05-25T09:10:26+07:00,card_declined,14714
5246,5906,PromptPay,failed,2026-11-21T15:50:03+07:00,insufficient_funds,7752
5247,5908,ShopeePay,success,2026-10-11T04:17:08+07:00,,11291
5248,5909,GrabPay,success,2026-07-28T21:28:36+07:00,,8969
5249,5910,credit_card,success,2026-12-11T01:51:12+07:00,,10184
5250,5911,credit_card,success,2026-12-30T19:12:34+07:00,,17567
5251,5912,PromptPay,success,2026-03-16T23:59:40+07:00,,6922
5252,5913,PromptPay,success,2026-03-08T01:15:46+07:00,,4014
5253,5914,PromptPay,success,2026-08-05T10:46:45+07:00,,24137
5254,5915,credit_card,success,2026-11-27T19:07:34+07:00,,25128
5255,5916,credit_card,success,2026-09-29T18:32:51+07:00,,23698
5256,5917,bank_transfer,success,2026-08-19T22:11:09+07:00,,11049
5257,5918,PromptPay,success,2026-10-07T02:30:34+07:00,,12872
5258,5919,debit_card,failed,2026-10-19T11:00:31+07:00,insufficient_funds,7502
5259,5920,ShopeePay,success,2026-10-07T14:00:03+07:00,,18488
5260,5921,debit_card,success,2026-12-15T22:44:42+07:00,,8113
5261,5922,credit_card,success,2026-11-11T17:42:22+07:00,,25344
5262,5923,GrabPay,success,2026-10-04T09:00:04+07:00,,8233
5263,5924,bank_transfer,success,2026-10-17T00:59:44+07:00,,8004
5264,5925,TrueMoney,success,2026-07-12T15:11:05+07:00,,8461
5265,5927,PromptPay,success,2026-11-08T13:42:43+07:00,,15361
5266,5928,PromptPay,success,2026-10-19T21:10:54+07:00,,18584
5267,5929,credit_card,success,2026-10-29T10:06:55+07:00,,10214
5268,5930,PromptPay,failed,2026-08-04T23:12:14+07:00,gateway_timeout,13687
5269,5931,PromptPay,success,2026-12-07T00:11:14+07:00,,5439
5270,5932,TrueMoney,success,2026-10-25T19:34:12+07:00,,6602
5271,5933,PromptPay,failed,2026-11-07T08:53:46+07:00,insufficient_funds,3937
5272,5935,PromptPay,success,2026-10-24T10:44:40+07:00,,14942
5273,5936,debit_card,success,2026-09-17T15:02:29+07:00,,7898
5274,5937,credit_card,success,2026-08-15T12:50:05+07:00,,7526
5275,5938,GrabPay,success,2026-11-24T16:13:04+07:00,,13222
5276,5939,ShopeePay,success,2026-07-17T16:39:13+07:00,,27325
5277,5940,TrueMoney,success,2026-08-03T19:19:21+07:00,,11353
5278,5941,debit_card,success,2026-06-08T00:42:21+07:00,,12042
5279,5942,debit_card,success,2026-03-04T13:27:01+07:00,,12816
5280,5943,bank_transfer,success,2026-04-30T16:54:44+07:00,,26114
5281,5944,debit_card,success,2026-08-10T02:04:25+07:00,,18110
5282,5945,TrueMoney,success,2026-08-28T09:40:34+07:00,,49364
5283,5946,credit_card,success,2026-06-13T01:37:57+07:00,,2497
5284,5947,PromptPay,success,2026-05-17T23:20:38+07:00,,14435
5285,5948,PromptPay,failed,2026-11-20T19:54:26+07:00,user_cancelled,5133
5286,5950,credit_card,success,2026-08-05T10:33:03+07:00,,20418
5287,5951,credit_card,success,2026-08-18T22:33:03+07:00,,7464
5288,5953,PromptPay,success,2026-10-27T22:40:12+07:00,,7075
5289,5954,bank_transfer,success,2026-08-05T17:03:13+07:00,,13937
5290,5955,debit_card,success,2026-03-18T20:17:21+07:00,,20754
5291,5956,debit_card,success,2026-10-20T00:42:13+07:00,,7348
5292,5957,TrueMoney,success,2026-06-24T16:10:57+07:00,,9194
5293,5958,ShopeePay,success,2026-08-31T23:29:13+07:00,,21913
5294,5959,TrueMoney,success,2026-11-05T01:16:22+07:00,,9273
5295,5960,debit_card,success,2026-10-30T22:33:19+07:00,,3275
5296,5962,PromptPay,success,2026-07-16T12:55:42+07:00,,14133
5297,5964,credit_card,success,2026-10-07T23:46:41+07:00,,5442
5298,5966,PromptPay,success,2026-07-23T20:38:29+07:00,,7459
5299,5967,debit_card,success,2026-12-25T19:41:41+07:00,,13560
5300,5968,credit_card,success,2026-07-09T21:17:25+07:00,,4796
5301,5969,ShopeePay,success,2026-01-23T07:39:25+07:00,,8793
5302,5970,PromptPay,success,2026-10-15T00:09:29+07:00,,26274
5303,5971,PromptPay,success,2026-11-28T13:34:54+07:00,,17346
5304,5972,credit_card,success,2026-11-20T19:23:34+07:00,,10951
5305,5973,GrabPay,success,2026-09-19T14:57:42+07:00,,34435
5306,5975,credit_card,success,2026-09-20T19:32:54+07:00,,4995
5307,5976,debit_card,success,2026-03-25T17:39:58+07:00,,14302
5308,5977,ShopeePay,success,2026-03-20T10:50:46+07:00,,14362
5309,5978,PromptPay,success,2026-10-23T12:38:26+07:00,,6906
5310,5979,credit_card,success,2026-12-04T13:12:18+07:00,,14812
5311,5980,credit_card,success,2026-08-03T11:58:48+07:00,,9738
5312,5981,PromptPay,success,2026-08-25T09:10:32+07:00,,22038
5313,5982,PromptPay,success,2026-10-03T18:27:23+07:00,,8826
5314,5983,PromptPay,success,2026-04-24T17:52:29+07:00,,9236
5315,5984,credit_card,success,2026-10-30T13:03:22+07:00,,18231
5316,5985,bank_transfer,success,2026-12-04T09:33:56+07:00,,11487
5317,5986,debit_card,success,2026-12-06T15:38:13+07:00,,17597
5318,5987,PromptPay,success,2026-10-13T20:49:47+07:00,,25093
5319,5988,GrabPay,success,2026-04-20T12:18:26+07:00,,3771
5320,5989,credit_card,failed,2026-07-27T21:15:39+07:00,otp_timeout,29693
5321,5990,credit_card,success,2026-10-01T01:52:11+07:00,,24109
5322,5991,bank_transfer,success,2026-09-01T15:29:34+07:00,,5724
5323,5992,PromptPay,success,2026-03-19T18:13:46+07:00,,12909
5324,5993,PromptPay,success,2026-05-29T18:46:13+07:00,,14243
5325,5994,PromptPay,success,2026-06-29T23:34:17+07:00,,17189
5326,5995,credit_card,success,2026-10-16T23:44:32+07:00,,80249
5327,5996,bank_transfer,success,2026-12-14T20:08:50+07:00,,12470
5328,5999,PromptPay,success,2026-12-14T21:01:00+07:00,,27163
5329,6000,credit_card,failed,2026-09-16T11:52:29+07:00,user_cancelled,25938
5330,6001,credit_card,success,2026-12-19T00:12:32+07:00,,33133
5331,6002,credit_card,success,2026-10-25T22:01:27+07:00,,14701
5332,6003,credit_card,success,2026-06-19T10:26:10+07:00,,3876
5333,6004,credit_card,success,2026-09-23T20:14:58+07:00,,18455
5334,6005,PromptPay,success,2026-06-28T19:20:35+07:00,,10533
5335,6007,PromptPay,success,2026-10-06T16:47:31+07:00,,25281
5336,6009,credit_card,success,2026-10-01T23:19:46+07:00,,47477
5337,6010,bank_transfer,success,2026-11-22T17:59:14+07:00,,32179
5338,6011,PromptPay,failed,2026-12-06T23:02:48+07:00,gateway_timeout,11025
5339,6012,credit_card,success,2026-08-08T19:42:56+07:00,,38811
5340,6013,bank_transfer,success,2026-07-31T13:53:53+07:00,,3694
5341,6014,PromptPay,success,2026-11-24T10:29:47+07:00,,13799
5342,6015,credit_card,success,2026-10-26T17:27:33+07:00,,5994
5343,6016,debit_card,success,2026-07-27T02:22:21+07:00,,17552
5344,6017,PromptPay,success,2026-08-12T19:15:24+07:00,,16959
5345,6018,PromptPay,failed,2026-08-23T01:35:03+07:00,gateway_timeout,43142
5346,6019,credit_card,success,2026-10-10T18:56:12+07:00,,61808
5347,6020,credit_card,success,2026-08-01T10:30:29+07:00,,41241
5348,6022,credit_card,success,2026-07-27T15:35:43+07:00,,31336
5349,6023,credit_card,success,2026-10-30T23:26:38+07:00,,12069
5350,6024,debit_card,success,2026-08-12T19:54:51+07:00,,7379
5351,6025,ShopeePay,success,2026-05-15T12:55:38+07:00,,26303
5352,6026,credit_card,success,2026-05-23T20:04:22+07:00,,20351
5353,6027,TrueMoney,failed,2026-10-10T19:52:25+07:00,user_cancelled,4277
5354,6028,PromptPay,success,2026-09-12T20:31:56+07:00,,10927
5355,6029,credit_card,success,2026-12-08T23:02:45+07:00,,16044
5356,6031,credit_card,success,2026-04-11T21:00:02+07:00,,16274
5357,6032,TrueMoney,success,2026-11-02T10:49:31+07:00,,23538
5358,6033,PromptPay,success,2026-11-26T18:00:38+07:00,,40125
5359,6035,bank_transfer,success,2026-07-21T23:56:12+07:00,,5783
5360,6036,credit_card,success,2026-06-08T23:11:16+07:00,,7700
5361,6037,PromptPay,success,2026-06-23T17:29:03+07:00,,30544
5362,6038,PromptPay,success,2026-09-11T19:46:49+07:00,,30167
5363,6039,PromptPay,success,2026-10-31T23:58:41+07:00,,4866
5364,6040,debit_card,failed,2026-11-09T09:50:08+07:00,insufficient_funds,8441
5365,6041,PromptPay,success,2026-10-26T04:17:43+07:00,,34843
5366,6042,credit_card,success,2026-11-04T19:20:48+07:00,,15835
5367,6043,PromptPay,success,2026-11-04T19:19:29+07:00,,27167
5368,6044,credit_card,success,2026-10-20T11:11:30+07:00,,8574
5369,6045,PromptPay,success,2026-10-26T14:53:19+07:00,,12194
5370,6048,TrueMoney,success,2026-05-10T19:39:48+07:00,,4499
5371,6049,credit_card,success,2026-11-06T02:21:54+07:00,,26052
5372,6050,credit_card,success,2026-12-10T21:55:08+07:00,,14282
5373,6051,PromptPay,success,2026-10-16T12:40:55+07:00,,31415
5374,6052,bank_transfer,success,2026-11-28T18:41:57+07:00,,4812
5375,6053,PromptPay,failed,2026-11-09T12:26:26+07:00,bank_rejected,15894
5376,6054,credit_card,success,2026-11-10T22:46:04+07:00,,8584
5377,6055,PromptPay,success,2026-03-03T14:30:47+07:00,,24615
5378,6056,GrabPay,success,2026-11-02T23:48:25+07:00,,3764
5379,6057,TrueMoney,success,2026-06-28T15:18:18+07:00,,14073
5380,6058,credit_card,success,2026-01-14T17:21:12+07:00,,19751
5381,6059,bank_transfer,success,2026-11-13T15:05:48+07:00,,25965
5382,6060,GrabPay,success,2026-12-04T06:23:41+07:00,,21715
5383,6062,bank_transfer,success,2026-11-13T20:54:37+07:00,,14264
5384,6063,PromptPay,success,2026-11-16T10:09:34+07:00,,19875
5385,6064,TrueMoney,success,2026-06-16T20:47:22+07:00,,4837
5386,6065,debit_card,success,2026-12-19T13:44:07+07:00,,16863
5387,6066,PromptPay,success,2026-08-25T23:04:37+07:00,,7307
5388,6067,PromptPay,success,2026-09-09T02:02:00+07:00,,29891
5389,6068,credit_card,success,2026-11-29T17:00:40+07:00,,9337
5390,6069,PromptPay,failed,2026-12-12T16:39:08+07:00,user_cancelled,11815
5391,6070,PromptPay,success,2026-07-25T17:37:23+07:00,,8854
5392,6071,debit_card,success,2026-12-17T16:59:51+07:00,,14601
5393,6072,TrueMoney,success,2026-12-29T19:30:41+07:00,,12948
5394,6073,PromptPay,success,2026-10-21T18:27:57+07:00,,6657
5395,6074,credit_card,success,2026-12-10T01:54:31+07:00,,15083
5396,6075,ShopeePay,failed,2026-12-30T23:15:25+07:00,bank_rejected,29426
5397,6076,debit_card,success,2026-10-08T14:58:43+07:00,,6042
5398,6077,PromptPay,success,2026-08-26T19:40:48+07:00,,14822
5399,6078,TrueMoney,success,2026-08-30T22:01:08+07:00,,70030
5400,6079,credit_card,success,2026-05-19T19:15:33+07:00,,5506
5401,6081,bank_transfer,success,2026-09-15T07:22:21+07:00,,10346
5402,6082,credit_card,success,2026-11-14T10:18:37+07:00,,4844
5403,6084,credit_card,success,2026-06-25T11:37:14+07:00,,7878
5404,6085,PromptPay,success,2026-11-13T19:40:57+07:00,,11678
5405,6086,credit_card,success,2026-10-14T06:27:04+07:00,,15882
5406,6087,TrueMoney,success,2026-04-04T12:17:07+07:00,,42408
5407,6088,debit_card,success,2026-10-06T22:56:51+07:00,,4296
5408,6089,bank_transfer,success,2026-04-07T08:59:01+07:00,,17688
5409,6090,PromptPay,success,2026-09-03T21:18:26+07:00,,13342
5410,6091,credit_card,success,2026-10-09T14:24:07+07:00,,4336
5411,6092,bank_transfer,success,2026-10-28T21:02:09+07:00,,13404
5412,6093,PromptPay,success,2026-05-18T21:23:54+07:00,,16800
5413,6095,debit_card,success,2026-11-27T00:03:08+07:00,,10197
5414,6096,TrueMoney,success,2026-03-29T22:44:52+07:00,,10984
5415,6097,TrueMoney,success,2026-05-21T21:23:29+07:00,,9382
5416,6098,PromptPay,success,2026-09-17T09:03:08+07:00,,24958
5417,6099,PromptPay,success,2026-09-12T16:27:36+07:00,,11738
5418,6101,credit_card,success,2026-08-05T21:51:40+07:00,,21575
5419,6103,bank_transfer,success,2026-05-29T18:35:19+07:00,,21267
5420,6104,bank_transfer,success,2026-04-02T08:42:33+07:00,,28579
5421,6105,credit_card,success,2026-06-08T11:31:40+07:00,,4885
5422,6106,credit_card,success,2026-09-06T21:43:16+07:00,,4272
5423,6107,PromptPay,success,2026-08-08T08:22:59+07:00,,8466
5424,6108,PromptPay,success,2026-10-11T20:56:06+07:00,,5174
5425,6109,credit_card,success,2026-08-29T15:19:31+07:00,,22534
5426,6110,PromptPay,success,2026-09-03T13:39:39+07:00,,9876
5427,6111,PromptPay,success,2026-11-15T00:57:57+07:00,,7342
5428,6112,PromptPay,success,2026-12-16T15:01:47+07:00,,5991
5429,6113,GrabPay,success,2026-07-22T00:18:56+07:00,,32261
5430,6114,PromptPay,success,2026-12-01T13:31:28+07:00,,2797
5431,6115,PromptPay,success,2026-10-23T14:57:15+07:00,,13022
5432,6116,bank_transfer,success,2026-11-17T12:55:20+07:00,,11751
5433,6117,debit_card,success,2026-07-31T21:57:12+07:00,,13012
5434,6118,TrueMoney,success,2026-10-18T23:48:10+07:00,,8059
5435,6119,PromptPay,success,2026-09-08T12:51:45+07:00,,4151
5436,6120,PromptPay,failed,2026-11-19T01:56:40+07:00,gateway_timeout,10229
5437,6121,ShopeePay,success,2026-07-01T19:09:25+07:00,,7578
5438,6122,debit_card,success,2026-08-18T14:56:33+07:00,,20056
5439,6123,GrabPay,success,2026-07-10T01:44:10+07:00,,9724
5440,6124,PromptPay,success,2026-05-14T09:18:47+07:00,,20493
5441,6125,credit_card,success,2026-07-13T21:26:16+07:00,,3291
5442,6126,PromptPay,success,2026-12-26T13:30:16+07:00,,13617
5443,6128,PromptPay,success,2026-01-29T10:42:16+07:00,,5488
5444,6129,debit_card,success,2026-03-18T20:05:30+07:00,,14737
5445,6130,TrueMoney,success,2026-07-28T00:18:39+07:00,,7472
5446,6131,PromptPay,failed,2026-08-05T08:36:11+07:00,card_declined,10905
5447,6132,bank_transfer,success,2026-09-27T16:44:18+07:00,,3508
5448,6133,ShopeePay,success,2026-09-03T17:01:37+07:00,,8499
5449,6134,GrabPay,success,2026-07-10T20:32:18+07:00,,7117
5450,6135,credit_card,success,2026-11-20T14:14:02+07:00,,9357
5451,6136,credit_card,success,2026-07-27T12:38:34+07:00,,4489
5452,6137,PromptPay,success,2026-12-22T20:29:22+07:00,,6229
5453,6138,bank_transfer,success,2026-12-02T17:30:39+07:00,,9443
5454,6139,debit_card,success,2026-10-17T10:15:15+07:00,,19039
5455,6140,credit_card,success,2026-09-22T21:42:21+07:00,,22803
5456,6141,debit_card,success,2026-07-12T13:51:01+07:00,,8775
5457,6143,debit_card,success,2026-07-23T13:30:04+07:00,,4577
5458,6144,GrabPay,success,2026-10-12T20:52:32+07:00,,3498
5459,6145,TrueMoney,success,2026-11-09T01:59:30+07:00,,10935
5460,6146,PromptPay,success,2026-06-16T08:19:15+07:00,,5639
5461,6148,ShopeePay,success,2026-12-18T20:26:36+07:00,,16879
5462,6149,PromptPay,success,2026-06-27T21:01:24+07:00,,17315
5463,6150,ShopeePay,success,2026-10-04T18:15:08+07:00,,14244
5464,6151,TrueMoney,success,2026-08-16T20:08:15+07:00,,15983
5465,6152,credit_card,success,2026-12-16T12:14:56+07:00,,34047
5466,6153,debit_card,success,2026-10-28T12:13:18+07:00,,10591
5467,6154,PromptPay,success,2026-05-02T15:37:46+07:00,,29288
5468,6155,GrabPay,success,2026-10-25T01:13:15+07:00,,10556
5469,6156,credit_card,success,2026-11-06T01:15:54+07:00,,46911
5470,6157,GrabPay,success,2026-07-01T15:07:20+07:00,,12698
5471,6158,TrueMoney,success,2026-07-10T00:41:26+07:00,,15540
5472,6160,PromptPay,failed,2026-07-26T01:05:30+07:00,gateway_timeout,16927
5473,6161,credit_card,success,2026-09-16T23:00:26+07:00,,11742
5474,6162,credit_card,success,2026-10-23T02:11:29+07:00,,7956
5475,6163,bank_transfer,success,2026-05-30T18:11:38+07:00,,13428
5476,6164,debit_card,success,2026-06-19T10:57:52+07:00,,56515
5477,6165,credit_card,success,2026-12-01T22:23:57+07:00,,8954
5478,6166,PromptPay,success,2026-02-17T05:55:21+07:00,,19987
5479,6167,TrueMoney,success,2026-11-22T23:45:05+07:00,,5429
5480,6168,debit_card,success,2026-12-25T22:01:54+07:00,,12831
5481,6169,debit_card,success,2026-12-27T00:10:19+07:00,,14251
5482,6170,PromptPay,success,2026-10-13T01:55:22+07:00,,10709
5483,6175,PromptPay,success,2026-06-05T22:48:22+07:00,,4704
5484,6176,PromptPay,success,2026-08-04T09:37:51+07:00,,3995
5485,6177,PromptPay,success,2026-08-22T20:16:03+07:00,,9779
5486,6179,credit_card,success,2026-09-19T22:08:02+07:00,,5894
5487,6180,PromptPay,failed,2026-02-07T18:31:36+07:00,bank_rejected,21212
5488,6181,PromptPay,success,2026-09-05T00:09:07+07:00,,20937
5489,6182,PromptPay,success,2026-12-06T20:03:00+07:00,,24660
5490,6183,credit_card,success,2026-09-26T18:45:11+07:00,,7875
5491,6185,credit_card,success,2026-09-24T03:25:17+07:00,,7997
5492,6187,PromptPay,failed,2026-12-21T01:07:29+07:00,gateway_timeout,14555
5493,6188,credit_card,success,2026-02-17T00:22:22+07:00,,11910
5494,6189,ShopeePay,success,2026-11-23T15:03:48+07:00,,20246
5495,6191,PromptPay,success,2026-06-18T13:13:34+07:00,,34069
5496,6192,bank_transfer,success,2026-06-07T07:35:50+07:00,,6611
5497,6193,credit_card,failed,2026-11-29T13:45:42+07:00,bank_rejected,7211
5498,6194,credit_card,success,2026-10-08T20:53:09+07:00,,6199
5499,6195,credit_card,success,2026-08-05T20:09:10+07:00,,5736
5500,6196,credit_card,success,2026-10-28T01:21:25+07:00,,6008
5501,6197,PromptPay,success,2026-10-29T23:28:42+07:00,,26703
5502,6198,TrueMoney,success,2026-10-31T12:42:42+07:00,,12168
5503,6200,debit_card,success,2026-09-12T21:31:54+07:00,,24258
5504,6201,credit_card,failed,2026-04-26T13:54:04+07:00,user_cancelled,26109
5505,6202,ShopeePay,success,2026-06-23T01:01:55+07:00,,22833
5506,6203,credit_card,success,2026-10-06T23:59:54+07:00,,18160
5507,6204,PromptPay,success,2026-05-24T21:25:06+07:00,,3940
5508,6206,TrueMoney,success,2026-10-29T21:49:53+07:00,,18217
5509,6207,PromptPay,success,2026-09-13T18:10:29+07:00,,30253
5510,6208,credit_card,success,2026-08-17T16:43:46+07:00,,7520
5511,6209,PromptPay,success,2026-10-04T01:58:55+07:00,,14526
5512,6210,bank_transfer,success,2026-04-29T16:18:19+07:00,,12499
5513,6212,PromptPay,success,2026-12-01T10:16:07+07:00,,11824
5514,6213,credit_card,success,2026-12-11T19:55:41+07:00,,14532
5515,6214,PromptPay,success,2026-11-06T15:48:36+07:00,,17537
5516,6215,PromptPay,success,2026-06-15T22:07:37+07:00,,15686
5517,6216,credit_card,success,2026-12-01T05:26:11+07:00,,15665
5518,6217,credit_card,success,2026-12-06T13:49:51+07:00,,14683
5519,6218,PromptPay,success,2026-04-28T01:21:11+07:00,,35577
5520,6219,bank_transfer,success,2026-11-21T18:11:24+07:00,,4540
5521,6220,credit_card,success,2026-07-24T21:35:24+07:00,,16548
5522,6221,bank_transfer,success,2026-08-20T23:38:10+07:00,,31656
5523,6222,TrueMoney,failed,2026-05-15T08:51:31+07:00,card_declined,8239
5524,6223,PromptPay,success,2026-04-27T23:14:07+07:00,,13279
5525,6224,TrueMoney,success,2026-03-15T16:29:19+07:00,,26425
5526,6225,TrueMoney,success,2026-08-01T20:35:32+07:00,,15423
5527,6226,credit_card,success,2026-12-19T19:09:36+07:00,,17045
5528,6227,PromptPay,success,2026-06-18T13:28:47+07:00,,21369
5529,6228,TrueMoney,success,2026-12-11T08:26:18+07:00,,4315
5530,6229,credit_card,success,2026-12-12T11:09:23+07:00,,5378
5531,6230,PromptPay,success,2026-07-17T18:46:20+07:00,,17206
5532,6231,credit_card,success,2026-09-12T17:11:52+07:00,,9836
5533,6232,GrabPay,success,2026-07-24T20:58:24+07:00,,13309
5534,6233,credit_card,success,2026-08-06T13:40:04+07:00,,8123
5535,6234,PromptPay,success,2026-02-24T18:50:13+07:00,,8539
5536,6235,bank_transfer,success,2026-03-24T18:28:38+07:00,,6026
5537,6236,PromptPay,success,2026-09-21T13:03:53+07:00,,10076
5538,6237,PromptPay,success,2026-10-23T01:55:40+07:00,,10455
5539,6238,credit_card,success,2026-05-06T18:54:36+07:00,,10682
5540,6239,bank_transfer,success,2026-03-30T11:15:16+07:00,,9422
5541,6240,debit_card,success,2026-05-02T13:19:32+07:00,,3606
5542,6242,TrueMoney,failed,2026-02-09T12:59:18+07:00,card_declined,15411
5543,6243,credit_card,success,2026-05-28T17:29:57+07:00,,5121
5544,6244,credit_card,success,2026-10-04T16:46:44+07:00,,7611
5545,6245,PromptPay,success,2026-11-05T21:07:05+07:00,,41365
5546,6246,credit_card,success,2026-12-11T14:35:13+07:00,,18939
5547,6247,credit_card,success,2026-09-16T15:21:05+07:00,,19133
5548,6248,credit_card,success,2026-10-08T18:15:21+07:00,,31653
5549,6249,PromptPay,success,2026-11-24T07:04:13+07:00,,5161
5550,6250,bank_transfer,success,2026-09-19T21:32:45+07:00,,4908
5551,6251,credit_card,success,2026-11-14T23:17:48+07:00,,11575
5552,6252,credit_card,failed,2026-06-17T01:08:04+07:00,insufficient_funds,5612
5553,6253,credit_card,success,2026-10-04T15:06:29+07:00,,12792
5554,6254,TrueMoney,success,2026-10-31T01:11:19+07:00,,27605
5555,6255,ShopeePay,success,2026-11-27T20:54:00+07:00,,13511
5556,6257,credit_card,failed,2026-10-04T11:11:13+07:00,card_declined,3505
5557,6258,credit_card,success,2026-08-14T00:32:36+07:00,,3634
5558,6259,credit_card,success,2026-05-08T20:26:14+07:00,,6662
5559,6260,credit_card,success,2026-01-28T21:21:13+07:00,,20426
5560,6261,PromptPay,success,2026-06-17T13:26:34+07:00,,3999
5561,6262,credit_card,success,2026-07-14T19:34:24+07:00,,34162
5562,6263,PromptPay,success,2026-12-20T11:07:38+07:00,,42928
5563,6264,debit_card,success,2026-07-10T00:05:13+07:00,,32258
5564,6265,debit_card,success,2026-07-20T11:32:23+07:00,,23601
5565,6266,bank_transfer,success,2026-09-07T15:08:51+07:00,,11786
5566,6267,GrabPay,success,2026-10-18T21:03:25+07:00,,22149
5567,6268,debit_card,success,2026-06-08T19:46:40+07:00,,6664
5568,6269,credit_card,success,2026-12-15T01:59:42+07:00,,7957
5569,6270,bank_transfer,success,2026-12-20T01:15:35+07:00,,10582
5570,6271,PromptPay,success,2026-11-17T11:59:15+07:00,,22777
5571,6273,bank_transfer,success,2026-11-10T11:55:25+07:00,,5793
5572,6274,PromptPay,success,2026-07-10T15:25:29+07:00,,4469
5573,6276,credit_card,success,2026-09-25T14:53:17+07:00,,11536
5574,6277,PromptPay,success,2026-11-16T15:59:51+07:00,,27362
5575,6278,ShopeePay,success,2026-06-05T21:53:48+07:00,,7573
5576,6279,PromptPay,success,2026-07-17T12:55:00+07:00,,6870
5577,6280,credit_card,success,2026-06-04T17:39:40+07:00,,6264
5578,6281,GrabPay,success,2026-12-01T15:40:19+07:00,,7089
5579,6282,debit_card,success,2026-11-29T18:48:46+07:00,,22406
5580,6283,PromptPay,success,2026-09-27T13:13:13+07:00,,16764
5581,6284,PromptPay,success,2026-10-23T16:02:27+07:00,,10151
5582,6285,PromptPay,success,2026-09-14T10:44:18+07:00,,8182
5583,6286,ShopeePay,success,2026-10-16T00:42:04+07:00,,22071
5584,6288,PromptPay,success,2026-06-04T07:42:55+07:00,,3553
5585,6289,PromptPay,success,2026-12-11T21:21:08+07:00,,8608
5586,6290,credit_card,success,2026-12-17T13:49:16+07:00,,16780
5587,6292,PromptPay,success,2026-05-27T23:46:40+07:00,,22582
5588,6295,credit_card,success,2026-05-27T12:25:53+07:00,,26332
5589,6296,bank_transfer,success,2026-07-16T12:51:42+07:00,,9095
5590,6298,TrueMoney,success,2026-10-27T18:52:18+07:00,,10444
5591,6299,PromptPay,success,2026-11-11T08:49:57+07:00,,17393
5592,6300,bank_transfer,success,2026-07-30T10:26:42+07:00,,7983
5593,6301,debit_card,success,2026-09-13T01:38:29+07:00,,8819
5594,6303,debit_card,success,2026-07-01T16:20:54+07:00,,20848
5595,6304,PromptPay,success,2026-04-28T08:03:59+07:00,,9056
5596,6305,credit_card,success,2026-06-14T12:51:17+07:00,,4670
5597,6306,TrueMoney,success,2026-09-01T13:03:17+07:00,,14231
5598,6307,PromptPay,success,2026-09-24T21:00:37+07:00,,10466
5599,6308,ShopeePay,success,2026-10-22T20:52:32+07:00,,5617
5600,6309,ShopeePay,success,2026-11-10T11:23:51+07:00,,3802
5601,6310,credit_card,success,2026-12-01T15:37:24+07:00,,8196
5602,6311,PromptPay,success,2026-05-26T21:11:25+07:00,,24036
5603,6312,credit_card,success,2026-05-28T23:07:57+07:00,,18026
5604,6314,PromptPay,success,2026-07-22T19:59:59+07:00,,19907
5605,6315,credit_card,success,2026-10-23T09:24:33+07:00,,40200
5606,6316,credit_card,success,2026-01-05T18:01:50+07:00,,6711
5607,6317,PromptPay,success,2026-07-28T15:35:49+07:00,,7798
5608,6318,credit_card,success,2026-03-13T21:20:31+07:00,,13857
5609,6319,PromptPay,success,2026-08-04T10:17:42+07:00,,33621
5610,6321,GrabPay,success,2026-10-06T17:23:06+07:00,,5442
5611,6322,bank_transfer,success,2026-02-02T12:12:02+07:00,,8840
5612,6323,PromptPay,success,2026-11-05T14:36:39+07:00,,31372
5613,6324,credit_card,success,2026-07-12T18:07:04+07:00,,22127
5614,6325,credit_card,success,2026-09-05T08:11:38+07:00,,16320
5615,6326,PromptPay,success,2026-02-26T23:45:08+07:00,,7937
5616,6327,credit_card,success,2026-12-17T01:24:51+07:00,,11401
5617,6328,credit_card,failed,2026-12-17T08:24:30+07:00,insufficient_funds,3072
5618,6329,credit_card,failed,2026-12-23T07:11:35+07:00,card_declined,21657
5619,6330,credit_card,success,2026-07-06T10:27:31+07:00,,15514
5620,6331,debit_card,success,2026-05-20T17:02:46+07:00,,50144
5621,6332,PromptPay,success,2026-10-25T10:36:26+07:00,,39932
5622,6333,credit_card,success,2026-11-13T16:53:00+07:00,,4190
5623,6335,GrabPay,success,2026-10-30T23:59:24+07:00,,9391
5624,6336,credit_card,success,2026-06-29T09:32:07+07:00,,12010
5625,6337,PromptPay,failed,2026-10-20T22:22:30+07:00,gateway_timeout,8872
5626,6338,credit_card,success,2026-09-22T16:25:23+07:00,,19347
5627,6339,credit_card,success,2026-08-19T07:43:31+07:00,,16360
5628,6340,credit_card,success,2026-09-27T12:41:50+07:00,,17312
5629,6341,PromptPay,success,2026-10-26T15:53:41+07:00,,5293
5630,6342,PromptPay,success,2026-08-31T11:28:42+07:00,,7490
5631,6343,debit_card,success,2026-11-24T20:35:19+07:00,,4743
5632,6344,debit_card,success,2026-09-28T20:20:32+07:00,,42541
5633,6345,PromptPay,success,2026-05-13T02:36:18+07:00,,14121
5634,6346,PromptPay,success,2026-10-25T17:23:32+07:00,,16124
5635,6347,PromptPay,success,2026-11-28T21:42:02+07:00,,16683
5636,6348,credit_card,success,2026-07-05T15:00:23+07:00,,6394
5637,6349,debit_card,success,2026-12-20T22:22:59+07:00,,12236
5638,6350,TrueMoney,success,2026-08-04T20:53:50+07:00,,23276
5639,6351,GrabPay,success,2026-08-20T23:12:21+07:00,,7226
5640,6352,PromptPay,success,2026-10-14T16:03:01+07:00,,5641
5641,6353,bank_transfer,success,2026-07-23T23:14:39+07:00,,9816
5642,6354,credit_card,success,2026-07-06T11:53:35+07:00,,10689
5643,6356,TrueMoney,success,2026-09-05T14:06:58+07:00,,26072
5644,6357,PromptPay,success,2026-09-27T11:56:09+07:00,,7732
5645,6358,credit_card,success,2026-12-16T16:26:01+07:00,,10977
5646,6359,credit_card,success,2026-08-20T22:09:58+07:00,,9628
5647,6360,credit_card,success,2026-08-01T09:40:04+07:00,,5350
5648,6361,PromptPay,success,2026-08-07T11:50:57+07:00,,15991
5649,6362,PromptPay,success,2026-07-14T05:48:03+07:00,,4571
5650,6363,debit_card,success,2026-05-28T07:47:09+07:00,,22980
5651,6364,bank_transfer,success,2026-07-19T08:50:38+07:00,,29510
5652,6365,PromptPay,success,2026-05-15T12:25:19+07:00,,15284
5653,6366,TrueMoney,failed,2026-09-20T17:17:42+07:00,card_declined,3984
5654,6367,PromptPay,success,2026-11-17T20:44:59+07:00,,24692
5655,6368,PromptPay,success,2026-06-05T22:51:54+07:00,,20472
5656,6369,PromptPay,success,2026-10-06T14:16:34+07:00,,4969
5657,6370,TrueMoney,success,2026-10-03T19:01:28+07:00,,13683
5658,6371,credit_card,success,2026-10-14T23:30:04+07:00,,7632
5659,6372,PromptPay,success,2026-09-28T12:09:09+07:00,,8045
5660,6373,PromptPay,success,2026-05-27T23:48:43+07:00,,19515
5661,6374,ShopeePay,success,2026-10-20T10:34:54+07:00,,5950
5662,6375,PromptPay,success,2026-07-20T12:01:59+07:00,,16052
5663,6376,PromptPay,success,2026-08-16T22:58:07+07:00,,22257
5664,6377,PromptPay,success,2026-09-15T13:57:47+07:00,,15655
5665,6378,bank_transfer,success,2026-10-13T11:21:31+07:00,,12357
5666,6380,PromptPay,success,2026-11-07T02:11:03+07:00,,27030
5667,6381,PromptPay,success,2026-12-12T10:09:24+07:00,,6770
5668,6382,PromptPay,success,2026-12-22T18:41:36+07:00,,15473
5669,6383,PromptPay,success,2026-10-10T20:09:03+07:00,,21210
5670,6384,credit_card,success,2026-12-01T15:14:54+07:00,,8612
5671,6385,PromptPay,success,2026-09-14T00:27:12+07:00,,4958
5672,6386,PromptPay,success,2026-05-28T08:43:41+07:00,,11129
5673,6387,credit_card,success,2026-10-21T10:16:09+07:00,,3708
5674,6388,credit_card,success,2026-07-11T07:15:20+07:00,,15021
5675,6390,PromptPay,success,2026-10-15T15:48:10+07:00,,9223
5676,6391,debit_card,success,2026-11-20T16:50:52+07:00,,13740
5677,6392,TrueMoney,success,2026-11-06T14:22:05+07:00,,13520
5678,6393,credit_card,success,2026-11-13T19:40:01+07:00,,36323
5679,6394,credit_card,success,2026-11-08T19:12:27+07:00,,3505
5680,6395,PromptPay,failed,2026-03-20T01:40:32+07:00,gateway_timeout,36117
5681,6396,TrueMoney,success,2026-11-19T20:14:38+07:00,,6350
5682,6398,PromptPay,success,2026-04-23T11:59:47+07:00,,20311
5683,6399,ShopeePay,success,2026-11-22T16:41:47+07:00,,10698
5684,6400,GrabPay,success,2026-06-20T18:35:46+07:00,,52551
5685,6401,bank_transfer,success,2026-07-02T07:52:42+07:00,,14223
5686,6402,PromptPay,success,2026-05-13T16:35:36+07:00,,34719
5687,6403,PromptPay,success,2026-09-16T17:00:22+07:00,,24615
5688,6404,GrabPay,success,2026-12-04T13:36:48+07:00,,7377
5689,6405,debit_card,failed,2026-06-11T17:48:38+07:00,card_declined,35874
5690,6406,PromptPay,success,2026-10-31T18:13:53+07:00,,22386
5691,6407,PromptPay,success,2026-12-21T19:01:34+07:00,,24705
5692,6408,credit_card,success,2026-04-12T21:03:06+07:00,,3636
5693,6409,debit_card,success,2026-06-10T14:04:29+07:00,,6256
5694,6410,credit_card,success,2026-07-20T21:50:56+07:00,,10387
5695,6411,GrabPay,success,2026-11-03T20:49:13+07:00,,19589
5696,6413,ShopeePay,success,2026-07-11T16:20:49+07:00,,13803
5697,6414,PromptPay,success,2026-12-14T16:53:09+07:00,,10396
5698,6415,credit_card,success,2026-02-24T22:36:06+07:00,,28550
5699,6416,credit_card,success,2026-06-30T14:43:10+07:00,,9067
5700,6417,PromptPay,success,2026-10-10T08:23:48+07:00,,6744
5701,6419,credit_card,success,2026-10-22T02:30:06+07:00,,55815
5702,6420,bank_transfer,success,2026-09-06T19:40:19+07:00,,25093
5703,6421,credit_card,success,2026-04-05T18:07:26+07:00,,4699
5704,6423,PromptPay,success,2026-09-25T00:23:29+07:00,,5304
5705,6424,PromptPay,success,2026-06-14T19:27:58+07:00,,18452
5706,6425,credit_card,success,2026-05-26T23:28:48+07:00,,16277
5707,6426,credit_card,success,2026-02-02T11:04:00+07:00,,17988
5708,6427,GrabPay,success,2026-12-03T02:22:17+07:00,,4766
5709,6428,ShopeePay,success,2026-06-17T09:10:19+07:00,,17172
5710,6429,GrabPay,failed,2026-12-03T02:19:17+07:00,bank_rejected,8614
5711,6431,credit_card,success,2026-10-05T14:01:37+07:00,,34211
5712,6432,PromptPay,success,2026-10-18T21:03:13+07:00,,8102
5713,6433,PromptPay,success,2026-11-14T16:54:21+07:00,,9413
5714,6434,PromptPay,success,2026-10-15T21:13:19+07:00,,16493
5715,6435,debit_card,success,2026-10-04T18:45:49+07:00,,2706
5716,6436,PromptPay,success,2026-09-08T22:20:00+07:00,,6945
5717,6437,PromptPay,success,2026-12-11T11:31:35+07:00,,30600
5718,6438,credit_card,success,2026-04-11T13:26:02+07:00,,28326
5719,6439,TrueMoney,success,2026-04-16T20:34:27+07:00,,23929
5720,6440,PromptPay,success,2026-04-20T19:00:14+07:00,,12650
5721,6441,PromptPay,success,2026-05-26T18:17:56+07:00,,16642
5722,6442,debit_card,success,2026-09-24T05:44:21+07:00,,2909
5723,6443,PromptPay,success,2026-10-12T01:02:02+07:00,,13519
5724,6444,credit_card,failed,2026-09-24T19:24:48+07:00,user_cancelled,6004
5725,6445,debit_card,success,2026-06-13T10:29:54+07:00,,4124
5726,6446,GrabPay,success,2026-07-14T12:38:38+07:00,,6177
5727,6447,credit_card,success,2026-12-22T11:41:56+07:00,,4262
5728,6448,PromptPay,success,2026-02-27T20:25:49+07:00,,6758
5729,6449,credit_card,success,2026-07-17T16:29:07+07:00,,4521
5730,6450,ShopeePay,failed,2026-10-14T22:11:33+07:00,insufficient_funds,46427
5731,6451,PromptPay,success,2026-09-19T21:41:04+07:00,,4008
5732,6452,credit_card,success,2026-08-04T23:32:17+07:00,,42724
5733,6453,PromptPay,success,2026-11-23T02:56:25+07:00,,4778
5734,6456,credit_card,success,2026-10-05T20:36:35+07:00,,8304
5735,6458,debit_card,success,2026-03-25T16:04:57+07:00,,10006
5736,6459,credit_card,success,2026-11-17T10:24:12+07:00,,19159
5737,6460,credit_card,success,2026-03-12T20:16:04+07:00,,18779
5738,6461,credit_card,success,2026-05-20T23:14:58+07:00,,10520
5739,6462,credit_card,success,2026-12-17T09:52:58+07:00,,3311
5740,6464,PromptPay,success,2026-10-09T20:25:04+07:00,,40743
5741,6465,GrabPay,failed,2026-07-11T13:49:28+07:00,card_declined,1697
5742,6466,GrabPay,success,2026-08-27T19:48:54+07:00,,23004
5743,6467,debit_card,success,2026-08-15T10:03:41+07:00,,23840
5744,6468,TrueMoney,success,2026-10-12T13:48:22+07:00,,4313
5745,6469,credit_card,success,2026-07-15T09:34:24+07:00,,13782
5746,6470,credit_card,success,2026-09-25T19:02:08+07:00,,8969
5747,6471,debit_card,success,2026-11-09T01:27:16+07:00,,8002
5748,6472,PromptPay,success,2026-11-25T17:52:49+07:00,,14948
5749,6473,credit_card,success,2026-12-14T09:05:50+07:00,,10491
5750,6474,credit_card,success,2026-12-06T01:24:24+07:00,,12545
5751,6475,TrueMoney,success,2026-05-17T23:39:32+07:00,,20146
5752,6477,credit_card,success,2026-06-12T22:11:38+07:00,,49000
5753,6478,PromptPay,failed,2026-07-11T21:41:21+07:00,user_cancelled,23592
5754,6479,credit_card,success,2026-10-12T23:38:38+07:00,,33302
5755,6480,credit_card,failed,2026-03-09T12:54:32+07:00,user_cancelled,5042
5756,6481,credit_card,success,2026-08-31T02:27:50+07:00,,5812
5757,6482,debit_card,success,2026-06-19T17:36:24+07:00,,59251
5758,6483,PromptPay,success,2026-11-06T21:15:29+07:00,,5399
5759,6484,ShopeePay,success,2026-10-20T06:52:59+07:00,,22196
5760,6485,PromptPay,failed,2026-09-25T23:38:28+07:00,gateway_timeout,8706
5761,6486,PromptPay,success,2026-10-02T17:01:49+07:00,,16980
5762,6487,credit_card,success,2026-09-26T21:04:18+07:00,,3662
5763,6488,credit_card,success,2026-09-03T15:58:45+07:00,,12362
5764,6489,TrueMoney,success,2026-11-20T02:05:45+07:00,,7209
5765,6490,PromptPay,success,2026-12-27T22:13:44+07:00,,8139
5766,6491,TrueMoney,failed,2026-12-02T21:30:37+07:00,otp_timeout,8349
5767,6492,PromptPay,success,2026-10-27T20:56:30+07:00,,21408
5768,6493,PromptPay,success,2026-12-10T17:53:11+07:00,,17339
5769,6494,PromptPay,success,2026-11-13T10:46:22+07:00,,9397
5770,6495,PromptPay,success,2026-11-05T01:26:31+07:00,,25401
5771,6496,PromptPay,success,2026-12-21T01:12:10+07:00,,25120
5772,6497,credit_card,success,2026-06-21T16:07:05+07:00,,2801
5773,6498,bank_transfer,success,2026-04-12T21:15:59+07:00,,10753
5774,6499,credit_card,success,2026-06-21T20:34:53+07:00,,11507
5775,6502,ShopeePay,success,2026-12-24T21:47:21+07:00,,11992
5776,6504,PromptPay,success,2026-08-09T10:36:37+07:00,,13139
5777,6505,PromptPay,success,2026-09-07T19:45:12+07:00,,3902
5778,6506,credit_card,success,2026-04-15T01:17:51+07:00,,22148
5779,6507,PromptPay,success,2026-05-13T15:19:16+07:00,,20074
5780,6508,PromptPay,success,2026-07-22T23:33:19+07:00,,4047
5781,6509,credit_card,success,2026-12-15T21:50:32+07:00,,35942
5782,6510,TrueMoney,success,2026-07-16T19:10:00+07:00,,4441
5783,6511,bank_transfer,success,2026-12-21T14:39:37+07:00,,18388
5784,6513,PromptPay,success,2026-07-20T08:50:56+07:00,,63698
5785,6514,GrabPay,success,2026-12-15T00:41:32+07:00,,11543
5786,6515,TrueMoney,success,2026-11-24T01:11:05+07:00,,36176
5787,6516,PromptPay,success,2026-03-25T00:40:29+07:00,,35806
5788,6517,credit_card,success,2026-09-21T16:45:25+07:00,,24866
5789,6518,bank_transfer,success,2026-11-26T13:40:37+07:00,,5889
5790,6519,PromptPay,success,2026-03-16T19:25:57+07:00,,3672
5791,6520,PromptPay,failed,2026-08-16T20:09:06+07:00,otp_timeout,6502
5792,6521,bank_transfer,success,2026-02-21T07:35:51+07:00,,44547
5793,6522,PromptPay,success,2026-02-06T23:52:44+07:00,,8630
5794,6523,credit_card,success,2026-11-24T15:49:46+07:00,,7889
5795,6524,credit_card,success,2026-08-13T00:21:20+07:00,,4535
5796,6525,PromptPay,success,2026-09-06T11:03:31+07:00,,18458
5797,6526,PromptPay,success,2026-04-19T19:17:31+07:00,,16106
5798,6527,PromptPay,success,2026-07-29T17:26:20+07:00,,30036
5799,6528,PromptPay,success,2026-11-19T19:58:20+07:00,,5909
5800,6529,debit_card,success,2026-12-14T13:53:40+07:00,,29205
5801,6531,credit_card,success,2026-11-28T06:22:28+07:00,,34892
5802,6532,credit_card,success,2026-08-20T00:31:18+07:00,,12497
5803,6533,PromptPay,success,2026-11-17T19:53:42+07:00,,10991
5804,6534,credit_card,success,2026-08-26T10:36:32+07:00,,25120
5805,6535,PromptPay,success,2026-07-28T21:39:35+07:00,,28748
5806,6537,PromptPay,success,2026-02-17T22:47:33+07:00,,4706
5807,6538,credit_card,success,2026-10-18T19:20:28+07:00,,3285
5808,6539,PromptPay,success,2026-12-07T09:23:30+07:00,,10980
5809,6540,PromptPay,success,2026-03-26T12:30:23+07:00,,6975
5810,6541,TrueMoney,success,2026-04-07T00:46:34+07:00,,36453
5811,6542,PromptPay,success,2026-04-18T09:51:28+07:00,,21243
5812,6543,GrabPay,success,2026-05-22T18:28:11+07:00,,3280
5813,6544,credit_card,success,2026-11-13T20:51:29+07:00,,3752
5814,6545,credit_card,success,2026-08-10T01:01:18+07:00,,7745
5815,6546,credit_card,success,2026-07-04T20:00:30+07:00,,14865
5816,6547,debit_card,success,2026-10-01T15:53:02+07:00,,13276
5817,6548,debit_card,success,2026-08-14T20:04:18+07:00,,15260
5818,6549,credit_card,success,2026-02-09T10:52:57+07:00,,3728
5819,6550,bank_transfer,success,2026-11-07T11:18:53+07:00,,12225
5820,6551,PromptPay,success,2026-06-13T16:42:11+07:00,,21873
5821,6552,PromptPay,success,2026-10-23T13:51:06+07:00,,3465
5822,6553,TrueMoney,success,2026-11-24T09:26:31+07:00,,43831
5823,6554,PromptPay,success,2026-11-12T08:10:43+07:00,,9973
5824,6555,credit_card,success,2026-03-10T22:29:11+07:00,,5926
5825,6556,PromptPay,success,2026-11-24T11:56:59+07:00,,15466
5826,6557,credit_card,success,2026-11-23T13:46:32+07:00,,16342
5827,6558,credit_card,success,2026-12-23T14:03:47+07:00,,7257
5828,6559,PromptPay,success,2026-06-20T23:56:54+07:00,,8861
5829,6560,debit_card,success,2026-05-22T13:48:32+07:00,,12941
5830,6561,credit_card,success,2026-07-11T00:15:45+07:00,,13290
5831,6562,TrueMoney,success,2026-07-28T18:01:36+07:00,,16537
5832,6563,credit_card,success,2026-08-13T06:44:32+07:00,,8573
5833,6564,credit_card,success,2026-09-06T11:45:50+07:00,,28890
5834,6565,credit_card,success,2026-10-19T12:11:37+07:00,,30522
5835,6567,debit_card,success,2026-10-12T11:24:47+07:00,,13242
5836,6568,TrueMoney,success,2026-11-28T11:48:18+07:00,,8279
5837,6569,credit_card,success,2026-04-30T09:27:07+07:00,,12841
5838,6570,PromptPay,success,2026-11-23T19:50:24+07:00,,10787
5839,6571,credit_card,success,2026-12-10T09:46:26+07:00,,8424
5840,6572,PromptPay,success,2026-08-03T22:41:28+07:00,,4460
5841,6573,GrabPay,success,2026-11-23T19:29:23+07:00,,8845
5842,6574,TrueMoney,success,2026-08-22T11:03:08+07:00,,12538
5843,6575,PromptPay,success,2026-09-01T20:29:12+07:00,,46978
5844,6576,debit_card,success,2026-10-19T19:26:37+07:00,,3748
5845,6577,debit_card,success,2026-10-20T18:56:21+07:00,,38944
5846,6578,TrueMoney,success,2026-11-29T22:19:57+07:00,,13105
5847,6579,TrueMoney,success,2026-04-30T10:52:07+07:00,,8740
5848,6580,bank_transfer,success,2026-08-19T11:50:21+07:00,,20805
5849,6581,credit_card,success,2026-07-03T15:50:06+07:00,,15993
5850,6582,credit_card,success,2026-08-22T22:24:06+07:00,,11760
5851,6583,ShopeePay,success,2026-10-02T07:52:48+07:00,,14801
5852,6584,PromptPay,failed,2026-09-23T01:08:41+07:00,gateway_timeout,7604
5853,6585,debit_card,success,2026-06-02T03:35:50+07:00,,22595
5854,6586,credit_card,success,2026-10-10T13:34:53+07:00,,21099
5855,6587,PromptPay,success,2026-10-13T16:57:30+07:00,,44935
5856,6588,credit_card,success,2026-06-27T14:20:48+07:00,,13554
5857,6589,credit_card,failed,2026-09-02T23:36:30+07:00,card_declined,3619
5858,6590,PromptPay,success,2026-12-13T21:40:45+07:00,,24212
5859,6592,PromptPay,success,2026-05-09T13:20:50+07:00,,12638
5860,6593,credit_card,success,2026-11-20T11:25:45+07:00,,23406
5861,6594,bank_transfer,success,2026-12-15T09:50:54+07:00,,17522
5862,6595,credit_card,success,2026-07-07T19:27:18+07:00,,17416
5863,6596,PromptPay,success,2026-11-25T00:41:32+07:00,,19713
5864,6597,TrueMoney,success,2026-07-24T21:03:38+07:00,,2641
5865,6598,GrabPay,success,2026-10-05T03:18:13+07:00,,17601
5866,6599,credit_card,success,2026-10-31T16:20:17+07:00,,10586
5867,6600,PromptPay,success,2026-02-15T09:30:03+07:00,,23988
5868,6601,PromptPay,success,2026-11-08T13:54:52+07:00,,10143
5869,6604,TrueMoney,success,2026-10-31T12:46:55+07:00,,16041
5870,6606,TrueMoney,success,2026-08-12T12:19:54+07:00,,23956
5871,6607,debit_card,success,2026-12-26T10:29:59+07:00,,20281
5872,6608,debit_card,success,2026-10-11T01:02:15+07:00,,8065
5873,6609,PromptPay,success,2026-11-11T21:19:28+07:00,,17000
5874,6610,credit_card,success,2026-08-13T19:44:34+07:00,,18141
5875,6611,TrueMoney,success,2026-12-05T07:16:41+07:00,,11262
5876,6612,TrueMoney,success,2026-04-28T19:11:26+07:00,,10691
5877,6613,PromptPay,success,2026-12-15T13:13:45+07:00,,28713
5878,6614,debit_card,success,2026-10-20T01:55:04+07:00,,20518
5879,6615,PromptPay,failed,2026-10-19T23:33:34+07:00,gateway_timeout,6768
5880,6616,PromptPay,failed,2026-09-13T09:01:29+07:00,insufficient_funds,19141
5881,6617,PromptPay,success,2026-07-21T15:01:15+07:00,,5102
5882,6618,credit_card,success,2026-09-21T16:06:34+07:00,,9274
5883,6619,credit_card,success,2026-06-26T21:11:47+07:00,,8699
5884,6620,credit_card,success,2026-10-18T22:12:33+07:00,,13738
5885,6621,TrueMoney,success,2026-10-13T20:08:30+07:00,,53654
5886,6622,credit_card,success,2026-06-07T12:20:12+07:00,,10433
5887,6624,credit_card,success,2026-02-23T14:45:52+07:00,,6660
5888,6625,credit_card,success,2026-07-14T19:47:33+07:00,,15474
5889,6626,GrabPay,success,2026-10-03T13:49:53+07:00,,4167
5890,6627,bank_transfer,success,2026-11-21T21:22:50+07:00,,13165
5891,6628,credit_card,success,2026-09-12T17:25:59+07:00,,5318
5892,6629,credit_card,success,2026-08-21T22:22:40+07:00,,7309
5893,6630,bank_transfer,success,2026-04-27T12:55:23+07:00,,7157
5894,6632,PromptPay,success,2026-02-05T00:33:37+07:00,,18811
5895,6635,PromptPay,failed,2026-12-05T00:45:00+07:00,gateway_timeout,10004
5896,6636,debit_card,success,2026-12-20T13:11:20+07:00,,11285
5897,6637,credit_card,success,2026-12-16T09:23:40+07:00,,13970
5898,6638,debit_card,success,2026-10-05T01:50:59+07:00,,24220
5899,6639,PromptPay,failed,2026-10-18T01:28:27+07:00,gateway_timeout,7658
5900,6640,credit_card,success,2026-03-25T11:34:01+07:00,,31342
5901,6642,credit_card,success,2026-10-31T01:01:33+07:00,,16362
5902,6643,credit_card,success,2026-07-26T09:49:33+07:00,,12634
5903,6644,PromptPay,success,2026-01-22T19:54:35+07:00,,7665
5904,6645,PromptPay,success,2026-04-19T16:15:13+07:00,,22426
5905,6646,debit_card,success,2026-11-27T12:17:58+07:00,,13347
5906,6648,TrueMoney,success,2026-05-28T23:25:30+07:00,,11853
5907,6649,credit_card,success,2026-05-03T00:49:36+07:00,,4670
5908,6650,credit_card,success,2026-07-23T15:11:04+07:00,,11991
5909,6651,credit_card,success,2026-11-28T21:01:00+07:00,,12143
5910,6652,PromptPay,failed,2026-11-13T22:25:12+07:00,gateway_timeout,3847
5911,6653,PromptPay,success,2026-12-03T00:14:06+07:00,,4051
5912,6654,bank_transfer,success,2026-12-15T21:36:43+07:00,,30602
5913,6655,debit_card,success,2026-10-20T22:51:50+07:00,,7357
5914,6656,credit_card,success,2026-09-06T16:35:27+07:00,,4539
5915,6657,TrueMoney,success,2026-09-22T07:24:23+07:00,,8748
5916,6658,PromptPay,success,2026-09-27T21:18:42+07:00,,14023
5917,6659,credit_card,success,2026-10-03T22:07:37+07:00,,11837
5918,6660,credit_card,success,2026-02-25T22:47:37+07:00,,9590
5919,6661,PromptPay,success,2026-04-04T19:12:14+07:00,,7394
5920,6662,PromptPay,success,2026-10-27T22:18:37+07:00,,12901
5921,6663,PromptPay,success,2026-11-10T02:26:40+07:00,,4191
5922,6666,debit_card,success,2026-04-24T20:21:58+07:00,,32555
5923,6667,PromptPay,success,2026-12-21T21:08:10+07:00,,14431
5924,6668,debit_card,success,2026-06-06T23:44:37+07:00,,38616
5925,6669,credit_card,success,2026-04-13T18:36:33+07:00,,20719
5926,6670,PromptPay,success,2026-07-02T11:15:45+07:00,,5168
5927,6671,PromptPay,success,2026-09-01T09:16:07+07:00,,18547
5928,6672,bank_transfer,success,2026-09-23T12:39:08+07:00,,6466
5929,6673,GrabPay,success,2026-10-01T20:49:26+07:00,,14998
5930,6674,PromptPay,success,2026-07-18T13:36:34+07:00,,3359
5931,6675,credit_card,success,2026-12-03T06:50:29+07:00,,39631
5932,6676,PromptPay,success,2026-03-13T12:28:15+07:00,,5463
5933,6679,ShopeePay,success,2026-04-13T14:59:41+07:00,,41199
5934,6680,PromptPay,success,2026-01-16T13:05:21+07:00,,21568
5935,6681,debit_card,success,2026-05-26T21:15:57+07:00,,16344
5936,6682,bank_transfer,success,2026-11-06T19:31:48+07:00,,14333
5937,6684,TrueMoney,success,2026-10-11T00:45:18+07:00,,10498
5938,6685,credit_card,success,2026-11-13T22:12:51+07:00,,4165
5939,6686,PromptPay,success,2026-04-24T14:51:18+07:00,,17228
5940,6687,credit_card,success,2026-04-21T23:56:41+07:00,,30036
5941,6688,debit_card,success,2026-06-25T21:08:56+07:00,,12221
5942,6689,PromptPay,success,2026-08-26T17:07:53+07:00,,8290
5943,6690,debit_card,failed,2026-11-13T17:12:09+07:00,insufficient_funds,13062
5944,6692,PromptPay,success,2026-12-13T13:43:07+07:00,,9592
5945,6693,TrueMoney,success,2026-08-25T13:28:26+07:00,,3717
5946,6694,PromptPay,success,2026-07-26T15:27:23+07:00,,11832
5947,6695,credit_card,success,2026-12-16T16:00:51+07:00,,9196
5948,6696,debit_card,success,2026-10-21T18:02:53+07:00,,26611
5949,6698,PromptPay,success,2026-08-28T23:09:43+07:00,,4115
5950,6699,PromptPay,success,2026-07-13T14:30:08+07:00,,35275
5951,6700,debit_card,success,2026-11-08T14:02:17+07:00,,15243
5952,6701,bank_transfer,success,2026-12-21T20:28:02+07:00,,26184
5953,6702,PromptPay,success,2026-11-10T09:26:49+07:00,,15584
5954,6703,PromptPay,failed,2026-10-22T23:05:07+07:00,gateway_timeout,6849
5955,6705,debit_card,success,2026-10-23T17:38:00+07:00,,20335
5956,6706,ShopeePay,success,2026-07-25T00:47:56+07:00,,3185
5957,6707,GrabPay,success,2026-09-26T11:21:29+07:00,,11112
5958,6708,PromptPay,success,2026-06-19T00:42:54+07:00,,26299
5959,6709,GrabPay,success,2026-05-22T12:11:04+07:00,,10180
5960,6710,TrueMoney,success,2026-07-21T09:43:30+07:00,,12981
5961,6711,credit_card,success,2026-06-23T16:12:43+07:00,,8439
5962,6712,PromptPay,success,2026-08-19T23:40:02+07:00,,8193
5963,6713,credit_card,success,2026-11-15T23:17:27+07:00,,7662
5964,6714,PromptPay,success,2026-12-09T23:02:55+07:00,,11113
5965,6715,PromptPay,success,2026-05-21T18:06:53+07:00,,31941
5966,6716,debit_card,success,2026-05-13T17:33:43+07:00,,11106
5967,6717,debit_card,success,2026-11-02T11:25:55+07:00,,46735
5968,6718,debit_card,success,2026-09-16T17:17:44+07:00,,13281
5969,6719,GrabPay,success,2026-11-29T21:04:28+07:00,,14900
5970,6720,GrabPay,success,2026-12-13T18:22:03+07:00,,22092
5971,6721,PromptPay,failed,2026-09-25T17:03:20+07:00,user_cancelled,7472
5972,6724,PromptPay,success,2026-11-25T23:43:46+07:00,,28552
5973,6725,ShopeePay,success,2026-05-29T21:33:54+07:00,,17355
5974,6726,PromptPay,success,2026-11-21T13:05:47+07:00,,33755
5975,6728,credit_card,success,2026-05-19T23:00:04+07:00,,16626
5976,6730,PromptPay,success,2026-06-26T22:35:45+07:00,,3286
5977,6731,credit_card,success,2026-11-04T10:40:52+07:00,,2857
5978,6732,PromptPay,success,2026-10-03T23:33:45+07:00,,9935
5979,6733,PromptPay,success,2026-08-01T02:58:50+07:00,,12027
5980,6734,PromptPay,success,2026-06-24T09:29:21+07:00,,11293
5981,6736,PromptPay,success,2026-07-26T16:58:15+07:00,,8871
5982,6737,debit_card,success,2026-06-08T01:22:02+07:00,,23812
5983,6738,PromptPay,success,2026-06-08T05:34:07+07:00,,28207
5984,6739,PromptPay,success,2026-08-02T17:45:44+07:00,,7162
5985,6740,debit_card,success,2026-10-08T19:35:54+07:00,,9193
5986,6741,TrueMoney,success,2026-11-30T16:48:59+07:00,,18737
5987,6743,PromptPay,success,2026-06-26T08:47:31+07:00,,10366
5988,6744,PromptPay,success,2026-07-28T10:16:32+07:00,,12796
5989,6745,PromptPay,success,2026-08-16T21:26:04+07:00,,8648
5990,6746,GrabPay,success,2026-05-16T15:06:25+07:00,,9222
5991,6747,PromptPay,success,2026-12-01T07:46:08+07:00,,17158
5992,6748,GrabPay,success,2026-12-28T13:54:03+07:00,,8929
5993,6749,credit_card,success,2026-05-23T21:40:47+07:00,,23867
5994,6750,PromptPay,success,2026-03-26T23:27:40+07:00,,3803
5995,6751,debit_card,success,2026-06-26T02:01:40+07:00,,15276
5996,6753,TrueMoney,success,2026-09-03T11:06:01+07:00,,38345
5997,6754,debit_card,success,2026-08-22T08:08:06+07:00,,5364
5998,6755,TrueMoney,failed,2026-03-24T21:23:51+07:00,bank_rejected,10562
5999,6756,PromptPay,success,2026-11-08T17:51:51+07:00,,14620
6000,6757,debit_card,success,2026-10-25T09:44:40+07:00,,23761
6001,6758,PromptPay,success,2026-12-13T01:26:41+07:00,,8055
6002,6759,debit_card,success,2026-12-03T13:14:08+07:00,,8235
6003,6760,debit_card,success,2026-07-01T00:28:57+07:00,,8462
6004,6761,credit_card,success,2026-06-13T11:25:22+07:00,,6250
6005,6762,PromptPay,success,2026-06-06T02:27:19+07:00,,6852
6006,6763,debit_card,success,2026-10-22T17:32:13+07:00,,17021
6007,6764,credit_card,success,2026-06-07T22:12:24+07:00,,19119
6008,6765,bank_transfer,success,2026-11-05T20:51:20+07:00,,14010
6009,6766,credit_card,success,2026-08-11T12:41:18+07:00,,38780
6010,6767,PromptPay,success,2026-11-12T02:02:01+07:00,,18453
6011,6768,PromptPay,success,2026-12-04T19:24:55+07:00,,13033
6012,6769,credit_card,success,2026-10-03T15:11:37+07:00,,10320
6013,6770,PromptPay,success,2026-10-11T18:37:45+07:00,,5905
6014,6771,credit_card,success,2026-07-17T17:55:02+07:00,,5849
6015,6772,credit_card,success,2026-09-13T15:09:15+07:00,,30318
6016,6773,PromptPay,success,2026-09-19T15:48:14+07:00,,20901
6017,6774,bank_transfer,success,2026-07-30T15:25:30+07:00,,25916
6018,6775,credit_card,success,2026-08-13T09:37:30+07:00,,12207
6019,6777,credit_card,success,2026-11-24T23:14:26+07:00,,4809
6020,6778,PromptPay,success,2026-10-15T11:12:41+07:00,,26668
6021,6780,bank_transfer,success,2026-08-14T14:16:18+07:00,,26920
6022,6781,bank_transfer,success,2026-11-05T20:57:32+07:00,,18264
6023,6782,credit_card,success,2026-08-11T17:42:41+07:00,,4157
6024,6783,TrueMoney,success,2026-07-03T10:28:28+07:00,,19501
6025,6784,GrabPay,success,2026-09-18T05:29:55+07:00,,6973
6026,6785,PromptPay,success,2026-12-23T13:54:54+07:00,,11902
6027,6786,credit_card,success,2026-12-04T14:56:41+07:00,,25577
6028,6787,PromptPay,success,2026-12-13T12:24:14+07:00,,4539
6029,6788,PromptPay,success,2026-08-20T16:36:57+07:00,,15822
6030,6790,PromptPay,success,2026-12-13T20:35:00+07:00,,18955
6031,6791,PromptPay,success,2026-12-17T10:05:23+07:00,,2477
6032,6792,debit_card,success,2026-09-13T18:56:26+07:00,,43818
6033,6793,PromptPay,success,2026-11-06T22:47:14+07:00,,3637
6034,6794,PromptPay,success,2026-01-20T16:47:59+07:00,,15941
6035,6795,credit_card,success,2026-06-15T11:45:00+07:00,,3812
6036,6796,credit_card,success,2026-05-27T23:58:47+07:00,,30299
6037,6797,PromptPay,success,2026-10-28T12:27:38+07:00,,10545
6038,6799,TrueMoney,success,2026-07-09T16:35:58+07:00,,37009
6039,6800,credit_card,success,2026-03-21T00:51:41+07:00,,29330
6040,6801,ShopeePay,success,2026-03-26T17:20:39+07:00,,18056
6041,6802,PromptPay,success,2026-08-07T02:05:10+07:00,,11465
6042,6805,credit_card,failed,2026-11-16T07:18:42+07:00,card_declined,17806
6043,6806,PromptPay,success,2026-04-26T16:03:02+07:00,,16929
6044,6808,TrueMoney,success,2026-10-15T10:57:21+07:00,,8586
6045,6810,PromptPay,success,2026-04-16T09:45:18+07:00,,9386
6046,6811,TrueMoney,success,2026-05-24T23:56:57+07:00,,13213
6047,6812,TrueMoney,success,2026-11-04T19:21:32+07:00,,17351
6048,6813,PromptPay,success,2026-02-14T15:20:09+07:00,,9011
6049,6814,PromptPay,success,2026-03-03T19:29:56+07:00,,12565
6050,6815,ShopeePay,success,2026-09-17T20:19:08+07:00,,6933
6051,6816,PromptPay,success,2026-11-11T13:45:04+07:00,,29788
6052,6817,credit_card,success,2026-11-26T01:32:39+07:00,,5695
6053,6818,debit_card,success,2026-07-11T15:08:48+07:00,,7766
6054,6819,debit_card,success,2026-11-07T01:54:30+07:00,,5037
6055,6821,PromptPay,success,2026-10-15T13:31:32+07:00,,8106
6056,6822,credit_card,success,2026-11-12T12:45:07+07:00,,9631
6057,6823,credit_card,success,2026-11-24T13:47:29+07:00,,13970
6058,6824,ShopeePay,success,2026-11-30T23:36:28+07:00,,53042
6059,6825,credit_card,success,2026-04-23T21:18:55+07:00,,22010
6060,6826,credit_card,failed,2026-05-10T01:44:37+07:00,insufficient_funds,8691
6061,6827,GrabPay,success,2026-10-30T23:30:23+07:00,,11148
6062,6828,PromptPay,success,2026-11-04T21:49:48+07:00,,12938
6063,6829,credit_card,success,2026-09-27T18:36:00+07:00,,7860
6064,6830,GrabPay,success,2026-09-11T10:48:07+07:00,,8357
6065,6831,PromptPay,success,2026-11-24T10:06:38+07:00,,8295
6066,6832,TrueMoney,success,2026-02-26T13:01:43+07:00,,8472
6067,6833,PromptPay,success,2026-10-25T23:26:46+07:00,,5347
6068,6834,TrueMoney,success,2026-11-23T09:55:41+07:00,,18859
6069,6835,PromptPay,success,2026-08-23T15:24:56+07:00,,31136
6070,6836,credit_card,success,2026-09-03T19:44:13+07:00,,23129
6071,6837,credit_card,success,2026-07-05T02:29:15+07:00,,15838
6072,6838,PromptPay,success,2026-10-19T12:34:54+07:00,,7208
6073,6839,debit_card,success,2026-10-30T10:53:18+07:00,,21977
6074,6840,PromptPay,success,2026-11-22T17:13:27+07:00,,5484
6075,6841,debit_card,failed,2026-07-30T21:07:50+07:00,card_declined,33325
6076,6842,PromptPay,success,2026-11-04T09:24:43+07:00,,4506
6077,6843,credit_card,success,2026-03-26T21:33:24+07:00,,6460
6078,6844,bank_transfer,success,2026-10-29T14:48:26+07:00,,16856
6079,6845,PromptPay,success,2026-07-25T14:49:26+07:00,,8177
6080,6846,debit_card,success,2026-10-30T20:34:15+07:00,,17612
6081,6847,PromptPay,success,2026-08-03T09:14:07+07:00,,8471
6082,6848,PromptPay,success,2026-05-23T20:14:03+07:00,,7500
6083,6849,PromptPay,failed,2026-11-12T12:11:48+07:00,insufficient_funds,11744
6084,6850,debit_card,success,2026-08-26T00:59:48+07:00,,4947
6085,6852,credit_card,success,2026-07-02T20:14:06+07:00,,8489
6086,6853,credit_card,success,2026-12-30T02:26:46+07:00,,3080
6087,6854,credit_card,success,2026-07-14T16:13:28+07:00,,12230
6088,6855,credit_card,success,2026-11-20T08:32:11+07:00,,7771
6089,6856,bank_transfer,success,2026-09-13T18:31:53+07:00,,27291
6090,6857,PromptPay,failed,2026-11-13T12:17:58+07:00,bank_rejected,49255
6091,6858,PromptPay,success,2026-08-25T09:53:57+07:00,,3182
6092,6860,GrabPay,success,2026-09-09T18:41:38+07:00,,5077
6093,6861,credit_card,success,2026-09-06T19:43:36+07:00,,6491
6094,6862,debit_card,success,2026-10-05T05:59:30+07:00,,7637
6095,6863,credit_card,failed,2026-11-17T07:34:42+07:00,card_declined,14661
6096,6864,credit_card,success,2026-11-27T09:51:14+07:00,,11586
6097,6865,PromptPay,success,2026-10-28T01:07:49+07:00,,12097
6098,6866,PromptPay,success,2026-10-25T21:48:54+07:00,,13924
6099,6868,credit_card,success,2026-10-06T19:51:40+07:00,,6880
6100,6869,PromptPay,success,2026-08-11T21:01:21+07:00,,6748
6101,6870,ShopeePay,success,2026-09-05T14:43:04+07:00,,7529
6102,6871,debit_card,success,2026-10-08T21:07:56+07:00,,13095
6103,6872,PromptPay,success,2026-11-11T13:19:51+07:00,,6818
6104,6873,PromptPay,success,2026-10-24T11:42:57+07:00,,7364
6105,6874,PromptPay,success,2026-08-01T18:59:22+07:00,,9846
6106,6875,TrueMoney,success,2026-11-27T19:12:17+07:00,,15895
6107,6876,PromptPay,success,2026-11-16T19:23:37+07:00,,24616
6108,6877,PromptPay,success,2026-12-30T18:19:22+07:00,,6707
6109,6878,PromptPay,success,2026-09-20T21:42:48+07:00,,9850
6110,6880,credit_card,success,2026-10-12T00:35:53+07:00,,23669
6111,6881,PromptPay,success,2026-10-05T13:39:17+07:00,,10961
6112,6882,TrueMoney,success,2026-05-28T20:57:20+07:00,,20692
6113,6883,debit_card,success,2026-06-17T18:39:17+07:00,,10498
6114,6884,credit_card,success,2026-11-14T09:47:55+07:00,,16629
6115,6885,PromptPay,success,2026-07-04T23:29:01+07:00,,16722
6116,6886,credit_card,success,2026-06-19T16:30:42+07:00,,19560
6117,6888,bank_transfer,success,2026-08-06T12:45:45+07:00,,8089
6118,6889,debit_card,success,2026-04-24T11:14:48+07:00,,14476
6119,6890,debit_card,success,2026-04-26T16:44:35+07:00,,9812
6120,6891,credit_card,success,2026-11-01T20:27:32+07:00,,8936
6121,6892,PromptPay,success,2026-11-10T08:19:06+07:00,,19025
6122,6893,PromptPay,success,2026-11-13T09:15:13+07:00,,3772
6123,6894,ShopeePay,success,2026-08-05T19:30:44+07:00,,30861
6124,6895,PromptPay,success,2026-12-26T21:21:05+07:00,,24108
6125,6896,credit_card,success,2026-06-05T21:26:40+07:00,,11112
6126,6897,bank_transfer,success,2026-11-10T18:34:43+07:00,,19709
6127,6898,TrueMoney,success,2026-09-27T15:32:15+07:00,,32704
6128,6899,debit_card,success,2026-08-15T17:09:53+07:00,,18935
6129,6900,bank_transfer,success,2026-11-27T02:22:07+07:00,,7017
6130,6901,PromptPay,success,2026-06-14T18:53:30+07:00,,5285
6131,6902,credit_card,success,2026-08-07T20:24:40+07:00,,11876
6132,6904,PromptPay,failed,2026-08-25T22:52:59+07:00,gateway_timeout,9830
6133,6905,PromptPay,success,2026-08-30T13:58:01+07:00,,24281
6134,6906,PromptPay,success,2026-09-08T22:51:14+07:00,,14048
6135,6907,TrueMoney,success,2026-12-17T01:42:03+07:00,,23780
6136,6908,credit_card,success,2026-11-30T22:24:10+07:00,,4325
6137,6909,GrabPay,success,2026-05-30T09:48:29+07:00,,23216
6138,6910,TrueMoney,success,2026-08-15T11:18:41+07:00,,16896
6139,6911,PromptPay,success,2026-09-17T06:43:46+07:00,,14239
6140,6912,ShopeePay,success,2026-12-01T22:19:28+07:00,,12431
6141,6913,credit_card,success,2026-10-13T00:13:41+07:00,,15278
6142,6914,TrueMoney,success,2026-10-03T17:08:32+07:00,,20928
6143,6915,PromptPay,success,2026-04-16T01:49:17+07:00,,19501
6144,6916,bank_transfer,success,2026-11-16T08:22:03+07:00,,11605
6145,6917,debit_card,success,2026-12-07T18:14:37+07:00,,13438
6146,6918,bank_transfer,success,2026-10-20T04:46:30+07:00,,18419
6147,6919,credit_card,failed,2026-10-15T17:51:09+07:00,user_cancelled,9150
6148,6920,credit_card,success,2026-12-10T03:42:02+07:00,,7750
6149,6921,PromptPay,success,2026-11-08T17:52:19+07:00,,9776
6150,6922,credit_card,success,2026-05-01T13:37:06+07:00,,8215
6151,6924,TrueMoney,success,2026-09-11T08:25:01+07:00,,27606
6152,6925,credit_card,success,2026-05-31T16:39:45+07:00,,27212
6153,6926,debit_card,success,2026-04-19T15:05:30+07:00,,23680
6154,6927,TrueMoney,success,2026-10-13T22:03:08+07:00,,3914
6155,6928,TrueMoney,success,2026-12-02T00:20:27+07:00,,2701
6156,6929,PromptPay,success,2026-12-27T21:13:36+07:00,,4527
6157,6930,PromptPay,success,2026-08-06T10:30:10+07:00,,25268
6158,6931,PromptPay,success,2026-07-30T07:42:53+07:00,,6782
6159,6932,bank_transfer,success,2026-09-13T19:54:02+07:00,,19262
6160,6933,debit_card,success,2026-12-15T16:15:28+07:00,,26598
6161,6934,TrueMoney,success,2026-09-14T00:26:38+07:00,,15922
6162,6935,PromptPay,success,2026-01-28T18:51:57+07:00,,8681
6163,6936,PromptPay,success,2026-10-31T20:23:35+07:00,,6057
6164,6937,TrueMoney,success,2026-10-19T13:50:10+07:00,,14200
6165,6938,PromptPay,success,2026-09-27T20:03:29+07:00,,7094
6166,6939,GrabPay,success,2026-08-20T14:40:09+07:00,,27211
6167,6940,GrabPay,success,2026-11-11T11:54:52+07:00,,3746
6168,6941,PromptPay,success,2026-11-19T09:33:57+07:00,,6998
6169,6942,PromptPay,success,2026-11-26T19:16:08+07:00,,3786
6170,6943,GrabPay,success,2026-07-28T19:03:27+07:00,,10931
6171,6945,credit_card,success,2026-11-06T10:42:20+07:00,,22667
6172,6946,credit_card,success,2026-08-16T12:57:32+07:00,,8640
6173,6947,bank_transfer,success,2026-12-09T14:26:39+07:00,,35651
6174,6948,debit_card,success,2026-11-22T14:18:14+07:00,,18772
6175,6949,PromptPay,success,2026-05-05T01:13:51+07:00,,21923
6176,6950,bank_transfer,success,2026-06-23T21:45:04+07:00,,15189
6177,6951,credit_card,success,2026-12-08T13:52:31+07:00,,8686
6178,6952,credit_card,success,2026-03-21T20:01:32+07:00,,18647
6179,6953,credit_card,success,2026-09-02T21:40:08+07:00,,11816
6180,6954,PromptPay,success,2026-10-16T02:08:36+07:00,,15073
6181,6956,PromptPay,success,2026-09-01T18:20:56+07:00,,14763
6182,6957,debit_card,success,2026-10-07T09:24:36+07:00,,7427
6183,6958,debit_card,success,2026-06-24T14:14:58+07:00,,5110
6184,6959,TrueMoney,success,2026-10-18T19:28:50+07:00,,7783
6185,6961,debit_card,success,2026-10-11T16:14:17+07:00,,9683
6186,6962,PromptPay,success,2026-10-27T12:14:58+07:00,,27939
6187,6963,PromptPay,success,2026-11-08T23:15:55+07:00,,14721
6188,6964,PromptPay,success,2026-06-04T15:57:47+07:00,,25285
6189,6965,PromptPay,success,2026-09-25T16:10:51+07:00,,6615
6190,6966,GrabPay,success,2026-02-11T20:59:41+07:00,,3699
6191,6967,credit_card,success,2026-07-25T20:22:44+07:00,,21446
6192,6968,credit_card,success,2026-07-04T00:34:54+07:00,,6503
6193,6969,GrabPay,success,2026-10-15T16:23:58+07:00,,17654
6194,6970,bank_transfer,success,2026-11-15T14:12:37+07:00,,27783
6195,6971,GrabPay,success,2026-06-05T12:46:19+07:00,,24196
6196,6972,debit_card,success,2026-12-07T17:59:06+07:00,,13037
6197,6973,PromptPay,success,2026-03-31T18:06:18+07:00,,24101
6198,6974,debit_card,success,2026-07-15T18:47:58+07:00,,6210
6199,6975,PromptPay,success,2026-10-17T09:51:12+07:00,,5623
6200,6976,bank_transfer,success,2026-09-25T19:50:59+07:00,,23298
6201,6977,PromptPay,success,2026-04-22T12:51:28+07:00,,16107
6202,6978,credit_card,success,2026-10-21T15:09:22+07:00,,27165
6203,6979,PromptPay,success,2026-10-19T07:41:53+07:00,,13034
6204,6980,TrueMoney,failed,2026-07-08T22:15:34+07:00,card_declined,60682
6205,6981,credit_card,success,2026-12-21T00:05:52+07:00,,8572
6206,6983,PromptPay,success,2026-08-29T00:15:21+07:00,,6457
6207,6984,ShopeePay,success,2026-04-25T21:31:51+07:00,,8586
6208,6985,debit_card,success,2026-10-12T00:58:01+07:00,,12997
6209,6986,credit_card,success,2026-01-26T03:11:30+07:00,,50398
6210,6987,TrueMoney,success,2026-02-07T04:04:37+07:00,,9135
6211,6988,credit_card,success,2026-11-13T01:45:11+07:00,,6016
6212,6989,PromptPay,success,2026-02-15T22:33:22+07:00,,4444
6213,6990,credit_card,failed,2026-03-30T23:57:12+07:00,card_declined,12017
6214,6991,PromptPay,success,2026-08-01T00:44:08+07:00,,6110
6215,6992,TrueMoney,success,2026-12-26T05:59:19+07:00,,7937
6216,6993,credit_card,success,2026-10-20T10:08:10+07:00,,3435
6217,6994,credit_card,success,2026-10-05T20:22:28+07:00,,19868
6218,6995,credit_card,success,2026-10-14T16:46:48+07:00,,23102
6219,6996,credit_card,success,2026-11-13T23:12:27+07:00,,12798
6220,6997,PromptPay,success,2026-10-14T16:19:09+07:00,,10037
6221,6998,credit_card,success,2026-09-28T21:31:31+07:00,,4251
6222,6999,ShopeePay,success,2026-10-12T17:56:10+07:00,,6519
6223,7000,GrabPay,success,2026-07-09T13:21:04+07:00,,10992
6224,7001,debit_card,success,2026-08-09T09:31:17+07:00,,2509
6225,7003,GrabPay,success,2026-11-19T10:02:09+07:00,,18001
6226,7004,PromptPay,failed,2026-04-18T01:11:30+07:00,gateway_timeout,9093
6227,7005,PromptPay,success,2026-02-28T23:48:33+07:00,,66669
6228,7006,credit_card,success,2026-10-05T10:47:02+07:00,,3550
6229,7007,PromptPay,success,2026-09-17T11:19:02+07:00,,5028
6230,7008,TrueMoney,success,2026-05-04T09:25:15+07:00,,3186
6231,7009,PromptPay,failed,2026-11-06T12:30:50+07:00,card_declined,15586
6232,7011,bank_transfer,success,2026-04-12T16:19:21+07:00,,8040
6233,7012,credit_card,success,2026-10-14T12:12:32+07:00,,8334
6234,7013,PromptPay,success,2026-12-30T14:09:40+07:00,,8252
6235,7014,bank_transfer,success,2026-06-29T15:15:23+07:00,,20159
6236,7015,PromptPay,success,2026-07-25T10:56:42+07:00,,33455
6237,7016,GrabPay,success,2026-11-27T20:03:54+07:00,,7013
6238,7017,PromptPay,success,2026-06-25T11:44:54+07:00,,19446
6239,7018,credit_card,success,2026-04-08T01:47:21+07:00,,5668
6240,7019,PromptPay,success,2026-12-27T14:07:15+07:00,,20255
6241,7020,credit_card,success,2026-07-11T09:30:17+07:00,,15959
6242,7022,PromptPay,failed,2026-08-14T22:55:08+07:00,gateway_timeout,11772
6243,7023,debit_card,success,2026-08-16T19:55:06+07:00,,13265
6244,7024,PromptPay,failed,2026-09-10T22:18:49+07:00,gateway_timeout,11846
6245,7025,PromptPay,success,2026-06-08T01:13:57+07:00,,14309
6246,7026,ShopeePay,success,2026-08-06T08:57:48+07:00,,15467
6247,7027,credit_card,failed,2026-10-01T21:57:01+07:00,card_declined,18515
6248,7028,PromptPay,success,2026-10-26T12:20:38+07:00,,15040
6249,7029,TrueMoney,failed,2026-11-12T20:25:46+07:00,card_declined,23700
6250,7030,credit_card,success,2026-11-13T03:29:34+07:00,,12082
6251,7031,credit_card,success,2026-09-14T09:57:40+07:00,,12825
6252,7033,PromptPay,success,2026-12-04T13:28:18+07:00,,28624
6253,7035,TrueMoney,success,2026-11-06T08:08:52+07:00,,3930
6254,7036,bank_transfer,success,2026-07-28T13:12:33+07:00,,11918
6255,7037,credit_card,success,2026-11-11T19:30:31+07:00,,8696
6256,7038,PromptPay,success,2026-09-07T20:01:54+07:00,,15135
6257,7039,TrueMoney,success,2026-09-19T10:38:27+07:00,,20845
6258,7040,TrueMoney,success,2026-10-09T12:28:17+07:00,,3502
6259,7041,credit_card,success,2026-10-15T13:12:47+07:00,,12626
6260,7042,PromptPay,success,2026-07-21T08:30:52+07:00,,10313
6261,7043,PromptPay,success,2026-10-08T10:23:50+07:00,,22717
6262,7044,debit_card,success,2026-07-12T21:36:37+07:00,,17233
6263,7045,debit_card,success,2026-07-11T03:40:47+07:00,,8072
6264,7046,PromptPay,success,2026-07-11T22:40:41+07:00,,3411
6265,7047,PromptPay,success,2026-08-15T12:07:14+07:00,,36194
6266,7048,PromptPay,success,2026-04-02T10:50:11+07:00,,12313
6267,7049,debit_card,success,2026-12-15T18:52:39+07:00,,5282
6268,7050,bank_transfer,success,2026-05-29T13:05:33+07:00,,12094
6269,7051,PromptPay,failed,2026-04-30T21:41:26+07:00,bank_rejected,4027
6270,7053,debit_card,success,2026-10-25T18:34:26+07:00,,28651
6271,7054,PromptPay,success,2026-12-02T02:11:40+07:00,,9086
6272,7055,PromptPay,success,2026-12-02T00:49:30+07:00,,27909
6273,7056,debit_card,success,2026-12-29T15:11:23+07:00,,14014
6274,7057,TrueMoney,success,2026-12-31T11:27:01+07:00,,23035
6275,7059,credit_card,success,2026-05-10T16:53:57+07:00,,15452
6276,7060,debit_card,success,2026-04-14T23:45:20+07:00,,6647
6277,7061,PromptPay,success,2026-12-07T13:53:59+07:00,,24357
6278,7062,PromptPay,success,2026-09-16T19:57:07+07:00,,23141
6279,7063,PromptPay,success,2026-07-01T13:48:12+07:00,,5686
6280,7064,credit_card,success,2026-10-25T17:01:53+07:00,,13757
6281,7065,PromptPay,success,2026-12-03T19:02:47+07:00,,9781
6282,7066,PromptPay,success,2026-09-04T20:43:28+07:00,,7885
6283,7067,credit_card,success,2026-10-27T09:12:50+07:00,,5538
6284,7068,PromptPay,success,2026-09-15T18:37:19+07:00,,9694
6285,7069,credit_card,success,2026-11-11T00:11:31+07:00,,23088
6286,7070,ShopeePay,success,2026-07-23T12:08:33+07:00,,6754
6287,7072,PromptPay,success,2026-07-21T19:02:31+07:00,,13543
6288,7073,bank_transfer,success,2026-10-25T00:54:45+07:00,,2553
6289,7074,credit_card,success,2026-08-06T18:45:35+07:00,,27047
6290,7075,bank_transfer,success,2026-09-03T19:21:30+07:00,,7287
6291,7076,debit_card,success,2026-09-15T13:25:13+07:00,,32284
6292,7077,debit_card,success,2026-11-02T13:43:03+07:00,,2745
6293,7079,PromptPay,success,2026-12-04T20:53:29+07:00,,14211
6294,7080,bank_transfer,success,2026-11-16T19:00:27+07:00,,17385
6295,7081,credit_card,failed,2026-09-14T00:25:47+07:00,card_declined,23610
6296,7082,PromptPay,success,2026-04-17T16:44:23+07:00,,6931
6297,7083,PromptPay,success,2026-08-07T11:47:04+07:00,,16450
6298,7084,GrabPay,success,2026-12-12T15:41:49+07:00,,9312
6299,7085,PromptPay,success,2026-09-05T20:44:58+07:00,,5585
6300,7086,credit_card,success,2026-11-28T07:45:50+07:00,,16731
6301,7087,PromptPay,success,2026-07-23T19:35:03+07:00,,9152
6302,7090,credit_card,success,2026-07-31T02:32:05+07:00,,4322
6303,7091,TrueMoney,success,2026-11-16T21:22:57+07:00,,4917
6304,7092,ShopeePay,success,2026-04-04T18:20:13+07:00,,6949
6305,7093,PromptPay,success,2026-04-24T12:12:16+07:00,,19690
6306,7094,credit_card,success,2026-05-13T08:30:21+07:00,,7871
6307,7095,credit_card,success,2026-08-21T22:48:37+07:00,,8927
6308,7096,credit_card,success,2026-08-26T20:40:52+07:00,,11129
6309,7098,TrueMoney,success,2026-09-30T12:27:04+07:00,,10874
6310,7099,PromptPay,success,2026-10-19T21:52:33+07:00,,3573
6311,7100,PromptPay,success,2026-11-17T19:54:17+07:00,,36082
6312,7101,debit_card,success,2026-10-23T12:52:12+07:00,,18902
6313,7102,TrueMoney,success,2026-07-25T10:35:51+07:00,,6356
6314,7103,TrueMoney,success,2026-08-21T02:07:03+07:00,,11112
6315,7104,credit_card,success,2026-10-17T09:13:20+07:00,,28348
6316,7105,bank_transfer,success,2026-05-27T10:54:53+07:00,,5078
6317,7106,bank_transfer,failed,2026-08-17T16:47:40+07:00,bank_rejected,30919
6318,7107,debit_card,success,2026-10-15T23:10:33+07:00,,18571
6319,7108,bank_transfer,success,2026-09-26T11:17:13+07:00,,21281
6320,7109,TrueMoney,success,2026-12-29T12:31:19+07:00,,9194
6321,7110,credit_card,success,2026-07-12T18:13:42+07:00,,45614
6322,7111,debit_card,success,2026-05-17T19:41:56+07:00,,14807
6323,7112,credit_card,success,2026-03-07T10:40:44+07:00,,9983
6324,7114,bank_transfer,success,2026-04-21T00:28:21+07:00,,3658
6325,7115,credit_card,success,2026-12-17T17:29:06+07:00,,15827
6326,7116,GrabPay,success,2026-08-11T08:57:55+07:00,,12822
6327,7118,credit_card,success,2026-07-10T22:11:34+07:00,,25276
6328,7119,credit_card,success,2026-05-22T00:28:19+07:00,,7965
6329,7120,credit_card,success,2026-06-20T22:16:37+07:00,,9739
6330,7121,TrueMoney,success,2026-10-24T14:17:33+07:00,,17395
6331,7122,credit_card,success,2026-10-29T22:06:54+07:00,,16213
6332,7123,credit_card,success,2026-12-11T12:57:28+07:00,,4388
6333,7125,PromptPay,success,2026-07-23T15:10:35+07:00,,14229
6334,7126,credit_card,success,2026-10-19T01:14:03+07:00,,5958
6335,7127,PromptPay,success,2026-08-08T04:48:42+07:00,,5579
6336,7128,bank_transfer,success,2026-04-28T14:31:49+07:00,,24190
6337,7129,PromptPay,success,2026-08-29T15:59:48+07:00,,17450
6338,7131,bank_transfer,success,2026-09-18T18:06:31+07:00,,2545
6339,7133,debit_card,success,2026-06-13T17:50:43+07:00,,27962
6340,7134,debit_card,success,2026-03-03T21:18:54+07:00,,20680
6341,7135,PromptPay,success,2026-10-01T01:02:02+07:00,,15924
6342,7136,PromptPay,success,2026-12-24T14:38:46+07:00,,28483
6343,7138,ShopeePay,success,2026-12-12T00:05:22+07:00,,19023
6344,7139,TrueMoney,success,2026-12-07T11:41:16+07:00,,45604
6345,7140,PromptPay,success,2026-12-16T23:23:08+07:00,,7069
6346,7141,bank_transfer,success,2026-12-08T00:06:47+07:00,,8622
6347,7142,GrabPay,success,2026-12-10T07:22:02+07:00,,5254
6348,7143,ShopeePay,success,2026-06-27T18:17:55+07:00,,11029
6349,7144,PromptPay,failed,2026-08-30T18:59:11+07:00,user_cancelled,10469
6350,7145,ShopeePay,success,2026-10-12T07:25:29+07:00,,19874
6351,7146,GrabPay,success,2026-05-12T16:04:52+07:00,,17654
6352,7147,PromptPay,success,2026-07-18T10:30:51+07:00,,10463
6353,7148,PromptPay,success,2026-11-18T11:11:12+07:00,,6745
6354,7149,debit_card,success,2026-10-16T07:25:55+07:00,,15722
6355,7150,bank_transfer,success,2026-11-18T13:18:59+07:00,,30547
6356,7151,credit_card,success,2026-09-28T18:27:31+07:00,,6972
6357,7153,debit_card,success,2026-09-30T17:31:48+07:00,,42119
6358,7154,PromptPay,success,2026-11-12T20:19:50+07:00,,13934
6359,7155,PromptPay,failed,2026-11-28T22:15:58+07:00,gateway_timeout,29438
6360,7156,credit_card,success,2026-11-24T21:49:04+07:00,,39649
6361,7157,GrabPay,success,2026-08-31T02:47:45+07:00,,4994
6362,7158,debit_card,success,2026-12-08T23:46:52+07:00,,6565
6363,7160,credit_card,success,2026-08-27T16:54:28+07:00,,10267
6364,7161,credit_card,success,2026-04-25T13:37:27+07:00,,21673
6365,7163,credit_card,success,2026-12-01T23:01:51+07:00,,20435
6366,7164,PromptPay,failed,2026-04-14T21:11:58+07:00,insufficient_funds,14636
6367,7165,credit_card,success,2026-11-26T02:12:29+07:00,,14491
6368,7166,credit_card,success,2026-12-22T21:14:29+07:00,,27816
6369,7167,PromptPay,success,2026-07-04T17:20:18+07:00,,5966
6370,7168,PromptPay,success,2026-10-20T15:29:36+07:00,,23282
6371,7169,debit_card,success,2026-08-01T01:26:45+07:00,,24102
6372,7171,PromptPay,success,2026-07-18T16:23:29+07:00,,9533
6373,7172,PromptPay,success,2026-09-11T02:05:02+07:00,,5996
6374,7174,TrueMoney,success,2026-08-10T14:08:14+07:00,,39840
6375,7175,TrueMoney,success,2026-12-01T17:27:58+07:00,,11374
6376,7176,PromptPay,failed,2026-06-07T08:14:49+07:00,bank_rejected,17536
6377,7177,credit_card,success,2026-06-08T00:25:49+07:00,,8377
6378,7178,PromptPay,success,2026-07-06T17:45:23+07:00,,14528
6379,7179,PromptPay,failed,2026-08-21T20:21:05+07:00,user_cancelled,30059
6380,7180,ShopeePay,success,2026-12-06T17:48:17+07:00,,27759
6381,7183,PromptPay,success,2026-03-28T13:48:40+07:00,,8782
6382,7184,credit_card,success,2026-03-28T12:54:17+07:00,,36846
6383,7185,credit_card,success,2026-05-26T10:44:32+07:00,,36056
6384,7187,credit_card,success,2026-04-27T08:20:55+07:00,,9413
6385,7188,PromptPay,success,2026-08-05T11:04:15+07:00,,7303
6386,7189,PromptPay,success,2026-11-11T16:11:35+07:00,,9511
6387,7190,ShopeePay,success,2026-11-11T08:42:00+07:00,,20915
6388,7191,PromptPay,success,2026-11-18T23:48:36+07:00,,5187
6389,7192,TrueMoney,success,2026-08-18T15:49:07+07:00,,11438
6390,7193,PromptPay,success,2026-06-15T12:12:30+07:00,,6301
6391,7194,PromptPay,success,2026-11-28T21:28:08+07:00,,9318
6392,7195,credit_card,success,2026-11-10T02:25:19+07:00,,14825
6393,7196,PromptPay,success,2026-11-16T11:57:20+07:00,,5331
6394,7197,ShopeePay,success,2026-10-18T12:36:52+07:00,,5797
6395,7198,credit_card,success,2026-12-25T14:09:15+07:00,,5647
6396,7199,credit_card,success,2026-10-25T03:25:11+07:00,,10835
6397,7200,PromptPay,success,2026-03-19T16:12:09+07:00,,11564
6398,7201,credit_card,success,2026-11-11T19:54:00+07:00,,7717
6399,7202,credit_card,success,2026-12-26T14:37:49+07:00,,13252
6400,7204,PromptPay,success,2026-05-29T11:49:30+07:00,,21064
6401,7205,credit_card,success,2026-12-12T10:31:34+07:00,,4962
6402,7206,credit_card,success,2026-10-19T13:51:44+07:00,,8099
6403,7208,credit_card,success,2026-11-16T12:01:42+07:00,,47418
6404,7210,credit_card,success,2026-03-04T21:37:39+07:00,,15991
6405,7211,PromptPay,failed,2026-10-17T19:36:22+07:00,card_declined,24541
6406,7212,credit_card,success,2026-07-05T10:10:40+07:00,,4866
6407,7214,PromptPay,success,2026-10-17T09:11:33+07:00,,5684
6408,7215,ShopeePay,success,2026-07-30T14:58:59+07:00,,17948
6409,7216,TrueMoney,success,2026-07-10T23:29:05+07:00,,9448
6410,7217,credit_card,success,2026-09-13T02:24:57+07:00,,7760
6411,7218,TrueMoney,success,2026-12-03T00:32:27+07:00,,10760
6412,7219,PromptPay,success,2026-11-09T15:16:33+07:00,,25704
6413,7220,bank_transfer,success,2026-12-27T00:31:57+07:00,,7872
6414,7221,credit_card,success,2026-10-10T20:04:32+07:00,,20156
6415,7222,ShopeePay,success,2026-12-15T07:20:46+07:00,,7091
6416,7223,credit_card,success,2026-09-24T14:14:40+07:00,,33611
6417,7224,credit_card,success,2026-12-27T23:42:16+07:00,,17727
6418,7225,PromptPay,success,2026-12-11T18:45:54+07:00,,21333
6419,7226,credit_card,success,2026-11-19T01:24:53+07:00,,7663
6420,7227,credit_card,success,2026-08-20T16:46:38+07:00,,28722
6421,7228,credit_card,success,2026-10-09T01:15:45+07:00,,17190
6422,7230,TrueMoney,success,2026-09-03T23:58:51+07:00,,9447
6423,7231,credit_card,success,2026-05-29T01:44:17+07:00,,5926
6424,7232,GrabPay,success,2026-09-24T20:33:15+07:00,,23135
6425,7233,TrueMoney,success,2026-12-24T23:33:13+07:00,,13142
6426,7234,PromptPay,success,2026-08-27T02:19:41+07:00,,6832
6427,7235,bank_transfer,success,2026-04-03T15:53:18+07:00,,31467
6428,7236,TrueMoney,success,2026-04-17T17:52:14+07:00,,6436
6429,7237,TrueMoney,success,2026-06-29T00:13:28+07:00,,7861
6430,7239,credit_card,success,2026-10-07T14:12:31+07:00,,7110
6431,7240,debit_card,success,2026-04-18T16:08:17+07:00,,7273
6432,7241,TrueMoney,success,2026-05-10T16:27:49+07:00,,16587
6433,7242,PromptPay,success,2026-10-20T19:46:29+07:00,,5233
6434,7243,credit_card,success,2026-07-26T21:45:28+07:00,,16352
6435,7244,PromptPay,success,2026-05-08T02:07:31+07:00,,17622
6436,7245,debit_card,success,2026-12-08T01:43:14+07:00,,5413
6437,7246,PromptPay,success,2026-04-26T11:56:00+07:00,,10910
6438,7247,PromptPay,success,2026-05-16T12:45:30+07:00,,4851
6439,7248,credit_card,success,2026-11-24T22:13:11+07:00,,14779
6440,7250,GrabPay,success,2026-06-14T18:25:03+07:00,,11274
6441,7252,bank_transfer,success,2026-11-06T17:51:54+07:00,,5349
6442,7253,debit_card,failed,2026-08-28T19:22:18+07:00,bank_rejected,7784
6443,7254,debit_card,success,2026-09-04T01:21:33+07:00,,8404
6444,7255,credit_card,success,2026-08-17T10:42:58+07:00,,7583
6445,7256,credit_card,success,2026-08-30T00:41:12+07:00,,8082
6446,7257,credit_card,success,2026-04-11T00:33:25+07:00,,9985
6447,7258,PromptPay,success,2026-04-20T19:51:23+07:00,,11612
6448,7259,credit_card,success,2026-05-16T20:32:35+07:00,,10514
6449,7260,debit_card,success,2026-10-02T10:25:19+07:00,,7681
6450,7261,PromptPay,success,2026-11-24T19:48:32+07:00,,7992
6451,7262,PromptPay,success,2026-12-23T14:58:36+07:00,,16380
6452,7263,TrueMoney,success,2026-11-29T14:47:45+07:00,,9576
6453,7266,bank_transfer,success,2026-08-17T00:19:07+07:00,,4217
6454,7267,debit_card,success,2026-07-30T12:18:43+07:00,,24013
6455,7268,credit_card,success,2026-08-30T13:20:50+07:00,,12241
6456,7269,debit_card,success,2026-11-03T18:22:07+07:00,,6221
6457,7270,credit_card,success,2026-12-23T12:18:20+07:00,,11591
6458,7271,PromptPay,success,2026-03-18T12:04:36+07:00,,16812
6459,7273,GrabPay,success,2026-09-20T00:57:38+07:00,,18148
6460,7274,PromptPay,success,2026-12-17T11:57:30+07:00,,5998
6461,7275,PromptPay,success,2026-07-23T01:52:16+07:00,,11084
6462,7277,PromptPay,success,2026-09-13T07:31:21+07:00,,34713
6463,7278,GrabPay,success,2026-11-14T23:13:45+07:00,,23778
6464,7279,debit_card,success,2026-08-24T21:42:04+07:00,,5359
6465,7280,TrueMoney,success,2026-05-11T17:01:07+07:00,,32332
6466,7281,credit_card,success,2026-11-22T20:05:45+07:00,,39773
6467,7282,PromptPay,success,2026-12-04T09:23:55+07:00,,8968
6468,7283,ShopeePay,success,2026-09-13T10:37:58+07:00,,3992
6469,7285,bank_transfer,success,2026-11-22T12:07:00+07:00,,14049
6470,7286,PromptPay,success,2026-10-20T14:11:36+07:00,,8555
6471,7287,TrueMoney,success,2026-01-30T16:23:13+07:00,,23223
6472,7288,credit_card,success,2026-12-02T23:37:18+07:00,,20444
6473,7289,credit_card,success,2026-09-22T13:27:37+07:00,,13794
6474,7291,bank_transfer,success,2026-04-28T19:08:50+07:00,,23665
6475,7292,credit_card,success,2026-08-07T12:14:13+07:00,,51933
6476,7293,debit_card,success,2026-11-10T20:59:41+07:00,,4311
6477,7294,debit_card,success,2026-06-01T12:44:38+07:00,,12728
6478,7295,credit_card,success,2026-09-17T11:52:40+07:00,,9914
6479,7296,credit_card,success,2026-11-15T13:14:24+07:00,,14040
6480,7297,PromptPay,success,2026-09-29T12:38:18+07:00,,7241
6481,7298,bank_transfer,success,2026-09-17T22:38:11+07:00,,10996
6482,7299,PromptPay,success,2026-10-19T19:59:04+07:00,,35392
6483,7300,PromptPay,success,2026-07-03T00:37:16+07:00,,7093
6484,7301,ShopeePay,success,2026-08-10T12:17:40+07:00,,4023
6485,7302,bank_transfer,success,2026-03-03T12:06:21+07:00,,8833
6486,7303,TrueMoney,success,2026-09-19T01:49:53+07:00,,19383
6487,7304,PromptPay,success,2026-05-15T08:45:46+07:00,,8548
6488,7305,credit_card,success,2026-02-22T21:19:20+07:00,,8371
6489,7306,PromptPay,success,2026-06-26T19:13:29+07:00,,8242
6490,7307,PromptPay,success,2026-03-01T12:26:28+07:00,,24777
6491,7308,PromptPay,success,2026-11-23T13:44:45+07:00,,41285
6492,7309,PromptPay,success,2026-09-13T23:51:31+07:00,,9271
6493,7310,PromptPay,failed,2026-12-08T18:53:35+07:00,user_cancelled,25202
6494,7311,credit_card,success,2026-11-04T19:51:47+07:00,,17516
6495,7312,credit_card,success,2026-11-24T12:05:20+07:00,,44523
6496,7313,debit_card,success,2026-09-28T20:52:24+07:00,,11839
6497,7314,credit_card,failed,2026-09-13T11:20:03+07:00,card_declined,18862
6498,7315,PromptPay,success,2026-11-06T18:07:29+07:00,,6836
6499,7316,credit_card,success,2026-11-19T01:06:23+07:00,,4644
6500,7317,PromptPay,success,2026-01-17T17:30:42+07:00,,15356
6501,7319,PromptPay,success,2026-10-23T10:34:03+07:00,,27833
6502,7320,ShopeePay,success,2026-11-12T11:08:10+07:00,,22981
6503,7321,TrueMoney,success,2026-07-11T00:04:11+07:00,,16629
6504,7322,PromptPay,success,2026-10-06T14:18:18+07:00,,27923
6505,7323,debit_card,failed,2026-11-19T16:47:21+07:00,card_declined,12312
6506,7324,credit_card,success,2026-10-22T11:21:35+07:00,,5345
6507,7325,PromptPay,success,2026-10-29T13:04:39+07:00,,29881
6508,7326,PromptPay,success,2026-12-10T20:23:59+07:00,,5620
6509,7328,PromptPay,success,2026-10-11T14:12:11+07:00,,7541
6510,7329,PromptPay,success,2026-07-13T21:31:05+07:00,,6803
6511,7330,GrabPay,success,2026-11-03T22:46:36+07:00,,13696
6512,7331,PromptPay,failed,2026-04-20T18:47:04+07:00,card_declined,8073
6513,7332,bank_transfer,failed,2026-06-08T11:57:03+07:00,insufficient_funds,14780
6514,7333,GrabPay,success,2026-04-01T01:41:13+07:00,,10976
6515,7334,TrueMoney,success,2026-07-29T11:08:23+07:00,,9589
6516,7335,PromptPay,success,2026-02-05T09:58:50+07:00,,29899
6517,7336,debit_card,failed,2026-09-08T23:38:42+07:00,otp_timeout,9267
6518,7338,credit_card,success,2026-10-24T09:33:03+07:00,,14895
6519,7339,credit_card,failed,2026-03-30T14:22:50+07:00,card_declined,8107
6520,7340,PromptPay,success,2026-07-08T01:15:55+07:00,,26112
6521,7341,TrueMoney,success,2026-05-15T22:05:14+07:00,,19691
6522,7342,bank_transfer,success,2026-10-02T00:54:35+07:00,,4016
6523,7343,bank_transfer,success,2026-11-01T11:54:47+07:00,,16410
6524,7344,GrabPay,success,2026-09-11T17:37:58+07:00,,38303
6525,7345,credit_card,failed,2026-08-22T09:41:03+07:00,insufficient_funds,6487
6526,7346,credit_card,success,2026-08-29T20:16:55+07:00,,7250
6527,7347,TrueMoney,success,2026-11-14T12:20:51+07:00,,7450
6528,7348,PromptPay,success,2026-06-16T18:01:43+07:00,,38495
6529,7349,bank_transfer,success,2026-09-23T15:11:54+07:00,,3944
6530,7350,credit_card,success,2026-11-04T08:48:50+07:00,,9274
6531,7351,credit_card,success,2026-09-10T15:11:41+07:00,,6270
6532,7352,credit_card,success,2026-10-21T20:54:15+07:00,,9321
6533,7353,TrueMoney,success,2026-11-25T16:30:08+07:00,,8551
6534,7354,PromptPay,success,2026-12-10T09:52:01+07:00,,9598
6535,7355,PromptPay,success,2026-08-18T00:13:08+07:00,,9360
6536,7356,credit_card,success,2026-06-06T02:20:29+07:00,,7373
6537,7358,ShopeePay,success,2026-09-22T23:08:15+07:00,,14232
6538,7359,credit_card,success,2026-08-26T00:29:22+07:00,,15508
6539,7360,debit_card,success,2026-06-26T17:19:40+07:00,,17541
6540,7361,credit_card,success,2026-11-16T21:14:58+07:00,,6921
6541,7362,PromptPay,success,2026-12-05T21:31:39+07:00,,10989
6542,7363,PromptPay,success,2026-12-19T00:18:50+07:00,,5240
6543,7364,PromptPay,success,2026-11-05T18:08:08+07:00,,24260
6544,7365,credit_card,success,2026-12-06T14:42:51+07:00,,7359
6545,7366,PromptPay,success,2026-08-10T21:18:45+07:00,,5170
6546,7367,credit_card,success,2026-08-27T22:40:43+07:00,,10002
6547,7368,GrabPay,success,2026-08-28T16:07:52+07:00,,28405
6548,7369,PromptPay,success,2026-03-19T23:25:54+07:00,,6719
6549,7371,PromptPay,success,2026-12-05T18:54:06+07:00,,9222
6550,7372,TrueMoney,success,2026-09-24T00:20:59+07:00,,5236
6551,7373,PromptPay,success,2026-06-28T20:18:58+07:00,,18487
6552,7375,PromptPay,success,2026-12-30T17:09:27+07:00,,5284
6553,7376,TrueMoney,success,2026-07-16T00:19:42+07:00,,12405
6554,7377,credit_card,success,2026-12-15T10:56:23+07:00,,15448
6555,7379,GrabPay,success,2026-12-14T18:00:20+07:00,,22903
6556,7380,PromptPay,success,2026-10-21T16:32:54+07:00,,12043
6557,7382,PromptPay,success,2026-08-08T21:47:50+07:00,,16257
6558,7383,credit_card,success,2026-08-14T00:47:04+07:00,,19009
6559,7384,credit_card,success,2026-08-21T15:09:19+07:00,,9977
6560,7385,TrueMoney,success,2026-06-01T09:43:27+07:00,,9257
6561,7386,debit_card,success,2026-10-17T18:28:12+07:00,,32730
6562,7387,PromptPay,success,2026-10-19T02:16:18+07:00,,5567
6563,7388,GrabPay,success,2026-07-31T20:47:08+07:00,,5860
6564,7390,credit_card,failed,2026-08-03T02:35:29+07:00,otp_timeout,10359
6565,7391,TrueMoney,success,2026-07-12T19:21:54+07:00,,18658
6566,7392,PromptPay,success,2026-10-08T23:33:02+07:00,,8694
6567,7393,PromptPay,success,2026-11-10T09:50:24+07:00,,21267
6568,7394,PromptPay,success,2026-11-02T02:25:15+07:00,,5964
6569,7395,credit_card,success,2026-11-21T21:29:36+07:00,,17867
6570,7396,TrueMoney,success,2026-11-24T01:18:23+07:00,,21432
6571,7397,credit_card,success,2026-08-22T00:11:20+07:00,,5649
6572,7398,credit_card,success,2026-02-02T12:46:57+07:00,,14575
6573,7399,credit_card,success,2026-11-11T20:32:00+07:00,,7297
6574,7400,credit_card,success,2026-03-13T09:45:37+07:00,,24824
6575,7401,credit_card,success,2026-12-02T20:13:14+07:00,,6916
6576,7402,credit_card,success,2026-11-26T22:22:09+07:00,,25010
6577,7403,debit_card,success,2026-09-23T20:00:14+07:00,,24236
6578,7404,PromptPay,success,2026-06-04T12:11:25+07:00,,20837
6579,7405,credit_card,success,2026-10-06T13:24:03+07:00,,12023
6580,7406,PromptPay,success,2026-03-06T10:32:53+07:00,,8915
6581,7407,debit_card,success,2026-11-20T14:18:42+07:00,,6202
6582,7408,PromptPay,success,2026-12-12T02:13:06+07:00,,20382
6583,7410,credit_card,success,2026-10-09T18:47:43+07:00,,13589
6584,7411,debit_card,success,2026-08-04T20:25:18+07:00,,16618
6585,7412,TrueMoney,success,2026-07-18T02:34:38+07:00,,18155
6586,7413,TrueMoney,success,2026-12-30T13:27:07+07:00,,17556
6587,7414,PromptPay,success,2026-04-25T18:26:12+07:00,,4555
6588,7415,debit_card,success,2026-09-07T08:23:15+07:00,,6410
6589,7416,debit_card,success,2026-11-09T12:39:04+07:00,,9434
6590,7417,debit_card,success,2026-12-22T14:30:28+07:00,,15713
6591,7418,credit_card,success,2026-07-19T23:57:29+07:00,,9822
6592,7419,credit_card,success,2026-10-03T19:55:51+07:00,,6522
6593,7420,PromptPay,success,2026-12-26T23:47:22+07:00,,10009
6594,7421,credit_card,success,2026-09-08T10:24:15+07:00,,3256
6595,7422,PromptPay,success,2026-09-17T15:02:33+07:00,,10175
6596,7423,debit_card,success,2026-10-28T12:27:07+07:00,,37220
6597,7425,ShopeePay,success,2026-09-03T07:03:44+07:00,,12566
6598,7426,credit_card,success,2026-04-01T15:24:42+07:00,,7072
6599,7427,GrabPay,success,2026-09-10T11:45:05+07:00,,3563
6600,7428,PromptPay,success,2026-05-02T22:06:22+07:00,,7165
6601,7429,PromptPay,success,2026-06-10T01:03:13+07:00,,13660
6602,7430,bank_transfer,success,2026-12-16T23:31:15+07:00,,25581
6603,7432,PromptPay,success,2026-05-26T17:39:36+07:00,,9966
6604,7433,debit_card,success,2026-02-20T13:00:06+07:00,,13736
6605,7434,credit_card,success,2026-12-22T13:16:54+07:00,,12141
6606,7435,GrabPay,success,2026-06-16T00:57:38+07:00,,10960
6607,7436,credit_card,success,2026-09-15T14:24:05+07:00,,8699
6608,7437,PromptPay,success,2026-08-31T17:35:09+07:00,,22260
6609,7438,GrabPay,success,2026-04-07T12:43:11+07:00,,3457
6610,7439,PromptPay,success,2026-10-27T06:19:20+07:00,,9330
6611,7440,GrabPay,success,2026-11-12T08:53:05+07:00,,7645
6612,7441,bank_transfer,success,2026-12-19T14:22:01+07:00,,15819
6613,7442,TrueMoney,success,2026-04-24T18:57:03+07:00,,30781
6614,7443,debit_card,success,2026-11-10T13:02:44+07:00,,16666
6615,7445,PromptPay,success,2026-12-14T21:46:26+07:00,,17132
6616,7446,credit_card,success,2026-02-05T01:33:14+07:00,,13860
6617,7447,PromptPay,success,2026-07-22T22:52:17+07:00,,4336
6618,7448,PromptPay,success,2026-10-27T21:53:30+07:00,,11753
6619,7449,debit_card,success,2026-11-22T10:30:58+07:00,,30514
6620,7451,PromptPay,success,2026-10-25T21:13:49+07:00,,8970
6621,7452,TrueMoney,success,2026-10-12T20:33:16+07:00,,10781
6622,7453,debit_card,success,2026-12-28T15:09:32+07:00,,11054
6623,7454,TrueMoney,success,2026-09-09T08:20:52+07:00,,5017
6624,7455,TrueMoney,success,2026-05-29T10:15:40+07:00,,7404
6625,7456,credit_card,success,2026-07-23T07:12:46+07:00,,23612
6626,7457,credit_card,success,2026-08-24T13:24:25+07:00,,15325
6627,7458,credit_card,success,2026-08-18T10:06:27+07:00,,21972
6628,7459,bank_transfer,failed,2026-09-05T15:00:46+07:00,otp_timeout,18231
6629,7460,TrueMoney,success,2026-08-09T09:56:36+07:00,,8361
6630,7462,credit_card,success,2026-10-09T19:34:23+07:00,,6734
6631,7463,credit_card,success,2026-06-12T18:32:33+07:00,,12729
6632,7464,credit_card,success,2026-09-30T15:01:59+07:00,,7157
6633,7465,credit_card,success,2026-10-04T19:55:39+07:00,,55884
6634,7467,PromptPay,failed,2026-07-05T22:22:11+07:00,gateway_timeout,18674
6635,7468,PromptPay,success,2026-10-28T14:11:30+07:00,,41428
6636,7469,PromptPay,success,2026-12-07T10:13:02+07:00,,15765
6637,7470,PromptPay,success,2026-09-20T10:09:43+07:00,,12062
6638,7471,GrabPay,success,2026-07-02T12:34:03+07:00,,12855
6639,7472,credit_card,success,2026-04-21T17:36:58+07:00,,7909
6640,7473,credit_card,success,2026-09-30T22:44:28+07:00,,20990
6641,7474,TrueMoney,success,2026-08-20T16:10:33+07:00,,10144
6642,7475,credit_card,success,2026-07-05T09:24:52+07:00,,21695
6643,7477,debit_card,success,2026-10-25T20:19:17+07:00,,5929
6644,7478,credit_card,success,2026-08-01T20:19:54+07:00,,8826
6645,7479,PromptPay,success,2026-05-03T20:45:15+07:00,,13739
6646,7481,credit_card,success,2026-03-02T21:31:18+07:00,,11578
6647,7482,GrabPay,success,2026-07-09T12:32:40+07:00,,16610
6648,7483,credit_card,success,2026-08-07T17:09:24+07:00,,6983
6649,7485,PromptPay,success,2026-09-26T19:05:55+07:00,,3956
6650,7486,TrueMoney,success,2026-06-17T12:21:52+07:00,,12024
6651,7487,PromptPay,success,2026-07-22T21:04:52+07:00,,5474
6652,7488,credit_card,success,2026-07-16T18:54:33+07:00,,5418
6653,7489,TrueMoney,success,2026-01-23T10:52:18+07:00,,5618
6654,7490,PromptPay,success,2026-10-04T01:00:33+07:00,,10554
6655,7491,PromptPay,success,2026-09-18T01:11:26+07:00,,8473
6656,7492,credit_card,success,2026-12-10T12:26:34+07:00,,10145
6657,7493,PromptPay,success,2026-04-19T23:41:50+07:00,,11704
6658,7494,PromptPay,failed,2026-05-20T23:39:04+07:00,gateway_timeout,30156
6659,7495,PromptPay,success,2026-10-26T02:19:19+07:00,,26428
6660,7496,credit_card,success,2026-05-29T11:59:56+07:00,,26069
6661,7497,credit_card,success,2026-12-13T01:29:03+07:00,,13418
6662,7498,PromptPay,success,2026-06-03T01:03:02+07:00,,10245
6663,7499,credit_card,success,2026-07-09T02:21:48+07:00,,18680
6664,7500,TrueMoney,success,2026-10-12T15:58:57+07:00,,13995
6665,7501,GrabPay,success,2026-06-20T19:52:43+07:00,,10810
6666,7502,PromptPay,success,2026-12-17T21:36:47+07:00,,19480
6667,7503,credit_card,success,2026-11-21T09:14:23+07:00,,4845
6668,7504,PromptPay,success,2026-08-18T14:00:01+07:00,,6234
6669,7505,bank_transfer,success,2026-06-16T09:00:33+07:00,,10224
6670,7506,credit_card,success,2026-11-03T19:06:59+07:00,,40671
6671,7507,bank_transfer,failed,2026-11-25T05:52:16+07:00,insufficient_funds,23406
6672,7508,PromptPay,success,2026-11-13T02:08:33+07:00,,20027
6673,7509,debit_card,success,2026-02-27T14:15:54+07:00,,24160
6674,7510,TrueMoney,success,2026-05-29T00:20:28+07:00,,41181
6675,7511,credit_card,success,2026-05-18T15:49:14+07:00,,34970
6676,7512,PromptPay,success,2026-12-05T13:16:38+07:00,,37420
6677,7513,credit_card,success,2026-05-15T08:42:44+07:00,,18321
6678,7514,debit_card,success,2026-06-05T13:05:38+07:00,,18650
6679,7515,PromptPay,success,2026-08-25T16:41:03+07:00,,7676
6680,7516,TrueMoney,success,2026-10-23T14:24:40+07:00,,38693
6681,7517,GrabPay,success,2026-08-27T11:39:04+07:00,,16186
6682,7518,bank_transfer,success,2026-07-03T21:55:04+07:00,,5859
6683,7519,PromptPay,success,2026-07-29T14:38:02+07:00,,72201
6684,7520,GrabPay,success,2026-06-07T12:16:30+07:00,,33590
6685,7521,PromptPay,success,2026-12-12T11:03:48+07:00,,17422
6686,7522,credit_card,success,2026-12-20T23:48:47+07:00,,4560
6687,7523,debit_card,success,2026-10-21T20:46:32+07:00,,38248
6688,7524,TrueMoney,failed,2026-12-01T08:42:34+07:00,bank_rejected,8675
6689,7525,PromptPay,success,2026-10-22T20:29:58+07:00,,27932
6690,7526,GrabPay,success,2026-06-20T17:28:44+07:00,,6405
6691,7527,PromptPay,success,2026-05-26T23:59:17+07:00,,11363
6692,7528,PromptPay,success,2026-10-26T00:09:54+07:00,,7398
6693,7529,GrabPay,success,2026-11-14T19:08:40+07:00,,9967
6694,7530,debit_card,success,2026-11-18T09:30:53+07:00,,17050
6695,7531,PromptPay,success,2026-12-29T23:02:13+07:00,,14334
6696,7532,bank_transfer,success,2026-08-30T10:24:13+07:00,,14285
6697,7534,PromptPay,success,2026-06-08T16:59:16+07:00,,11175
6698,7535,GrabPay,success,2026-08-22T07:43:05+07:00,,28387
6699,7537,credit_card,success,2026-03-26T11:07:42+07:00,,34604
6700,7538,TrueMoney,success,2026-01-25T00:31:30+07:00,,14012
6701,7539,debit_card,success,2026-11-13T23:39:56+07:00,,10779
6702,7540,PromptPay,success,2026-09-03T19:39:57+07:00,,14338
6703,7541,credit_card,success,2026-05-27T10:42:37+07:00,,8571
6704,7542,ShopeePay,success,2026-07-17T10:53:58+07:00,,12533
6705,7543,PromptPay,success,2026-07-17T15:52:18+07:00,,40558
6706,7544,PromptPay,success,2026-05-10T12:23:19+07:00,,5369
6707,7545,credit_card,success,2026-06-05T19:34:45+07:00,,7439
6708,7546,TrueMoney,success,2026-12-26T12:50:06+07:00,,20112
6709,7547,credit_card,failed,2026-06-04T23:17:47+07:00,card_declined,6286
6710,7548,PromptPay,success,2026-07-10T00:25:14+07:00,,7516
6711,7550,PromptPay,success,2026-12-16T15:17:12+07:00,,18417
6712,7551,GrabPay,success,2026-05-18T23:42:04+07:00,,8074
6713,7552,credit_card,success,2026-05-03T14:45:18+07:00,,5067
6714,7553,debit_card,success,2026-03-03T10:42:03+07:00,,12762
6715,7554,credit_card,success,2026-09-06T01:27:13+07:00,,8090
6716,7555,PromptPay,success,2026-05-09T10:01:00+07:00,,22925
6717,7556,PromptPay,failed,2026-10-19T21:44:51+07:00,bank_rejected,25221
6718,7558,PromptPay,success,2026-09-01T18:34:29+07:00,,2882
6719,7559,TrueMoney,success,2026-09-28T01:28:17+07:00,,13294
6720,7560,PromptPay,success,2026-06-30T23:59:46+07:00,,4089
6721,7561,TrueMoney,success,2026-02-05T15:01:34+07:00,,20289
6722,7562,ShopeePay,success,2026-03-17T18:25:32+07:00,,13667
6723,7563,PromptPay,success,2026-09-02T11:26:32+07:00,,9503
6724,7564,credit_card,success,2026-08-25T22:42:48+07:00,,6212
6725,7565,PromptPay,success,2026-07-22T15:45:25+07:00,,15421
6726,7566,credit_card,success,2026-07-31T14:38:11+07:00,,4081
6727,7567,PromptPay,success,2026-12-13T09:28:01+07:00,,28224
6728,7568,TrueMoney,success,2026-08-23T23:54:38+07:00,,6273
6729,7569,PromptPay,success,2026-10-05T15:52:11+07:00,,11218
6730,7570,debit_card,success,2026-08-05T02:07:13+07:00,,26636
6731,7571,credit_card,success,2026-11-01T11:24:17+07:00,,3934
6732,7572,PromptPay,success,2026-11-05T14:17:07+07:00,,18684
6733,7573,credit_card,success,2026-10-24T23:36:35+07:00,,15764
6734,7574,GrabPay,success,2026-09-08T23:43:25+07:00,,7165
6735,7575,PromptPay,success,2026-08-21T23:31:32+07:00,,12711
6736,7576,credit_card,success,2026-05-10T15:43:42+07:00,,10590
6737,7577,TrueMoney,success,2026-05-12T00:11:37+07:00,,6477
6738,7578,debit_card,success,2026-11-18T18:11:29+07:00,,17111
6739,7579,PromptPay,success,2026-05-16T20:01:16+07:00,,18946
6740,7580,PromptPay,success,2026-10-21T22:50:45+07:00,,13432
6741,7581,credit_card,success,2026-11-06T13:52:23+07:00,,2574
6742,7582,bank_transfer,success,2026-12-19T01:02:14+07:00,,18708
6743,7584,PromptPay,success,2026-09-05T01:27:39+07:00,,9253
6744,7585,PromptPay,success,2026-12-30T16:43:37+07:00,,7728
6745,7586,PromptPay,success,2026-07-26T20:55:04+07:00,,17504
6746,7588,PromptPay,success,2026-11-13T00:28:06+07:00,,3474
6747,7589,credit_card,success,2026-10-08T13:58:08+07:00,,5845
6748,7590,PromptPay,success,2026-12-21T16:54:34+07:00,,9390
6749,7591,PromptPay,success,2026-09-23T23:32:53+07:00,,4438
6750,7592,GrabPay,success,2026-11-18T09:06:07+07:00,,11674
6751,7593,credit_card,success,2026-02-13T11:23:37+07:00,,36274
6752,7594,debit_card,success,2026-08-18T07:02:10+07:00,,3152
6753,7595,credit_card,success,2026-11-03T21:23:45+07:00,,3967
6754,7596,bank_transfer,success,2026-10-09T01:34:46+07:00,,5827
6755,7597,bank_transfer,success,2026-10-12T22:04:49+07:00,,16176
6756,7598,credit_card,success,2026-09-13T00:08:25+07:00,,55126
6757,7599,TrueMoney,success,2026-12-12T20:45:13+07:00,,10472
6758,7600,ShopeePay,success,2026-10-03T21:29:28+07:00,,6062
6759,7601,credit_card,success,2026-11-06T22:29:33+07:00,,22166
6760,7602,TrueMoney,success,2026-03-25T09:51:53+07:00,,5318
6761,7603,credit_card,success,2026-06-13T17:13:50+07:00,,20322
6762,7604,PromptPay,success,2026-04-20T08:14:22+07:00,,11376
6763,7605,TrueMoney,success,2026-08-21T09:36:25+07:00,,7022
6764,7607,ShopeePay,success,2026-08-07T13:24:58+07:00,,21620
6765,7608,bank_transfer,failed,2026-11-23T14:06:47+07:00,insufficient_funds,13097
6766,7609,PromptPay,success,2026-08-26T08:17:36+07:00,,6925
6767,7610,credit_card,success,2026-06-25T00:56:29+07:00,,13163
6768,7611,ShopeePay,success,2026-08-24T17:42:43+07:00,,6120
6769,7612,PromptPay,success,2026-08-11T20:21:37+07:00,,19007
6770,7613,credit_card,success,2026-04-07T13:43:43+07:00,,22330
6771,7614,PromptPay,success,2026-12-23T02:15:32+07:00,,6686
6772,7615,credit_card,success,2026-08-28T00:40:32+07:00,,41011
6773,7616,GrabPay,success,2026-11-10T01:14:49+07:00,,25856
6774,7617,debit_card,success,2026-11-05T10:52:17+07:00,,6833
6775,7619,credit_card,success,2026-09-22T11:08:36+07:00,,9121
6776,7621,PromptPay,success,2026-08-15T00:41:13+07:00,,12260
6777,7623,bank_transfer,success,2026-09-28T15:12:07+07:00,,12037
6778,7624,credit_card,success,2026-10-18T00:23:49+07:00,,3893
6779,7625,debit_card,success,2026-10-04T08:09:11+07:00,,5440
6780,7627,PromptPay,success,2026-12-02T07:38:05+07:00,,6808
6781,7628,credit_card,success,2026-06-09T21:01:34+07:00,,19844
6782,7630,credit_card,success,2026-10-15T20:57:30+07:00,,7492
6783,7631,PromptPay,success,2026-12-29T08:24:38+07:00,,33647
6784,7632,PromptPay,success,2026-10-20T09:19:14+07:00,,11402
6785,7633,PromptPay,success,2026-08-18T12:08:31+07:00,,10435
6786,7634,PromptPay,success,2026-12-10T10:37:05+07:00,,8606
6787,7635,PromptPay,success,2026-10-02T14:14:14+07:00,,14259
6788,7636,PromptPay,success,2026-09-26T14:35:11+07:00,,17287
6789,7637,TrueMoney,success,2026-11-16T16:54:28+07:00,,16135
6790,7638,debit_card,success,2026-08-16T18:17:10+07:00,,18204
6791,7639,credit_card,success,2026-08-11T19:17:33+07:00,,2558
6792,7640,PromptPay,failed,2026-03-15T16:33:45+07:00,bank_rejected,9309
6793,7641,TrueMoney,success,2026-11-12T19:32:22+07:00,,28036
6794,7642,PromptPay,success,2026-11-03T18:07:51+07:00,,14961
6795,7643,PromptPay,success,2026-12-19T23:50:44+07:00,,5383
6796,7644,PromptPay,success,2026-12-17T08:55:45+07:00,,11244
6797,7645,credit_card,success,2026-02-20T13:10:17+07:00,,7928
