user_id,signup_date,country,acquisition_channel,promo_code
1,2026-11-04,PH,organic,
2,2026-10-30,TH,organic,
3,2026-08-15,TH,affiliate,
4,2025-09-13,KR,organic,
5,2025-12-07,TH,paid_search,
6,2026-06-27,TH,paid_social,FLASH50
7,2026-12-15,ID,organic,
8,2026-09-08,TH,organic,
9,2026-02-10,TH,paid_search,WELCOME10
10,2025-11-03,TH,paid_search,
11,2026-11-24,TH,paid_social,WELCOME10
12,2025-11-25,MY,paid_social,
13,2025-12-30,TH,paid_search,FLASH50
14,2026-11-27,VN,paid_search,FLASH50
15,2026-04-26,PH,organic,
16,2025-11-19,TH,paid_search,
17,2025-07-03,TH,organic,WELCOME10
18,2026-02-15,TH,paid_social,
19,2026-12-08,TH,organic,
20,2026-02-16,TH,paid_social,FLASH50
21,2026-07-08,VN,organic,
22,2025-11-12,TH,organic,
23,2026-08-18,SG,organic,
24,2026-08-18,ID,paid_search,WELCOME10
25,2026-05-21,PH,paid_social,
26,2026-08-16,TH,paid_social,WELCOME10
27,2026-05-05,TH,direct,
28,2026-01-18,JP,paid_search,
29,2026-07-29,TH,organic,WELCOME10
30,2026-09-19,ID,email,FLASH50
31,2026-09-22,ID,affiliate,WELCOME10
32,2025-10-22,SG,organic,
33,2026-06-26,TH,organic,
34,2025-07-03,TH,paid_search,
35,2026-05-01,SG,paid_search,
36,2026-05-01,SG,paid_social,
37,2026-01-10,VN,organic,
38,2026-12-12,ID,direct,
39,2026-10-14,MM,paid_search,
40,2025-07-21,JP,affiliate,
41,2025-10-20,VN,organic,WELCOME10
42,2025-10-19,TH,paid_social,
43,2026-10-22,TH,email,WELCOME10
44,2026-04-03,MY,organic,FLASH50
45,2026-07-24,MY,paid_search,
46,2026-09-05,TH,organic,
47,2026-08-14,MY,paid_search,
48,2025-08-17,TH,affiliate,
49,2025-09-13,TH,paid_social,SUMMER25
50,2026-01-27,PH,affiliate,SUMMER25
51,2025-12-28,SG,organic,SUMMER25
52,2026-08-03,MY,affiliate,
53,2025-09-22,MY,paid_social,
54,2026-01-15,MY,organic,FLASH50
55,2025-11-04,TH,email,
56,2025-10-09,MY,organic,
57,2025-10-01,TH,organic,FLASH50
58,2025-10-13,ID,affiliate,
59,2026-04-27,TH,organic,SUMMER25
60,2026-02-04,KR,organic,
61,2026-02-18,VN,organic,
62,2026-03-13,TH,email,
63,2026-07-30,TH,organic,
64,2026-10-03,TH,paid_search,
65,2026-04-07,VN,organic,
66,2026-06-08,ID,paid_search,
67,2026-07-29,ID,organic,
68,2026-07-03,KH,email,
69,2025-09-10,SG,affiliate,
70,2026-12-06,ID,email,
71,2025-09-26,SG,paid_social,
72,2026-02-05,ID,paid_search,FLASH50
73,2026-06-13,SG,organic,SUMMER25
74,2026-01-31,VN,paid_search,
75,2025-11-07,TH,paid_search,FLASH50
76,2026-11-05,TH,paid_social,
77,2025-08-08,TH,organic,FLASH50
78,2025-11-09,AU,paid_social,
79,2026-12-12,SG,organic,
80,2026-07-24,TH,paid_search,SUMMER25
81,2025-08-16,TH,direct,
82,2026-08-07,SG,organic,
83,2026-11-29,KH,organic,
84,2025-08-22,JP,organic,
85,2026-02-06,PH,paid_search,WELCOME10
86,2026-03-07,PH,paid_search,
87,2025-09-08,TH,direct,FLASH50
88,2025-10-15,TH,email,
89,2025-10-01,MY,paid_social,FLASH50
90,2025-10-07,ID,paid_social,FLASH50
91,2026-02-01,TH,organic,
92,2026-03-05,VN,email,
93,2025-11-04,TH,paid_search,SUMMER25
94,2025-12-02,TH,organic,
95,2025-10-11,TH,direct,WELCOME10
96,2026-08-29,PH,paid_search,
97,2025-10-21,VN,organic,WELCOME10
98,2026-10-27,MY,affiliate,
99,2026-04-14,PH,organic,
100,2026-09-01,PH,organic,FLASH50
101,2026-06-05,TH,organic,
102,2025-11-19,VN,paid_social,
103,2026-05-17,TH,organic,FLASH50
104,2025-11-24,SG,organic,WELCOME10
105,2025-09-02,TH,paid_search,
106,2025-11-13,SG,organic,
107,2025-11-24,MY,paid_search,
108,2025-09-10,TH,paid_search,
109,2025-07-13,SG,organic,
110,2026-11-16,ID,organic,
111,2026-03-31,MY,organic,SUMMER25
112,2026-01-31,TH,paid_search,
113,2026-11-08,TH,affiliate,SUMMER25
114,2025-10-28,TH,organic,
115,2026-01-31,PH,organic,
116,2026-09-25,KH,organic,
117,2026-06-02,TH,paid_social,WELCOME10
118,2026-01-29,VN,paid_search,
119,2025-11-14,MY,paid_social,
120,2025-07-19,KR,paid_social,
121,2025-08-15,TH,organic,FLASH50
122,2025-09-25,MY,paid_search,
123,2026-08-24,MY,direct,
124,2026-06-06,TH,organic,
125,2026-02-17,TH,paid_search,SUMMER25
126,2026-08-22,TH,paid_search,
127,2025-09-24,SG,organic,WELCOME10
128,2025-10-21,ID,affiliate,
129,2026-01-26,ID,organic,
130,2026-11-01,TH,organic,
131,2026-05-24,PH,paid_social,WELCOME10
132,2026-09-27,TH,email,
133,2025-11-10,JP,organic,SUMMER25
134,2026-09-26,TH,paid_social,SUMMER25
135,2025-08-08,PH,organic,
136,2025-10-30,LA,paid_social,WELCOME10
137,2026-04-05,PH,paid_search,
138,2025-07-27,PH,paid_search,WELCOME10
139,2026-10-01,TH,direct,
140,2026-10-06,VN,paid_social,
141,2026-04-15,MY,organic,FLASH50
142,2025-12-10,SG,direct,WELCOME10
143,2025-08-22,KR,organic,
144,2026-05-26,TH,paid_social,
145,2026-04-13,TH,paid_social,
146,2026-08-10,LA,affiliate,
147,2026-05-18,TH,paid_search,
148,2025-09-07,TH,paid_social,
149,2025-09-03,TH,paid_social,
150,2026-08-21,VN,paid_search,WELCOME10
151,2025-09-23,PH,email,
152,2026-11-13,TH,organic,
153,2025-08-26,ID,organic,
154,2026-07-24,MY,paid_social,
155,2026-12-02,ID,organic,
156,2026-02-21,ID,affiliate,
157,2025-07-31,AU,paid_search,
158,2026-10-11,TH,paid_search,
159,2025-10-08,TH,paid_social,
160,2026-04-08,MY,email,WELCOME10
161,2026-12-07,SG,paid_social,WELCOME10
162,2026-08-01,SG,organic,
163,2025-07-25,TH,paid_search,
164,2026-09-11,TH,affiliate,FLASH50
165,2025-09-24,AU,email,
166,2026-08-04,TH,paid_social,
167,2026-05-27,MY,paid_social,
168,2025-12-01,VN,paid_search,
169,2026-02-11,TH,paid_search,FLASH50
170,2025-09-01,TH,paid_search,WELCOME10
171,2026-12-08,TH,organic,
172,2025-11-05,SG,organic,WELCOME10
173,2025-12-12,TH,paid_social,
174,2026-03-26,ID,paid_search,
175,2026-06-24,TH,organic,SUMMER25
176,2026-03-27,TH,email,
177,2026-03-27,TH,organic,
178,2026-05-07,TH,paid_social,
179,2026-10-01,TH,affiliate,SUMMER25
180,2026-01-27,AU,affiliate,
181,2026-09-17,TH,affiliate,
182,2026-08-24,MY,affiliate,
183,2026-11-25,MY,paid_search,FLASH50
184,2026-10-30,ID,paid_social,
185,2026-08-30,ID,email,WELCOME10
186,2025-11-09,TH,paid_search,
187,2026-08-17,ID,paid_social,
188,2026-07-28,TH,organic,FLASH50
189,2025-12-02,VN,paid_social,
190,2026-06-27,TH,organic,FLASH50
191,2025-11-12,VN,paid_social,
192,2026-04-05,ID,paid_search,
193,2026-08-29,ID,organic,
194,2025-10-09,TH,paid_search,
195,2025-12-27,ID,paid_social,
196,2026-08-28,VN,email,
197,2026-02-27,SG,organic,
198,2026-11-25,TH,organic,SUMMER25
199,2025-07-05,TH,paid_social,
200,2026-07-20,TH,paid_social,
201,2026-09-07,VN,paid_search,
202,2026-11-02,TH,paid_social,SUMMER25
203,2025-09-22,ID,email,
204,2026-12-07,VN,organic,
205,2026-01-26,ID,paid_search,
206,2026-01-04,ID,organic,
207,2026-01-06,MY,direct,
208,2026-06-06,SG,affiliate,
209,2026-06-17,TH,paid_search,
210,2026-03-10,PH,direct,SUMMER25
211,2025-08-07,JP,organic,
212,2026-12-08,SG,affiliate,
213,2025-10-27,AU,affiliate,
214,2025-08-19,KR,affiliate,
215,2026-05-15,SG,paid_social,
216,2026-02-05,VN,organic,
217,2026-05-25,ID,organic,
218,2026-10-10,TH,organic,
219,2025-08-21,TH,email,FLASH50
220,2025-11-29,SG,paid_search,
221,2026-04-02,VN,paid_search,
222,2026-08-24,TH,organic,
223,2026-05-17,VN,paid_search,
224,2026-01-21,ID,paid_search,
225,2026-05-22,ID,paid_search,FLASH50
226,2026-12-05,TH,paid_search,FLASH50
227,2026-03-13,SG,organic,WELCOME10
228,2026-10-14,TH,organic,
229,2026-08-20,TH,direct,SUMMER25
230,2025-12-08,TH,paid_social,
231,2025-11-10,TH,paid_social,WELCOME10
232,2026-08-15,TH,email,WELCOME10
233,2025-10-19,MY,paid_social,
234,2025-12-27,SG,paid_social,
235,2025-11-03,TH,paid_search,
236,2026-05-20,KH,organic,
237,2025-12-04,MY,paid_search,FLASH50
238,2026-06-16,MM,email,FLASH50
239,2026-11-11,ID,paid_search,
240,2026-09-16,TH,organic,
241,2026-11-18,MM,affiliate,
242,2025-07-14,PH,organic,
243,2026-02-28,ID,paid_social,
244,2025-10-26,MY,paid_social,
245,2026-11-02,SG,paid_search,
246,2026-07-15,SG,organic,
247,2025-12-18,VN,paid_search,
248,2026-04-27,SG,affiliate,
249,2026-05-19,TH,email,
250,2026-03-22,TH,affiliate,WELCOME10
251,2026-03-10,TH,organic,
252,2025-07-30,TH,organic,
253,2026-02-27,TH,paid_social,WELCOME10
254,2026-01-02,LA,paid_social,
255,2026-09-10,TH,organic,SUMMER25
256,2026-10-05,TH,organic,
257,2026-08-04,TH,organic,
258,2025-07-17,MY,paid_search,
259,2026-09-22,MY,paid_social,
260,2026-01-28,MY,direct,
261,2026-02-07,AU,organic,
262,2026-11-16,KR,paid_search,
263,2026-10-06,PH,paid_search,
264,2025-07-28,PH,paid_search,WELCOME10
265,2026-01-08,TH,organic,
266,2026-08-04,MY,organic,
267,2026-04-14,TH,organic,
268,2025-11-15,VN,paid_social,
269,2026-04-06,TH,paid_social,
270,2026-10-05,TH,paid_social,WELCOME10
271,2025-10-28,TH,paid_search,
272,2026-08-02,MY,paid_search,
273,2026-07-27,ID,organic,
274,2026-10-16,TH,organic,
275,2025-12-06,SG,organic,SUMMER25
276,2025-10-24,TH,organic,SUMMER25
277,2026-04-18,VN,direct,
278,2026-04-10,TH,direct,
279,2026-02-04,TH,affiliate,
280,2026-08-20,ID,paid_social,
281,2026-08-30,MY,paid_social,WELCOME10
282,2025-11-08,PH,paid_social,
283,2026-08-29,MY,paid_social,FLASH50
284,2025-10-31,AU,organic,
285,2026-02-03,TH,direct,FLASH50
286,2025-07-15,TH,affiliate,
287,2025-12-29,JP,organic,SUMMER25
288,2026-11-23,TH,paid_search,
289,2026-02-21,VN,affiliate,
290,2026-07-14,TH,email,SUMMER25
291,2025-08-27,SG,paid_search,
292,2026-06-04,TH,paid_search,
293,2026-01-15,MY,paid_search,
294,2026-08-01,VN,paid_search,
295,2026-11-07,TH,organic,
296,2026-04-10,TH,organic,
297,2025-08-24,TH,paid_search,
298,2026-03-11,TH,paid_search,
299,2025-09-04,TH,affiliate,
300,2026-02-25,AU,paid_search,
301,2025-08-02,TH,paid_search,
302,2026-06-07,SG,paid_search,
303,2025-12-13,SG,affiliate,WELCOME10
304,2025-10-16,TH,paid_search,
305,2025-07-10,TH,paid_social,
306,2026-10-17,VN,organic,
307,2026-09-20,MY,organic,
308,2026-09-06,PH,email,
309,2025-07-31,TH,organic,
310,2026-01-03,MY,paid_search,
311,2026-11-30,LA,organic,
312,2026-05-05,PH,paid_search,
313,2025-09-07,MM,affiliate,
314,2025-09-14,TH,paid_social,
315,2025-11-18,KR,email,
316,2026-12-01,PH,organic,WELCOME10
317,2025-09-29,VN,paid_search,
318,2026-10-25,ID,direct,
319,2026-06-27,KR,paid_search,
320,2026-11-04,SG,affiliate,
321,2026-09-14,VN,paid_social,
322,2025-12-25,ID,organic,
323,2026-09-15,VN,direct,
324,2025-09-29,VN,paid_search,
325,2025-12-03,TH,paid_social,FLASH50
326,2025-10-21,TH,organic,SUMMER25
327,2025-09-09,TH,paid_social,
328,2025-08-17,VN,paid_search,
329,2025-10-08,VN,organic,
330,2025-09-03,PH,direct,
331,2026-01-19,VN,organic,WELCOME10
332,2025-08-08,MY,paid_search,
333,2025-08-02,TH,organic,
334,2026-12-10,ID,paid_social,
335,2025-08-16,KH,paid_search,
336,2025-08-09,ID,paid_social,
337,2025-07-17,LA,paid_social,
338,2025-09-09,KR,affiliate,
339,2026-04-08,TH,direct,FLASH50
340,2026-09-14,VN,email,
341,2026-07-27,MY,paid_search,
342,2026-05-06,SG,paid_social,
343,2025-08-15,TH,organic,
344,2026-08-17,TH,organic,
345,2025-07-20,TH,paid_search,
346,2026-06-02,ID,paid_search,FLASH50
347,2026-02-04,TH,paid_search,
348,2026-10-14,SG,paid_search,FLASH50
349,2025-12-11,MY,paid_social,
350,2026-06-06,SG,direct,
351,2026-02-20,PH,organic,
352,2026-04-05,SG,paid_search,FLASH50
353,2026-11-13,TH,organic,
354,2026-07-15,KR,organic,
355,2026-02-06,PH,direct,
356,2026-02-24,ID,organic,
357,2026-07-11,VN,organic,
358,2026-01-01,TH,paid_search,
359,2025-09-28,VN,organic,
360,2026-03-07,TH,paid_search,FLASH50
361,2025-08-06,SG,direct,
362,2025-09-29,TH,paid_social,
363,2026-02-10,VN,paid_search,
364,2026-08-29,TH,paid_social,
365,2026-08-21,TH,email,
366,2025-11-16,TH,organic,
367,2026-02-10,VN,paid_social,
368,2025-09-20,TH,paid_social,
369,2026-08-07,SG,affiliate,
370,2025-11-09,TH,organic,
371,2026-08-31,VN,affiliate,
372,2026-09-22,TH,affiliate,
373,2026-07-03,AU,paid_social,
374,2025-12-23,TH,organic,
375,2026-11-20,TH,organic,
376,2026-07-01,TH,affiliate,FLASH50
377,2026-06-10,TH,paid_social,FLASH50
378,2026-09-30,SG,direct,FLASH50
379,2026-10-13,TH,paid_search,
380,2025-08-11,KH,organic,
381,2026-10-13,SG,affiliate,
382,2026-08-12,TH,affiliate,
383,2025-10-19,SG,paid_search,
384,2025-12-11,TH,affiliate,
385,2026-08-06,TH,paid_search,
386,2025-10-24,TH,organic,
387,2026-02-27,TH,organic,FLASH50
388,2026-07-03,TH,organic,
389,2026-06-12,AU,paid_social,WELCOME10
390,2026-10-28,ID,organic,WELCOME10
391,2025-08-29,MM,email,SUMMER25
392,2025-12-05,TH,organic,WELCOME10
393,2026-12-07,PH,paid_social,
394,2026-04-30,TH,paid_search,WELCOME10
395,2025-11-10,TH,organic,
396,2025-12-02,PH,paid_social,
397,2025-12-28,TH,direct,
398,2026-04-22,TH,direct,FLASH50
399,2025-11-29,PH,organic,
400,2026-05-28,MY,paid_search,
401,2026-02-23,SG,organic,
402,2026-05-22,TH,paid_search,
403,2025-09-21,TH,paid_search,
404,2026-05-29,KR,email,
405,2026-11-05,TH,paid_social,
406,2025-09-10,TH,organic,
407,2025-12-22,TH,direct,FLASH50
408,2026-07-05,LA,paid_social,
409,2026-05-26,VN,organic,
410,2026-06-25,SG,affiliate,
411,2026-04-25,AU,paid_social,
412,2026-06-29,TH,paid_search,
413,2026-05-21,LA,organic,
414,2025-08-09,TH,organic,
415,2026-08-05,TH,organic,
416,2026-02-24,TH,affiliate,FLASH50
417,2025-07-28,KR,organic,
418,2026-02-04,MM,paid_search,FLASH50
419,2026-02-17,MY,direct,
420,2025-08-16,TH,direct,
421,2026-12-13,TH,affiliate,
422,2025-10-27,SG,affiliate,
423,2025-12-24,TH,direct,
424,2026-02-21,TH,affiliate,
425,2026-09-17,ID,paid_search,FLASH50
426,2026-07-31,MY,organic,
427,2026-08-15,LA,organic,
428,2025-11-04,SG,paid_search,
429,2026-09-24,TH,organic,FLASH50
430,2026-09-16,SG,paid_search,
431,2026-03-05,TH,organic,
432,2026-04-17,ID,paid_social,
433,2025-07-20,VN,paid_search,
434,2026-08-10,TH,organic,
435,2026-11-25,TH,paid_social,
436,2026-03-09,KH,organic,
437,2026-04-15,SG,paid_search,
438,2026-03-24,MY,organic,
439,2025-08-14,VN,paid_social,
440,2026-05-27,MY,email,
441,2026-07-20,TH,organic,WELCOME10
442,2026-11-07,PH,affiliate,FLASH50
443,2026-11-08,MM,email,WELCOME10
444,2026-03-20,TH,direct,
445,2026-11-24,TH,affiliate,
446,2026-04-08,ID,paid_social,
447,2026-06-08,MY,organic,FLASH50
448,2026-05-17,TH,organic,
449,2026-12-15,MY,organic,
450,2026-07-29,ID,paid_search,
451,2025-09-02,SG,direct,
452,2025-08-08,TH,organic,
453,2026-02-04,TH,paid_search,
454,2026-04-01,SG,direct,
455,2026-06-22,MM,organic,FLASH50
456,2026-03-14,MY,organic,
457,2026-04-01,TH,organic,FLASH50
458,2026-11-04,LA,organic,
459,2025-12-26,TH,paid_search,
460,2026-03-21,SG,paid_search,
461,2026-04-24,TH,paid_social,WELCOME10
462,2026-03-07,VN,organic,SUMMER25
463,2026-11-29,ID,paid_social,
464,2026-11-25,VN,organic,FLASH50
465,2026-03-31,TH,paid_search,FLASH50
466,2026-02-26,SG,organic,SUMMER25
467,2026-05-10,TH,affiliate,
468,2025-10-05,JP,paid_social,
469,2026-02-13,TH,organic,
470,2025-10-24,ID,paid_social,WELCOME10
471,2025-09-15,ID,paid_search,
472,2025-08-20,TH,affiliate,
473,2026-05-09,TH,direct,
474,2025-07-01,TH,organic,
475,2026-06-10,MY,paid_search,
476,2026-02-16,KR,organic,
477,2026-01-12,SG,affiliate,
478,2026-08-15,KR,organic,
479,2026-04-14,TH,paid_search,
480,2026-07-26,TH,email,WELCOME10
481,2026-07-14,LA,paid_search,
482,2025-07-18,KH,affiliate,
483,2025-10-23,TH,organic,WELCOME10
484,2026-04-30,ID,email,
485,2026-12-02,KH,affiliate,
486,2025-09-21,VN,paid_search,FLASH50
487,2025-08-26,ID,organic,
488,2026-11-14,TH,paid_search,
489,2026-11-28,TH,paid_social,
490,2025-09-28,MY,organic,
491,2026-01-31,SG,direct,
492,2026-05-30,TH,affiliate,
493,2025-10-13,TH,direct,
494,2025-12-21,TH,organic,
495,2026-01-27,SG,paid_search,SUMMER25
496,2026-06-07,TH,organic,
497,2025-12-12,TH,organic,FLASH50
498,2026-02-05,TH,organic,FLASH50
499,2025-12-02,KH,organic,
500,2026-08-09,MY,paid_social,
501,2025-09-20,TH,organic,SUMMER25
502,2025-10-31,SG,organic,
503,2025-11-11,TH,paid_search,
504,2026-10-26,MY,paid_social,
505,2026-11-16,MY,affiliate,
506,2026-03-24,ID,paid_social,
507,2025-09-22,ID,organic,
508,2026-08-07,TH,paid_social,
509,2026-03-20,TH,paid_social,
510,2026-09-26,TH,organic,FLASH50
511,2026-01-08,SG,organic,
512,2026-12-15,SG,email,
513,2026-09-04,VN,organic,
514,2025-10-28,TH,organic,
515,2026-07-22,ID,organic,
516,2025-11-30,TH,email,
517,2026-01-03,TH,paid_search,WELCOME10
518,2025-11-11,VN,direct,
519,2026-06-29,TH,affiliate,
520,2025-11-18,TH,affiliate,
521,2026-06-06,TH,organic,SUMMER25
522,2026-05-07,VN,paid_search,
523,2026-08-05,TH,affiliate,
524,2026-12-12,AU,direct,
525,2025-07-05,KR,email,
526,2026-12-10,PH,direct,
527,2025-08-28,TH,paid_social,
528,2026-04-07,ID,paid_search,WELCOME10
529,2025-12-29,TH,paid_search,
530,2026-06-06,KH,paid_search,
531,2026-07-20,SG,organic,
532,2026-10-02,TH,paid_search,WELCOME10
533,2026-01-31,TH,organic,
534,2026-11-10,PH,organic,SUMMER25
535,2025-12-19,KH,paid_search,
536,2025-10-17,SG,paid_social,
537,2026-01-19,SG,paid_social,
538,2026-04-08,VN,paid_social,
539,2026-06-22,PH,affiliate,WELCOME10
540,2026-09-17,VN,paid_search,
541,2025-10-28,TH,paid_search,
542,2025-12-09,ID,paid_search,SUMMER25
543,2026-11-13,PH,organic,
544,2026-02-20,TH,paid_social,
545,2025-11-06,TH,affiliate,
546,2026-12-08,TH,organic,
547,2026-02-25,TH,email,
548,2026-12-08,VN,organic,
549,2026-11-02,TH,paid_search,
550,2026-10-26,MY,email,
551,2026-05-07,TH,affiliate,
552,2026-08-30,LA,paid_social,
553,2026-11-24,PH,paid_social,
554,2025-11-21,MY,organic,
555,2025-07-21,ID,paid_social,
556,2025-12-19,TH,paid_social,FLASH50
557,2026-06-05,PH,organic,
558,2026-04-18,VN,organic,WELCOME10
559,2025-08-12,TH,direct,
560,2026-04-25,KR,organic,FLASH50
561,2025-10-01,TH,email,
562,2026-03-27,ID,organic,
563,2026-05-03,TH,paid_search,FLASH50
564,2026-06-05,VN,paid_social,SUMMER25
565,2026-02-05,TH,paid_social,
566,2026-02-03,TH,paid_search,FLASH50
567,2026-06-27,SG,paid_search,
568,2026-08-04,KR,paid_search,
569,2026-09-04,TH,paid_social,
570,2025-12-25,MY,paid_search,
571,2026-02-12,SG,paid_search,
572,2025-12-24,PH,paid_search,FLASH50
573,2026-04-08,TH,paid_search,
574,2025-09-06,MY,organic,
575,2026-02-15,AU,organic,
576,2025-10-09,TH,affiliate,
577,2026-04-10,SG,direct,SUMMER25
578,2026-09-27,KH,organic,
579,2026-12-08,TH,organic,
580,2026-02-23,TH,direct,
581,2025-07-31,TH,paid_search,FLASH50
582,2025-10-30,PH,paid_search,
583,2025-08-25,AU,paid_social,
584,2026-08-09,ID,paid_search,
585,2026-12-07,ID,paid_search,SUMMER25
586,2026-04-22,TH,email,SUMMER25
587,2025-10-03,TH,paid_social,SUMMER25
588,2025-07-12,TH,paid_social,
589,2026-12-03,TH,organic,
590,2025-12-16,TH,organic,
591,2025-08-29,ID,email,
592,2025-10-03,TH,email,
593,2025-11-14,TH,affiliate,SUMMER25
594,2026-06-15,TH,organic,
595,2026-10-19,TH,affiliate,
596,2025-11-24,TH,organic,
597,2026-07-02,TH,paid_social,
598,2025-08-04,TH,paid_social,WELCOME10
599,2025-07-06,MY,paid_search,
600,2025-07-30,VN,paid_search,
601,2026-11-05,PH,affiliate,
602,2026-05-07,VN,email,
603,2026-09-03,ID,organic,FLASH50
604,2025-07-12,LA,organic,SUMMER25
605,2025-07-12,SG,paid_social,WELCOME10
606,2026-09-26,ID,organic,
607,2025-08-24,TH,organic,
608,2025-09-21,TH,organic,FLASH50
609,2026-04-03,TH,organic,
610,2026-05-20,TH,paid_search,
611,2025-10-30,VN,direct,
612,2026-02-23,TH,affiliate,
613,2026-06-25,ID,paid_search,WELCOME10
614,2026-02-22,KH,organic,
615,2026-01-20,SG,paid_social,WELCOME10
616,2025-08-08,TH,paid_search,
617,2026-02-26,SG,affiliate,
618,2026-09-01,TH,paid_search,FLASH50
619,2026-05-31,KR,paid_social,
620,2026-10-19,ID,organic,
621,2025-09-06,VN,affiliate,FLASH50
622,2025-07-06,SG,affiliate,
623,2026-04-19,ID,paid_search,
624,2025-10-04,VN,direct,SUMMER25
625,2026-05-13,TH,organic,
626,2026-10-25,TH,organic,FLASH50
627,2025-12-27,TH,affiliate,
628,2026-04-19,SG,paid_social,
629,2026-06-29,KH,organic,
630,2025-09-18,MY,organic,
631,2026-10-22,SG,organic,
632,2025-10-17,MM,organic,FLASH50
633,2026-09-04,TH,paid_search,
634,2026-06-17,TH,organic,
635,2025-09-14,MM,paid_search,
636,2026-07-22,LA,paid_social,
637,2025-10-13,ID,paid_social,WELCOME10
638,2026-05-16,TH,direct,
639,2026-11-24,JP,organic,
640,2026-11-21,VN,organic,
641,2026-10-08,ID,organic,
642,2026-03-21,TH,paid_search,
643,2026-04-25,SG,paid_search,
644,2025-12-08,PH,organic,WELCOME10
645,2026-11-03,KH,paid_social,
646,2026-03-12,MY,direct,
647,2026-08-16,MY,organic,
648,2026-01-08,ID,organic,SUMMER25
649,2026-07-30,MY,affiliate,FLASH50
650,2025-10-28,TH,affiliate,
651,2026-07-27,TH,organic,
652,2025-07-25,TH,paid_social,
653,2025-08-25,VN,organic,
654,2026-01-04,TH,paid_social,
655,2026-03-14,TH,paid_social,
656,2026-07-15,LA,organic,FLASH50
657,2026-01-08,ID,organic,
658,2025-07-10,TH,paid_social,
659,2025-12-21,TH,paid_social,
660,2026-02-20,VN,email,
661,2026-04-16,TH,paid_search,
662,2026-06-09,SG,affiliate,FLASH50
663,2025-11-10,SG,affiliate,
664,2026-05-22,TH,paid_social,
665,2026-06-02,VN,organic,FLASH50
666,2026-08-18,TH,organic,FLASH50
667,2026-04-05,SG,paid_social,
668,2026-09-06,TH,organic,
669,2025-10-27,TH,organic,SUMMER25
670,2026-07-15,TH,organic,WELCOME10
671,2025-07-25,KH,email,
672,2025-08-24,TH,paid_social,
673,2026-10-04,TH,affiliate,FLASH50
674,2026-03-11,TH,direct,
675,2026-05-27,VN,paid_social,
676,2026-05-18,SG,paid_search,
677,2026-07-06,AU,paid_search,
678,2025-11-08,ID,affiliate,FLASH50
679,2025-10-04,MY,email,
680,2025-07-23,ID,affiliate,SUMMER25
681,2026-10-04,TH,paid_search,
682,2025-10-28,AU,affiliate,
683,2026-05-03,AU,paid_search,
684,2026-02-28,TH,paid_search,FLASH50
685,2025-09-25,ID,organic,
686,2026-02-06,TH,organic,WELCOME10
687,2025-08-14,MY,organic,
688,2025-10-03,VN,affiliate,
689,2025-09-13,AU,organic,
690,2026-09-13,TH,email,
691,2026-04-29,ID,organic,
692,2026-11-06,VN,organic,
693,2026-02-18,TH,paid_search,WELCOME10
694,2025-10-16,ID,organic,
695,2026-05-21,ID,organic,
696,2026-11-08,VN,organic,
697,2026-04-10,KR,paid_search,
698,2025-07-10,TH,organic,
699,2025-12-09,TH,paid_social,
700,2026-11-06,TH,organic,
701,2026-04-03,TH,organic,
702,2026-11-20,SG,organic,
703,2026-03-29,KH,organic,
704,2025-07-07,SG,affiliate,
705,2026-10-09,ID,paid_search,
706,2026-08-11,TH,paid_social,
707,2026-07-17,TH,email,FLASH50
708,2026-11-30,PH,organic,
709,2025-10-13,ID,email,
710,2026-10-26,TH,affiliate,
711,2025-11-01,MM,paid_social,
712,2026-11-30,SG,email,WELCOME10
713,2025-10-11,TH,organic,
714,2026-04-20,SG,paid_search,
715,2026-08-25,ID,paid_search,
716,2025-08-11,TH,paid_social,
717,2025-08-05,PH,organic,
718,2026-09-26,MY,organic,
719,2025-08-02,SG,direct,
720,2026-05-24,PH,paid_search,
721,2026-11-13,SG,organic,WELCOME10
722,2026-05-24,TH,organic,
723,2026-03-14,TH,paid_social,FLASH50
724,2026-02-08,TH,organic,
725,2026-06-06,TH,organic,SUMMER25
726,2026-05-01,TH,direct,
727,2026-03-25,MY,organic,WELCOME10
728,2025-09-20,TH,organic,
729,2026-06-19,TH,paid_social,
730,2026-07-30,MY,organic,
731,2026-07-13,TH,organic,
732,2025-08-09,ID,paid_social,
733,2026-07-10,ID,paid_social,
734,2026-07-24,TH,paid_search,
735,2025-10-06,TH,affiliate,
736,2026-09-26,SG,affiliate,FLASH50
737,2026-04-06,TH,paid_social,
738,2026-03-09,SG,paid_social,
739,2026-07-21,VN,affiliate,
740,2026-03-29,ID,organic,FLASH50
741,2026-04-17,SG,paid_search,
742,2025-12-14,AU,organic,WELCOME10
743,2026-11-07,TH,organic,FLASH50
744,2026-11-29,KH,direct,WELCOME10
745,2025-09-08,PH,organic,
746,2026-07-26,TH,paid_search,
747,2025-07-13,TH,organic,FLASH50
748,2026-01-13,TH,paid_social,
749,2026-11-30,MM,affiliate,
750,2025-10-02,TH,paid_search,SUMMER25
751,2026-01-17,KH,affiliate,
752,2025-10-26,SG,paid_search,
753,2026-07-24,SG,email,FLASH50
754,2026-03-05,MY,affiliate,FLASH50
755,2026-05-13,TH,organic,
756,2026-11-15,SG,email,
757,2026-04-04,AU,organic,FLASH50
758,2026-07-27,TH,paid_search,
759,2025-08-22,MM,organic,
760,2025-10-23,KR,paid_search,
761,2026-11-17,TH,direct,WELCOME10
762,2026-10-02,MY,affiliate,
763,2026-06-16,TH,paid_social,
764,2026-01-18,ID,direct,
765,2025-10-15,KR,paid_search,
766,2026-09-27,LA,organic,
767,2026-08-23,MM,affiliate,
768,2025-11-06,TH,organic,
769,2026-05-11,MY,affiliate,
770,2026-05-26,TH,organic,
771,2026-03-12,LA,organic,SUMMER25
772,2026-11-06,TH,paid_search,
773,2025-09-05,TH,paid_search,
774,2025-11-15,TH,organic,
775,2025-08-20,TH,organic,
776,2026-07-05,TH,organic,
777,2026-06-09,TH,affiliate,
778,2026-12-09,KH,paid_search,FLASH50
779,2026-04-16,VN,organic,FLASH50
780,2025-09-19,TH,organic,WELCOME10
781,2026-02-26,VN,organic,
782,2025-08-17,SG,paid_search,FLASH50
783,2026-06-23,VN,paid_search,
784,2026-06-25,TH,organic,
785,2026-10-01,MY,direct,
786,2025-12-29,TH,organic,
787,2025-12-13,TH,paid_search,WELCOME10
788,2025-08-07,MY,paid_social,
789,2026-02-07,VN,paid_search,
790,2026-03-11,VN,organic,
791,2026-08-07,TH,paid_search,
792,2026-08-06,SG,paid_social,
793,2025-09-13,VN,affiliate,
794,2025-11-29,TH,paid_search,FLASH50
795,2026-03-30,TH,email,
796,2025-12-26,TH,paid_search,
797,2025-07-14,TH,paid_social,
798,2026-09-24,TH,organic,
799,2026-07-25,TH,email,
800,2026-04-04,MY,organic,
801,2025-12-17,ID,paid_search,
802,2026-09-23,VN,paid_search,
803,2025-07-19,ID,direct,
804,2026-02-23,TH,paid_search,
805,2026-08-31,AU,organic,
806,2026-11-20,VN,direct,FLASH50
807,2025-11-12,MY,affiliate,
808,2026-06-12,TH,paid_social,
809,2025-10-10,ID,paid_search,
810,2025-08-31,MY,paid_search,
811,2026-01-05,ID,direct,SUMMER25
812,2026-10-15,VN,organic,
813,2026-07-03,MM,affiliate,
814,2026-03-18,AU,paid_social,
815,2025-11-28,ID,direct,
816,2025-09-14,JP,paid_social,
817,2025-11-22,MM,organic,
818,2025-09-20,TH,affiliate,
819,2025-10-08,ID,direct,
820,2026-07-02,TH,email,WELCOME10
821,2025-09-09,TH,organic,
822,2025-07-26,TH,paid_search,
823,2026-04-16,SG,affiliate,
824,2025-11-30,TH,paid_social,SUMMER25
825,2026-02-28,TH,organic,WELCOME10
826,2025-09-13,TH,organic,
827,2025-10-20,ID,organic,
828,2026-02-21,KH,organic,WELCOME10
829,2026-07-03,KR,paid_search,
830,2026-02-06,SG,direct,
831,2026-04-15,TH,paid_social,
832,2026-04-05,PH,organic,
833,2025-11-21,TH,paid_social,
834,2025-11-27,JP,paid_search,FLASH50
835,2026-02-12,VN,affiliate,FLASH50
836,2025-07-18,SG,email,
837,2026-07-01,TH,organic,SUMMER25
838,2026-05-24,TH,direct,SUMMER25
839,2025-12-11,MY,organic,FLASH50
840,2026-01-16,TH,affiliate,
841,2025-12-23,PH,email,
842,2026-06-13,ID,affiliate,
843,2026-08-09,SG,organic,
844,2025-08-27,TH,organic,
845,2026-02-06,SG,organic,
846,2025-07-08,TH,organic,
847,2026-02-27,ID,organic,FLASH50
848,2025-11-10,MY,organic,FLASH50
849,2025-12-26,PH,paid_social,
850,2026-03-01,SG,organic,SUMMER25
851,2025-12-20,TH,paid_search,
852,2026-01-27,PH,paid_social,FLASH50
853,2026-08-12,ID,organic,
854,2026-09-05,ID,paid_social,SUMMER25
855,2025-07-04,MY,affiliate,
856,2026-01-18,KH,paid_search,
857,2026-09-25,TH,paid_search,
858,2026-04-09,TH,affiliate,SUMMER25
859,2025-10-18,VN,paid_search,
860,2026-05-13,TH,paid_search,
861,2025-09-16,PH,affiliate,
862,2025-07-12,TH,affiliate,
863,2026-06-03,TH,paid_search,FLASH50
864,2026-04-01,TH,paid_search,
865,2026-08-08,PH,affiliate,
866,2025-12-31,VN,paid_search,
867,2026-09-29,TH,paid_social,
868,2026-02-10,TH,organic,
869,2026-07-29,TH,organic,WELCOME10
870,2025-08-23,TH,paid_search,
871,2025-08-21,VN,affiliate,
872,2026-08-22,TH,paid_search,
873,2026-09-18,TH,direct,
874,2026-11-15,TH,affiliate,WELCOME10
875,2025-12-21,MY,affiliate,WELCOME10
876,2025-07-12,ID,affiliate,FLASH50
877,2026-12-05,ID,organic,
878,2026-05-17,MY,paid_search,
879,2025-11-09,JP,organic,FLASH50
880,2026-08-12,SG,paid_search,
881,2026-10-25,KH,organic,
882,2025-11-29,ID,affiliate,FLASH50
883,2026-08-15,TH,affiliate,
884,2026-08-24,PH,organic,
885,2026-03-25,MY,paid_search,
886,2026-06-03,ID,paid_social,
887,2025-11-21,TH,affiliate,FLASH50
888,2026-11-08,SG,direct,
889,2026-12-06,KH,organic,FLASH50
890,2026-12-05,TH,organic,
891,2026-07-28,TH,email,
892,2025-07-23,TH,organic,
893,2026-01-12,SG,affiliate,SUMMER25
894,2026-02-23,PH,organic,
895,2026-11-24,ID,paid_search,
896,2026-04-18,MM,paid_social,
897,2026-04-12,SG,affiliate,WELCOME10
898,2025-09-17,TH,organic,WELCOME10
899,2026-08-28,TH,affiliate,FLASH50
900,2025-12-27,TH,email,
901,2025-08-18,VN,affiliate,
902,2026-12-09,TH,direct,FLASH50
903,2025-10-10,TH,email,SUMMER25
904,2025-07-09,KH,affiliate,
905,2025-08-11,MY,paid_social,FLASH50
906,2026-02-27,TH,affiliate,FLASH50
907,2025-08-24,ID,direct,
908,2026-09-23,SG,paid_social,
909,2026-03-31,PH,organic,
910,2025-12-20,ID,organic,
911,2025-07-02,TH,affiliate,SUMMER25
912,2026-03-13,TH,direct,
913,2025-09-19,TH,organic,
914,2026-12-04,ID,direct,
915,2025-12-03,SG,organic,
916,2026-03-11,VN,paid_search,
917,2025-07-10,SG,email,
918,2025-09-08,TH,direct,
919,2025-10-19,TH,paid_social,
920,2025-07-28,TH,direct,
921,2026-07-22,TH,affiliate,
922,2026-11-16,MY,email,
923,2026-12-08,AU,email,
924,2025-11-19,TH,paid_search,
925,2026-08-25,ID,organic,FLASH50
926,2026-03-26,TH,organic,
927,2025-07-25,VN,organic,
928,2025-08-18,TH,organic,WELCOME10
929,2026-04-18,ID,organic,FLASH50
930,2026-02-11,TH,organic,
931,2025-07-05,TH,paid_social,
932,2026-11-08,MY,organic,
933,2026-07-25,TH,paid_search,
934,2026-03-25,SG,organic,SUMMER25
935,2026-12-09,TH,organic,FLASH50
936,2026-11-30,AU,paid_social,FLASH50
937,2026-12-02,TH,email,FLASH50
938,2025-11-15,MY,paid_social,
939,2026-10-13,PH,paid_social,SUMMER25
940,2026-03-26,ID,direct,
941,2026-07-22,TH,affiliate,
942,2026-10-02,MY,organic,
943,2025-09-26,TH,organic,WELCOME10
944,2026-02-24,MY,paid_social,
945,2025-09-07,SG,paid_social,WELCOME10
946,2025-11-26,VN,affiliate,FLASH50
947,2026-02-06,PH,organic,
948,2026-09-29,TH,direct,
949,2026-10-03,TH,paid_search,
950,2026-01-24,TH,email,FLASH50
951,2025-12-23,MY,paid_search,
952,2026-04-09,TH,organic,
953,2026-10-30,ID,paid_search,
954,2026-12-03,SG,organic,
955,2025-10-29,AU,organic,WELCOME10
956,2025-10-08,TH,email,FLASH50
957,2026-07-12,TH,paid_search,
958,2025-12-08,TH,organic,WELCOME10
959,2025-10-15,MY,paid_search,
960,2025-07-17,TH,paid_social,
961,2026-01-31,TH,organic,
962,2026-01-25,TH,organic,
963,2026-04-27,VN,email,
964,2025-10-15,AU,organic,FLASH50
965,2026-07-16,TH,direct,
966,2026-06-28,TH,organic,WELCOME10
967,2026-03-04,SG,paid_social,FLASH50
968,2025-10-05,TH,paid_social,FLASH50
969,2026-03-28,KR,organic,
970,2026-06-25,SG,paid_social,
971,2026-01-15,ID,paid_search,
972,2025-11-18,MM,paid_search,SUMMER25
973,2026-03-27,ID,email,
974,2026-01-06,TH,direct,
975,2026-01-30,MY,organic,SUMMER25
976,2026-01-02,TH,paid_social,
977,2025-12-09,SG,organic,
978,2026-07-18,JP,organic,
979,2026-03-03,TH,organic,
980,2026-03-06,SG,paid_social,
981,2026-06-14,TH,paid_social,
982,2026-01-09,TH,paid_search,
983,2025-08-23,MY,direct,
984,2026-09-28,VN,affiliate,
985,2025-07-30,ID,organic,
986,2026-05-01,TH,organic,
987,2025-11-19,TH,paid_social,
988,2025-10-22,SG,paid_search,
989,2025-07-23,SG,organic,
990,2026-10-23,VN,organic,
991,2026-02-14,ID,paid_search,
992,2025-12-30,KH,paid_search,
993,2026-07-31,VN,paid_social,
994,2025-07-21,TH,affiliate,
995,2026-04-27,ID,direct,WELCOME10
996,2026-03-21,VN,affiliate,
997,2026-04-21,AU,paid_search,
998,2025-09-05,SG,paid_search,
999,2026-11-20,ID,organic,
1000,2025-11-05,TH,direct,
1001,2026-06-27,VN,paid_search,FLASH50
1002,2026-08-03,MM,organic,WELCOME10
1003,2025-12-31,MM,paid_social,
1004,2025-09-08,TH,paid_search,
1005,2025-12-06,TH,direct,
1006,2026-09-04,VN,organic,
1007,2026-10-27,ID,paid_search,
1008,2026-11-12,LA,direct,WELCOME10
1009,2025-10-29,TH,paid_search,
1010,2026-05-20,PH,paid_search,
1011,2025-09-19,ID,paid_social,
1012,2026-07-14,TH,paid_social,
1013,2026-02-07,TH,organic,
1014,2026-07-16,ID,organic,
1015,2026-07-01,TH,paid_search,
1016,2026-12-12,VN,organic,FLASH50
1017,2026-03-18,MY,paid_search,
1018,2025-12-30,SG,paid_search,
1019,2026-04-07,TH,affiliate,SUMMER25
1020,2025-09-25,KR,paid_social,
1021,2025-08-29,VN,paid_search,
1022,2026-04-03,VN,organic,
1023,2026-09-13,VN,paid_search,
1024,2026-04-11,MY,organic,
1025,2026-08-21,AU,direct,
1026,2025-10-03,MY,organic,
1027,2026-02-25,MY,email,
1028,2026-05-23,TH,paid_social,
1029,2026-01-02,TH,affiliate,
1030,2025-07-08,VN,email,
1031,2025-08-09,TH,affiliate,
1032,2026-11-07,VN,paid_social,FLASH50
1033,2026-05-19,AU,organic,
1034,2025-11-19,SG,paid_social,
1035,2025-11-15,TH,organic,FLASH50
1036,2025-07-22,ID,paid_search,
1037,2026-11-16,TH,email,FLASH50
1038,2025-08-27,VN,paid_social,
1039,2026-08-09,MY,organic,
1040,2025-11-06,SG,email,
1041,2025-12-26,MY,organic,
1042,2025-11-23,SG,email,
1043,2026-09-13,TH,affiliate,
1044,2025-07-18,TH,organic,
1045,2026-01-04,TH,organic,
1046,2025-11-26,LA,direct,
1047,2025-11-23,TH,organic,FLASH50
1048,2025-10-11,TH,direct,FLASH50
1049,2026-10-30,TH,paid_search,
1050,2026-01-18,SG,paid_search,FLASH50
1051,2026-02-08,TH,paid_social,
1052,2026-01-22,VN,paid_search,
1053,2026-12-05,TH,paid_search,
1054,2025-12-28,ID,paid_social,WELCOME10
1055,2025-12-30,TH,paid_search,
1056,2025-12-22,SG,organic,
1057,2025-12-22,TH,affiliate,
1058,2025-08-17,VN,paid_search,
1059,2026-05-19,AU,paid_social,FLASH50
1060,2025-07-14,TH,paid_social,
1061,2025-10-29,AU,paid_social,
1062,2025-10-16,TH,organic,
1063,2025-12-03,MY,direct,WELCOME10
1064,2026-08-08,ID,paid_search,FLASH50
1065,2026-05-16,TH,email,
1066,2026-12-11,SG,affiliate,
1067,2026-01-04,TH,paid_social,
1068,2026-11-07,ID,paid_search,
1069,2025-07-24,TH,organic,
1070,2026-03-26,LA,paid_search,
1071,2026-08-30,TH,paid_social,
1072,2026-04-10,MM,paid_search,
1073,2026-11-10,TH,organic,SUMMER25
1074,2025-12-15,MY,paid_search,
1075,2025-07-18,TH,organic,
1076,2026-08-17,TH,paid_search,WELCOME10
1077,2025-08-06,TH,paid_search,
1078,2026-08-12,ID,organic,FLASH50
1079,2026-07-26,TH,organic,
1080,2026-09-23,MY,organic,
1081,2026-03-13,JP,paid_social,FLASH50
1082,2026-10-21,TH,direct,
1083,2025-09-29,TH,organic,
1084,2026-02-17,TH,paid_social,
1085,2025-09-03,TH,organic,
1086,2026-08-13,SG,paid_social,
1087,2026-07-16,VN,organic,
1088,2026-09-03,TH,affiliate,
1089,2026-08-12,TH,affiliate,SUMMER25
1090,2025-12-12,ID,paid_social,FLASH50
1091,2025-08-06,TH,organic,
1092,2026-11-08,MY,affiliate,SUMMER25
1093,2026-03-20,AU,organic,
1094,2025-08-20,TH,paid_search,
1095,2026-11-07,SG,affiliate,
1096,2026-12-12,PH,paid_social,
1097,2026-02-23,ID,affiliate,
1098,2026-08-15,VN,paid_social,
1099,2025-07-20,VN,affiliate,SUMMER25
1100,2025-08-19,MY,organic,
1101,2025-11-25,MY,paid_search,
1102,2026-06-15,VN,paid_search,
1103,2025-09-10,ID,paid_social,SUMMER25
1104,2025-07-19,ID,paid_social,WELCOME10
1105,2026-06-22,TH,paid_social,
1106,2026-08-15,PH,paid_social,
1107,2026-07-30,TH,organic,
1108,2026-08-30,TH,paid_search,
1109,2026-09-01,TH,email,
1110,2026-05-18,TH,organic,FLASH50
1111,2026-04-03,ID,organic,
1112,2026-09-30,TH,affiliate,
1113,2026-01-02,ID,organic,
1114,2025-08-22,SG,paid_search,
1115,2026-08-05,TH,paid_social,
1116,2025-11-25,TH,paid_search,
1117,2026-12-04,MY,email,
1118,2026-02-06,VN,email,
1119,2026-09-28,TH,paid_search,
1120,2025-07-23,TH,direct,
1121,2026-06-17,TH,organic,
1122,2026-02-24,TH,organic,FLASH50
1123,2026-03-04,TH,paid_social,
1124,2025-11-19,JP,paid_social,
1125,2026-11-30,TH,organic,
1126,2026-01-26,TH,paid_search,FLASH50
1127,2026-09-27,KH,organic,
1128,2026-02-12,ID,organic,
1129,2025-07-26,SG,paid_search,
1130,2026-10-12,ID,email,
1131,2025-10-07,AU,affiliate,
1132,2025-11-22,TH,paid_search,
1133,2026-10-02,TH,paid_search,
1134,2026-10-20,KH,organic,
1135,2026-11-01,VN,paid_search,WELCOME10
1136,2026-02-13,KR,paid_social,
1137,2026-08-08,TH,affiliate,
1138,2025-12-22,AU,paid_search,
1139,2026-07-30,TH,email,SUMMER25
1140,2026-03-25,VN,affiliate,
1141,2025-07-28,KH,organic,
1142,2026-02-08,TH,email,
1143,2026-03-07,TH,organic,
1144,2025-11-15,MY,email,
1145,2026-01-16,PH,paid_social,
1146,2026-03-25,TH,paid_search,
1147,2025-07-27,PH,paid_search,FLASH50
1148,2025-09-19,TH,paid_social,
1149,2026-08-13,TH,affiliate,
1150,2026-01-04,TH,affiliate,
1151,2026-05-21,MM,paid_search,
1152,2026-04-28,TH,affiliate,
1153,2026-04-20,MY,paid_search,
1154,2026-02-06,TH,paid_search,
1155,2026-03-15,MM,organic,FLASH50
1156,2026-09-13,VN,affiliate,WELCOME10
1157,2026-11-27,TH,paid_social,
1158,2025-11-14,TH,paid_search,WELCOME10
1159,2026-06-22,TH,paid_social,
1160,2026-11-29,TH,email,
1161,2025-07-05,PH,organic,
1162,2026-08-23,MY,paid_search,SUMMER25
1163,2026-03-22,SG,paid_search,
1164,2026-11-28,VN,organic,
1165,2026-05-05,SG,paid_search,
1166,2026-09-20,TH,affiliate,
1167,2025-09-27,TH,organic,FLASH50
1168,2025-09-14,TH,affiliate,
1169,2026-11-06,MY,direct,
1170,2026-04-07,TH,organic,
1171,2026-04-24,MY,paid_search,FLASH50
1172,2025-09-29,TH,organic,
1173,2025-10-29,ID,paid_social,
1174,2026-09-10,TH,paid_search,FLASH50
1175,2025-12-09,SG,paid_social,WELCOME10
1176,2026-05-08,TH,affiliate,
1177,2025-12-16,TH,affiliate,
1178,2025-11-18,TH,paid_search,
1179,2025-09-27,SG,email,
1180,2026-11-08,VN,direct,WELCOME10
1181,2026-11-14,TH,paid_social,SUMMER25
1182,2025-08-31,VN,organic,SUMMER25
1183,2026-01-05,MY,affiliate,WELCOME10
1184,2026-04-27,SG,email,FLASH50
1185,2026-01-21,MY,paid_social,
1186,2026-07-20,TH,paid_social,
1187,2025-11-16,VN,paid_search,
1188,2025-08-01,VN,paid_search,
1189,2025-12-27,VN,affiliate,
1190,2026-05-15,TH,email,
1191,2025-10-05,ID,organic,SUMMER25
1192,2026-09-08,TH,organic,
1193,2025-07-07,SG,paid_search,
1194,2025-08-05,TH,paid_search,
1195,2026-03-29,TH,affiliate,
1196,2026-03-31,ID,organic,
1197,2025-12-05,KH,affiliate,
1198,2025-11-15,TH,paid_search,
1199,2025-08-07,MY,paid_social,FLASH50
1200,2026-06-19,ID,paid_search,WELCOME10
1201,2026-01-19,AU,affiliate,
1202,2025-09-02,ID,paid_search,
1203,2026-01-30,TH,paid_search,
1204,2026-11-12,TH,paid_social,
1205,2025-11-17,ID,paid_search,FLASH50
1206,2026-10-20,TH,paid_search,
1207,2025-11-15,MM,email,WELCOME10
1208,2025-10-08,MM,paid_social,
1209,2025-11-16,AU,organic,
1210,2025-12-20,TH,affiliate,
1211,2025-09-03,VN,organic,
1212,2026-05-10,ID,paid_search,
1213,2025-12-25,TH,organic,
1214,2026-07-18,TH,organic,
1215,2026-03-19,TH,paid_search,
1216,2026-02-21,TH,paid_social,
1217,2026-03-09,AU,paid_search,
1218,2025-09-22,PH,organic,
1219,2026-07-15,TH,organic,
1220,2025-08-25,MY,organic,WELCOME10
1221,2026-07-20,TH,paid_social,
1222,2026-12-15,TH,organic,
1223,2026-08-12,TH,paid_search,FLASH50
1224,2026-02-28,ID,paid_search,
1225,2025-12-15,ID,organic,
1226,2026-10-09,PH,affiliate,
1227,2025-11-15,KH,paid_social,
1228,2026-03-15,TH,paid_social,
1229,2026-08-15,VN,paid_search,
1230,2026-11-04,TH,paid_search,
1231,2026-11-03,TH,paid_social,
1232,2025-08-16,SG,direct,
1233,2026-10-22,TH,paid_search,
1234,2025-08-30,TH,paid_social,
1235,2026-05-08,TH,paid_search,FLASH50
1236,2026-11-08,TH,direct,
1237,2026-06-15,AU,organic,FLASH50
1238,2026-11-18,TH,paid_search,SUMMER25
1239,2025-12-31,SG,paid_search,
1240,2025-12-15,KR,paid_social,
1241,2025-12-21,MY,paid_social,
1242,2026-01-06,TH,affiliate,WELCOME10
1243,2026-06-29,MM,affiliate,
1244,2026-02-27,TH,paid_search,
1245,2026-07-29,TH,organic,
1246,2026-02-07,MY,email,
1247,2025-12-12,SG,paid_search,
1248,2025-10-10,VN,organic,
1249,2026-04-20,TH,organic,
1250,2026-10-22,MY,paid_search,
1251,2026-10-01,VN,paid_search,FLASH50
1252,2025-11-13,JP,paid_social,SUMMER25
1253,2026-03-12,TH,paid_social,
1254,2026-07-11,TH,organic,WELCOME10
1255,2026-05-23,AU,organic,
1256,2025-08-05,ID,email,WELCOME10
1257,2026-05-12,TH,affiliate,WELCOME10
1258,2025-07-21,TH,email,
1259,2025-09-01,VN,organic,
1260,2026-06-14,MY,email,
1261,2025-08-24,MY,email,
1262,2025-12-28,KH,paid_search,
1263,2026-05-10,TH,paid_social,
1264,2026-06-15,TH,organic,
1265,2026-02-23,MY,paid_social,
1266,2025-08-20,KH,affiliate,
1267,2026-08-30,TH,paid_search,
1268,2026-11-19,ID,organic,
1269,2026-10-17,TH,paid_search,
1270,2026-08-03,TH,paid_social,
1271,2026-01-31,LA,paid_social,WELCOME10
1272,2026-10-11,TH,paid_search,FLASH50
1273,2026-03-18,TH,direct,WELCOME10
1274,2025-09-11,VN,organic,WELCOME10
1275,2026-09-27,TH,organic,
1276,2025-12-18,TH,organic,
1277,2026-11-13,VN,affiliate,
1278,2026-01-13,TH,affiliate,
1279,2026-10-07,ID,affiliate,
1280,2026-04-13,TH,email,
1281,2026-03-07,TH,paid_search,
1282,2025-12-06,ID,paid_search,
1283,2026-09-19,TH,paid_social,
1284,2025-08-02,KH,paid_search,FLASH50
1285,2026-03-07,MM,paid_search,
1286,2026-01-13,PH,organic,
1287,2026-04-16,TH,paid_search,
1288,2025-11-13,TH,paid_search,
1289,2026-06-20,LA,organic,
1290,2026-01-22,SG,direct,
1291,2025-10-09,ID,organic,
1292,2025-10-13,PH,email,
1293,2026-07-07,TH,organic,FLASH50
1294,2025-11-17,TH,email,
1295,2025-12-11,ID,paid_search,
1296,2026-05-31,MY,organic,
1297,2025-12-23,TH,organic,
1298,2026-01-23,MY,paid_search,
1299,2025-11-08,VN,affiliate,
1300,2026-01-01,TH,organic,SUMMER25
1301,2026-07-05,TH,organic,
1302,2026-04-11,VN,paid_social,
1303,2026-12-14,VN,paid_social,FLASH50
1304,2026-08-16,AU,paid_search,
1305,2025-07-09,TH,organic,
1306,2026-01-18,KH,paid_social,
1307,2025-12-02,VN,organic,SUMMER25
1308,2026-05-10,ID,paid_social,WELCOME10
1309,2025-11-19,TH,organic,
1310,2026-11-27,TH,direct,
1311,2025-12-07,SG,paid_social,
1312,2026-04-05,TH,paid_social,
1313,2025-09-04,TH,affiliate,FLASH50
1314,2026-10-28,MM,direct,FLASH50
1315,2026-10-30,TH,affiliate,SUMMER25
1316,2026-08-28,AU,paid_social,
1317,2026-01-04,SG,email,
1318,2025-08-01,PH,organic,
1319,2026-07-14,TH,affiliate,
1320,2026-02-14,ID,paid_social,FLASH50
1321,2026-12-10,MY,paid_social,
1322,2026-07-08,MM,email,WELCOME10
1323,2026-04-14,TH,paid_social,
1324,2026-12-08,TH,paid_social,
1325,2026-08-31,AU,email,
1326,2026-03-02,TH,paid_social,
1327,2025-07-11,ID,organic,FLASH50
1328,2025-08-19,TH,organic,
1329,2026-02-22,TH,paid_search,
1330,2026-04-26,MY,organic,
1331,2025-07-17,MY,paid_social,
1332,2025-09-06,MY,affiliate,
1333,2026-07-11,SG,organic,
1334,2026-08-05,VN,email,
1335,2025-07-16,KR,affiliate,
1336,2026-03-28,TH,direct,FLASH50
1337,2025-08-13,TH,organic,
1338,2026-07-21,TH,paid_search,
1339,2026-09-18,VN,paid_social,
1340,2026-10-07,TH,affiliate,
1341,2026-05-15,ID,email,
1342,2026-06-01,SG,email,
1343,2026-11-06,MY,organic,WELCOME10
1344,2026-05-23,PH,paid_search,
1345,2026-02-23,SG,paid_social,
1346,2026-08-07,SG,organic,SUMMER25
1347,2026-05-11,TH,direct,
1348,2026-09-23,SG,affiliate,
1349,2026-04-06,TH,affiliate,
1350,2026-10-07,PH,email,
1351,2025-07-24,TH,organic,
1352,2025-07-20,TH,paid_search,
1353,2025-08-22,TH,paid_social,
1354,2026-04-23,MY,affiliate,
1355,2026-07-13,MM,affiliate,
1356,2025-10-24,TH,organic,
1357,2025-09-22,TH,paid_social,
1358,2026-10-02,TH,organic,
1359,2026-08-05,JP,paid_search,
1360,2026-06-11,PH,direct,FLASH50
1361,2026-03-18,TH,organic,
1362,2026-02-09,MY,organic,
1363,2025-07-11,VN,paid_search,
1364,2025-10-09,VN,email,
1365,2026-10-22,SG,organic,
1366,2025-12-28,VN,organic,
1367,2026-07-11,MY,paid_search,
1368,2026-07-11,TH,paid_social,FLASH50
1369,2025-12-12,TH,organic,
1370,2025-10-17,TH,affiliate,SUMMER25
1371,2026-07-04,TH,affiliate,
1372,2025-08-19,TH,paid_search,
1373,2026-03-21,PH,organic,FLASH50
1374,2026-10-17,PH,paid_search,
1375,2026-07-15,TH,organic,WELCOME10
1376,2026-08-12,TH,paid_search,SUMMER25
1377,2025-08-14,ID,affiliate,
1378,2025-10-15,SG,organic,FLASH50
1379,2025-11-24,TH,organic,
1380,2025-12-03,PH,organic,SUMMER25
1381,2025-10-12,TH,organic,
1382,2026-12-01,TH,organic,
1383,2025-09-26,VN,paid_search,
1384,2026-07-13,MY,affiliate,
1385,2026-05-09,TH,organic,
1386,2026-05-22,ID,paid_search,
1387,2025-10-23,MM,email,
1388,2025-12-11,TH,paid_social,
1389,2026-05-20,ID,affiliate,
1390,2025-12-07,TH,paid_search,
1391,2026-07-05,SG,organic,WELCOME10
1392,2025-07-22,SG,organic,FLASH50
1393,2025-08-08,TH,affiliate,
1394,2026-07-24,TH,email,SUMMER25
1395,2026-05-25,PH,paid_search,
1396,2025-07-24,TH,paid_search,
1397,2026-10-23,KH,paid_search,
1398,2025-07-03,TH,organic,
1399,2026-11-22,PH,organic,
1400,2026-07-24,MY,direct,
1401,2026-12-09,TH,organic,
1402,2026-11-18,ID,paid_search,
1403,2025-12-14,VN,paid_social,
1404,2026-08-08,SG,paid_search,
1405,2025-10-21,SG,direct,
1406,2026-03-09,MY,organic,
1407,2025-11-05,MY,email,
1408,2026-03-17,SG,organic,FLASH50
1409,2026-10-08,VN,organic,
1410,2026-02-18,TH,paid_search,
1411,2025-08-19,SG,email,
1412,2025-12-21,MY,paid_search,
1413,2026-08-24,KR,organic,
1414,2026-04-05,TH,paid_search,
1415,2026-04-25,TH,organic,
1416,2026-02-15,TH,affiliate,
1417,2025-12-04,ID,email,SUMMER25
1418,2026-05-15,SG,paid_social,
1419,2026-06-03,TH,paid_search,
1420,2026-10-22,TH,paid_social,FLASH50
1421,2026-05-26,LA,paid_social,
1422,2026-12-13,SG,organic,
1423,2026-09-14,MY,paid_search,FLASH50
1424,2025-08-11,TH,paid_social,
1425,2026-01-26,TH,affiliate,
1426,2026-01-22,TH,paid_search,
1427,2025-07-02,TH,affiliate,
1428,2025-10-05,SG,affiliate,FLASH50
1429,2026-08-11,TH,email,
1430,2026-01-04,TH,direct,
1431,2025-09-17,TH,organic,
1432,2025-12-01,TH,paid_search,
1433,2025-11-24,TH,affiliate,
1434,2025-10-02,TH,affiliate,
1435,2025-08-23,TH,organic,
1436,2026-08-12,ID,paid_social,
1437,2026-09-13,AU,email,
1438,2026-03-22,ID,organic,FLASH50
1439,2026-05-25,TH,paid_search,
1440,2026-11-02,KR,paid_search,
1441,2026-09-23,JP,paid_search,
1442,2025-07-18,SG,paid_social,SUMMER25
1443,2026-11-20,TH,organic,
1444,2025-08-05,VN,affiliate,
1445,2025-07-15,JP,organic,
1446,2026-01-31,VN,affiliate,WELCOME10
1447,2026-08-02,ID,organic,
1448,2025-08-12,MY,affiliate,FLASH50
1449,2025-12-04,JP,paid_search,FLASH50
1450,2025-11-18,TH,paid_social,
1451,2026-01-28,TH,organic,
1452,2026-12-08,PH,paid_search,
1453,2025-12-24,TH,organic,
1454,2025-10-20,TH,organic,WELCOME10
1455,2025-09-04,TH,paid_social,
1456,2025-10-14,TH,organic,
1457,2025-09-09,TH,direct,
1458,2026-05-02,MY,paid_search,
1459,2026-02-10,TH,organic,
1460,2026-03-23,MY,direct,
1461,2026-09-17,TH,organic,
1462,2026-05-06,AU,affiliate,WELCOME10
1463,2025-09-21,MY,paid_search,
1464,2026-01-17,JP,paid_social,
1465,2025-12-14,TH,affiliate,
1466,2026-09-14,TH,organic,
1467,2025-12-11,VN,paid_social,
1468,2025-09-12,PH,organic,
1469,2026-07-28,TH,paid_social,
1470,2026-02-14,ID,organic,
1471,2025-08-21,ID,organic,
1472,2026-07-03,TH,organic,
1473,2025-10-21,MY,paid_social,
1474,2026-10-06,TH,direct,
1475,2026-09-17,TH,direct,
1476,2026-01-13,KH,affiliate,FLASH50
1477,2026-04-23,SG,affiliate,
1478,2026-04-29,VN,email,
1479,2026-06-14,VN,paid_search,
1480,2025-08-06,KR,organic,
1481,2025-12-21,SG,paid_social,FLASH50
1482,2025-09-29,SG,organic,
1483,2026-07-07,TH,affiliate,
1484,2025-08-06,ID,paid_search,WELCOME10
1485,2026-04-02,SG,organic,
1486,2026-07-23,VN,affiliate,WELCOME10
1487,2026-11-18,TH,organic,
1488,2025-12-01,TH,direct,
1489,2025-07-05,KH,direct,
1490,2026-07-21,PH,paid_social,SUMMER25
1491,2025-07-01,TH,paid_social,
1492,2025-08-05,ID,organic,
1493,2026-12-10,SG,paid_search,FLASH50
1494,2026-10-03,VN,email,WELCOME10
1495,2026-07-13,TH,organic,WELCOME10
1496,2026-09-19,MY,organic,WELCOME10
1497,2025-08-10,TH,paid_search,
1498,2025-08-17,TH,paid_social,
1499,2025-12-08,VN,paid_social,
1500,2025-07-13,TH,organic,
1501,2026-10-17,TH,organic,
1502,2025-07-31,TH,affiliate,FLASH50
1503,2026-04-16,TH,organic,
1504,2026-09-28,VN,organic,
1505,2026-07-27,TH,organic,
1506,2025-11-03,VN,affiliate,
1507,2026-03-08,PH,organic,
1508,2026-04-19,TH,paid_search,
1509,2026-08-14,PH,paid_search,WELCOME10
1510,2026-02-13,TH,organic,
1511,2025-11-29,TH,direct,
1512,2026-08-29,TH,email,SUMMER25
1513,2026-10-16,TH,paid_social,SUMMER25
1514,2026-03-18,TH,paid_search,
1515,2025-07-15,TH,organic,SUMMER25
1516,2026-03-24,PH,paid_social,
1517,2026-10-17,MY,organic,
1518,2026-12-10,AU,paid_social,SUMMER25
1519,2026-01-30,MY,organic,
1520,2025-09-19,ID,paid_social,
1521,2026-05-01,TH,paid_search,FLASH50
1522,2026-09-16,MY,paid_search,
1523,2026-11-16,TH,organic,
1524,2025-07-28,AU,organic,
1525,2025-12-02,AU,paid_search,
1526,2026-03-12,TH,paid_search,
1527,2025-08-22,ID,direct,
1528,2026-10-16,ID,paid_search,WELCOME10
1529,2025-08-29,MY,organic,
1530,2026-06-20,TH,paid_search,FLASH50
1531,2026-11-02,ID,paid_search,
1532,2026-07-01,VN,email,
1533,2026-08-11,TH,organic,FLASH50
1534,2025-11-18,SG,email,
1535,2026-09-15,TH,paid_social,
1536,2026-02-09,AU,organic,
1537,2025-08-02,TH,paid_search,
1538,2026-01-12,TH,paid_search,SUMMER25
1539,2026-01-03,TH,paid_search,
1540,2026-04-04,PH,paid_search,
1541,2025-11-19,ID,paid_social,FLASH50
1542,2026-03-04,TH,paid_social,FLASH50
1543,2026-02-14,TH,paid_search,SUMMER25
1544,2025-12-22,VN,paid_social,FLASH50
1545,2026-07-07,TH,email,SUMMER25
1546,2025-12-10,TH,paid_search,
1547,2026-08-13,JP,paid_search,SUMMER25
1548,2025-11-11,TH,organic,
1549,2026-10-04,SG,organic,
1550,2026-01-11,TH,organic,
1551,2025-07-22,VN,paid_search,
1552,2025-09-18,VN,affiliate,
1553,2026-09-03,TH,organic,FLASH50
1554,2026-10-08,ID,paid_social,
1555,2025-10-21,LA,organic,
1556,2026-05-17,PH,organic,
1557,2026-05-03,TH,paid_search,
1558,2025-09-10,SG,paid_search,WELCOME10
1559,2026-02-26,KH,organic,SUMMER25
1560,2026-07-05,TH,organic,FLASH50
1561,2026-11-28,TH,paid_social,
1562,2026-09-25,TH,paid_search,
1563,2025-08-22,PH,paid_search,
1564,2025-11-04,TH,paid_search,WELCOME10
1565,2026-02-18,TH,paid_search,
1566,2025-09-19,ID,organic,
1567,2026-05-01,TH,organic,
1568,2025-07-05,TH,paid_search,
1569,2025-08-30,SG,paid_search,
1570,2025-07-26,TH,email,FLASH50
1571,2025-12-05,KR,affiliate,
1572,2026-08-11,TH,organic,
1573,2025-10-03,PH,organic,
1574,2026-12-09,SG,email,
1575,2025-11-21,TH,paid_search,
1576,2025-07-24,TH,paid_search,FLASH50
1577,2025-12-26,SG,paid_social,
1578,2026-08-03,TH,paid_search,
1579,2025-08-26,TH,organic,WELCOME10
1580,2025-08-08,AU,organic,
1581,2026-09-26,SG,organic,
1582,2026-05-12,MM,organic,FLASH50
1583,2025-12-30,TH,organic,FLASH50
1584,2026-08-07,TH,paid_social,WELCOME10
1585,2026-09-24,MY,paid_search,
1586,2026-01-08,TH,organic,FLASH50
1587,2026-04-26,TH,organic,
1588,2025-07-06,TH,direct,
1589,2025-12-11,TH,organic,SUMMER25
1590,2026-05-14,VN,organic,
1591,2025-10-14,TH,paid_social,
1592,2026-12-11,JP,organic,WELCOME10
1593,2026-11-30,TH,organic,
1594,2025-11-15,TH,organic,
1595,2026-01-28,TH,direct,
1596,2025-10-09,SG,paid_social,
1597,2026-03-26,KH,paid_search,
1598,2025-09-05,PH,email,
1599,2026-01-25,TH,paid_social,
1600,2026-04-22,TH,organic,
1601,2026-05-23,PH,paid_search,WELCOME10
1602,2026-05-14,TH,paid_search,
1603,2025-10-27,MY,paid_search,SUMMER25
1604,2026-08-27,TH,affiliate,
1605,2026-07-04,TH,organic,
1606,2026-08-06,SG,organic,
1607,2026-03-07,TH,paid_search,
1608,2026-10-19,LA,organic,
1609,2026-01-24,MY,direct,
1610,2026-09-03,LA,paid_search,
1611,2025-10-17,VN,organic,
1612,2025-11-09,TH,paid_social,FLASH50
1613,2026-04-07,SG,affiliate,
1614,2026-04-23,TH,paid_search,
1615,2026-08-02,PH,paid_search,
1616,2025-12-06,TH,paid_social,
1617,2026-10-09,AU,organic,
1618,2025-12-23,MY,paid_social,
1619,2026-04-11,MY,paid_social,
1620,2026-11-09,SG,affiliate,
1621,2026-04-14,MY,email,
1622,2026-06-29,ID,direct,
1623,2026-10-28,ID,organic,
1624,2026-12-02,TH,affiliate,
1625,2026-03-24,MY,paid_social,
1626,2026-02-08,TH,paid_search,
1627,2025-10-13,ID,email,
1628,2026-04-13,MY,email,
1629,2026-11-02,TH,affiliate,
1630,2026-03-17,VN,organic,
1631,2026-01-02,SG,organic,
1632,2025-08-27,MY,email,
1633,2026-01-24,ID,direct,
1634,2025-11-04,ID,organic,
1635,2026-12-03,VN,organic,
1636,2026-04-08,TH,paid_social,
1637,2025-09-12,TH,organic,
1638,2025-08-05,ID,paid_social,
1639,2026-09-27,TH,direct,FLASH50
1640,2026-11-09,TH,organic,
1641,2026-08-11,TH,affiliate,
1642,2025-09-05,TH,paid_search,FLASH50
1643,2025-08-22,KR,organic,
1644,2025-10-14,TH,paid_search,WELCOME10
1645,2026-08-05,TH,paid_social,
1646,2026-08-12,MM,affiliate,
1647,2026-09-20,JP,paid_search,
1648,2025-08-21,TH,email,
1649,2025-09-20,KH,organic,
1650,2026-10-23,TH,direct,
1651,2026-11-08,VN,paid_social,
1652,2026-07-22,TH,paid_search,
1653,2025-08-26,TH,organic,
1654,2025-08-06,TH,organic,WELCOME10
1655,2025-07-30,ID,paid_search,SUMMER25
1656,2026-07-04,TH,direct,
1657,2026-09-24,SG,affiliate,
1658,2026-06-02,ID,organic,
1659,2025-11-17,TH,paid_search,
1660,2026-08-08,LA,paid_search,
1661,2025-08-01,TH,email,
1662,2026-09-15,TH,affiliate,
1663,2026-10-19,TH,organic,
1664,2026-07-18,TH,organic,
1665,2026-10-12,TH,organic,
1666,2026-05-09,SG,paid_search,FLASH50
1667,2026-03-07,ID,organic,
1668,2025-12-19,SG,organic,WELCOME10
1669,2026-11-04,SG,affiliate,
1670,2026-07-07,VN,paid_search,
1671,2025-10-10,TH,direct,
1672,2026-11-23,ID,affiliate,
1673,2025-08-01,LA,organic,
1674,2026-05-10,TH,organic,
1675,2025-10-10,MY,paid_search,
1676,2026-06-20,AU,paid_social,
1677,2026-02-05,MY,paid_search,
1678,2026-02-18,JP,email,
1679,2026-06-23,TH,affiliate,
1680,2026-08-08,MY,paid_search,
1681,2026-01-19,TH,organic,FLASH50
1682,2026-12-14,TH,paid_search,
1683,2026-03-23,KR,paid_search,
1684,2025-09-24,TH,organic,
1685,2025-07-04,JP,affiliate,
1686,2025-10-16,ID,paid_search,WELCOME10
1687,2026-07-04,LA,organic,
1688,2026-04-14,JP,affiliate,
1689,2025-12-28,MY,paid_social,
1690,2026-03-14,KR,organic,WELCOME10
1691,2026-09-20,VN,paid_search,SUMMER25
1692,2026-05-01,MY,paid_social,
1693,2025-07-31,ID,paid_search,
1694,2025-07-27,TH,paid_search,
1695,2026-03-14,TH,paid_social,
1696,2026-02-01,TH,paid_social,
1697,2026-09-27,SG,organic,
1698,2026-05-07,TH,organic,
1699,2026-08-08,SG,paid_social,
1700,2026-05-08,ID,organic,FLASH50
1701,2026-01-01,ID,direct,WELCOME10
1702,2026-06-16,LA,organic,SUMMER25
1703,2026-05-28,JP,affiliate,
1704,2026-07-19,LA,direct,
1705,2025-10-09,ID,paid_search,SUMMER25
1706,2026-06-07,TH,paid_social,FLASH50
1707,2025-11-30,AU,organic,FLASH50
1708,2026-08-26,TH,paid_social,
1709,2026-08-30,TH,direct,
1710,2026-05-29,TH,direct,
1711,2026-11-17,MY,paid_search,FLASH50
1712,2026-04-13,ID,affiliate,
1713,2025-07-14,TH,affiliate,
1714,2026-05-20,VN,paid_search,
1715,2026-08-19,TH,affiliate,
1716,2025-08-23,TH,organic,
1717,2025-08-25,TH,direct,
1718,2025-11-23,TH,email,
1719,2026-09-23,VN,paid_search,
1720,2026-04-08,TH,paid_search,
1721,2026-12-03,TH,direct,
1722,2026-10-09,TH,organic,
1723,2026-04-22,VN,paid_search,
1724,2026-06-27,KR,paid_search,
1725,2025-12-24,ID,paid_search,
1726,2025-08-18,MY,organic,FLASH50
1727,2026-01-29,LA,organic,
1728,2026-05-12,TH,direct,WELCOME10
1729,2025-10-06,TH,affiliate,
1730,2025-10-27,SG,affiliate,
1731,2025-07-08,TH,paid_search,
1732,2026-07-27,SG,paid_social,
1733,2026-10-23,SG,paid_search,FLASH50
1734,2026-09-15,TH,paid_social,FLASH50
1735,2026-01-19,SG,email,
1736,2026-05-13,TH,organic,
1737,2026-11-25,TH,direct,
1738,2026-05-12,KH,email,
1739,2025-12-05,ID,paid_search,
1740,2025-12-28,TH,direct,
1741,2026-07-23,TH,email,
1742,2026-02-23,TH,organic,FLASH50
1743,2026-09-20,TH,organic,
1744,2026-10-04,TH,paid_social,
1745,2025-07-20,TH,affiliate,
1746,2026-07-21,PH,organic,
1747,2026-01-14,PH,paid_search,
1748,2026-04-04,VN,paid_search,
1749,2025-11-19,MY,paid_search,FLASH50
1750,2026-01-13,VN,organic,
1751,2025-12-24,VN,organic,WELCOME10
1752,2025-07-27,KH,affiliate,
1753,2026-08-22,VN,organic,
1754,2025-09-15,VN,paid_social,SUMMER25
1755,2026-01-17,PH,paid_social,
1756,2025-10-11,MY,direct,
1757,2025-09-24,TH,direct,
1758,2026-01-16,TH,direct,
1759,2026-11-02,TH,paid_search,
1760,2026-11-16,TH,organic,SUMMER25
1761,2026-01-20,TH,organic,
1762,2026-03-27,TH,paid_search,
1763,2026-12-08,TH,organic,
1764,2025-11-03,JP,organic,
1765,2026-11-16,TH,paid_search,
1766,2025-08-26,TH,paid_search,
1767,2025-10-29,TH,paid_social,
1768,2025-12-28,TH,direct,
1769,2025-07-20,ID,paid_search,
1770,2026-09-08,ID,organic,
1771,2026-09-29,TH,paid_search,FLASH50
1772,2026-01-21,SG,paid_search,
1773,2026-09-19,TH,email,
1774,2026-08-16,ID,paid_search,
1775,2026-09-01,AU,paid_search,
1776,2026-09-01,LA,paid_social,
1777,2026-05-02,TH,paid_search,
1778,2025-08-29,VN,paid_social,
1779,2026-11-05,VN,organic,
1780,2026-05-21,KH,paid_search,
1781,2026-10-24,TH,organic,
1782,2026-11-24,SG,affiliate,FLASH50
1783,2025-10-08,TH,organic,
1784,2026-01-31,TH,organic,
1785,2025-10-11,ID,paid_social,
1786,2025-07-28,SG,paid_social,WELCOME10
1787,2026-11-28,TH,paid_search,WELCOME10
1788,2026-11-05,PH,direct,SUMMER25
1789,2026-11-09,SG,paid_social,
1790,2026-10-14,KR,email,FLASH50
1791,2026-06-11,VN,paid_search,
1792,2026-04-05,KH,paid_social,FLASH50
1793,2026-12-11,VN,paid_search,FLASH50
1794,2026-04-21,TH,paid_search,
1795,2026-06-08,TH,organic,WELCOME10
1796,2025-10-21,MM,organic,
1797,2026-08-02,TH,email,
1798,2026-09-10,TH,affiliate,
1799,2026-06-27,MY,organic,
1800,2026-03-23,TH,organic,
1801,2025-10-14,TH,organic,
1802,2025-07-19,SG,paid_social,
1803,2026-05-31,TH,organic,FLASH50
1804,2026-06-30,ID,affiliate,
1805,2026-08-16,TH,organic,
1806,2026-11-19,SG,paid_social,
1807,2026-03-23,TH,email,
1808,2026-09-15,MY,organic,
1809,2026-07-17,TH,email,WELCOME10
1810,2025-11-25,TH,email,
1811,2026-09-24,PH,paid_search,
1812,2025-07-29,TH,organic,
1813,2026-05-16,VN,paid_social,WELCOME10
1814,2026-11-14,TH,paid_search,FLASH50
1815,2026-06-17,TH,direct,
1816,2026-11-12,TH,paid_search,
1817,2025-07-30,KH,affiliate,
1818,2026-04-10,TH,paid_social,
1819,2026-08-21,TH,organic,
1820,2026-06-08,MY,paid_search,
1821,2026-10-13,TH,email,
1822,2026-03-04,VN,paid_search,FLASH50
1823,2026-06-29,KR,paid_search,
1824,2026-02-09,MY,direct,
1825,2026-10-08,SG,paid_search,FLASH50
1826,2025-09-02,TH,email,
1827,2025-11-13,JP,organic,
1828,2025-08-21,SG,affiliate,
1829,2026-07-10,TH,paid_social,
1830,2025-11-02,JP,organic,
1831,2025-12-17,JP,organic,FLASH50
1832,2026-09-19,SG,organic,WELCOME10
1833,2026-01-08,TH,paid_social,
1834,2025-09-16,ID,paid_search,WELCOME10
1835,2025-07-12,PH,organic,
1836,2025-10-29,SG,paid_social,
1837,2026-10-31,TH,direct,
1838,2026-04-19,TH,organic,WELCOME10
1839,2026-12-13,TH,paid_social,
1840,2025-10-23,TH,email,SUMMER25
1841,2026-01-04,VN,paid_search,
1842,2025-09-25,TH,direct,
1843,2026-01-29,TH,paid_social,
1844,2026-04-27,PH,paid_social,WELCOME10
1845,2026-09-04,TH,affiliate,
1846,2026-01-13,TH,organic,FLASH50
1847,2026-08-16,AU,paid_social,
1848,2026-05-30,TH,paid_social,FLASH50
1849,2025-12-03,KH,organic,
1850,2026-10-30,TH,paid_search,
1851,2026-02-17,TH,affiliate,
1852,2025-09-19,ID,organic,
1853,2026-11-26,TH,paid_search,
1854,2026-10-30,MY,organic,
1855,2025-07-27,TH,organic,WELCOME10
1856,2026-10-25,MY,paid_search,FLASH50
1857,2026-11-17,TH,organic,
1858,2026-09-15,VN,paid_search,
1859,2025-11-13,MY,organic,
1860,2026-06-02,SG,email,
1861,2026-04-13,TH,email,FLASH50
1862,2026-05-27,SG,organic,
1863,2026-05-25,MY,organic,FLASH50
1864,2026-06-06,TH,organic,
1865,2026-03-31,ID,organic,
1866,2026-07-04,TH,affiliate,
1867,2026-04-07,TH,paid_social,
1868,2025-07-09,VN,paid_search,
1869,2025-07-19,TH,email,
1870,2026-11-23,TH,affiliate,
1871,2026-10-28,ID,paid_search,
1872,2026-05-09,VN,paid_social,WELCOME10
1873,2025-10-02,TH,paid_search,
1874,2026-08-21,TH,paid_social,FLASH50
1875,2025-09-15,SG,organic,
1876,2026-01-18,MY,paid_search,
1877,2025-12-23,SG,organic,
1878,2025-07-07,ID,organic,SUMMER25
1879,2026-09-04,VN,paid_search,
1880,2026-03-29,AU,paid_social,SUMMER25
1881,2025-12-16,TH,paid_search,FLASH50
1882,2026-03-28,TH,direct,WELCOME10
1883,2025-07-01,TH,paid_search,
1884,2026-02-18,TH,direct,
1885,2026-04-03,TH,organic,WELCOME10
1886,2025-12-29,KH,paid_search,
1887,2026-09-16,TH,organic,
1888,2025-11-11,TH,organic,
1889,2025-09-12,MY,organic,
1890,2026-04-08,KR,paid_social,
1891,2026-10-16,TH,organic,
1892,2026-01-17,VN,organic,
1893,2025-07-25,PH,organic,
1894,2026-11-29,TH,paid_social,FLASH50
1895,2026-02-22,MY,paid_search,FLASH50
1896,2025-10-01,SG,organic,
1897,2026-05-25,TH,organic,
1898,2025-12-18,SG,paid_social,
1899,2026-11-12,TH,paid_social,
1900,2025-12-04,ID,paid_search,
1901,2026-04-20,PH,paid_search,FLASH50
1902,2026-04-16,TH,organic,
1903,2025-11-07,MY,paid_search,FLASH50
1904,2026-03-24,TH,paid_social,
1905,2025-08-28,TH,affiliate,
1906,2026-06-09,ID,paid_search,WELCOME10
1907,2026-08-09,TH,paid_social,
1908,2026-11-19,VN,paid_search,SUMMER25
1909,2025-12-21,TH,affiliate,
1910,2025-11-30,PH,paid_social,WELCOME10
1911,2026-04-19,TH,affiliate,FLASH50
1912,2026-07-05,TH,organic,
1913,2026-12-11,VN,paid_search,
1914,2025-07-14,SG,organic,
1915,2025-11-05,TH,paid_search,
1916,2025-11-17,PH,paid_search,
1917,2025-11-14,TH,paid_social,
1918,2026-03-05,TH,paid_social,SUMMER25
1919,2026-10-09,TH,paid_social,
1920,2025-07-17,MY,paid_social,
1921,2026-09-08,MY,organic,
1922,2026-05-26,PH,organic,WELCOME10
1923,2026-05-24,MY,organic,
1924,2026-06-27,TH,affiliate,FLASH50
1925,2025-08-31,TH,organic,FLASH50
1926,2026-08-03,TH,paid_search,FLASH50
1927,2025-11-10,VN,organic,FLASH50
1928,2026-04-02,TH,paid_social,FLASH50
1929,2026-06-26,MY,email,
1930,2026-05-18,MY,email,
1931,2025-12-20,VN,organic,FLASH50
1932,2026-01-28,TH,paid_search,
1933,2026-03-11,TH,organic,
1934,2025-07-22,LA,affiliate,
1935,2026-07-22,MY,paid_search,FLASH50
1936,2025-08-23,SG,organic,
1937,2026-03-02,VN,paid_search,
1938,2026-06-15,LA,paid_search,
1939,2025-08-12,TH,direct,FLASH50
1940,2026-12-13,LA,organic,
1941,2026-01-18,TH,direct,
1942,2025-07-09,JP,organic,SUMMER25
1943,2026-06-17,TH,organic,
1944,2026-04-24,TH,affiliate,
1945,2026-06-07,TH,paid_search,WELCOME10
1946,2026-08-05,PH,email,WELCOME10
1947,2026-03-11,KR,paid_search,WELCOME10
1948,2026-09-14,TH,paid_search,FLASH50
1949,2026-01-14,TH,organic,FLASH50
1950,2026-04-17,TH,direct,
1951,2025-09-23,TH,paid_social,
1952,2026-05-27,VN,paid_social,FLASH50
1953,2025-11-17,TH,affiliate,
1954,2026-07-07,JP,organic,
1955,2026-08-31,MM,email,
1956,2026-10-01,TH,paid_search,FLASH50
1957,2026-11-08,MY,affiliate,
1958,2025-09-04,KR,paid_social,WELCOME10
1959,2025-09-12,PH,paid_search,
1960,2026-11-06,VN,affiliate,
1961,2026-01-19,TH,paid_social,
1962,2025-07-14,TH,organic,
1963,2025-11-30,VN,paid_social,
1964,2026-09-19,TH,paid_search,
1965,2026-01-06,ID,affiliate,
1966,2025-08-10,VN,affiliate,
1967,2026-07-20,SG,organic,
1968,2025-10-12,TH,organic,
1969,2026-01-05,TH,organic,
1970,2025-07-03,KH,affiliate,FLASH50
1971,2026-05-17,TH,email,
1972,2026-02-23,TH,paid_social,
1973,2026-10-06,AU,affiliate,
1974,2025-12-26,ID,paid_social,SUMMER25
1975,2025-10-18,MY,paid_search,
1976,2025-09-27,PH,direct,WELCOME10
1977,2025-10-15,TH,organic,
1978,2026-02-26,KR,paid_search,
1979,2025-08-16,PH,organic,FLASH50
1980,2026-01-31,TH,organic,
1981,2026-09-29,TH,paid_social,
1982,2026-08-14,TH,organic,
1983,2026-06-05,ID,paid_search,WELCOME10
1984,2026-10-20,ID,organic,
1985,2026-08-20,MY,paid_search,
1986,2026-06-13,JP,organic,
1987,2026-10-04,SG,email,
1988,2025-09-05,VN,paid_search,
1989,2026-09-10,ID,affiliate,
1990,2025-12-05,SG,paid_search,
1991,2026-07-26,TH,organic,WELCOME10
1992,2026-10-30,ID,paid_social,
1993,2026-03-22,ID,organic,
1994,2025-08-17,TH,paid_search,
1995,2026-01-14,VN,paid_search,
1996,2026-02-02,SG,affiliate,
1997,2026-11-12,TH,email,
1998,2026-11-15,PH,organic,
1999,2026-04-29,TH,paid_social,
2000,2026-11-19,ID,paid_search,
2001,2026-02-18,MY,affiliate,
2002,2026-02-05,TH,direct,
2003,2026-09-19,SG,paid_search,
2004,2026-06-21,TH,organic,WELCOME10
2005,2026-04-05,TH,affiliate,
2006,2026-03-01,ID,paid_search,
2007,2026-07-12,TH,email,
2008,2026-08-06,JP,paid_social,
2009,2026-03-19,TH,direct,
2010,2025-07-17,TH,organic,
2011,2025-08-24,MM,affiliate,
2012,2025-09-15,SG,paid_search,SUMMER25
2013,2026-03-04,MY,paid_social,
2014,2026-05-24,ID,direct,
2015,2026-09-02,KH,paid_social,
2016,2025-11-01,TH,affiliate,
2017,2026-08-24,TH,organic,
2018,2026-06-21,KR,organic,
2019,2025-07-28,TH,paid_social,
2020,2026-01-04,ID,paid_search,
2021,2025-12-09,MY,organic,
2022,2026-10-16,MY,paid_social,
2023,2026-11-03,VN,paid_social,WELCOME10
2024,2026-09-10,KR,organic,
2025,2026-04-08,TH,organic,
2026,2026-03-20,MY,paid_search,SUMMER25
2027,2025-12-14,VN,paid_social,
2028,2026-08-16,TH,email,FLASH50
2029,2025-08-15,LA,paid_search,
2030,2025-11-22,SG,organic,
2031,2025-09-11,TH,affiliate,
2032,2026-03-21,PH,organic,SUMMER25
2033,2025-12-07,AU,paid_social,
2034,2025-10-14,TH,paid_search,
2035,2026-01-17,VN,email,FLASH50
2036,2026-10-02,TH,paid_social,FLASH50
2037,2026-04-24,TH,organic,
2038,2026-09-12,TH,paid_search,SUMMER25
2039,2026-10-31,PH,organic,FLASH50
2040,2026-10-24,TH,organic,SUMMER25
2041,2026-01-04,TH,paid_search,
2042,2026-10-11,VN,paid_search,
2043,2026-10-28,TH,affiliate,
2044,2026-11-24,TH,organic,
2045,2026-01-04,TH,paid_search,
2046,2025-10-30,VN,email,
2047,2026-05-08,ID,paid_search,SUMMER25
2048,2026-11-09,VN,paid_search,FLASH50
2049,2026-10-24,TH,affiliate,
2050,2026-05-01,SG,paid_social,
2051,2025-09-18,VN,paid_search,
2052,2026-02-11,TH,direct,
2053,2026-07-16,TH,organic,
2054,2026-04-25,TH,organic,FLASH50
2055,2026-01-01,TH,paid_search,
2056,2025-12-30,TH,organic,WELCOME10
2057,2025-08-01,AU,organic,
2058,2025-12-01,SG,organic,FLASH50
2059,2026-06-22,MY,paid_social,
2060,2025-11-06,TH,paid_search,SUMMER25
2061,2026-12-12,MY,affiliate,WELCOME10
2062,2025-08-13,MY,organic,SUMMER25
2063,2026-05-10,AU,paid_social,
2064,2026-03-22,TH,organic,
2065,2026-09-18,VN,organic,FLASH50
2066,2026-10-17,TH,paid_social,FLASH50
2067,2026-04-16,MY,organic,
2068,2026-06-01,MM,paid_social,
2069,2026-07-08,ID,paid_social,
2070,2026-04-04,VN,paid_social,
2071,2025-10-07,KH,paid_social,
2072,2026-02-14,MM,email,
2073,2025-11-06,TH,organic,
2074,2026-03-05,TH,direct,
2075,2026-05-24,MY,organic,
2076,2025-10-20,KR,paid_search,FLASH50
2077,2025-11-10,SG,email,
2078,2026-09-12,TH,organic,
2079,2026-01-18,MY,affiliate,
2080,2025-10-14,TH,paid_social,
2081,2026-07-16,TH,email,
2082,2026-07-17,TH,organic,WELCOME10
2083,2026-09-14,TH,paid_social,SUMMER25
2084,2026-08-10,VN,organic,
2085,2026-12-11,TH,organic,WELCOME10
2086,2026-05-03,TH,paid_social,FLASH50
2087,2025-11-30,SG,affiliate,
2088,2026-10-03,TH,affiliate,
2089,2025-11-19,TH,paid_social,
2090,2025-12-03,TH,affiliate,SUMMER25
2091,2026-09-15,TH,paid_search,
2092,2026-10-13,ID,paid_search,
2093,2025-12-28,TH,affiliate,
2094,2026-07-24,TH,paid_social,
2095,2026-11-04,TH,organic,FLASH50
2096,2026-08-30,TH,paid_search,
2097,2025-07-03,TH,organic,
2098,2026-06-20,TH,affiliate,
2099,2025-09-29,TH,organic,FLASH50
2100,2026-09-25,TH,paid_social,WELCOME10
2101,2025-08-05,KH,affiliate,FLASH50
2102,2026-12-12,TH,direct,
2103,2025-10-03,TH,paid_search,
2104,2026-02-09,MY,email,
2105,2025-11-02,TH,paid_social,
2106,2026-09-07,VN,organic,
2107,2026-01-26,TH,paid_search,
2108,2026-08-01,SG,paid_search,
2109,2025-08-05,AU,organic,WELCOME10
2110,2026-02-27,TH,paid_search,WELCOME10
2111,2026-10-29,TH,organic,
2112,2026-11-07,MY,affiliate,
2113,2025-10-20,JP,paid_search,
2114,2026-01-27,TH,organic,
2115,2026-02-04,ID,paid_social,
2116,2026-04-28,TH,email,
2117,2026-04-13,ID,direct,
2118,2025-08-26,TH,email,
2119,2026-08-11,MY,email,WELCOME10
2120,2025-10-29,TH,paid_search,
2121,2025-12-15,MY,paid_search,WELCOME10
2122,2026-09-22,TH,paid_search,WELCOME10
2123,2026-07-03,ID,email,SUMMER25
2124,2026-01-28,VN,organic,
2125,2026-10-30,PH,paid_social,
2126,2026-01-27,KR,organic,
2127,2026-04-28,SG,email,
2128,2025-11-09,ID,paid_search,
2129,2025-10-06,TH,email,
2130,2026-03-20,LA,email,
2131,2026-04-27,MY,organic,FLASH50
2132,2026-09-03,SG,affiliate,FLASH50
2133,2026-01-25,SG,paid_search,
2134,2026-10-21,VN,paid_search,WELCOME10
2135,2026-05-20,PH,organic,
2136,2025-08-07,PH,paid_social,
2137,2026-07-29,SG,paid_search,
2138,2026-05-03,TH,affiliate,
2139,2026-01-24,AU,affiliate,
2140,2026-03-07,ID,paid_search,
2141,2025-12-08,MY,organic,
2142,2026-05-24,MY,organic,
2143,2026-04-29,ID,organic,
2144,2026-02-24,VN,direct,
2145,2025-11-30,MY,paid_search,FLASH50
2146,2026-01-29,KH,affiliate,
2147,2026-03-23,PH,direct,WELCOME10
2148,2026-03-09,SG,paid_search,FLASH50
2149,2025-12-12,TH,paid_social,
2150,2026-05-07,MY,email,
2151,2025-10-29,ID,paid_social,
2152,2026-03-25,MY,organic,
2153,2025-09-03,LA,affiliate,
2154,2026-03-09,TH,email,
2155,2026-08-22,TH,affiliate,FLASH50
2156,2026-09-09,KH,affiliate,
2157,2026-07-06,AU,affiliate,
2158,2026-08-02,SG,paid_social,FLASH50
2159,2025-08-05,TH,organic,
2160,2025-12-29,SG,email,
2161,2026-06-14,SG,organic,
2162,2026-08-31,SG,affiliate,
2163,2026-05-07,TH,paid_search,
2164,2026-09-28,TH,paid_social,
2165,2025-11-23,ID,affiliate,WELCOME10
2166,2025-09-20,ID,affiliate,
2167,2025-08-16,ID,organic,WELCOME10
2168,2026-05-07,TH,paid_social,
2169,2026-06-20,TH,organic,
2170,2025-11-30,TH,organic,
2171,2026-08-22,AU,paid_search,
2172,2026-07-29,TH,direct,
2173,2026-01-08,MY,direct,
2174,2025-11-05,MY,paid_social,FLASH50
2175,2026-07-31,KH,affiliate,FLASH50
2176,2026-06-23,TH,organic,
2177,2025-09-30,SG,organic,
2178,2025-11-13,PH,paid_social,FLASH50
2179,2026-03-17,TH,affiliate,
2180,2026-03-30,MY,affiliate,
2181,2025-09-27,TH,organic,
2182,2026-11-18,KR,paid_search,
2183,2026-01-24,VN,organic,
2184,2026-01-20,TH,affiliate,
2185,2025-08-02,PH,paid_search,
2186,2026-10-10,ID,paid_search,FLASH50
2187,2025-11-03,MY,paid_social,
2188,2026-12-09,TH,organic,
2189,2026-03-22,TH,paid_search,
2190,2026-10-10,ID,paid_social,
2191,2025-10-04,SG,organic,
2192,2025-09-27,KH,paid_social,FLASH50
2193,2026-08-31,TH,direct,WELCOME10
2194,2026-09-10,ID,organic,
2195,2026-04-16,TH,organic,
2196,2025-07-18,ID,paid_social,
2197,2026-11-16,TH,paid_social,
2198,2026-01-26,TH,direct,
2199,2026-11-11,TH,organic,FLASH50
2200,2026-10-08,MY,email,
2201,2026-09-27,TH,paid_search,
2202,2026-07-03,VN,organic,SUMMER25
2203,2026-06-24,TH,paid_search,
2204,2026-04-10,MY,paid_search,FLASH50
2205,2025-07-14,MY,organic,
2206,2026-01-23,TH,organic,
2207,2026-07-25,TH,organic,
2208,2026-09-06,TH,paid_social,
2209,2026-04-25,MY,organic,
2210,2026-07-14,JP,organic,SUMMER25
2211,2025-07-12,TH,paid_search,FLASH50
2212,2026-03-07,ID,paid_social,
2213,2026-03-28,ID,direct,WELCOME10
2214,2026-10-19,ID,organic,FLASH50
2215,2025-12-13,SG,direct,
2216,2025-10-31,JP,paid_social,
2217,2026-01-04,SG,email,FLASH50
2218,2025-09-29,PH,paid_search,SUMMER25
2219,2026-04-24,TH,paid_search,SUMMER25
2220,2026-06-08,PH,affiliate,
2221,2026-08-31,KR,paid_social,
2222,2026-12-01,MM,email,
2223,2025-08-09,TH,email,SUMMER25
2224,2025-11-09,PH,paid_search,
2225,2025-12-08,TH,paid_social,
2226,2025-11-11,ID,paid_search,
2227,2026-09-14,TH,paid_social,FLASH50
2228,2025-09-13,ID,paid_social,WELCOME10
2229,2025-07-16,TH,paid_social,FLASH50
2230,2026-10-02,TH,organic,
2231,2026-11-25,TH,direct,
2232,2025-10-29,TH,paid_search,
2233,2025-12-25,SG,organic,
2234,2026-03-26,PH,organic,WELCOME10
2235,2026-04-07,VN,organic,
2236,2026-12-11,VN,paid_search,WELCOME10
2237,2026-02-01,PH,organic,
2238,2025-07-07,TH,organic,FLASH50
2239,2026-02-11,SG,organic,
2240,2026-04-23,SG,organic,FLASH50
2241,2026-04-02,TH,direct,FLASH50
2242,2026-03-31,MY,paid_search,
2243,2026-11-04,VN,organic,
2244,2026-09-04,MY,paid_social,
2245,2025-11-12,VN,paid_social,
2246,2026-01-06,TH,paid_search,FLASH50
2247,2026-06-21,VN,paid_search,
2248,2026-02-04,TH,paid_social,FLASH50
2249,2026-02-14,KH,organic,FLASH50
2250,2025-09-28,TH,organic,
2251,2025-11-13,SG,direct,FLASH50
2252,2026-07-30,SG,paid_search,WELCOME10
2253,2026-09-23,TH,organic,
2254,2026-08-23,TH,organic,FLASH50
2255,2025-12-12,TH,paid_social,
2256,2025-09-11,MY,organic,WELCOME10
2257,2025-09-24,MM,paid_search,
2258,2026-01-26,TH,paid_search,
2259,2026-04-02,SG,organic,
2260,2026-10-19,KH,paid_search,
2261,2026-10-23,SG,organic,
2262,2025-07-02,PH,paid_search,
2263,2026-07-13,SG,organic,
2264,2025-12-07,SG,direct,
2265,2025-10-14,TH,paid_social,
2266,2026-04-22,TH,organic,WELCOME10
2267,2025-07-19,MY,organic,
2268,2025-12-26,PH,affiliate,
2269,2026-04-21,TH,affiliate,
2270,2025-11-23,MM,paid_search,WELCOME10
2271,2026-05-13,TH,organic,WELCOME10
2272,2026-03-03,SG,paid_search,
2273,2026-08-31,LA,organic,
2274,2025-10-05,LA,organic,
2275,2025-07-31,MY,paid_search,
2276,2026-04-09,TH,affiliate,
2277,2025-11-14,TH,paid_search,SUMMER25
2278,2026-07-12,TH,organic,
2279,2025-08-19,VN,organic,
2280,2026-05-03,TH,paid_social,
2281,2026-12-10,ID,paid_search,FLASH50
2282,2025-08-19,TH,paid_social,
2283,2025-12-08,SG,paid_social,
2284,2026-09-24,TH,paid_search,
2285,2026-04-11,SG,paid_search,
2286,2025-10-02,MY,direct,
2287,2025-10-22,KR,email,FLASH50
2288,2026-08-12,LA,paid_search,
2289,2026-10-02,ID,paid_social,
2290,2026-01-09,TH,organic,
2291,2026-03-10,MM,organic,
2292,2026-08-22,LA,paid_search,FLASH50
2293,2025-10-03,KH,affiliate,
2294,2025-10-18,SG,email,
2295,2026-08-17,TH,paid_social,
2296,2025-10-08,VN,paid_social,
2297,2026-08-15,TH,organic,
2298,2026-03-22,TH,direct,
2299,2026-12-10,TH,organic,
2300,2025-07-18,MY,direct,
2301,2026-11-17,TH,organic,
2302,2025-10-29,ID,organic,
2303,2025-07-19,ID,paid_social,
2304,2026-07-21,SG,organic,
2305,2026-04-10,TH,organic,
2306,2026-09-20,AU,paid_social,
2307,2025-08-27,TH,affiliate,
2308,2025-08-13,SG,organic,FLASH50
2309,2026-04-29,SG,paid_search,
2310,2026-10-14,TH,paid_social,
2311,2026-02-02,ID,organic,FLASH50
2312,2026-08-30,TH,paid_search,FLASH50
2313,2026-10-27,KH,paid_social,
2314,2026-10-07,TH,email,
2315,2026-03-29,KR,paid_search,
2316,2026-07-08,ID,paid_social,
2317,2026-04-07,TH,paid_search,FLASH50
2318,2026-06-25,MY,paid_social,
2319,2026-04-29,TH,affiliate,
2320,2026-04-06,AU,paid_search,WELCOME10
2321,2026-02-18,VN,organic,
2322,2026-06-13,SG,email,
2323,2026-08-05,SG,paid_social,FLASH50
2324,2026-11-02,KR,paid_social,FLASH50
2325,2026-05-23,ID,paid_search,
2326,2025-08-23,SG,organic,
2327,2026-05-10,TH,paid_search,SUMMER25
2328,2025-12-16,TH,paid_search,
2329,2025-07-15,ID,paid_search,
2330,2025-08-08,MY,organic,
2331,2026-05-12,PH,affiliate,
2332,2026-11-16,MY,paid_search,
2333,2026-03-27,MY,paid_social,
2334,2026-02-23,SG,organic,
2335,2025-08-17,VN,paid_search,
2336,2026-06-25,TH,organic,
2337,2025-07-30,PH,affiliate,
2338,2026-09-22,TH,paid_social,WELCOME10
2339,2026-09-09,ID,paid_search,WELCOME10
2340,2026-12-11,LA,direct,
2341,2025-11-29,VN,paid_search,
2342,2025-09-25,TH,paid_search,
2343,2025-12-07,ID,affiliate,
2344,2026-08-31,TH,paid_search,
2345,2025-10-25,TH,paid_social,
2346,2026-10-16,VN,direct,
2347,2025-09-21,PH,paid_social,
2348,2025-07-27,TH,organic,WELCOME10
2349,2025-10-25,AU,organic,
2350,2026-08-06,SG,email,
2351,2026-05-18,LA,organic,
2352,2026-01-06,VN,paid_search,
2353,2026-06-15,LA,email,
2354,2026-06-11,PH,affiliate,
2355,2026-04-22,JP,organic,
2356,2026-03-31,ID,affiliate,
2357,2025-08-24,TH,paid_search,FLASH50
2358,2025-11-16,TH,email,
2359,2026-04-08,VN,paid_social,WELCOME10
2360,2025-09-11,TH,paid_search,
2361,2026-03-11,MM,organic,
2362,2025-09-01,TH,organic,
2363,2026-08-24,KH,paid_search,
2364,2025-08-25,SG,paid_social,
2365,2025-08-19,PH,paid_search,
2366,2026-06-05,AU,email,
2367,2025-10-26,SG,organic,
2368,2026-01-04,ID,paid_search,
2369,2025-12-15,TH,paid_social,
2370,2025-10-24,PH,paid_social,FLASH50
2371,2026-08-11,PH,paid_search,
2372,2026-07-04,TH,paid_search,
2373,2025-11-05,TH,organic,
2374,2026-07-02,SG,paid_social,
2375,2026-07-16,TH,email,
2376,2026-04-14,PH,affiliate,
2377,2026-05-05,TH,paid_social,
2378,2026-11-11,AU,paid_social,
2379,2026-02-27,JP,affiliate,FLASH50
2380,2026-01-22,LA,affiliate,FLASH50
2381,2026-04-14,MY,organic,WELCOME10
2382,2026-09-19,TH,paid_search,
2383,2026-07-14,PH,email,
2384,2025-08-10,ID,email,
2385,2026-03-02,JP,paid_social,
2386,2026-07-30,TH,paid_search,
2387,2025-10-28,TH,affiliate,
2388,2026-12-09,KR,organic,FLASH50
2389,2026-09-04,PH,organic,
2390,2026-09-25,TH,paid_search,
2391,2025-08-13,VN,paid_social,
2392,2026-05-05,TH,paid_search,
2393,2026-04-08,MY,paid_social,
2394,2026-05-31,TH,paid_social,
2395,2026-09-27,TH,organic,
2396,2026-01-05,TH,organic,WELCOME10
2397,2026-04-11,TH,paid_social,
2398,2026-06-28,SG,email,SUMMER25
2399,2026-08-06,TH,email,
2400,2026-08-15,SG,organic,
2401,2025-12-27,MY,paid_social,
2402,2026-12-15,VN,affiliate,
2403,2025-07-06,ID,organic,
2404,2026-03-20,TH,paid_social,
2405,2026-05-21,TH,paid_search,
2406,2025-08-02,PH,paid_social,
2407,2026-02-26,KH,organic,FLASH50
2408,2026-05-14,JP,paid_search,WELCOME10
2409,2026-05-20,AU,paid_search,
2410,2025-09-02,ID,paid_search,
2411,2025-11-25,LA,organic,WELCOME10
2412,2025-11-08,SG,paid_search,FLASH50
2413,2026-06-07,VN,paid_search,
2414,2025-12-23,AU,organic,
2415,2026-05-01,VN,paid_search,
2416,2026-07-25,TH,organic,
2417,2026-08-29,TH,direct,
2418,2025-10-06,TH,organic,WELCOME10
2419,2026-10-25,TH,paid_social,
2420,2025-09-27,PH,paid_search,FLASH50
2421,2025-07-12,ID,organic,
2422,2025-07-24,TH,email,
2423,2025-10-16,VN,paid_social,
2424,2026-10-09,TH,paid_social,WELCOME10
2425,2025-10-19,MY,organic,
2426,2026-07-05,TH,organic,
2427,2026-02-09,MY,organic,
2428,2025-07-22,VN,paid_search,SUMMER25
2429,2026-02-22,VN,email,WELCOME10
2430,2025-07-16,VN,paid_search,
2431,2026-03-11,TH,paid_search,
2432,2026-04-24,ID,organic,
2433,2026-04-04,TH,paid_search,WELCOME10
2434,2025-11-28,SG,organic,WELCOME10
2435,2026-08-13,MY,paid_search,WELCOME10
2436,2026-05-15,ID,direct,
2437,2025-11-13,MM,paid_social,
2438,2026-02-17,TH,organic,
2439,2025-08-27,PH,organic,
2440,2026-11-05,TH,paid_social,FLASH50
2441,2026-08-06,MY,organic,FLASH50
2442,2025-12-01,PH,email,WELCOME10
2443,2026-06-25,VN,paid_social,
2444,2026-06-27,KH,paid_search,
2445,2026-05-21,PH,paid_social,
2446,2025-07-29,TH,organic,WELCOME10
2447,2026-10-12,KR,organic,
2448,2026-11-22,AU,paid_social,
2449,2026-12-02,SG,organic,
2450,2026-12-05,TH,organic,
2451,2026-11-08,TH,email,WELCOME10
2452,2026-07-29,PH,affiliate,
2453,2025-07-31,AU,organic,
2454,2026-03-05,PH,email,
2455,2025-11-08,TH,organic,
2456,2025-10-26,TH,affiliate,
2457,2026-09-16,SG,paid_search,
2458,2026-09-07,TH,paid_search,FLASH50
2459,2026-04-05,TH,paid_social,
2460,2026-07-28,TH,organic,FLASH50
2461,2025-09-07,TH,email,
2462,2025-10-27,TH,organic,
2463,2026-10-02,VN,direct,FLASH50
2464,2026-02-26,TH,organic,SUMMER25
2465,2026-04-18,SG,organic,
2466,2026-03-04,MY,organic,
2467,2025-10-16,JP,paid_search,
2468,2026-09-14,VN,paid_social,
2469,2026-08-09,ID,paid_social,
2470,2026-06-30,VN,affiliate,
2471,2026-01-05,VN,paid_search,
2472,2026-06-08,ID,paid_search,
2473,2026-11-21,SG,paid_search,
2474,2026-06-12,MY,paid_social,
2475,2026-03-21,SG,email,
2476,2025-11-22,TH,paid_search,SUMMER25
2477,2026-04-05,TH,paid_search,SUMMER25
2478,2026-01-15,TH,paid_search,SUMMER25
2479,2026-05-22,SG,organic,
2480,2025-07-25,MY,paid_social,
2481,2025-10-10,SG,organic,
2482,2026-08-24,TH,affiliate,
2483,2026-01-19,TH,organic,WELCOME10
2484,2026-02-16,TH,organic,WELCOME10
2485,2026-04-16,ID,organic,
2486,2026-02-19,TH,paid_search,
2487,2026-08-09,TH,affiliate,
2488,2025-11-08,TH,email,
2489,2026-08-09,SG,paid_search,
2490,2025-10-20,TH,organic,FLASH50
2491,2026-01-14,SG,paid_social,
2492,2026-05-10,MY,paid_social,
2493,2026-10-16,AU,paid_social,SUMMER25
2494,2025-11-01,ID,paid_search,
2495,2026-05-10,TH,paid_social,FLASH50
2496,2025-08-04,TH,organic,
2497,2025-08-10,VN,organic,
2498,2026-08-14,TH,email,SUMMER25
2499,2026-07-19,MM,organic,
2500,2026-01-17,MY,paid_search,FLASH50
2501,2026-05-29,TH,organic,
2502,2026-01-19,TH,organic,
2503,2025-11-25,LA,email,
2504,2026-02-15,KR,organic,FLASH50
2505,2025-12-14,KH,paid_search,
2506,2026-09-08,TH,affiliate,
2507,2026-02-05,VN,organic,
2508,2025-12-19,TH,organic,
2509,2026-04-12,TH,paid_search,
2510,2026-08-09,ID,organic,
2511,2025-11-23,JP,organic,
2512,2026-11-13,SG,paid_social,
2513,2026-03-05,SG,organic,
2514,2026-06-18,TH,paid_social,
2515,2026-11-23,TH,email,WELCOME10
2516,2026-02-16,TH,organic,
2517,2025-10-15,PH,organic,WELCOME10
2518,2026-08-03,TH,organic,
2519,2025-07-04,ID,organic,
2520,2026-03-02,TH,paid_search,FLASH50
2521,2026-12-05,SG,paid_search,
2522,2026-02-06,TH,organic,
2523,2026-06-30,TH,paid_search,SUMMER25
2524,2026-04-06,MY,organic,
2525,2025-10-23,ID,paid_social,
2526,2025-12-17,AU,paid_search,
2527,2026-04-06,TH,affiliate,
2528,2025-08-25,MY,paid_social,
2529,2026-02-07,LA,paid_search,
2530,2026-02-07,TH,paid_social,
2531,2026-09-19,KH,organic,
2532,2025-09-05,AU,paid_social,
2533,2026-09-23,PH,paid_search,
2534,2026-02-04,MY,paid_search,FLASH50
2535,2026-06-13,VN,paid_search,
2536,2026-04-23,SG,paid_social,WELCOME10
2537,2025-12-07,MY,paid_social,
2538,2026-11-09,JP,organic,
2539,2025-10-28,TH,paid_search,
2540,2025-07-20,VN,organic,
2541,2026-08-04,SG,organic,
2542,2026-05-28,TH,organic,
2543,2026-10-18,ID,paid_social,
2544,2026-03-01,VN,paid_social,
2545,2025-07-09,MY,affiliate,
2546,2025-07-11,PH,paid_search,FLASH50
2547,2026-02-16,TH,affiliate,
2548,2025-11-11,MM,email,
2549,2026-11-04,ID,organic,
2550,2025-09-02,PH,paid_social,FLASH50
2551,2026-10-13,TH,paid_search,
2552,2025-10-24,SG,organic,
2553,2025-09-02,LA,direct,
2554,2025-11-24,TH,organic,FLASH50
2555,2025-09-15,TH,email,
2556,2026-01-30,VN,affiliate,FLASH50
2557,2025-12-24,VN,email,FLASH50
2558,2026-04-08,PH,paid_social,
2559,2026-04-13,VN,paid_social,
2560,2025-07-01,AU,paid_search,
2561,2025-09-05,SG,paid_search,WELCOME10
2562,2025-09-25,ID,email,
2563,2025-10-12,PH,paid_search,
2564,2025-08-19,ID,paid_search,FLASH50
2565,2025-12-15,TH,direct,
2566,2026-04-19,TH,paid_search,
2567,2025-12-12,MY,affiliate,
2568,2025-12-23,VN,organic,
2569,2026-03-08,MY,organic,
2570,2026-04-19,VN,paid_social,
2571,2025-12-24,PH,paid_search,
2572,2025-10-27,TH,affiliate,
2573,2026-02-04,MY,organic,
2574,2025-07-13,MY,organic,
2575,2026-03-20,TH,email,
2576,2026-11-14,SG,paid_search,
2577,2026-01-29,MY,paid_search,
2578,2025-08-27,PH,organic,WELCOME10
2579,2026-07-12,SG,email,SUMMER25
2580,2025-09-06,TH,email,
2581,2025-10-12,SG,paid_search,FLASH50
2582,2025-09-17,PH,organic,FLASH50
2583,2026-10-14,MY,direct,
2584,2026-12-06,TH,email,
2585,2026-04-30,MM,paid_search,
2586,2026-05-26,TH,paid_social,
2587,2026-06-10,TH,paid_search,WELCOME10
2588,2026-05-22,SG,organic,FLASH50
2589,2026-04-17,VN,paid_social,
2590,2026-12-08,PH,paid_social,WELCOME10
2591,2026-07-26,TH,paid_search,FLASH50
2592,2025-08-17,VN,affiliate,WELCOME10
2593,2026-01-25,VN,paid_search,
2594,2026-12-02,LA,email,
2595,2026-02-01,LA,organic,
2596,2025-10-17,VN,direct,FLASH50
2597,2026-10-06,TH,organic,
2598,2026-05-29,TH,organic,
2599,2026-04-26,AU,paid_social,
2600,2026-02-09,MY,organic,FLASH50
2601,2025-09-05,MY,organic,
2602,2026-01-21,MM,paid_social,
2603,2026-02-19,KH,paid_search,
2604,2026-11-09,VN,affiliate,
2605,2025-12-11,KH,organic,
2606,2025-09-18,TH,paid_search,
2607,2026-02-13,VN,paid_search,FLASH50
2608,2026-12-14,JP,paid_search,
2609,2026-03-15,TH,paid_search,
2610,2026-01-19,TH,paid_search,
2611,2026-06-21,VN,paid_search,WELCOME10
2612,2026-06-11,MY,organic,WELCOME10
2613,2025-12-07,TH,paid_social,
2614,2026-11-28,TH,paid_search,
2615,2026-05-13,TH,paid_search,
2616,2025-07-31,TH,organic,
2617,2026-02-03,KH,email,
2618,2026-11-04,ID,organic,FLASH50
2619,2026-01-26,VN,email,FLASH50
2620,2026-04-29,TH,organic,
2621,2026-05-23,SG,direct,
2622,2026-07-11,TH,paid_search,
2623,2026-10-08,PH,paid_search,SUMMER25
2624,2025-09-18,AU,organic,WELCOME10
2625,2026-04-02,SG,direct,FLASH50
2626,2026-04-11,JP,organic,
2627,2025-09-20,TH,affiliate,WELCOME10
2628,2026-06-24,TH,organic,FLASH50
2629,2025-09-01,VN,paid_social,
2630,2026-03-01,TH,affiliate,
2631,2025-12-24,MM,paid_search,
2632,2025-09-21,TH,paid_social,FLASH50
2633,2026-09-12,VN,affiliate,
2634,2025-11-08,TH,paid_search,
2635,2025-11-14,TH,organic,
2636,2026-09-29,SG,paid_search,FLASH50
2637,2026-10-11,AU,affiliate,
2638,2025-07-19,MY,organic,
2639,2025-11-26,ID,paid_social,
2640,2026-07-13,TH,organic,
2641,2026-08-19,TH,direct,
2642,2026-12-15,TH,paid_social,
2643,2026-04-22,PH,paid_search,SUMMER25
2644,2025-07-04,TH,affiliate,
2645,2026-10-09,TH,affiliate,WELCOME10
2646,2025-09-24,MY,organic,
2647,2025-09-03,MY,paid_search,
2648,2026-06-25,TH,paid_search,
2649,2026-05-18,TH,paid_search,
2650,2025-08-01,SG,paid_search,
2651,2025-09-29,VN,paid_search,WELCOME10
2652,2026-05-11,TH,organic,
2653,2025-11-14,ID,organic,FLASH50
2654,2026-06-30,TH,organic,WELCOME10
2655,2026-02-05,LA,organic,
2656,2026-05-10,AU,paid_search,
2657,2026-03-11,TH,organic,SUMMER25
2658,2026-01-11,SG,organic,FLASH50
2659,2025-12-30,TH,affiliate,
2660,2026-07-07,PH,paid_social,FLASH50
2661,2026-04-01,MY,email,
2662,2026-05-13,MY,direct,
2663,2026-05-04,TH,paid_social,
2664,2025-10-19,TH,affiliate,
2665,2026-10-30,ID,organic,
2666,2026-04-27,ID,paid_social,WELCOME10
2667,2026-07-18,PH,paid_search,
2668,2026-10-14,PH,paid_social,
2669,2026-11-05,ID,organic,
2670,2026-06-21,MY,direct,
2671,2026-08-24,MM,paid_search,FLASH50
2672,2026-03-09,PH,affiliate,
2673,2026-07-29,KH,direct,
2674,2025-12-19,KR,email,FLASH50
2675,2026-07-15,TH,paid_search,
2676,2025-08-15,VN,paid_search,
2677,2026-10-31,ID,paid_social,
2678,2025-11-08,TH,paid_search,
2679,2026-06-15,ID,paid_search,
2680,2025-07-06,SG,paid_social,
2681,2025-09-21,SG,email,
2682,2026-12-08,TH,paid_search,
2683,2026-09-18,VN,organic,
2684,2025-10-27,ID,paid_social,
2685,2025-09-08,MY,paid_social,
2686,2026-09-08,TH,email,
2687,2026-12-10,MY,affiliate,SUMMER25
2688,2025-09-28,TH,paid_search,WELCOME10
2689,2026-06-19,TH,paid_social,
2690,2025-11-29,TH,email,
2691,2026-08-01,KH,paid_search,
2692,2026-02-08,TH,organic,WELCOME10
2693,2025-09-05,MY,paid_social,
2694,2025-12-20,KH,organic,FLASH50
2695,2026-04-14,SG,direct,WELCOME10
2696,2026-08-30,KH,organic,
2697,2025-07-12,TH,paid_search,WELCOME10
2698,2026-11-23,TH,direct,
2699,2026-06-12,TH,organic,WELCOME10
2700,2026-10-10,MY,organic,WELCOME10
2701,2026-11-08,AU,organic,
2702,2025-09-20,ID,direct,
2703,2025-08-19,ID,direct,
2704,2026-08-18,TH,paid_search,
2705,2025-10-09,AU,affiliate,SUMMER25
2706,2025-09-17,SG,affiliate,
2707,2026-03-07,TH,organic,
2708,2026-10-30,KR,organic,
2709,2026-08-29,SG,email,SUMMER25
2710,2026-04-03,TH,organic,
2711,2025-10-13,TH,paid_search,WELCOME10
2712,2025-12-27,TH,organic,
2713,2026-07-02,PH,paid_social,
2714,2025-09-22,SG,organic,FLASH50
2715,2026-04-06,AU,organic,WELCOME10
2716,2025-07-07,TH,organic,
2717,2025-12-21,MY,direct,
2718,2025-11-10,VN,organic,
2719,2026-06-29,ID,paid_search,
2720,2026-10-31,MY,paid_search,
2721,2025-09-17,MY,paid_search,
2722,2026-08-29,ID,affiliate,FLASH50
2723,2026-06-15,KH,paid_search,WELCOME10
2724,2026-11-29,TH,paid_social,
2725,2026-10-29,SG,paid_search,FLASH50
2726,2025-08-23,ID,email,WELCOME10
2727,2026-08-01,TH,affiliate,
2728,2026-05-12,TH,organic,
2729,2025-08-30,JP,affiliate,
2730,2025-11-15,TH,affiliate,
2731,2026-11-07,TH,email,FLASH50
2732,2026-04-16,MY,direct,FLASH50
2733,2025-12-28,TH,affiliate,FLASH50
2734,2025-12-18,TH,paid_search,
2735,2026-09-20,TH,organic,
2736,2025-11-29,TH,email,
2737,2025-09-23,SG,email,
2738,2026-05-02,PH,organic,
2739,2026-12-12,TH,paid_social,
2740,2025-10-06,SG,organic,
2741,2025-11-14,MY,organic,
2742,2026-03-08,TH,paid_search,
2743,2025-10-15,SG,paid_search,
2744,2026-06-12,TH,paid_social,
2745,2025-11-13,TH,organic,
2746,2025-09-07,TH,paid_social,
2747,2025-11-17,TH,paid_social,
2748,2026-11-09,KH,affiliate,
2749,2026-11-11,JP,organic,
2750,2026-03-27,KH,paid_search,
2751,2026-01-30,TH,paid_social,
2752,2026-09-10,VN,paid_social,
2753,2025-10-12,MY,paid_search,SUMMER25
2754,2026-06-14,TH,paid_search,
2755,2026-06-28,AU,direct,
2756,2026-07-14,VN,paid_search,WELCOME10
2757,2025-10-25,TH,organic,
2758,2026-07-17,JP,direct,FLASH50
2759,2026-05-23,TH,affiliate,WELCOME10
2760,2026-10-10,SG,organic,FLASH50
2761,2025-10-01,TH,email,
2762,2026-05-24,TH,organic,SUMMER25
2763,2026-09-16,JP,affiliate,FLASH50
2764,2025-11-26,MY,paid_social,
2765,2026-08-01,TH,paid_search,
2766,2025-08-23,VN,email,FLASH50
2767,2026-07-18,KH,affiliate,
2768,2026-05-20,MM,organic,
2769,2025-10-11,AU,paid_social,
2770,2025-08-05,LA,affiliate,WELCOME10
2771,2026-08-02,ID,paid_search,
2772,2025-11-06,TH,organic,WELCOME10
2773,2026-03-23,MM,organic,
2774,2025-08-02,TH,direct,
2775,2026-11-26,TH,paid_search,
2776,2026-04-19,SG,paid_search,
2777,2026-11-09,TH,paid_social,
2778,2025-09-24,MY,organic,
2779,2025-10-18,LA,organic,
2780,2026-05-22,SG,organic,
2781,2026-05-19,MY,organic,
2782,2026-08-26,SG,email,WELCOME10
2783,2026-11-07,ID,organic,
2784,2026-09-12,TH,organic,
2785,2025-09-13,TH,paid_search,
2786,2025-12-12,ID,email,
2787,2026-10-31,MY,organic,FLASH50
2788,2026-04-19,TH,organic,
2789,2026-10-06,TH,paid_social,
2790,2026-04-27,TH,paid_search,
2791,2025-07-27,ID,paid_social,
2792,2026-03-10,SG,organic,
2793,2026-09-13,SG,email,SUMMER25
2794,2026-06-15,LA,paid_social,
2795,2025-09-09,VN,affiliate,
2796,2025-10-20,TH,direct,WELCOME10
2797,2026-09-29,ID,affiliate,
2798,2026-12-04,TH,organic,
2799,2026-08-06,TH,paid_social,FLASH50
2800,2025-08-22,VN,paid_social,
2801,2026-05-27,TH,organic,
2802,2026-09-15,TH,organic,FLASH50
2803,2026-06-07,LA,organic,WELCOME10
2804,2026-05-13,VN,email,FLASH50
2805,2026-03-07,MM,affiliate,
2806,2025-11-08,KH,paid_social,
2807,2025-11-27,TH,affiliate,
2808,2026-08-02,ID,paid_social,SUMMER25
2809,2025-08-07,TH,email,
2810,2025-08-15,ID,organic,FLASH50
2811,2026-01-28,TH,organic,FLASH50
2812,2026-08-17,TH,paid_social,SUMMER25
2813,2026-06-16,TH,affiliate,
2814,2026-05-11,VN,affiliate,
2815,2026-04-11,TH,direct,
2816,2025-08-29,MY,affiliate,
2817,2025-12-24,PH,organic,
2818,2025-08-12,VN,organic,FLASH50
2819,2026-08-09,TH,paid_search,
2820,2026-08-05,TH,paid_social,FLASH50
2821,2025-11-15,MM,paid_search,
2822,2025-12-04,MY,organic,FLASH50
2823,2025-12-17,TH,paid_search,
2824,2026-10-17,AU,affiliate,
2825,2026-03-18,TH,organic,
2826,2026-08-11,SG,paid_social,
2827,2026-02-25,TH,organic,
2828,2026-07-08,TH,paid_social,FLASH50
2829,2026-04-08,TH,paid_social,
2830,2025-11-26,ID,organic,
2831,2026-10-11,TH,affiliate,
2832,2026-07-13,ID,paid_social,
2833,2026-08-15,PH,paid_search,
2834,2026-11-18,KH,email,
2835,2025-11-10,TH,affiliate,
2836,2025-08-18,VN,paid_search,
2837,2026-05-07,TH,organic,
2838,2025-12-21,ID,paid_search,
2839,2026-02-18,TH,paid_search,
2840,2025-11-03,ID,organic,
2841,2026-01-29,TH,paid_social,
2842,2026-01-26,ID,email,
2843,2026-01-03,TH,organic,
2844,2026-07-31,TH,affiliate,
2845,2026-05-12,MY,paid_social,
2846,2026-03-10,TH,paid_social,
2847,2025-08-30,ID,affiliate,
2848,2026-05-01,ID,paid_search,
2849,2025-10-02,ID,paid_social,
2850,2025-12-15,VN,organic,
2851,2026-02-07,VN,organic,
2852,2025-09-14,MM,paid_search,
2853,2026-01-24,TH,organic,
2854,2025-11-20,MY,organic,
2855,2026-09-26,VN,organic,
2856,2026-10-02,TH,organic,
2857,2025-07-03,TH,paid_search,
2858,2026-05-18,TH,organic,FLASH50
2859,2026-06-07,MY,organic,
2860,2026-01-18,TH,paid_social,WELCOME10
2861,2026-03-08,ID,paid_social,FLASH50
2862,2026-08-26,MY,direct,
2863,2026-01-18,ID,email,
2864,2025-08-04,TH,email,
2865,2026-01-15,VN,paid_social,
2866,2025-11-13,ID,organic,
2867,2026-01-20,TH,organic,
2868,2025-10-31,TH,direct,
2869,2025-09-18,TH,direct,
2870,2026-12-08,AU,paid_search,FLASH50
2871,2025-09-07,TH,paid_search,WELCOME10
2872,2026-07-12,TH,organic,
2873,2026-07-18,TH,organic,
2874,2026-05-26,TH,paid_search,
2875,2026-10-29,TH,organic,
2876,2025-07-03,VN,paid_search,WELCOME10
2877,2025-12-08,SG,affiliate,
2878,2025-10-07,PH,affiliate,FLASH50
2879,2026-05-04,TH,email,
2880,2026-06-04,SG,organic,
2881,2026-10-22,VN,paid_search,
2882,2026-01-19,ID,paid_social,
2883,2025-11-03,PH,paid_social,
2884,2026-11-05,TH,direct,FLASH50
2885,2026-06-24,SG,organic,
2886,2026-08-12,ID,organic,
2887,2026-02-23,TH,paid_search,FLASH50
2888,2026-02-24,PH,paid_search,WELCOME10
2889,2026-01-24,TH,paid_search,WELCOME10
2890,2026-08-04,TH,paid_search,
2891,2025-10-21,VN,organic,
2892,2026-12-02,ID,paid_search,
2893,2025-10-02,KH,paid_social,
2894,2026-03-03,LA,organic,
2895,2025-12-15,TH,email,
2896,2026-06-08,ID,paid_social,FLASH50
2897,2026-06-28,KR,organic,FLASH50
2898,2026-11-02,TH,organic,
2899,2026-08-25,SG,organic,
2900,2025-11-10,MM,organic,
2901,2025-10-19,TH,paid_social,
2902,2026-10-16,MM,direct,
2903,2026-03-18,SG,organic,SUMMER25
2904,2025-08-21,LA,organic,
2905,2026-09-13,ID,email,WELCOME10
2906,2026-06-11,ID,paid_search,
2907,2025-07-14,VN,paid_search,FLASH50
2908,2026-08-22,TH,paid_search,
2909,2026-05-20,ID,organic,SUMMER25
2910,2026-05-24,MM,organic,
2911,2026-10-05,AU,direct,
2912,2026-03-22,JP,paid_social,
2913,2026-03-03,ID,organic,
2914,2026-05-26,ID,direct,
2915,2025-10-14,MY,paid_search,
2916,2025-09-19,MY,organic,
2917,2026-09-23,MY,direct,SUMMER25
2918,2025-10-23,TH,paid_social,
2919,2026-03-26,TH,affiliate,WELCOME10
2920,2025-11-21,MY,organic,
2921,2025-10-31,TH,organic,
2922,2026-05-15,TH,direct,
2923,2026-09-01,TH,organic,
2924,2026-02-21,PH,email,
2925,2025-09-12,JP,affiliate,FLASH50
2926,2025-11-08,ID,paid_search,
2927,2025-09-26,AU,email,
2928,2026-10-14,KH,email,
2929,2025-12-18,TH,email,
2930,2026-01-16,TH,paid_search,
2931,2025-08-07,TH,paid_social,
2932,2026-02-23,TH,paid_search,
2933,2026-10-31,MY,organic,FLASH50
2934,2026-02-04,TH,email,SUMMER25
2935,2026-06-13,MM,direct,SUMMER25
2936,2025-10-05,MY,organic,
2937,2025-09-15,TH,paid_social,
2938,2026-07-25,KR,direct,
2939,2025-08-05,AU,paid_social,
2940,2026-02-25,VN,organic,
2941,2025-12-16,VN,organic,FLASH50
2942,2025-07-09,JP,paid_search,
2943,2026-04-10,MY,direct,
2944,2026-11-26,KH,organic,FLASH50
2945,2025-08-06,TH,paid_search,
2946,2026-09-08,MY,affiliate,WELCOME10
2947,2026-04-14,SG,affiliate,
2948,2026-07-21,TH,direct,
2949,2025-08-21,TH,affiliate,
2950,2026-10-07,TH,paid_social,FLASH50
2951,2025-07-07,TH,direct,SUMMER25
2952,2026-10-27,TH,paid_social,SUMMER25
2953,2026-06-16,SG,paid_social,
2954,2025-12-27,PH,organic,
2955,2025-07-04,MY,paid_search,
2956,2026-05-22,ID,organic,
2957,2025-08-16,TH,email,
2958,2026-05-21,PH,organic,
2959,2026-08-17,TH,paid_search,FLASH50
2960,2025-11-20,TH,direct,
2961,2025-11-05,SG,affiliate,
2962,2025-10-27,MM,affiliate,FLASH50
2963,2025-10-28,KR,paid_social,FLASH50
2964,2025-08-30,VN,organic,SUMMER25
2965,2025-11-11,VN,organic,
2966,2026-06-17,MY,affiliate,WELCOME10
2967,2025-12-09,ID,email,SUMMER25
2968,2026-08-21,TH,paid_search,FLASH50
2969,2026-09-10,TH,organic,FLASH50
2970,2026-08-10,KR,organic,SUMMER25
2971,2026-04-14,JP,paid_search,
2972,2025-12-16,TH,organic,
2973,2026-11-08,TH,organic,
2974,2025-10-18,TH,paid_search,WELCOME10
2975,2026-03-05,SG,paid_social,
2976,2026-02-27,TH,paid_social,
2977,2026-08-02,ID,paid_search,SUMMER25
2978,2026-04-18,TH,paid_search,WELCOME10
2979,2026-08-31,TH,organic,WELCOME10
2980,2026-11-02,TH,paid_social,WELCOME10
2981,2026-01-25,VN,organic,
2982,2026-10-10,TH,email,
2983,2025-09-29,SG,organic,
2984,2026-11-01,ID,affiliate,
2985,2025-10-03,VN,paid_search,
2986,2026-09-27,TH,paid_social,
2987,2026-01-25,VN,paid_social,
2988,2026-11-27,TH,organic,
2989,2025-09-07,ID,paid_search,
2990,2026-03-06,SG,organic,
2991,2026-10-24,MM,paid_search,
2992,2025-07-26,KR,email,
2993,2025-11-19,VN,paid_social,
2994,2025-08-14,MM,paid_social,WELCOME10
2995,2025-12-19,TH,organic,
2996,2026-01-25,ID,paid_search,
2997,2026-05-26,TH,affiliate,
2998,2025-11-15,TH,organic,
2999,2025-09-23,MY,organic,
3000,2025-09-29,VN,organic,
3001,2026-11-13,VN,organic,
3002,2026-11-21,KH,direct,
3003,2025-10-27,MY,organic,
3004,2025-10-13,MM,organic,
3005,2025-07-29,KH,organic,SUMMER25
3006,2026-11-24,PH,organic,
3007,2026-07-12,TH,paid_search,
3008,2026-08-10,MY,organic,
3009,2025-12-02,VN,organic,FLASH50
3010,2026-06-07,JP,organic,
3011,2025-08-01,TH,affiliate,
3012,2026-06-26,TH,paid_search,
3013,2026-05-05,TH,affiliate,
3014,2025-12-24,TH,organic,
3015,2026-07-14,PH,paid_search,
3016,2026-06-10,TH,direct,
3017,2026-02-19,TH,organic,
3018,2025-10-08,VN,paid_search,
3019,2025-07-13,TH,organic,
3020,2026-11-12,TH,organic,
3021,2025-11-27,MY,paid_social,
3022,2025-12-08,MY,paid_social,FLASH50
3023,2026-06-29,KR,paid_search,
3024,2025-11-14,VN,paid_search,FLASH50
3025,2026-01-17,KR,paid_search,
3026,2026-07-15,TH,paid_search,SUMMER25
3027,2026-05-14,VN,affiliate,
3028,2026-06-15,MY,paid_social,
3029,2025-07-03,VN,organic,FLASH50
3030,2026-02-26,SG,organic,
3031,2026-03-11,TH,paid_social,
3032,2026-06-03,TH,organic,
3033,2025-09-19,PH,email,FLASH50
3034,2025-09-24,PH,affiliate,
3035,2026-08-11,TH,organic,FLASH50
3036,2026-06-24,ID,affiliate,FLASH50
3037,2026-09-06,VN,organic,
3038,2025-11-22,MY,organic,
3039,2026-12-14,TH,direct,
3040,2025-11-23,KH,affiliate,WELCOME10
3041,2026-06-12,ID,paid_search,
3042,2025-09-25,VN,affiliate,
3043,2026-11-02,ID,organic,
3044,2025-12-25,VN,affiliate,
3045,2026-09-01,TH,direct,WELCOME10
3046,2025-12-24,MM,affiliate,FLASH50
3047,2026-08-26,TH,paid_search,
3048,2026-02-28,PH,paid_search,SUMMER25
3049,2025-08-03,LA,email,
3050,2025-10-10,ID,organic,
3051,2026-06-30,MY,direct,FLASH50
3052,2025-10-11,TH,paid_search,
3053,2025-11-24,SG,organic,
3054,2026-04-15,MY,organic,FLASH50
3055,2025-11-12,TH,paid_search,
3056,2025-09-07,TH,organic,FLASH50
3057,2026-05-29,KR,paid_search,
3058,2026-07-03,TH,email,
3059,2026-07-26,TH,organic,SUMMER25
3060,2026-11-16,TH,paid_social,
3061,2025-09-05,ID,paid_search,
3062,2026-02-13,SG,paid_social,
3063,2025-11-02,VN,paid_search,
3064,2026-10-24,SG,email,
3065,2026-04-14,TH,paid_search,
3066,2025-08-22,SG,paid_search,FLASH50
3067,2026-07-04,TH,organic,
3068,2025-07-23,PH,paid_search,
3069,2025-11-24,TH,organic,
3070,2026-07-20,TH,paid_social,
3071,2026-03-27,SG,paid_search,
3072,2026-08-10,TH,affiliate,
3073,2026-05-01,MY,paid_search,
3074,2026-09-23,SG,paid_social,
3075,2026-04-26,AU,organic,
3076,2025-07-31,TH,paid_social,
3077,2025-08-07,MY,direct,
3078,2026-08-19,VN,paid_search,WELCOME10
3079,2025-07-21,TH,organic,FLASH50
3080,2026-01-17,ID,paid_social,
3081,2025-07-09,KH,organic,
3082,2025-12-09,VN,paid_search,
3083,2026-05-14,AU,organic,
3084,2025-10-01,VN,paid_search,
3085,2026-03-06,TH,email,
3086,2026-12-13,MM,organic,FLASH50
3087,2025-08-07,TH,paid_search,
3088,2025-08-03,MY,organic,
3089,2025-11-22,VN,organic,
3090,2026-09-14,KH,paid_social,
3091,2026-02-02,MM,affiliate,WELCOME10
3092,2026-06-06,TH,email,
3093,2025-07-19,VN,organic,
3094,2026-07-27,TH,organic,
3095,2025-08-05,VN,paid_search,
3096,2026-07-15,ID,paid_social,
3097,2025-09-17,TH,affiliate,FLASH50
3098,2026-10-01,PH,affiliate,
3099,2025-12-05,SG,email,
3100,2025-10-06,MY,organic,
3101,2025-12-27,JP,direct,
3102,2025-07-01,ID,direct,
3103,2025-09-27,MY,organic,
3104,2026-05-16,TH,paid_search,
3105,2025-12-08,TH,affiliate,
3106,2026-01-05,TH,paid_search,
3107,2026-09-04,TH,organic,
3108,2025-09-04,TH,paid_search,
3109,2026-01-28,MY,paid_social,
3110,2025-10-08,ID,email,
3111,2026-03-15,TH,affiliate,
3112,2025-12-24,MY,direct,
3113,2025-07-25,MM,paid_search,
3114,2025-08-07,TH,affiliate,
3115,2026-09-28,ID,organic,
3116,2025-07-31,TH,paid_search,
3117,2026-08-22,MY,email,
3118,2026-11-01,VN,affiliate,WELCOME10
3119,2026-03-06,TH,paid_social,
3120,2025-12-14,TH,organic,
3121,2026-08-18,KH,organic,
3122,2026-12-06,TH,paid_social,
3123,2025-09-03,VN,paid_search,
3124,2026-11-27,MY,paid_search,
3125,2026-11-16,TH,affiliate,
3126,2025-09-14,VN,organic,
3127,2025-07-30,MY,paid_search,
3128,2026-07-17,TH,organic,
3129,2025-08-11,AU,organic,
3130,2026-05-17,SG,organic,
3131,2025-08-04,VN,organic,
3132,2026-07-04,TH,paid_search,
3133,2025-11-01,TH,paid_search,
3134,2025-08-21,VN,paid_search,FLASH50
3135,2025-08-05,ID,email,FLASH50
3136,2025-10-09,TH,paid_search,
3137,2026-04-15,VN,paid_social,WELCOME10
3138,2025-08-10,SG,paid_social,
3139,2026-09-01,TH,paid_search,
3140,2026-05-19,VN,paid_search,
3141,2025-12-06,MY,email,
3142,2026-12-08,SG,paid_search,
3143,2026-06-17,VN,paid_social,SUMMER25
3144,2026-06-24,MY,paid_social,
3145,2025-10-01,AU,affiliate,FLASH50
3146,2026-07-14,PH,paid_search,
3147,2026-04-25,TH,paid_search,
3148,2026-12-07,SG,paid_search,
3149,2026-03-12,AU,affiliate,
3150,2026-06-27,LA,paid_search,WELCOME10
3151,2025-12-29,TH,direct,WELCOME10
3152,2025-07-22,TH,affiliate,FLASH50
3153,2025-09-07,TH,organic,WELCOME10
3154,2026-10-06,KH,paid_search,
3155,2026-07-29,MM,email,
3156,2026-01-11,PH,organic,
3157,2026-07-07,TH,paid_search,
3158,2025-07-03,KH,organic,
3159,2025-07-20,TH,organic,
3160,2026-03-28,SG,paid_search,
3161,2026-05-30,TH,affiliate,
3162,2026-11-12,MY,paid_social,
3163,2026-08-09,MY,organic,
3164,2025-11-15,TH,paid_search,
3165,2026-09-08,TH,paid_search,
3166,2026-03-19,PH,paid_social,FLASH50
3167,2026-09-14,TH,paid_search,
3168,2025-10-01,SG,direct,WELCOME10
3169,2025-07-14,TH,affiliate,
3170,2025-07-31,TH,paid_social,SUMMER25
3171,2026-12-11,TH,paid_search,
3172,2025-08-12,ID,paid_social,
3173,2026-11-13,SG,paid_search,WELCOME10
3174,2026-07-23,TH,affiliate,
3175,2025-09-16,PH,email,
3176,2026-10-04,TH,direct,SUMMER25
3177,2025-09-15,VN,paid_social,
3178,2025-09-15,TH,paid_social,
3179,2026-05-03,MM,paid_search,
3180,2025-12-01,TH,organic,
3181,2025-12-03,MY,paid_social,SUMMER25
3182,2025-10-12,ID,direct,FLASH50
3183,2026-05-20,MY,email,
3184,2025-07-15,PH,email,
3185,2025-11-08,TH,paid_search,
3186,2026-04-21,TH,paid_social,WELCOME10
3187,2026-03-17,KH,paid_social,WELCOME10
3188,2026-07-09,KH,paid_search,
3189,2025-10-24,SG,organic,
3190,2026-06-11,MY,paid_social,
3191,2026-08-10,VN,organic,FLASH50
3192,2026-01-23,VN,paid_social,
3193,2025-11-14,KH,direct,FLASH50
3194,2026-04-22,PH,paid_social,
3195,2026-05-05,TH,organic,FLASH50
3196,2025-08-20,ID,paid_search,
3197,2026-04-28,SG,paid_social,
3198,2025-09-21,TH,paid_social,
3199,2026-04-30,PH,organic,
3200,2026-11-09,MY,paid_search,
3201,2026-04-13,TH,email,SUMMER25
3202,2026-08-10,ID,organic,
3203,2025-12-13,TH,paid_social,
3204,2026-11-04,TH,email,
3205,2026-09-07,MY,affiliate,WELCOME10
3206,2026-11-01,VN,direct,
3207,2026-07-31,SG,affiliate,SUMMER25
3208,2026-06-12,TH,paid_search,
3209,2026-04-06,MY,paid_search,
3210,2026-11-07,TH,organic,
3211,2026-09-26,MM,organic,
3212,2026-02-08,TH,paid_social,
3213,2025-08-15,KH,organic,WELCOME10
3214,2025-07-02,TH,paid_search,
3215,2025-11-02,TH,affiliate,
3216,2025-08-03,SG,organic,
3217,2025-10-21,VN,organic,FLASH50
3218,2025-08-28,AU,paid_social,
3219,2026-12-05,MY,organic,
3220,2025-08-20,TH,paid_search,
3221,2026-05-31,TH,organic,
3222,2026-01-04,MY,affiliate,
3223,2025-10-01,TH,paid_social,
3224,2026-07-09,LA,paid_social,
3225,2026-11-30,SG,organic,
3226,2026-08-26,VN,paid_social,
3227,2026-12-02,PH,paid_search,
3228,2026-05-11,TH,paid_social,
3229,2026-06-25,SG,organic,
3230,2025-09-17,LA,organic,
3231,2026-09-28,SG,organic,
3232,2026-08-03,MY,organic,FLASH50
3233,2025-11-13,KH,organic,
3234,2026-01-06,TH,organic,
3235,2026-05-22,LA,email,FLASH50
3236,2025-07-07,TH,paid_social,
3237,2026-09-09,MY,paid_social,
3238,2025-11-27,TH,organic,
3239,2025-08-09,MY,organic,
3240,2025-12-24,TH,direct,WELCOME10
3241,2026-09-19,TH,organic,
3242,2025-11-24,TH,affiliate,WELCOME10
3243,2026-04-14,TH,paid_social,
3244,2026-09-06,MY,paid_search,
3245,2025-07-18,TH,affiliate,
3246,2026-08-10,TH,affiliate,
3247,2025-12-01,TH,email,
3248,2026-07-06,SG,paid_search,
3249,2025-10-09,TH,organic,
3250,2025-09-13,TH,paid_social,
3251,2026-08-25,MY,organic,
3252,2026-09-04,VN,paid_search,
3253,2026-12-06,ID,paid_social,
3254,2026-06-26,TH,organic,
3255,2026-03-06,PH,email,
3256,2025-10-12,MY,direct,
3257,2025-12-05,MY,organic,
3258,2026-06-11,TH,organic,
3259,2026-01-01,TH,paid_search,
3260,2026-03-15,SG,organic,FLASH50
3261,2025-09-28,TH,organic,
3262,2026-02-20,ID,email,FLASH50
3263,2025-11-04,TH,organic,WELCOME10
3264,2025-08-29,TH,organic,
3265,2025-09-09,TH,paid_search,
3266,2026-04-03,TH,organic,
3267,2026-01-12,SG,affiliate,
3268,2025-08-23,TH,affiliate,
3269,2026-04-01,MY,paid_search,SUMMER25
3270,2025-09-26,TH,organic,
3271,2025-07-09,MY,email,
3272,2025-09-09,AU,paid_social,
3273,2026-02-25,KH,paid_search,
3274,2026-11-21,MY,paid_search,FLASH50
3275,2025-11-06,TH,paid_search,FLASH50
3276,2025-11-29,ID,organic,
3277,2025-11-07,MM,paid_search,
3278,2026-01-06,SG,paid_social,FLASH50
3279,2026-07-18,TH,paid_search,
3280,2025-12-19,VN,paid_social,
3281,2026-06-16,TH,affiliate,
3282,2026-10-22,VN,affiliate,
3283,2026-11-17,TH,paid_social,
3284,2026-04-27,TH,organic,FLASH50
3285,2026-07-16,VN,paid_social,
3286,2026-11-02,ID,affiliate,
3287,2026-08-24,MY,organic,WELCOME10
3288,2025-12-07,PH,email,
3289,2025-09-09,PH,direct,
3290,2025-08-31,SG,paid_social,
3291,2026-10-14,KR,organic,SUMMER25
3292,2026-04-23,TH,paid_social,FLASH50
3293,2025-12-05,TH,paid_search,
3294,2026-01-01,PH,paid_search,FLASH50
3295,2025-11-28,TH,organic,
3296,2026-09-01,KH,paid_social,
3297,2026-05-23,TH,paid_social,
3298,2026-10-12,TH,paid_search,WELCOME10
3299,2025-12-08,TH,paid_search,
3300,2026-03-09,MY,paid_search,
3301,2025-09-03,PH,paid_search,FLASH50
3302,2026-11-30,TH,paid_search,
3303,2026-03-30,TH,organic,
3304,2026-04-21,TH,paid_search,FLASH50
3305,2026-02-06,TH,organic,
3306,2025-11-22,ID,affiliate,
3307,2026-11-18,ID,paid_search,
3308,2026-03-18,TH,affiliate,
3309,2026-06-25,SG,paid_search,WELCOME10
3310,2025-07-20,ID,organic,
3311,2025-11-25,TH,organic,
3312,2026-09-02,TH,organic,
3313,2025-08-16,MY,paid_search,WELCOME10
3314,2025-08-24,TH,affiliate,
3315,2026-09-05,TH,organic,
3316,2025-12-12,TH,paid_search,
3317,2025-11-23,VN,organic,
3318,2026-04-28,TH,paid_search,
3319,2025-10-12,PH,paid_social,
3320,2025-07-23,SG,organic,
3321,2025-07-03,SG,organic,
3322,2025-08-12,VN,affiliate,
3323,2025-09-23,TH,paid_search,
3324,2026-07-07,TH,paid_search,
3325,2025-12-06,TH,paid_social,
3326,2025-08-08,ID,organic,
3327,2025-07-08,SG,email,
3328,2026-03-12,PH,affiliate,WELCOME10
3329,2026-09-21,SG,paid_search,
3330,2025-12-28,TH,paid_search,WELCOME10
3331,2025-08-04,TH,paid_search,FLASH50
3332,2025-10-30,TH,affiliate,
3333,2026-03-24,PH,organic,
3334,2025-10-09,TH,paid_social,
3335,2026-12-04,LA,paid_search,WELCOME10
3336,2026-08-11,TH,affiliate,
3337,2025-12-31,MY,direct,
3338,2026-11-20,TH,organic,
3339,2025-12-21,VN,paid_search,
3340,2025-09-13,TH,paid_search,WELCOME10
3341,2026-11-13,MY,paid_social,
3342,2026-11-24,MM,organic,
3343,2025-12-14,ID,paid_social,
3344,2026-05-14,TH,paid_social,
3345,2025-10-01,VN,direct,
3346,2026-06-08,SG,paid_social,
3347,2026-07-03,TH,paid_social,
3348,2026-07-14,SG,organic,
3349,2026-04-30,PH,organic,
3350,2026-07-11,SG,paid_social,
3351,2026-04-22,VN,paid_social,
3352,2026-09-10,ID,affiliate,
3353,2025-10-04,SG,paid_search,SUMMER25
3354,2026-03-15,TH,organic,
3355,2026-02-07,VN,organic,
3356,2026-04-11,TH,paid_search,
3357,2025-09-14,TH,paid_search,
3358,2025-12-20,TH,organic,
3359,2026-11-21,KH,organic,
3360,2025-08-26,TH,paid_search,
3361,2026-06-04,TH,paid_search,
3362,2026-06-20,TH,direct,
3363,2026-03-10,TH,email,WELCOME10
3364,2025-07-18,JP,organic,FLASH50
3365,2025-07-19,MY,affiliate,
3366,2025-11-24,VN,paid_search,SUMMER25
3367,2025-08-24,VN,email,
3368,2025-08-20,TH,paid_social,
3369,2025-09-24,VN,organic,
3370,2025-10-10,JP,organic,
3371,2026-09-20,VN,direct,
3372,2026-06-06,VN,email,
3373,2025-07-17,SG,paid_search,
3374,2026-05-31,PH,paid_social,SUMMER25
3375,2025-09-11,TH,paid_search,
3376,2026-02-10,VN,affiliate,
3377,2025-07-21,TH,paid_search,
3378,2025-08-18,MY,organic,
3379,2025-09-09,LA,paid_search,
3380,2026-02-16,MY,paid_social,
3381,2026-03-04,TH,paid_search,
3382,2026-01-05,VN,affiliate,FLASH50
3383,2026-05-27,MM,direct,FLASH50
3384,2026-07-20,ID,organic,
3385,2026-07-24,KH,email,
3386,2026-05-05,PH,paid_social,SUMMER25
3387,2026-04-17,KH,paid_social,SUMMER25
3388,2026-03-20,TH,organic,
3389,2025-11-04,SG,paid_search,FLASH50
3390,2026-03-17,PH,direct,
3391,2025-07-06,MM,paid_social,
3392,2026-11-28,TH,paid_social,
3393,2026-01-14,TH,organic,
3394,2026-08-08,TH,paid_search,
3395,2026-11-22,VN,paid_search,SUMMER25
3396,2026-03-22,KH,paid_social,
3397,2026-10-03,MY,email,
3398,2026-03-13,TH,paid_search,
3399,2025-09-09,TH,organic,
3400,2025-07-15,PH,organic,
3401,2025-09-11,TH,organic,
3402,2026-11-15,TH,organic,
3403,2026-03-11,TH,paid_search,
3404,2025-12-18,PH,affiliate,
3405,2026-02-23,SG,paid_search,FLASH50
3406,2025-11-14,TH,email,FLASH50
3407,2026-10-08,TH,direct,WELCOME10
3408,2026-12-15,AU,organic,
3409,2025-08-15,SG,paid_social,
3410,2026-07-19,SG,organic,
3411,2025-12-26,TH,organic,
3412,2025-07-26,TH,organic,
3413,2026-11-04,PH,organic,
3414,2025-08-02,VN,paid_social,
3415,2025-10-18,SG,paid_social,
3416,2025-07-14,LA,paid_social,
3417,2026-03-09,TH,paid_social,SUMMER25
3418,2026-05-16,KH,affiliate,
3419,2025-12-18,TH,affiliate,
3420,2025-08-08,TH,email,
3421,2025-08-31,PH,paid_social,
3422,2026-11-10,LA,paid_search,
3423,2026-09-03,VN,paid_search,SUMMER25
3424,2026-11-12,ID,paid_search,WELCOME10
3425,2026-04-09,PH,organic,
3426,2026-04-18,ID,affiliate,
3427,2026-08-23,TH,email,
3428,2026-05-25,SG,direct,
3429,2026-02-18,ID,organic,
3430,2025-12-03,MY,organic,
3431,2026-03-16,KH,organic,FLASH50
3432,2025-08-04,SG,affiliate,
3433,2025-10-11,TH,paid_social,FLASH50
3434,2026-07-29,TH,affiliate,
3435,2026-10-06,PH,email,
3436,2025-08-24,TH,organic,
3437,2025-08-21,KH,paid_search,SUMMER25
3438,2025-08-15,TH,affiliate,
3439,2026-08-26,TH,organic,
3440,2025-12-13,PH,paid_search,WELCOME10
3441,2025-12-22,TH,paid_search,
3442,2025-07-07,PH,paid_social,
3443,2026-12-01,TH,direct,
3444,2026-02-17,SG,organic,
3445,2026-08-30,MY,paid_search,
3446,2026-07-13,LA,direct,
3447,2025-09-14,TH,paid_search,
3448,2026-09-01,TH,affiliate,
3449,2026-04-20,ID,email,
3450,2026-05-19,JP,organic,
3451,2025-10-15,PH,organic,
3452,2026-09-25,PH,organic,
3453,2026-11-09,SG,organic,
3454,2026-02-02,MY,paid_search,
3455,2025-08-19,PH,organic,
3456,2026-09-26,KH,paid_search,
3457,2026-10-16,PH,affiliate,
3458,2026-03-27,PH,organic,
3459,2026-05-05,KH,paid_search,
3460,2025-10-27,TH,organic,FLASH50
3461,2025-08-05,TH,paid_social,
3462,2026-11-16,JP,paid_search,FLASH50
3463,2026-03-15,MY,organic,
3464,2025-11-24,TH,direct,
3465,2026-07-05,SG,affiliate,
3466,2025-07-14,ID,paid_social,
3467,2025-08-12,PH,paid_social,
3468,2025-11-07,PH,paid_search,
3469,2026-02-26,TH,organic,WELCOME10
3470,2026-01-12,SG,paid_search,
3471,2025-10-08,TH,affiliate,WELCOME10
3472,2026-01-04,KH,direct,
3473,2025-12-25,TH,paid_social,
3474,2026-04-06,ID,paid_search,
3475,2026-04-26,MY,paid_social,
3476,2026-10-14,ID,paid_social,
3477,2026-09-04,MY,organic,
3478,2025-12-03,VN,paid_search,
3479,2026-10-25,ID,organic,
3480,2026-04-04,TH,paid_search,
3481,2025-10-09,TH,affiliate,WELCOME10
3482,2025-12-29,MY,paid_search,
3483,2026-07-31,TH,paid_social,
3484,2026-09-12,VN,paid_search,
3485,2026-01-16,TH,organic,
3486,2025-09-23,PH,affiliate,FLASH50
3487,2025-10-11,TH,paid_social,
3488,2025-08-25,VN,affiliate,
3489,2026-07-08,TH,paid_social,
3490,2026-03-26,MY,affiliate,
3491,2026-02-26,TH,organic,
3492,2026-06-24,ID,paid_social,
3493,2026-09-15,TH,paid_search,FLASH50
3494,2026-08-29,VN,affiliate,
3495,2025-09-12,MY,paid_social,WELCOME10
3496,2026-05-11,AU,organic,
3497,2026-10-14,VN,paid_search,
3498,2026-08-17,MY,affiliate,
3499,2025-12-23,PH,organic,WELCOME10
3500,2026-01-26,TH,paid_social,
3501,2026-10-18,ID,affiliate,
3502,2025-07-18,TH,organic,
3503,2026-04-07,VN,paid_social,
3504,2025-08-31,TH,email,
3505,2026-10-20,SG,organic,
3506,2025-07-21,ID,organic,
3507,2025-07-13,SG,paid_social,
3508,2025-12-23,TH,paid_social,
3509,2025-10-15,SG,affiliate,
3510,2026-03-22,PH,paid_social,
3511,2025-12-07,TH,paid_social,
3512,2026-01-06,TH,paid_search,
3513,2026-04-28,KR,organic,
3514,2026-04-25,MM,paid_social,
3515,2026-11-11,TH,organic,
3516,2026-03-14,MY,direct,
3517,2026-04-27,TH,organic,WELCOME10
3518,2026-06-27,MM,organic,SUMMER25
3519,2025-10-01,SG,affiliate,
3520,2026-06-21,TH,organic,
3521,2026-10-03,TH,paid_search,
3522,2025-12-17,MY,email,
3523,2025-10-04,TH,affiliate,SUMMER25
3524,2026-01-01,VN,organic,
3525,2025-11-24,SG,organic,WELCOME10
3526,2026-05-08,MY,paid_social,
3527,2026-10-04,PH,paid_search,
3528,2026-05-14,TH,organic,WELCOME10
3529,2025-09-05,TH,organic,WELCOME10
3530,2025-12-15,SG,affiliate,
3531,2026-07-03,VN,paid_search,
3532,2025-12-24,TH,affiliate,
3533,2026-05-09,VN,organic,FLASH50
3534,2026-07-05,SG,paid_social,
3535,2025-12-23,MY,paid_search,
3536,2026-06-11,MY,paid_search,
3537,2026-01-29,TH,paid_social,
3538,2025-09-10,TH,organic,SUMMER25
3539,2026-01-15,VN,email,FLASH50
3540,2026-02-21,TH,affiliate,
3541,2025-07-02,MY,organic,
3542,2026-10-19,AU,paid_social,
3543,2026-04-08,TH,email,
3544,2025-07-20,SG,paid_search,
3545,2026-10-06,TH,paid_search,
3546,2026-09-29,TH,affiliate,
3547,2025-07-07,AU,organic,
3548,2025-09-25,JP,paid_social,
3549,2026-01-10,TH,organic,
3550,2026-03-28,AU,paid_social,
3551,2026-07-22,TH,paid_search,
3552,2026-02-12,KR,organic,
3553,2026-05-23,PH,email,
3554,2025-07-06,TH,paid_search,
3555,2026-06-17,MY,paid_search,
3556,2026-10-31,VN,paid_social,
3557,2026-04-07,TH,paid_search,FLASH50
3558,2026-02-28,TH,organic,
3559,2025-12-06,ID,paid_social,FLASH50
3560,2026-11-21,TH,direct,WELCOME10
3561,2025-07-18,TH,organic,WELCOME10
3562,2025-11-30,TH,email,
3563,2025-09-12,VN,paid_social,
3564,2026-10-05,TH,organic,
3565,2026-03-15,SG,paid_social,
3566,2026-11-04,TH,paid_search,
3567,2026-06-20,TH,affiliate,FLASH50
3568,2026-04-23,ID,paid_social,FLASH50
3569,2026-04-02,TH,organic,SUMMER25
3570,2025-10-17,ID,organic,SUMMER25
3571,2026-04-26,TH,paid_search,
3572,2026-07-01,ID,paid_search,
3573,2026-11-27,TH,direct,
3574,2026-04-19,PH,affiliate,
3575,2026-11-13,TH,affiliate,
3576,2026-11-16,LA,paid_search,
3577,2026-04-05,TH,organic,
3578,2026-02-20,TH,affiliate,
3579,2025-09-15,MY,organic,
3580,2025-11-21,TH,organic,
3581,2026-10-12,SG,organic,
3582,2025-09-12,PH,email,
3583,2026-01-28,VN,affiliate,
3584,2026-07-08,MY,organic,FLASH50
3585,2025-11-06,JP,email,
3586,2026-12-02,SG,affiliate,
3587,2026-06-12,TH,paid_social,
3588,2025-07-16,PH,organic,
3589,2025-11-09,TH,paid_search,FLASH50
3590,2026-07-30,TH,paid_search,
3591,2026-10-04,TH,paid_social,
3592,2026-11-07,TH,paid_social,FLASH50
3593,2026-09-27,TH,organic,
3594,2025-08-09,TH,paid_search,
3595,2026-07-24,MY,paid_search,FLASH50
3596,2025-08-28,VN,affiliate,
3597,2025-08-10,AU,organic,FLASH50
3598,2026-07-04,TH,paid_social,
3599,2026-03-12,TH,direct,WELCOME10
3600,2026-06-11,MY,affiliate,
3601,2026-09-27,TH,paid_search,WELCOME10
3602,2025-08-06,TH,affiliate,
3603,2026-04-08,ID,email,WELCOME10
3604,2026-09-18,VN,affiliate,
3605,2026-02-20,TH,organic,
3606,2026-04-05,ID,organic,
3607,2026-03-23,ID,organic,FLASH50
3608,2026-10-27,PH,organic,
3609,2025-07-27,TH,paid_social,WELCOME10
3610,2026-10-11,VN,organic,
3611,2026-09-09,VN,paid_social,
3612,2026-09-07,TH,paid_social,FLASH50
3613,2026-02-05,ID,paid_search,
3614,2026-04-01,ID,organic,WELCOME10
3615,2026-01-13,TH,paid_search,
3616,2025-11-12,SG,organic,
3617,2026-10-10,SG,email,
3618,2026-03-27,VN,paid_search,
3619,2026-07-21,TH,organic,
3620,2025-08-23,SG,organic,
3621,2026-08-25,TH,paid_social,
3622,2026-06-17,ID,paid_social,WELCOME10
3623,2026-12-14,ID,direct,
3624,2025-09-10,SG,organic,
3625,2026-04-14,MY,organic,
3626,2026-03-30,TH,affiliate,
3627,2026-04-13,TH,paid_search,
3628,2025-07-29,VN,paid_search,
3629,2026-03-10,TH,email,
3630,2025-12-07,VN,paid_social,
3631,2026-05-26,ID,paid_search,
3632,2025-11-01,KH,direct,
3633,2026-02-17,TH,organic,
3634,2026-05-27,SG,organic,SUMMER25
3635,2025-08-04,TH,organic,SUMMER25
3636,2026-08-24,MM,organic,SUMMER25
3637,2026-07-17,ID,paid_search,
3638,2025-07-31,ID,affiliate,
3639,2025-08-04,VN,direct,WELCOME10
3640,2026-09-27,TH,paid_social,
3641,2025-11-29,MY,email,
3642,2026-10-02,PH,paid_search,WELCOME10
3643,2026-03-24,TH,paid_search,
3644,2025-12-30,AU,organic,
3645,2025-11-23,LA,paid_search,WELCOME10
3646,2026-06-17,JP,paid_search,
3647,2025-08-28,PH,organic,
3648,2026-01-31,TH,direct,FLASH50
3649,2026-01-01,MY,organic,
3650,2025-09-21,TH,affiliate,
3651,2026-01-05,VN,organic,FLASH50
3652,2026-04-08,TH,paid_search,FLASH50
3653,2026-06-27,KH,paid_social,
3654,2025-08-16,TH,organic,
3655,2026-10-08,TH,organic,WELCOME10
3656,2026-10-12,TH,paid_social,SUMMER25
3657,2026-07-04,VN,paid_social,
3658,2026-11-05,TH,paid_search,
3659,2026-02-14,TH,paid_search,
3660,2026-09-11,TH,organic,
3661,2026-07-23,TH,organic,
3662,2026-04-26,AU,email,
3663,2025-10-04,SG,organic,
3664,2026-04-24,TH,paid_search,FLASH50
3665,2026-10-24,TH,paid_social,
3666,2026-12-07,TH,affiliate,
3667,2026-02-24,TH,organic,
3668,2025-11-10,TH,paid_social,
3669,2026-08-03,TH,paid_social,FLASH50
3670,2025-08-10,TH,organic,FLASH50
3671,2025-09-19,TH,organic,
3672,2026-04-26,VN,affiliate,SUMMER25
3673,2026-12-10,TH,paid_search,WELCOME10
3674,2025-12-23,ID,organic,
3675,2026-02-22,ID,paid_social,
3676,2025-12-19,KH,paid_search,
3677,2026-02-20,TH,organic,FLASH50
3678,2025-07-04,VN,organic,
3679,2026-05-13,KH,paid_search,FLASH50
3680,2026-05-14,JP,paid_social,
3681,2025-12-16,PH,paid_search,
3682,2025-11-18,TH,organic,
3683,2026-08-10,AU,paid_social,
3684,2025-10-09,PH,paid_social,
3685,2025-07-26,TH,paid_search,WELCOME10
3686,2025-07-22,TH,organic,
3687,2026-10-13,AU,organic,
3688,2026-01-11,TH,direct,
3689,2025-08-24,VN,organic,
3690,2026-10-12,TH,paid_search,
3691,2025-09-18,VN,paid_social,
3692,2025-12-27,TH,affiliate,
3693,2025-07-12,VN,email,
3694,2026-06-27,SG,paid_search,
3695,2026-07-08,LA,direct,FLASH50
3696,2026-08-08,TH,organic,
3697,2025-11-18,TH,affiliate,
3698,2025-12-22,TH,organic,
3699,2026-11-13,TH,direct,
3700,2026-09-11,KR,email,FLASH50
3701,2025-07-20,TH,affiliate,WELCOME10
3702,2026-07-04,TH,paid_social,
3703,2026-09-07,PH,organic,
3704,2026-04-25,TH,paid_search,
3705,2026-06-07,TH,organic,
3706,2025-07-01,ID,paid_social,FLASH50
3707,2025-07-17,TH,organic,FLASH50
3708,2025-07-19,PH,organic,FLASH50
3709,2025-09-23,ID,organic,WELCOME10
3710,2026-12-11,TH,affiliate,FLASH50
3711,2026-06-04,MY,paid_search,
3712,2026-08-21,KH,paid_search,FLASH50
3713,2025-12-05,TH,organic,
3714,2026-11-12,VN,paid_search,
3715,2025-10-15,TH,paid_search,
3716,2026-10-24,MY,organic,
3717,2025-07-17,VN,paid_social,FLASH50
3718,2025-07-11,TH,paid_search,
3719,2025-08-12,SG,direct,
3720,2026-08-27,TH,organic,WELCOME10
3721,2025-11-15,VN,paid_search,
3722,2026-02-26,MY,email,
3723,2026-03-09,TH,email,FLASH50
3724,2026-08-25,TH,paid_search,
3725,2026-01-02,MM,organic,
3726,2025-07-04,TH,paid_search,
3727,2026-01-22,TH,paid_social,
3728,2025-12-01,TH,organic,FLASH50
3729,2026-07-25,MY,organic,SUMMER25
3730,2026-08-05,TH,paid_search,
3731,2025-08-19,PH,organic,
3732,2026-08-27,ID,email,FLASH50
3733,2025-08-07,TH,organic,
3734,2026-05-27,MY,direct,
3735,2026-01-24,TH,paid_search,
3736,2025-12-08,TH,direct,WELCOME10
3737,2026-03-15,MY,affiliate,SUMMER25
3738,2025-12-13,TH,organic,
3739,2026-08-28,LA,organic,
3740,2026-11-28,MY,organic,
3741,2026-09-08,TH,paid_social,
3742,2026-02-20,JP,organic,
3743,2026-03-26,MY,paid_social,
3744,2026-02-24,TH,email,FLASH50
3745,2026-08-27,SG,paid_search,
3746,2026-04-21,AU,paid_social,
3747,2026-03-07,SG,email,
3748,2026-02-04,SG,affiliate,
3749,2026-01-16,SG,organic,
3750,2026-04-21,TH,organic,FLASH50
3751,2026-07-03,TH,paid_search,
3752,2026-02-16,MY,organic,FLASH50
3753,2026-09-03,LA,paid_search,
3754,2026-09-14,VN,direct,
3755,2026-02-14,TH,paid_search,
3756,2026-10-28,TH,organic,
3757,2025-10-01,TH,organic,
3758,2026-11-09,TH,email,FLASH50
3759,2025-12-04,ID,organic,
3760,2026-04-27,TH,organic,
3761,2025-11-29,PH,paid_social,
3762,2026-02-21,SG,paid_search,
3763,2025-12-29,ID,paid_search,
3764,2026-07-11,KH,paid_social,
3765,2025-08-13,ID,paid_social,
3766,2026-09-20,LA,organic,
3767,2026-10-25,PH,paid_search,
3768,2026-04-27,MY,paid_social,
3769,2026-04-18,TH,paid_search,
3770,2026-07-09,TH,direct,WELCOME10
3771,2025-10-15,KH,organic,SUMMER25
3772,2026-08-04,TH,paid_search,
3773,2025-10-25,AU,paid_social,
3774,2026-06-26,TH,paid_search,
3775,2025-12-10,VN,organic,
3776,2026-08-02,TH,paid_search,
3777,2026-08-26,AU,direct,SUMMER25
3778,2025-10-20,TH,paid_search,SUMMER25
3779,2026-05-26,TH,organic,FLASH50
3780,2026-03-23,KH,organic,WELCOME10
3781,2025-12-04,TH,paid_search,
3782,2026-05-10,TH,organic,
3783,2026-12-12,LA,affiliate,
3784,2025-07-02,PH,direct,
3785,2026-11-23,TH,direct,
3786,2026-09-30,MY,paid_search,
3787,2026-04-09,TH,paid_search,
3788,2026-05-22,TH,paid_search,
3789,2026-01-13,MY,organic,
3790,2025-09-07,TH,paid_social,
3791,2026-05-01,SG,organic,
3792,2026-09-09,TH,organic,
3793,2025-11-01,PH,affiliate,
3794,2026-07-18,MY,affiliate,
3795,2026-08-03,TH,email,
3796,2026-08-09,MM,paid_search,
3797,2025-12-29,PH,email,
3798,2026-01-25,TH,paid_search,
3799,2026-02-07,JP,organic,
3800,2026-09-29,TH,paid_search,
3801,2026-10-23,TH,paid_social,
3802,2026-02-06,TH,paid_search,SUMMER25
3803,2026-11-29,TH,affiliate,
3804,2026-05-01,ID,paid_search,
3805,2026-01-22,MY,email,
3806,2025-07-01,LA,organic,
3807,2026-05-22,TH,paid_social,
3808,2026-06-09,TH,email,WELCOME10
3809,2026-11-29,TH,paid_social,
3810,2026-07-18,TH,email,
3811,2025-07-16,AU,paid_social,
3812,2026-04-29,VN,organic,
3813,2026-07-31,VN,paid_social,
3814,2026-03-22,VN,paid_social,
3815,2026-02-14,TH,organic,
3816,2026-09-05,TH,paid_search,
3817,2026-05-22,SG,organic,SUMMER25
3818,2026-06-29,PH,organic,
3819,2026-03-05,TH,direct,FLASH50
3820,2025-11-26,TH,direct,
3821,2026-04-03,ID,paid_social,
3822,2026-11-24,TH,paid_search,
3823,2026-05-18,MY,paid_search,
3824,2026-07-12,TH,organic,WELCOME10
3825,2025-09-05,SG,paid_search,FLASH50
3826,2026-12-09,TH,affiliate,
3827,2025-11-08,KH,paid_search,
3828,2026-11-30,VN,paid_search,
3829,2026-02-23,TH,organic,
3830,2026-11-02,VN,email,
3831,2026-10-19,VN,organic,
3832,2026-08-07,ID,paid_search,
3833,2026-11-01,MM,paid_search,
3834,2026-05-21,PH,paid_search,
3835,2026-09-26,TH,paid_social,
3836,2025-09-30,TH,paid_social,
3837,2025-08-07,TH,paid_social,
3838,2026-04-16,SG,organic,FLASH50
3839,2026-09-05,AU,direct,
3840,2026-08-12,MY,paid_social,
3841,2026-04-08,TH,email,
3842,2026-04-04,AU,organic,
3843,2026-05-22,ID,direct,
3844,2026-10-06,TH,paid_social,
3845,2026-09-22,LA,paid_search,
3846,2025-08-28,TH,organic,
3847,2026-05-14,SG,organic,SUMMER25
3848,2026-01-20,SG,affiliate,
3849,2026-08-31,MM,paid_search,
3850,2026-03-27,TH,paid_social,
3851,2026-12-11,TH,affiliate,
3852,2026-02-16,ID,affiliate,
3853,2026-06-27,KH,paid_search,
3854,2025-08-27,TH,email,
3855,2026-11-09,TH,organic,
3856,2025-09-20,AU,affiliate,
3857,2026-01-18,VN,paid_search,
3858,2026-09-20,TH,organic,
3859,2026-11-28,TH,paid_search,
3860,2026-03-16,SG,affiliate,
3861,2026-03-16,ID,paid_social,
3862,2025-07-26,MY,organic,
3863,2026-12-04,VN,organic,
3864,2025-07-09,TH,paid_social,
3865,2025-07-14,PH,organic,
3866,2026-03-10,TH,organic,
3867,2025-07-02,KH,affiliate,
3868,2025-09-26,TH,paid_search,FLASH50
3869,2026-05-31,TH,organic,FLASH50
3870,2026-07-11,TH,paid_search,
3871,2025-12-06,TH,paid_social,
3872,2026-08-28,TH,paid_social,SUMMER25
3873,2026-05-20,ID,organic,
3874,2025-10-30,LA,paid_search,
3875,2026-07-15,MY,paid_search,WELCOME10
3876,2026-05-12,MY,paid_search,
3877,2026-09-06,TH,organic,
3878,2025-09-21,PH,organic,FLASH50
3879,2025-11-01,TH,paid_social,
3880,2025-12-09,TH,organic,
3881,2025-12-29,TH,direct,
3882,2026-10-17,TH,direct,FLASH50
3883,2026-07-26,MY,paid_search,
3884,2026-04-17,TH,paid_social,
3885,2026-04-15,TH,paid_social,
3886,2026-10-16,PH,organic,
3887,2026-02-24,TH,paid_search,
3888,2025-10-29,MY,direct,
3889,2025-09-11,TH,organic,
3890,2025-12-23,LA,paid_social,
3891,2026-06-14,ID,paid_social,
3892,2026-03-09,TH,organic,
3893,2026-02-10,LA,paid_search,
3894,2026-03-13,TH,email,
3895,2026-12-02,TH,organic,
3896,2026-12-14,ID,organic,
3897,2025-09-24,VN,organic,SUMMER25
3898,2025-08-30,TH,affiliate,
3899,2025-11-08,TH,paid_social,
3900,2026-09-28,TH,paid_search,
3901,2026-03-02,MY,affiliate,
3902,2026-10-04,AU,direct,
3903,2026-06-10,TH,organic,
3904,2026-04-21,KR,affiliate,WELCOME10
3905,2025-11-28,TH,paid_search,
3906,2025-12-31,VN,organic,
3907,2025-09-17,MM,organic,
3908,2026-04-03,ID,paid_search,WELCOME10
3909,2025-11-27,TH,email,
3910,2025-12-03,TH,paid_search,
3911,2025-07-22,TH,paid_social,WELCOME10
3912,2026-08-30,MY,organic,
3913,2026-11-13,KR,organic,
3914,2026-03-23,TH,direct,
3915,2026-04-12,TH,affiliate,
3916,2026-11-06,TH,paid_search,SUMMER25
3917,2026-03-30,MY,organic,
3918,2026-05-28,MY,organic,
3919,2026-02-14,TH,direct,
3920,2026-04-01,VN,organic,WELCOME10
3921,2026-04-05,TH,organic,
3922,2026-07-14,ID,paid_social,
3923,2026-05-19,SG,direct,
3924,2026-03-26,TH,organic,
3925,2025-08-10,ID,affiliate,
3926,2026-10-26,ID,paid_search,
3927,2026-10-17,SG,paid_social,
3928,2025-10-07,VN,organic,
3929,2025-12-04,SG,email,FLASH50
3930,2026-12-01,TH,paid_social,FLASH50
3931,2025-12-19,AU,direct,
3932,2026-09-06,AU,paid_search,
3933,2026-08-23,TH,email,
3934,2026-10-02,AU,paid_search,
3935,2025-07-09,VN,paid_search,
3936,2026-03-15,TH,organic,WELCOME10
3937,2026-04-28,SG,affiliate,WELCOME10
3938,2026-09-20,TH,paid_search,FLASH50
3939,2025-10-28,MY,paid_social,
3940,2025-12-11,AU,paid_social,
3941,2025-10-04,TH,affiliate,
3942,2026-08-11,SG,paid_social,
3943,2026-12-15,TH,paid_social,
3944,2025-09-13,MY,paid_search,FLASH50
3945,2025-11-02,PH,paid_social,
3946,2025-12-11,TH,paid_search,
3947,2026-10-17,MY,affiliate,
3948,2026-02-23,TH,affiliate,
3949,2025-11-28,VN,paid_search,
3950,2025-12-19,ID,organic,WELCOME10
3951,2026-05-15,ID,paid_search,
3952,2026-01-23,TH,affiliate,
3953,2025-09-13,MY,email,
3954,2026-09-11,ID,organic,FLASH50
3955,2026-02-11,ID,direct,
3956,2025-11-14,MY,organic,WELCOME10
3957,2026-07-24,KH,email,
3958,2026-08-02,TH,direct,
3959,2025-09-21,TH,paid_search,FLASH50
3960,2025-08-09,JP,direct,
3961,2025-07-25,TH,paid_search,FLASH50
3962,2026-08-13,LA,paid_search,
3963,2026-05-30,MY,affiliate,
3964,2026-08-27,MM,organic,FLASH50
3965,2026-05-30,MY,organic,WELCOME10
3966,2026-01-31,PH,organic,
3967,2026-05-11,VN,paid_social,
3968,2026-07-21,MY,paid_social,FLASH50
3969,2026-01-29,TH,affiliate,
3970,2026-10-31,TH,email,
3971,2026-10-23,TH,email,
3972,2026-08-31,AU,paid_social,SUMMER25
3973,2026-12-11,TH,email,
3974,2026-01-25,VN,organic,WELCOME10
3975,2025-08-30,SG,paid_social,FLASH50
3976,2026-03-16,TH,organic,
3977,2026-08-02,KR,organic,
3978,2026-08-20,TH,organic,
3979,2026-01-24,MY,organic,
3980,2025-12-03,SG,direct,WELCOME10
3981,2026-02-23,TH,paid_search,WELCOME10
3982,2026-09-02,TH,email,
3983,2025-08-02,ID,paid_search,FLASH50
3984,2025-12-22,TH,paid_social,
3985,2025-10-31,PH,paid_search,WELCOME10
3986,2026-09-03,ID,direct,
3987,2026-03-08,TH,organic,SUMMER25
3988,2025-08-16,TH,paid_social,
3989,2025-11-17,TH,direct,FLASH50
3990,2025-07-24,VN,affiliate,
3991,2026-03-11,MY,affiliate,
3992,2026-12-14,TH,organic,
3993,2026-04-29,MY,paid_search,
3994,2026-10-07,SG,organic,
3995,2026-07-31,ID,paid_search,
3996,2026-10-14,TH,organic,
3997,2025-12-13,TH,affiliate,
3998,2026-11-20,TH,direct,
3999,2025-11-05,ID,paid_social,
4000,2026-02-19,ID,affiliate,
4001,2026-06-29,TH,paid_search,
4002,2025-11-30,TH,organic,
4003,2025-11-18,ID,paid_social,
4004,2025-09-08,TH,organic,
4005,2025-07-03,MY,paid_search,SUMMER25
4006,2026-03-25,SG,email,
4007,2026-12-08,TH,paid_search,
4008,2025-10-26,MY,organic,
4009,2026-02-20,TH,organic,
4010,2026-11-11,MY,paid_social,FLASH50
4011,2026-08-16,TH,organic,SUMMER25
4012,2025-07-03,TH,paid_social,FLASH50
4013,2026-03-24,SG,paid_search,
4014,2025-09-15,TH,affiliate,
4015,2025-11-09,MY,email,
4016,2025-11-09,VN,organic,
4017,2026-05-23,AU,affiliate,
4018,2025-10-15,TH,organic,
4019,2025-11-12,TH,organic,WELCOME10
4020,2025-10-29,TH,paid_search,
4021,2026-01-07,LA,paid_search,
4022,2026-06-15,TH,direct,
4023,2026-01-30,TH,affiliate,
4024,2025-12-22,VN,email,
4025,2026-04-02,TH,organic,FLASH50
4026,2026-05-24,MY,paid_social,
4027,2025-07-09,SG,paid_social,
4028,2026-10-18,ID,organic,WELCOME10
4029,2026-11-01,VN,affiliate,
4030,2026-05-18,TH,email,
4031,2026-05-03,ID,email,
4032,2026-07-06,MY,direct,WELCOME10
4033,2026-02-20,TH,organic,
4034,2026-01-11,KH,email,
4035,2026-01-04,VN,direct,
4036,2025-09-24,MM,paid_social,
4037,2026-09-22,VN,organic,FLASH50
4038,2025-12-18,TH,paid_search,WELCOME10
4039,2025-11-29,SG,organic,FLASH50
4040,2026-11-26,TH,organic,
4041,2026-03-28,TH,email,FLASH50
4042,2026-05-28,TH,direct,
4043,2025-11-08,TH,email,
4044,2025-11-25,TH,organic,WELCOME10
4045,2026-07-24,PH,paid_social,
4046,2026-02-26,TH,paid_search,
4047,2025-09-17,SG,paid_search,
4048,2026-09-19,VN,paid_search,WELCOME10
4049,2026-01-31,MY,direct,
4050,2026-06-22,TH,affiliate,
4051,2025-12-29,MY,affiliate,
4052,2026-04-25,VN,organic,SUMMER25
4053,2026-08-18,PH,paid_search,FLASH50
4054,2026-10-15,TH,paid_social,
4055,2025-10-19,TH,paid_social,FLASH50
4056,2026-06-24,MY,email,
4057,2026-10-31,TH,organic,
4058,2026-06-08,VN,organic,
4059,2025-09-15,ID,email,
4060,2025-10-10,VN,paid_search,
4061,2025-10-17,JP,paid_search,
4062,2025-08-26,MY,email,
4063,2026-08-06,LA,affiliate,
4064,2026-11-27,ID,affiliate,WELCOME10
4065,2026-04-02,TH,organic,
4066,2026-05-16,VN,paid_social,SUMMER25
4067,2026-08-17,ID,paid_search,
4068,2026-02-07,JP,paid_social,SUMMER25
4069,2026-03-09,TH,paid_social,
4070,2026-05-10,TH,organic,
4071,2025-12-10,PH,paid_search,
4072,2025-08-02,TH,paid_search,WELCOME10
4073,2026-04-29,ID,paid_search,
4074,2026-09-12,MY,organic,
4075,2025-08-09,TH,email,
4076,2025-10-24,TH,paid_search,
4077,2025-11-18,PH,paid_search,
4078,2026-09-02,TH,paid_social,
4079,2026-03-26,VN,paid_social,
4080,2026-04-11,VN,paid_search,
4081,2026-06-09,ID,organic,
4082,2025-11-25,TH,organic,
4083,2026-07-16,TH,organic,
4084,2025-07-17,PH,organic,
4085,2025-08-30,TH,paid_social,
4086,2026-09-08,TH,paid_search,
4087,2026-06-16,AU,organic,
4088,2025-10-03,TH,paid_social,
4089,2026-02-19,TH,organic,
4090,2025-07-28,JP,email,
4091,2026-06-24,TH,paid_social,
4092,2026-08-07,TH,paid_social,
4093,2025-11-26,SG,organic,
4094,2026-01-03,VN,paid_search,
4095,2025-11-04,KH,paid_search,
4096,2026-01-24,VN,direct,FLASH50
4097,2025-11-23,JP,organic,FLASH50
4098,2025-11-09,TH,paid_search,
4099,2026-02-15,MY,affiliate,
4100,2026-10-01,TH,paid_search,
4101,2026-08-11,MM,paid_social,
4102,2025-12-06,AU,email,
4103,2026-11-15,TH,paid_search,
4104,2025-10-21,PH,organic,
4105,2026-10-29,ID,email,
4106,2025-12-12,TH,organic,SUMMER25
4107,2026-04-14,MY,affiliate,
4108,2025-10-17,JP,organic,
4109,2026-08-11,TH,organic,
4110,2025-12-17,TH,paid_search,
4111,2026-10-09,JP,email,
4112,2025-08-14,TH,organic,
4113,2026-03-25,SG,organic,
4114,2025-09-23,VN,organic,
4115,2026-10-17,MY,organic,
4116,2026-02-08,TH,organic,FLASH50
4117,2026-06-25,TH,email,SUMMER25
4118,2026-10-12,PH,paid_social,FLASH50
4119,2026-04-12,SG,paid_search,WELCOME10
4120,2025-07-31,ID,organic,
4121,2025-10-26,KH,organic,
4122,2025-10-22,TH,paid_search,
4123,2026-10-31,PH,paid_search,
4124,2026-10-28,VN,email,FLASH50
4125,2026-03-12,AU,organic,
4126,2026-10-18,TH,paid_search,
4127,2025-11-09,TH,paid_social,
4128,2026-06-28,ID,paid_search,WELCOME10
4129,2026-01-25,MM,affiliate,
4130,2025-11-06,KR,paid_social,
4131,2025-11-11,TH,organic,
4132,2026-02-09,MY,email,
4133,2025-12-29,TH,paid_search,
4134,2025-10-21,ID,organic,
4135,2025-12-26,PH,paid_social,
4136,2025-09-07,VN,affiliate,
4137,2026-11-29,TH,organic,
4138,2026-01-19,JP,paid_search,SUMMER25
4139,2025-08-27,TH,email,
4140,2026-05-03,SG,paid_social,
4141,2026-10-14,MY,paid_search,
4142,2026-01-08,MY,paid_search,
4143,2026-09-24,VN,paid_social,
4144,2026-05-22,MY,paid_social,
4145,2026-07-30,TH,organic,
4146,2025-12-05,TH,paid_search,FLASH50
4147,2025-07-20,MY,paid_search,
4148,2026-01-01,ID,affiliate,
4149,2026-11-05,SG,affiliate,SUMMER25
4150,2026-08-26,TH,paid_social,
4151,2026-08-22,TH,paid_social,
4152,2026-10-12,VN,paid_search,
4153,2026-01-15,SG,affiliate,
4154,2025-12-19,MY,email,WELCOME10
4155,2026-11-06,SG,affiliate,
4156,2026-05-01,TH,email,
4157,2025-12-06,TH,email,
4158,2025-11-26,TH,organic,
4159,2026-10-11,ID,paid_search,
4160,2025-07-29,TH,paid_search,
4161,2025-08-02,TH,paid_search,
4162,2026-07-29,KR,affiliate,
4163,2025-07-01,TH,paid_search,FLASH50
4164,2025-09-30,SG,organic,
4165,2026-12-11,TH,organic,
4166,2026-02-12,TH,organic,
4167,2026-07-23,TH,paid_search,
4168,2026-03-17,PH,organic,
4169,2025-08-18,SG,organic,
4170,2025-10-07,VN,paid_search,WELCOME10
4171,2026-08-10,AU,paid_social,
4172,2025-08-20,TH,paid_social,WELCOME10
4173,2026-05-13,ID,organic,
4174,2026-01-02,TH,direct,
4175,2026-01-14,SG,organic,
4176,2026-11-20,PH,paid_social,
4177,2026-05-19,TH,email,FLASH50
4178,2026-05-24,KR,email,
4179,2026-01-03,MY,paid_search,
4180,2026-01-20,TH,organic,FLASH50
4181,2026-07-01,TH,affiliate,
4182,2025-07-21,MY,paid_social,
4183,2025-11-04,SG,affiliate,
4184,2026-05-16,TH,paid_search,
4185,2026-05-29,SG,email,
4186,2025-08-19,TH,email,FLASH50
4187,2026-08-24,KR,affiliate,FLASH50
4188,2026-04-16,TH,direct,
4189,2025-11-04,SG,paid_search,
4190,2026-08-05,VN,organic,
4191,2026-12-11,VN,paid_social,
4192,2026-02-11,KH,paid_social,
4193,2025-11-29,AU,paid_search,
4194,2025-12-07,TH,organic,
4195,2026-05-12,TH,paid_social,WELCOME10
4196,2025-07-26,ID,organic,
4197,2026-03-15,TH,affiliate,
4198,2025-07-14,VN,email,
4199,2025-07-21,TH,organic,FLASH50
4200,2026-02-15,MM,affiliate,
4201,2026-08-02,VN,organic,FLASH50
4202,2026-10-14,MY,paid_search,
4203,2025-08-16,SG,email,FLASH50
4204,2025-11-08,KR,organic,WELCOME10
4205,2026-02-10,VN,organic,
4206,2026-05-02,PH,direct,
4207,2026-12-09,PH,organic,
4208,2026-06-30,TH,paid_search,SUMMER25
4209,2026-04-13,TH,paid_search,
4210,2025-08-02,TH,organic,SUMMER25
4211,2025-08-13,ID,organic,SUMMER25
4212,2025-09-20,ID,affiliate,
4213,2026-06-18,TH,paid_search,
4214,2025-12-24,JP,paid_search,
4215,2025-11-06,TH,paid_social,
4216,2026-06-23,VN,paid_search,FLASH50
4217,2026-09-08,SG,paid_search,
4218,2026-02-20,TH,direct,
4219,2026-10-14,TH,affiliate,
4220,2026-07-27,VN,paid_social,
4221,2026-07-17,VN,paid_search,
4222,2026-10-06,TH,affiliate,
4223,2025-10-06,SG,paid_social,WELCOME10
4224,2026-08-09,MY,paid_search,
4225,2026-11-23,TH,paid_search,SUMMER25
4226,2026-12-11,MY,organic,
4227,2026-05-05,SG,direct,WELCOME10
4228,2026-08-07,KH,paid_social,
4229,2026-10-17,VN,paid_search,
4230,2026-09-28,TH,paid_search,
4231,2026-10-22,VN,email,
4232,2026-09-17,TH,paid_search,
4233,2026-01-20,AU,affiliate,
4234,2026-07-25,MY,affiliate,
4235,2026-02-04,TH,email,
4236,2026-09-01,VN,paid_search,WELCOME10
4237,2026-09-05,TH,affiliate,
4238,2026-11-11,KH,paid_search,
4239,2026-05-10,AU,direct,
4240,2026-03-11,ID,organic,
4241,2025-09-27,MY,paid_social,
4242,2026-06-06,MY,paid_search,SUMMER25
4243,2026-04-28,SG,email,
4244,2026-04-01,TH,organic,
4245,2026-06-26,MM,organic,
4246,2026-09-27,TH,affiliate,
4247,2025-09-18,TH,paid_search,FLASH50
4248,2026-02-15,TH,paid_search,FLASH50
4249,2026-07-20,KR,organic,FLASH50
4250,2026-09-10,AU,email,
4251,2026-08-19,TH,paid_social,
4252,2026-08-31,TH,paid_social,
4253,2026-09-29,PH,email,
4254,2026-11-25,SG,affiliate,WELCOME10
4255,2026-05-21,JP,paid_search,
4256,2025-11-10,LA,organic,
4257,2026-04-27,VN,paid_social,WELCOME10
4258,2026-07-14,TH,paid_social,FLASH50
4259,2025-08-23,ID,organic,
4260,2026-08-08,KR,email,
4261,2026-04-17,TH,paid_search,FLASH50
4262,2026-11-12,KH,paid_search,
4263,2025-10-21,TH,paid_search,
4264,2026-10-27,JP,email,
4265,2026-02-24,ID,organic,
4266,2026-05-02,TH,paid_search,
4267,2026-06-17,SG,paid_search,
4268,2026-05-05,TH,direct,FLASH50
4269,2026-10-25,TH,paid_search,
4270,2025-09-28,MM,paid_search,
4271,2026-07-25,TH,direct,
4272,2026-12-02,AU,paid_social,
4273,2025-10-26,TH,organic,
4274,2025-11-13,ID,organic,
4275,2026-03-11,JP,paid_social,
4276,2026-07-22,ID,paid_search,
4277,2026-11-24,LA,organic,
4278,2026-08-29,KR,paid_search,
4279,2026-08-28,ID,direct,
4280,2026-02-21,VN,affiliate,
4281,2026-06-09,TH,paid_social,FLASH50
4282,2025-10-21,SG,organic,SUMMER25
4283,2026-03-04,TH,paid_search,FLASH50
4284,2025-10-09,PH,direct,FLASH50
4285,2025-07-15,ID,paid_social,
4286,2026-09-30,MY,organic,WELCOME10
4287,2026-09-02,AU,affiliate,
4288,2026-03-30,TH,organic,
4289,2025-07-08,AU,paid_search,
4290,2025-08-18,TH,organic,
4291,2025-08-29,TH,email,
4292,2026-07-18,ID,affiliate,FLASH50
4293,2025-10-17,TH,paid_search,FLASH50
4294,2025-11-11,ID,paid_search,
4295,2026-10-02,VN,email,
4296,2026-10-11,PH,organic,
4297,2026-08-11,TH,organic,
4298,2025-12-13,TH,email,
4299,2026-05-06,TH,email,SUMMER25
4300,2025-10-15,SG,organic,FLASH50
4301,2026-10-01,TH,organic,SUMMER25
4302,2025-08-15,TH,paid_social,WELCOME10
4303,2026-08-01,PH,organic,
4304,2026-03-30,AU,paid_social,
4305,2026-08-08,PH,paid_social,
4306,2026-02-26,TH,paid_social,
4307,2025-09-23,MY,paid_search,
4308,2026-08-05,TH,affiliate,
4309,2026-06-02,TH,email,
4310,2026-03-05,SG,paid_social,FLASH50
4311,2026-01-15,AU,paid_search,
4312,2025-12-31,ID,direct,
4313,2026-03-14,TH,paid_search,
4314,2025-11-17,ID,organic,
4315,2025-11-28,AU,organic,
4316,2025-11-26,TH,paid_search,
4317,2025-07-07,PH,organic,
4318,2026-11-07,TH,affiliate,
4319,2025-11-04,TH,organic,
4320,2025-09-26,LA,paid_search,FLASH50
4321,2025-09-19,TH,email,
4322,2026-12-09,VN,organic,
4323,2026-03-12,TH,paid_social,
4324,2025-12-22,MY,direct,
4325,2026-02-01,ID,organic,FLASH50
4326,2025-08-17,KH,paid_search,
4327,2025-12-15,PH,organic,FLASH50
4328,2025-11-10,ID,paid_social,WELCOME10
4329,2026-09-02,TH,paid_search,FLASH50
4330,2025-08-01,TH,direct,FLASH50
4331,2026-02-12,ID,paid_social,
4332,2026-08-26,SG,paid_social,
4333,2026-09-18,TH,email,FLASH50
4334,2026-03-31,AU,organic,SUMMER25
4335,2025-10-27,TH,affiliate,
4336,2025-12-27,TH,paid_social,SUMMER25
4337,2025-10-27,LA,paid_social,
4338,2026-06-18,MY,paid_social,FLASH50
4339,2025-12-03,VN,organic,
4340,2026-06-02,TH,affiliate,
4341,2026-06-15,TH,paid_social,
4342,2026-11-13,ID,affiliate,
4343,2026-01-14,TH,email,
4344,2026-11-25,ID,paid_search,FLASH50
4345,2026-01-30,TH,direct,
4346,2026-06-28,TH,organic,
4347,2026-06-18,TH,organic,
4348,2026-09-09,TH,paid_search,FLASH50
4349,2026-03-08,TH,organic,
4350,2026-08-27,VN,paid_social,
4351,2026-01-06,MY,organic,
4352,2026-03-19,TH,paid_social,
4353,2026-03-24,MY,direct,
4354,2026-07-11,TH,affiliate,
4355,2026-05-26,SG,paid_search,
4356,2025-08-11,KH,direct,
4357,2026-09-05,VN,affiliate,
4358,2026-08-09,ID,affiliate,
4359,2025-08-25,TH,organic,
4360,2026-11-25,TH,paid_social,
4361,2026-06-18,VN,organic,
4362,2025-08-15,MY,organic,
4363,2026-03-19,ID,organic,FLASH50
4364,2026-09-19,JP,paid_social,
4365,2025-11-27,TH,organic,
4366,2026-11-10,PH,paid_search,
4367,2026-02-09,MY,paid_social,
4368,2025-10-29,TH,paid_search,WELCOME10
4369,2026-01-06,TH,paid_search,
4370,2026-04-06,MY,email,
4371,2026-07-02,TH,email,
4372,2026-11-07,ID,email,
4373,2025-10-12,ID,affiliate,
4374,2026-11-24,SG,organic,
4375,2026-04-08,MY,organic,
4376,2025-09-07,ID,paid_search,
4377,2026-11-06,SG,email,
4378,2026-01-03,KH,organic,
4379,2026-05-27,TH,organic,FLASH50
4380,2026-07-08,JP,affiliate,
4381,2025-07-08,TH,paid_social,
4382,2025-10-27,TH,paid_search,
4383,2026-07-01,ID,email,
4384,2025-12-21,TH,paid_social,FLASH50
4385,2025-07-05,TH,email,
4386,2025-07-13,TH,paid_search,
4387,2026-09-14,VN,paid_search,
4388,2025-09-20,MY,organic,
4389,2025-08-23,TH,paid_search,
4390,2026-04-26,SG,organic,FLASH50
4391,2025-09-02,TH,organic,
4392,2026-06-14,JP,organic,
4393,2026-04-17,TH,paid_search,
4394,2026-06-11,MY,organic,FLASH50
4395,2026-03-20,SG,organic,
4396,2026-08-19,MY,paid_search,
4397,2026-06-09,AU,organic,
4398,2026-02-07,TH,organic,
4399,2025-07-09,VN,direct,
4400,2025-11-23,SG,paid_search,
4401,2025-09-09,ID,affiliate,WELCOME10
4402,2025-07-09,TH,organic,FLASH50
4403,2025-11-23,TH,paid_search,
4404,2025-10-19,TH,organic,SUMMER25
4405,2025-08-10,TH,paid_search,
4406,2025-12-14,AU,affiliate,
4407,2026-03-27,VN,email,FLASH50
4408,2025-10-03,TH,paid_search,
4409,2025-11-23,MY,organic,
4410,2025-07-11,VN,affiliate,
4411,2025-07-27,TH,paid_social,
4412,2025-09-22,SG,paid_search,FLASH50
4413,2026-02-27,VN,paid_search,
4414,2026-06-21,TH,paid_search,SUMMER25
4415,2026-08-25,MY,paid_search,
4416,2026-06-01,TH,paid_search,
4417,2026-05-25,TH,organic,SUMMER25
4418,2026-11-11,ID,paid_social,
4419,2025-11-14,ID,paid_search,
4420,2026-08-30,KR,paid_search,FLASH50
4421,2026-11-12,TH,paid_search,FLASH50
4422,2026-04-29,VN,paid_social,
4423,2026-09-22,AU,paid_search,
4424,2025-09-12,ID,organic,
4425,2026-10-12,JP,paid_search,
4426,2026-04-27,KR,organic,
4427,2025-10-27,PH,paid_search,
4428,2025-08-02,KR,paid_search,WELCOME10
4429,2026-07-19,ID,paid_search,
4430,2026-02-15,SG,paid_search,FLASH50
4431,2025-12-13,MM,organic,WELCOME10
4432,2026-01-25,PH,paid_search,
4433,2026-12-11,TH,organic,
4434,2026-02-14,TH,direct,
4435,2025-08-11,TH,paid_social,
4436,2025-11-27,PH,paid_social,
4437,2025-09-16,TH,organic,
4438,2026-07-01,TH,email,
4439,2026-08-31,SG,paid_social,WELCOME10
4440,2026-09-22,TH,paid_search,
4441,2026-06-03,JP,paid_social,
4442,2026-08-14,SG,paid_search,WELCOME10
4443,2026-02-08,TH,direct,WELCOME10
4444,2026-05-31,TH,organic,
4445,2025-08-27,VN,affiliate,
4446,2026-04-13,ID,direct,
4447,2026-04-24,SG,paid_search,
4448,2025-07-17,TH,email,
4449,2026-04-19,LA,organic,WELCOME10
4450,2026-07-21,VN,paid_social,WELCOME10
4451,2026-01-12,VN,paid_search,
4452,2026-04-17,SG,paid_search,
4453,2025-11-30,KR,paid_search,FLASH50
4454,2025-11-22,VN,paid_social,
4455,2025-09-08,SG,paid_social,
4456,2025-12-22,JP,organic,
4457,2026-09-02,LA,paid_search,
4458,2026-11-11,VN,organic,FLASH50
4459,2026-06-04,VN,paid_social,FLASH50
4460,2026-05-29,SG,organic,
4461,2026-05-24,SG,paid_search,
4462,2026-03-11,TH,direct,
4463,2026-02-11,MY,direct,
4464,2026-05-27,TH,paid_search,WELCOME10
4465,2026-08-23,TH,organic,
4466,2026-02-06,AU,paid_social,
4467,2026-04-28,TH,paid_search,
4468,2026-03-08,PH,organic,FLASH50
4469,2025-11-30,TH,direct,FLASH50
4470,2025-12-02,TH,paid_search,
4471,2025-08-11,TH,paid_search,
4472,2026-02-20,SG,paid_search,
4473,2026-07-15,SG,email,
4474,2026-07-01,TH,affiliate,FLASH50
4475,2026-12-08,ID,organic,
4476,2025-07-22,SG,paid_social,
4477,2026-08-10,TH,email,
4478,2026-08-28,TH,paid_social,WELCOME10
4479,2026-02-18,TH,organic,
4480,2025-11-28,TH,paid_search,
4481,2026-01-07,TH,affiliate,WELCOME10
4482,2026-06-29,ID,organic,
4483,2026-10-03,ID,paid_search,
4484,2026-06-08,KH,paid_social,
4485,2026-04-01,VN,paid_social,FLASH50
4486,2026-06-13,MY,organic,
4487,2025-08-07,TH,organic,
4488,2026-05-21,TH,paid_social,SUMMER25
4489,2025-07-23,ID,organic,
4490,2026-11-24,TH,paid_search,SUMMER25
4491,2026-10-17,TH,paid_search,
4492,2026-03-28,JP,organic,
4493,2026-01-16,TH,paid_search,FLASH50
4494,2026-07-26,TH,direct,
4495,2026-06-05,AU,paid_search,
4496,2026-07-12,TH,organic,
4497,2026-04-01,TH,organic,
4498,2025-11-03,TH,paid_search,SUMMER25
4499,2025-08-09,TH,paid_search,
4500,2025-11-29,JP,email,WELCOME10
4501,2026-04-08,ID,paid_social,SUMMER25
4502,2026-02-12,SG,paid_search,
4503,2026-03-27,TH,paid_search,WELCOME10
4504,2025-11-26,TH,paid_search,
4505,2026-11-12,MY,organic,FLASH50
4506,2026-01-12,TH,paid_search,FLASH50
4507,2026-09-25,TH,organic,WELCOME10
4508,2026-01-25,ID,paid_search,
4509,2026-02-22,KH,paid_search,
4510,2026-05-18,LA,affiliate,
4511,2025-11-18,PH,organic,
4512,2025-10-26,MY,email,FLASH50
4513,2026-01-19,VN,paid_search,
4514,2026-09-02,MM,paid_social,WELCOME10
4515,2025-09-16,TH,paid_social,
4516,2026-02-19,TH,affiliate,SUMMER25
4517,2026-06-24,TH,paid_social,
4518,2026-07-12,KR,organic,
4519,2026-02-17,MM,paid_search,
4520,2025-08-13,PH,direct,
4521,2025-07-09,TH,paid_search,
4522,2026-03-08,AU,affiliate,
4523,2026-09-05,TH,email,
4524,2025-07-16,TH,paid_search,
4525,2026-10-17,MY,email,
4526,2026-06-26,VN,paid_search,FLASH50
4527,2025-07-05,KH,organic,
4528,2025-12-31,TH,paid_social,
4529,2025-10-26,TH,affiliate,
4530,2026-11-18,SG,paid_search,FLASH50
4531,2026-04-22,TH,organic,
4532,2025-12-20,KH,paid_social,WELCOME10
4533,2025-11-26,TH,affiliate,
4534,2026-04-27,TH,paid_social,
4535,2025-07-03,TH,paid_search,
4536,2025-11-15,VN,paid_search,
4537,2025-09-27,KH,paid_search,
4538,2026-05-27,TH,organic,
4539,2026-06-22,TH,affiliate,SUMMER25
4540,2026-03-06,AU,organic,
4541,2025-09-13,MY,paid_search,
4542,2026-01-14,TH,email,FLASH50
4543,2026-09-23,TH,paid_search,
4544,2025-10-17,KR,affiliate,
4545,2025-09-26,VN,organic,
4546,2025-08-29,TH,paid_search,FLASH50
4547,2026-09-09,TH,paid_social,WELCOME10
4548,2025-09-02,TH,email,
4549,2026-05-07,TH,paid_social,
4550,2026-12-15,TH,organic,
4551,2026-06-08,TH,organic,
4552,2026-02-05,TH,affiliate,
4553,2025-10-19,TH,paid_social,
4554,2025-07-02,SG,organic,SUMMER25
4555,2025-09-21,SG,paid_search,
4556,2026-11-20,PH,organic,SUMMER25
4557,2025-09-15,TH,organic,
4558,2025-07-11,KH,email,
4559,2026-09-08,LA,paid_search,
4560,2026-02-09,AU,organic,FLASH50
4561,2026-01-07,TH,email,FLASH50
4562,2026-07-18,TH,direct,
4563,2026-04-05,ID,email,WELCOME10
4564,2026-10-31,TH,affiliate,FLASH50
4565,2026-03-07,TH,direct,
4566,2026-07-15,TH,organic,
4567,2026-10-12,MY,email,FLASH50
4568,2026-03-05,PH,paid_search,
4569,2025-11-29,TH,organic,
4570,2026-12-02,AU,organic,
4571,2025-10-29,VN,organic,
4572,2025-07-21,TH,affiliate,
4573,2026-05-05,TH,email,
4574,2026-12-09,TH,organic,
4575,2025-08-16,MM,affiliate,
4576,2026-09-26,VN,affiliate,FLASH50
4577,2026-09-16,ID,organic,
4578,2026-11-08,ID,affiliate,
4579,2026-02-10,TH,organic,
4580,2025-11-13,AU,organic,
4581,2026-03-30,MM,paid_search,
4582,2025-09-14,VN,email,FLASH50
4583,2026-09-23,SG,organic,WELCOME10
4584,2026-06-19,TH,paid_search,
4585,2026-03-15,TH,paid_social,WELCOME10
4586,2026-04-01,TH,affiliate,
4587,2026-07-15,MY,email,
4588,2026-04-05,VN,paid_search,
4589,2026-09-21,AU,affiliate,
4590,2026-11-05,TH,paid_social,
4591,2026-11-19,TH,organic,SUMMER25
4592,2026-05-27,TH,paid_social,SUMMER25
4593,2026-07-31,KR,paid_search,FLASH50
4594,2025-12-13,VN,paid_social,FLASH50
4595,2025-07-21,SG,organic,
4596,2026-01-30,MY,organic,
4597,2026-10-08,MY,direct,
4598,2025-09-10,TH,email,
4599,2026-04-17,TH,paid_search,FLASH50
4600,2025-10-11,TH,affiliate,
4601,2026-02-14,TH,direct,
4602,2025-09-15,MY,organic,FLASH50
4603,2026-07-27,TH,paid_social,
4604,2026-09-05,VN,organic,
4605,2026-08-09,MY,affiliate,
4606,2026-07-11,MY,organic,
4607,2025-11-03,AU,affiliate,
4608,2026-04-09,TH,organic,
4609,2025-08-25,ID,paid_search,
4610,2026-01-16,TH,affiliate,
4611,2026-03-27,VN,organic,FLASH50
4612,2026-06-22,SG,email,
4613,2025-08-21,TH,organic,
4614,2026-09-07,TH,paid_search,SUMMER25
4615,2026-03-02,ID,affiliate,
4616,2026-10-13,ID,organic,
4617,2026-04-08,ID,paid_social,WELCOME10
4618,2026-04-18,SG,paid_search,FLASH50
4619,2026-07-05,ID,paid_social,
4620,2026-09-10,MY,paid_social,
4621,2025-09-23,TH,paid_search,
4622,2026-03-30,SG,organic,FLASH50
4623,2025-07-16,SG,organic,FLASH50
4624,2026-03-10,PH,direct,SUMMER25
4625,2026-09-07,SG,paid_search,SUMMER25
4626,2026-10-05,SG,organic,
4627,2025-11-29,KR,organic,WELCOME10
4628,2026-01-22,LA,affiliate,
4629,2026-04-20,TH,paid_search,
4630,2026-01-28,MM,organic,
4631,2025-10-03,TH,email,
4632,2025-12-10,PH,direct,
4633,2026-02-01,TH,email,
4634,2026-04-03,SG,paid_social,
4635,2026-11-03,KR,paid_search,
4636,2026-04-17,TH,organic,SUMMER25
4637,2026-01-23,PH,paid_search,
4638,2026-06-18,SG,paid_social,
4639,2026-08-17,TH,organic,SUMMER25
4640,2026-02-15,AU,paid_search,
4641,2026-03-18,MY,paid_social,
4642,2025-10-25,KH,affiliate,
4643,2026-10-04,KH,organic,
4644,2026-10-06,TH,email,FLASH50
4645,2025-10-02,TH,paid_search,
4646,2026-01-01,TH,paid_social,FLASH50
4647,2025-11-22,MY,direct,SUMMER25
4648,2026-11-04,TH,organic,
4649,2025-08-04,TH,email,
4650,2025-10-19,PH,affiliate,FLASH50
4651,2025-12-15,TH,direct,
4652,2026-04-25,ID,paid_search,
4653,2025-11-10,SG,organic,
4654,2026-04-13,TH,organic,FLASH50
4655,2026-08-03,TH,affiliate,
4656,2026-09-15,TH,organic,
4657,2025-08-22,MY,paid_search,
4658,2025-09-13,TH,direct,
4659,2025-08-20,PH,paid_search,
4660,2026-10-28,PH,organic,
4661,2026-06-13,TH,affiliate,FLASH50
4662,2026-04-10,KH,organic,
4663,2026-08-26,AU,paid_search,
4664,2026-05-09,TH,organic,
4665,2025-11-03,AU,paid_search,
4666,2026-03-29,TH,organic,
4667,2026-07-10,ID,affiliate,FLASH50
4668,2025-07-20,TH,paid_search,
4669,2026-05-20,PH,paid_search,FLASH50
4670,2026-03-22,PH,direct,
4671,2025-08-07,JP,affiliate,FLASH50
4672,2025-11-18,KR,paid_social,
4673,2026-02-25,TH,direct,WELCOME10
4674,2025-12-30,ID,organic,WELCOME10
4675,2025-12-02,TH,paid_social,
4676,2026-06-11,TH,email,
4677,2026-02-01,TH,paid_social,
4678,2026-03-23,AU,paid_search,
4679,2026-08-30,ID,affiliate,
4680,2025-08-19,TH,organic,
4681,2026-01-08,KR,organic,WELCOME10
4682,2025-08-08,PH,affiliate,FLASH50
4683,2026-11-07,TH,organic,FLASH50
4684,2025-10-07,SG,organic,
4685,2026-09-10,VN,paid_search,
4686,2025-10-10,ID,paid_search,
4687,2025-12-20,SG,paid_search,
4688,2026-05-21,SG,affiliate,WELCOME10
4689,2026-09-17,TH,paid_social,
4690,2025-10-03,SG,paid_social,
4691,2025-10-22,TH,organic,
4692,2026-10-13,TH,paid_search,FLASH50
4693,2025-12-19,TH,direct,
4694,2025-10-20,ID,paid_search,
4695,2026-08-01,SG,organic,
4696,2025-08-18,SG,direct,
4697,2026-10-06,TH,paid_search,SUMMER25
4698,2026-10-10,JP,paid_search,FLASH50
4699,2026-09-30,TH,organic,FLASH50
4700,2025-12-05,TH,paid_social,
4701,2025-08-30,TH,organic,FLASH50
4702,2026-02-12,ID,paid_social,WELCOME10
4703,2025-12-26,SG,affiliate,
4704,2026-11-24,TH,paid_social,
4705,2026-06-02,KH,organic,
4706,2026-11-16,VN,organic,
4707,2026-08-05,SG,affiliate,FLASH50
4708,2026-07-17,SG,email,
4709,2025-08-29,AU,organic,
4710,2025-08-06,AU,paid_search,
4711,2025-07-25,ID,paid_social,
4712,2026-05-13,VN,affiliate,
4713,2025-10-16,LA,email,
4714,2026-12-10,JP,paid_social,WELCOME10
4715,2025-09-09,TH,organic,
4716,2026-11-17,KR,affiliate,
4717,2026-06-21,ID,email,
4718,2025-08-26,MY,paid_search,
4719,2025-08-01,TH,paid_search,
4720,2026-01-28,TH,organic,WELCOME10
4721,2025-12-28,PH,paid_search,FLASH50
4722,2025-12-16,ID,email,
4723,2026-04-08,TH,organic,
4724,2025-09-08,MY,affiliate,FLASH50
4725,2025-09-08,TH,organic,
4726,2026-07-06,SG,organic,
4727,2026-12-10,MY,paid_social,
4728,2025-11-23,ID,organic,
4729,2026-11-09,TH,paid_social,FLASH50
4730,2025-12-31,TH,paid_search,SUMMER25
4731,2025-12-27,TH,affiliate,
4732,2025-08-18,MY,direct,
4733,2026-02-11,AU,paid_search,WELCOME10
4734,2026-03-23,VN,organic,
4735,2026-06-19,VN,affiliate,
4736,2025-09-23,TH,organic,
4737,2025-10-09,TH,organic,
4738,2026-02-16,LA,email,
4739,2025-08-07,SG,organic,
4740,2025-09-15,TH,paid_social,
4741,2026-06-01,MY,organic,
4742,2026-11-21,ID,paid_social,
4743,2026-05-02,TH,paid_social,
4744,2025-09-16,TH,paid_search,
4745,2026-12-11,ID,paid_social,FLASH50
4746,2026-04-05,TH,organic,FLASH50
4747,2026-07-18,SG,organic,FLASH50
4748,2025-10-13,PH,affiliate,
4749,2026-05-05,KR,email,SUMMER25
4750,2025-08-10,TH,affiliate,SUMMER25
4751,2026-05-30,TH,paid_social,
4752,2025-10-16,SG,paid_search,FLASH50
4753,2026-10-28,TH,paid_social,
4754,2025-07-30,LA,paid_social,
4755,2026-06-13,VN,organic,
4756,2025-09-13,TH,paid_search,
4757,2026-07-02,VN,organic,SUMMER25
4758,2026-03-21,TH,paid_search,
4759,2026-11-28,MY,affiliate,FLASH50
4760,2026-06-13,MM,paid_search,FLASH50
4761,2026-01-15,TH,affiliate,FLASH50
4762,2025-08-16,TH,direct,
4763,2026-05-14,KH,email,
4764,2026-02-21,SG,affiliate,
4765,2025-07-28,TH,email,WELCOME10
4766,2026-05-06,TH,paid_search,
4767,2025-10-20,TH,affiliate,
4768,2025-11-02,SG,paid_social,
4769,2025-07-05,TH,direct,
4770,2026-01-15,TH,paid_social,
4771,2025-10-25,TH,paid_search,WELCOME10
4772,2025-08-08,ID,affiliate,
4773,2026-02-17,LA,affiliate,
4774,2025-10-26,ID,organic,
4775,2025-09-10,ID,paid_social,FLASH50
4776,2026-03-06,PH,paid_social,FLASH50
4777,2025-08-03,TH,paid_social,
4778,2026-12-10,TH,direct,
4779,2026-03-09,TH,paid_social,
4780,2026-12-14,TH,email,FLASH50
4781,2026-10-13,KR,paid_search,WELCOME10
4782,2026-12-05,TH,organic,
4783,2026-04-16,PH,paid_search,SUMMER25
4784,2026-02-11,TH,paid_search,
4785,2026-07-19,SG,affiliate,
4786,2025-08-13,TH,paid_social,
4787,2026-09-21,TH,paid_search,WELCOME10
4788,2025-12-20,TH,paid_search,
4789,2025-07-04,ID,direct,
4790,2025-11-04,SG,organic,
4791,2025-11-07,PH,organic,
4792,2025-07-08,LA,paid_social,
4793,2026-06-22,SG,paid_social,
4794,2025-08-20,KR,paid_search,
4795,2026-09-25,TH,organic,FLASH50
4796,2026-02-27,TH,paid_search,SUMMER25
4797,2026-07-18,TH,organic,
4798,2025-12-29,MY,organic,
4799,2025-09-09,MY,paid_search,FLASH50
4800,2025-10-05,MY,organic,
4801,2026-06-10,LA,paid_search,
4802,2026-07-17,TH,affiliate,
4803,2025-11-20,PH,organic,
4804,2026-01-07,MY,paid_search,
4805,2026-11-16,SG,paid_search,
4806,2026-09-28,TH,organic,
4807,2026-02-06,TH,affiliate,
4808,2025-11-06,TH,organic,
4809,2025-12-08,VN,direct,
4810,2026-04-13,SG,paid_social,
4811,2026-04-29,TH,organic,
4812,2025-10-07,VN,email,FLASH50
4813,2025-08-05,ID,paid_search,
4814,2026-03-21,AU,organic,FLASH50
4815,2026-08-30,MY,paid_search,
4816,2025-09-20,ID,paid_social,
4817,2026-02-03,SG,paid_social,FLASH50
4818,2025-09-25,ID,paid_social,
4819,2025-11-07,SG,email,
4820,2026-05-23,TH,direct,
4821,2025-11-30,KR,organic,
4822,2025-11-18,VN,email,
4823,2026-12-13,MY,organic,
4824,2025-09-30,SG,direct,
4825,2025-10-09,VN,organic,FLASH50
4826,2026-11-08,TH,organic,
4827,2026-04-20,TH,paid_search,
4828,2025-07-23,TH,organic,
4829,2026-02-12,TH,affiliate,
4830,2026-04-28,TH,organic,WELCOME10
4831,2025-11-12,VN,paid_search,WELCOME10
4832,2026-04-19,TH,email,
4833,2026-06-11,PH,paid_social,
4834,2025-11-11,LA,paid_social,
4835,2026-09-07,TH,direct,
4836,2026-02-27,ID,organic,
4837,2026-11-26,SG,paid_search,
4838,2025-08-16,MM,organic,
4839,2025-12-20,SG,organic,
4840,2026-07-20,TH,organic,FLASH50
4841,2026-10-20,TH,paid_social,SUMMER25
4842,2025-10-27,LA,organic,
4843,2026-12-05,TH,paid_social,
4844,2025-10-12,PH,affiliate,
4845,2026-02-07,TH,paid_search,
4846,2025-12-15,ID,paid_search,
4847,2026-02-12,SG,organic,
4848,2026-10-24,TH,affiliate,
4849,2026-07-26,TH,paid_search,SUMMER25
4850,2026-08-29,TH,affiliate,SUMMER25
4851,2025-11-13,VN,paid_search,
4852,2026-11-17,VN,paid_social,
4853,2026-02-18,TH,paid_search,
4854,2026-06-13,SG,paid_search,
4855,2026-07-07,TH,paid_search,
4856,2026-06-19,VN,paid_social,
4857,2026-05-17,VN,paid_search,
4858,2026-03-13,LA,affiliate,
4859,2026-06-11,KH,organic,
4860,2026-10-26,TH,email,
4861,2026-01-24,TH,email,FLASH50
4862,2026-03-30,LA,organic,WELCOME10
4863,2025-10-04,TH,organic,FLASH50
4864,2026-01-06,TH,paid_social,
4865,2026-08-16,TH,organic,FLASH50
4866,2026-06-07,VN,organic,
4867,2025-10-21,ID,paid_search,
4868,2026-04-18,KR,paid_social,
4869,2026-09-06,TH,organic,
4870,2025-09-05,TH,direct,
4871,2025-08-03,TH,organic,
4872,2026-01-26,VN,organic,WELCOME10
4873,2026-06-15,TH,organic,
4874,2025-12-15,AU,email,
4875,2026-09-11,SG,email,FLASH50
4876,2026-09-25,VN,organic,
4877,2026-04-10,PH,paid_social,FLASH50
4878,2026-01-18,SG,organic,
4879,2025-07-23,VN,organic,
4880,2026-09-11,TH,organic,SUMMER25
4881,2026-10-21,PH,affiliate,
4882,2026-02-21,PH,paid_search,
4883,2026-04-02,MY,paid_social,WELCOME10
4884,2026-08-06,TH,organic,
4885,2026-07-06,JP,email,FLASH50
4886,2025-09-11,AU,direct,
4887,2026-06-24,MY,organic,
4888,2026-11-05,KR,paid_social,
4889,2026-08-05,SG,paid_social,
4890,2026-03-14,TH,direct,
4891,2026-04-05,SG,paid_search,
4892,2025-11-16,TH,organic,
4893,2026-06-18,MY,paid_search,
4894,2025-11-06,ID,paid_social,
4895,2025-12-30,TH,paid_search,
4896,2025-11-19,TH,organic,FLASH50
4897,2025-12-26,VN,affiliate,
4898,2026-01-12,VN,email,WELCOME10
4899,2025-08-14,KR,paid_search,WELCOME10
4900,2026-07-18,TH,paid_search,
4901,2026-02-21,PH,paid_search,
4902,2026-11-19,TH,paid_search,
4903,2025-10-05,TH,organic,FLASH50
4904,2026-06-22,VN,paid_search,
4905,2025-10-04,SG,paid_search,
4906,2026-04-18,VN,direct,
4907,2026-03-19,TH,organic,
4908,2026-02-25,TH,paid_search,FLASH50
4909,2026-06-14,MY,paid_search,
4910,2026-09-15,TH,affiliate,
4911,2025-12-16,TH,paid_search,WELCOME10
4912,2026-09-26,TH,organic,
4913,2025-10-07,TH,paid_search,
4914,2025-12-04,VN,organic,FLASH50
4915,2025-12-13,TH,paid_search,SUMMER25
4916,2026-11-21,MY,paid_social,
4917,2025-09-02,MY,paid_search,
4918,2026-01-27,MY,paid_social,
4919,2026-02-12,SG,organic,
4920,2026-08-31,ID,paid_social,
4921,2026-03-16,PH,direct,
4922,2026-11-28,TH,paid_search,SUMMER25
4923,2026-07-30,PH,affiliate,
4924,2026-07-11,TH,paid_search,FLASH50
4925,2026-08-06,SG,paid_social,
4926,2025-09-25,SG,paid_search,
4927,2026-02-25,TH,direct,
4928,2026-05-09,TH,organic,FLASH50
4929,2025-10-20,TH,organic,WELCOME10
4930,2025-09-02,TH,organic,
4931,2025-09-11,MY,paid_search,
4932,2026-08-25,TH,paid_social,FLASH50
4933,2026-06-16,PH,paid_social,
4934,2025-11-27,LA,organic,
4935,2026-07-28,TH,paid_social,
4936,2026-07-06,TH,organic,
4937,2026-09-09,TH,affiliate,
4938,2026-10-29,KH,organic,
4939,2026-10-14,TH,paid_search,
4940,2025-10-05,TH,paid_search,
4941,2026-08-15,KR,paid_search,
4942,2026-01-26,SG,paid_social,
4943,2026-01-31,TH,direct,
4944,2026-06-10,LA,paid_search,
4945,2026-05-17,MM,paid_search,
4946,2026-02-09,SG,organic,
4947,2026-12-15,TH,paid_social,
4948,2025-10-02,SG,paid_search,
4949,2025-08-21,TH,affiliate,
4950,2025-07-16,SG,paid_social,
4951,2026-09-07,TH,paid_search,
4952,2026-02-02,ID,direct,
4953,2026-02-19,VN,organic,FLASH50
4954,2026-06-12,JP,paid_social,
4955,2026-02-18,PH,paid_search,
4956,2026-05-02,TH,organic,
4957,2025-08-01,TH,organic,
4958,2025-09-22,MY,paid_social,
4959,2026-11-09,TH,organic,
4960,2026-02-26,TH,email,
4961,2025-09-28,VN,paid_search,
4962,2026-01-13,TH,paid_search,
4963,2025-12-26,TH,paid_social,
4964,2025-11-24,SG,organic,
4965,2025-12-04,JP,organic,
4966,2026-07-24,ID,paid_search,
4967,2025-08-26,TH,paid_search,
4968,2025-12-13,SG,paid_search,
4969,2026-03-07,LA,paid_search,
4970,2026-04-14,TH,paid_social,
4971,2026-10-13,ID,affiliate,
4972,2026-11-05,VN,paid_search,
4973,2025-12-06,ID,affiliate,WELCOME10
4974,2026-04-14,TH,organic,
4975,2025-07-12,LA,paid_search,
4976,2026-05-25,TH,paid_search,
4977,2025-09-20,TH,paid_search,
4978,2025-08-09,TH,organic,
4979,2026-06-24,SG,organic,
4980,2025-10-03,TH,organic,
4981,2026-03-12,VN,organic,WELCOME10
4982,2025-08-23,KH,paid_search,
4983,2026-08-02,TH,paid_search,
4984,2026-08-12,PH,organic,
4985,2026-05-03,KR,paid_social,
4986,2026-09-19,TH,paid_search,
4987,2026-02-18,VN,organic,
4988,2025-10-08,KR,organic,
4989,2025-09-19,VN,paid_social,
4990,2025-10-25,SG,paid_social,
4991,2025-10-15,KH,affiliate,
4992,2025-12-20,ID,organic,
4993,2025-10-23,TH,paid_social,
4994,2026-05-12,TH,paid_search,
4995,2025-09-18,SG,affiliate,
4996,2026-05-28,TH,paid_social,
4997,2025-12-26,TH,organic,FLASH50
4998,2026-07-02,TH,direct,
4999,2026-03-31,PH,paid_search,
5000,2026-10-26,ID,direct,WELCOME10
5001,2026-02-20,TH,organic,
5002,2025-12-05,TH,paid_search,FLASH50
5003,2026-05-11,TH,paid_social,
5004,2026-06-17,TH,organic,SUMMER25
5005,2026-02-20,ID,paid_social,
5006,2026-04-25,TH,organic,
5007,2026-03-08,JP,organic,
5008,2025-12-11,TH,organic,
5009,2025-12-15,TH,direct,
5010,2026-10-27,PH,direct,
5011,2026-06-25,TH,paid_search,
5012,2025-08-20,TH,paid_search,
5013,2026-11-25,TH,organic,
5014,2026-07-15,ID,paid_search,
5015,2025-07-27,TH,direct,
5016,2026-07-23,PH,affiliate,
5017,2026-05-11,ID,paid_social,
5018,2026-10-31,KH,organic,
5019,2026-03-18,ID,affiliate,
5020,2026-04-03,VN,direct,
5021,2025-12-15,ID,direct,
5022,2025-12-19,SG,paid_social,SUMMER25
5023,2026-05-26,ID,organic,
5024,2026-09-15,ID,direct,
5025,2026-10-18,TH,paid_search,
5026,2026-08-15,ID,organic,FLASH50
5027,2026-05-22,TH,organic,
5028,2026-03-24,MY,paid_social,
5029,2025-12-29,TH,affiliate,
5030,2026-08-14,TH,direct,
5031,2025-12-17,TH,direct,SUMMER25
5032,2025-11-20,TH,paid_social,FLASH50
5033,2026-10-06,TH,direct,
5034,2026-05-11,TH,organic,
5035,2026-01-05,MY,organic,
5036,2026-10-05,TH,organic,
5037,2026-11-26,KR,affiliate,SUMMER25
5038,2025-12-17,PH,email,FLASH50
5039,2026-04-04,TH,affiliate,
5040,2026-03-15,TH,direct,
5041,2026-07-09,SG,paid_search,FLASH50
5042,2026-11-19,TH,affiliate,
5043,2026-04-19,SG,paid_search,
5044,2026-08-30,ID,affiliate,
5045,2026-05-14,ID,affiliate,
5046,2026-10-16,TH,paid_search,
5047,2026-02-01,ID,organic,
5048,2026-01-22,TH,organic,
5049,2026-02-11,PH,email,
5050,2026-12-14,JP,paid_social,
5051,2026-05-22,TH,paid_search,
5052,2025-09-20,VN,direct,
5053,2025-07-22,PH,paid_search,
5054,2026-04-03,SG,paid_search,WELCOME10
5055,2026-09-03,TH,affiliate,
5056,2026-03-13,VN,paid_search,WELCOME10
5057,2026-04-25,TH,paid_search,
5058,2026-08-30,TH,paid_social,
5059,2026-04-02,ID,paid_search,
5060,2026-10-28,SG,paid_search,WELCOME10
5061,2026-06-06,TH,organic,
5062,2026-07-25,KR,email,
5063,2026-08-21,TH,paid_search,
5064,2026-05-31,SG,email,
5065,2025-07-27,ID,paid_social,SUMMER25
5066,2026-02-13,TH,organic,WELCOME10
5067,2025-09-14,VN,paid_search,FLASH50
5068,2026-03-30,ID,paid_search,
5069,2025-09-15,SG,affiliate,
5070,2026-03-29,MY,paid_search,
5071,2025-12-31,AU,paid_social,FLASH50
5072,2025-07-11,MM,affiliate,
5073,2025-09-05,TH,organic,
5074,2026-03-26,TH,email,
5075,2025-08-12,SG,paid_search,FLASH50
5076,2026-09-30,MM,paid_social,
5077,2026-08-09,PH,organic,
5078,2026-07-14,TH,organic,SUMMER25
5079,2025-09-30,KH,affiliate,
5080,2026-08-29,TH,paid_search,
5081,2026-06-04,TH,email,
5082,2026-01-25,MY,paid_social,
5083,2025-07-01,TH,paid_social,
5084,2026-04-08,ID,paid_search,FLASH50
5085,2026-08-29,TH,email,WELCOME10
5086,2025-07-18,VN,direct,
5087,2025-07-29,AU,organic,
5088,2026-01-21,TH,paid_search,
5089,2026-03-30,SG,email,
5090,2026-03-10,VN,organic,
5091,2026-02-13,TH,organic,FLASH50
5092,2025-11-14,VN,direct,
5093,2025-08-01,MY,paid_search,
5094,2025-07-17,TH,direct,
5095,2025-08-22,KH,paid_search,
5096,2026-07-03,SG,paid_search,
5097,2026-08-23,TH,paid_search,FLASH50
5098,2026-02-17,TH,paid_search,
5099,2025-08-11,VN,email,
5100,2026-02-07,AU,paid_social,
5101,2026-12-08,TH,direct,WELCOME10
5102,2025-11-11,TH,paid_search,
5103,2026-03-19,TH,direct,
5104,2026-04-13,ID,paid_social,
5105,2025-12-23,TH,organic,
5106,2026-02-19,SG,paid_search,FLASH50
5107,2026-03-09,TH,organic,
5108,2026-03-10,SG,organic,
5109,2026-07-18,ID,email,
5110,2026-05-06,MY,direct,
5111,2025-07-29,TH,organic,FLASH50
5112,2025-07-04,SG,organic,
5113,2026-02-04,SG,organic,
5114,2026-10-27,MY,affiliate,
5115,2025-07-20,TH,paid_social,WELCOME10
5116,2025-08-07,TH,paid_social,SUMMER25
5117,2026-06-28,MY,paid_social,
5118,2026-02-26,TH,direct,
5119,2025-10-31,ID,organic,
5120,2025-10-19,TH,organic,
5121,2026-06-20,TH,paid_social,SUMMER25
5122,2026-04-06,ID,direct,
5123,2026-06-06,TH,paid_social,
5124,2025-11-27,TH,email,
5125,2026-04-07,PH,email,
5126,2026-10-02,SG,organic,
5127,2025-12-16,MM,paid_social,
5128,2026-01-28,TH,email,
5129,2025-09-26,KH,organic,FLASH50
5130,2026-06-06,PH,paid_social,
5131,2025-07-18,TH,organic,
5132,2025-11-10,MY,affiliate,
5133,2026-07-16,ID,organic,
5134,2025-07-11,SG,paid_search,
5135,2026-12-10,TH,paid_social,
5136,2026-02-01,AU,paid_social,
5137,2026-01-29,ID,organic,
5138,2026-04-12,JP,organic,WELCOME10
5139,2026-06-06,PH,email,
5140,2026-03-02,PH,direct,
5141,2026-10-15,VN,paid_social,WELCOME10
5142,2026-11-25,ID,organic,
5143,2025-10-15,KH,affiliate,
5144,2026-07-12,MY,paid_social,
5145,2025-12-08,TH,paid_search,
5146,2026-12-13,MY,organic,
5147,2025-11-13,TH,organic,WELCOME10
5148,2025-12-05,AU,organic,FLASH50
5149,2026-07-16,ID,paid_social,SUMMER25
5150,2026-08-25,MY,paid_search,
5151,2025-09-07,TH,paid_search,
5152,2026-04-23,SG,paid_search,
5153,2026-01-01,TH,paid_social,
5154,2026-05-23,ID,paid_social,
5155,2026-04-23,MY,paid_search,FLASH50
5156,2026-12-08,SG,organic,WELCOME10
5157,2026-11-10,TH,organic,
5158,2026-06-14,MY,paid_social,
5159,2026-06-28,SG,paid_search,
5160,2026-10-23,PH,paid_search,
5161,2025-10-06,LA,paid_search,
5162,2026-07-22,VN,organic,
5163,2026-08-16,TH,organic,
5164,2025-09-06,TH,paid_social,
5165,2026-10-13,MM,paid_search,
5166,2026-07-08,KR,paid_social,
5167,2026-01-02,TH,organic,FLASH50
5168,2026-03-16,ID,affiliate,WELCOME10
5169,2026-03-18,SG,paid_search,
5170,2026-11-02,TH,paid_social,WELCOME10
5171,2026-11-29,KR,paid_search,WELCOME10
5172,2026-09-04,AU,paid_search,
5173,2026-06-13,KR,affiliate,
5174,2025-08-25,TH,organic,
5175,2026-10-31,SG,organic,FLASH50
5176,2025-09-10,LA,organic,
5177,2025-09-27,ID,direct,
5178,2025-08-07,SG,email,WELCOME10
5179,2026-11-18,SG,paid_social,
5180,2026-03-20,TH,paid_search,WELCOME10
5181,2025-11-03,MY,organic,FLASH50
5182,2025-08-13,PH,affiliate,FLASH50
5183,2026-02-05,TH,organic,
5184,2026-07-21,TH,organic,
5185,2026-12-13,SG,affiliate,FLASH50
5186,2026-04-21,MY,organic,
5187,2026-05-20,TH,affiliate,WELCOME10
5188,2026-09-19,TH,affiliate,SUMMER25
5189,2026-10-24,VN,affiliate,
5190,2025-11-27,TH,paid_social,
5191,2026-12-11,ID,paid_search,
5192,2026-04-03,MY,paid_social,SUMMER25
5193,2026-11-08,SG,affiliate,SUMMER25
5194,2025-09-01,MY,affiliate,
5195,2025-08-21,ID,email,SUMMER25
5196,2026-10-15,MY,direct,FLASH50
5197,2026-06-24,MY,paid_social,
5198,2025-10-02,SG,email,
5199,2026-10-20,SG,organic,
5200,2025-08-24,SG,direct,
5201,2026-06-29,SG,email,
5202,2025-10-18,SG,organic,
5203,2025-08-07,TH,paid_social,
5204,2026-09-03,VN,paid_search,
5205,2026-09-25,TH,affiliate,
5206,2025-08-26,LA,organic,
5207,2025-08-19,ID,paid_search,FLASH50
5208,2026-05-24,TH,paid_search,FLASH50
5209,2025-07-16,ID,paid_search,
5210,2026-08-02,TH,direct,FLASH50
5211,2026-11-01,MM,paid_search,
5212,2026-08-05,AU,paid_search,FLASH50
5213,2025-10-31,PH,email,
5214,2025-10-10,MY,organic,
5215,2026-06-28,MM,organic,
5216,2025-08-02,ID,organic,WELCOME10
5217,2026-04-13,KH,direct,FLASH50
5218,2026-02-25,TH,email,
5219,2026-08-01,LA,paid_social,
5220,2025-10-16,ID,paid_search,FLASH50
5221,2026-08-11,TH,paid_search,
5222,2026-07-08,KR,paid_social,FLASH50
5223,2025-11-05,ID,paid_search,
5224,2026-01-07,LA,organic,
5225,2025-08-05,TH,organic,FLASH50
5226,2026-02-25,MY,email,
5227,2025-11-16,VN,paid_social,
5228,2025-08-30,TH,organic,FLASH50
5229,2026-04-25,VN,direct,
5230,2026-04-29,ID,paid_search,
5231,2025-08-15,TH,affiliate,
5232,2025-10-07,ID,organic,
5233,2025-08-14,TH,direct,
5234,2026-06-27,PH,organic,
5235,2025-12-28,KH,direct,
5236,2025-08-07,SG,paid_social,FLASH50
5237,2025-10-11,SG,organic,
5238,2026-12-03,TH,organic,
5239,2025-11-14,TH,affiliate,
5240,2026-06-30,KH,organic,
5241,2026-03-07,TH,organic,
5242,2025-10-05,TH,paid_social,
5243,2025-12-11,TH,organic,
5244,2025-07-08,ID,paid_search,
5245,2026-08-03,PH,paid_social,
5246,2025-12-26,TH,organic,
5247,2026-03-24,TH,paid_search,FLASH50
5248,2025-09-20,TH,organic,
5249,2026-09-13,TH,direct,
5250,2025-10-25,TH,organic,FLASH50
5251,2026-04-28,VN,paid_social,
5252,2026-10-09,MY,paid_social,
5253,2026-07-16,TH,affiliate,WELCOME10
5254,2026-05-18,ID,paid_search,
5255,2026-10-17,VN,organic,
5256,2025-10-03,TH,paid_search,FLASH50
5257,2026-11-26,TH,paid_social,
5258,2026-04-23,VN,affiliate,
5259,2026-02-04,TH,organic,
5260,2025-11-14,PH,affiliate,SUMMER25
5261,2026-08-02,PH,organic,
5262,2026-12-03,KH,paid_search,
5263,2026-07-03,TH,paid_social,
5264,2025-07-18,TH,organic,
5265,2026-03-08,KH,direct,
5266,2026-07-26,SG,paid_social,FLASH50
5267,2026-01-28,TH,organic,
5268,2026-08-17,MY,organic,
5269,2026-07-12,TH,affiliate,WELCOME10
5270,2025-08-05,ID,affiliate,
5271,2026-04-24,AU,organic,
5272,2025-09-30,ID,organic,
5273,2026-03-17,SG,paid_social,
5274,2026-01-21,JP,paid_search,WELCOME10
5275,2026-09-04,ID,paid_search,
5276,2026-10-06,TH,paid_search,
5277,2026-03-03,ID,paid_search,FLASH50
5278,2026-04-13,TH,organic,
5279,2026-05-30,TH,paid_search,
5280,2026-06-15,MY,organic,
5281,2026-06-04,TH,organic,
5282,2026-08-22,TH,direct,
5283,2026-12-06,MY,organic,SUMMER25
5284,2026-09-15,TH,organic,WELCOME10
5285,2025-09-10,MY,email,
5286,2026-03-11,TH,direct,
5287,2026-03-03,ID,affiliate,WELCOME10
5288,2026-03-29,LA,organic,
5289,2026-04-08,TH,paid_social,WELCOME10
5290,2026-07-18,VN,paid_social,
5291,2026-02-10,TH,affiliate,
5292,2025-11-18,TH,organic,
5293,2026-03-01,TH,paid_search,
5294,2026-09-29,TH,organic,
5295,2025-12-13,TH,paid_social,WELCOME10
5296,2025-07-12,VN,paid_search,
5297,2026-12-03,VN,paid_search,
5298,2025-10-13,KR,paid_social,
5299,2026-05-18,AU,email,
5300,2026-08-31,SG,email,WELCOME10
5301,2025-11-24,TH,paid_social,
5302,2025-12-29,TH,organic,SUMMER25
5303,2025-11-27,MY,email,
5304,2025-09-18,KH,organic,
5305,2025-09-20,TH,organic,
5306,2025-10-08,TH,paid_search,
5307,2026-03-02,SG,paid_social,
5308,2026-04-09,LA,organic,
5309,2025-07-09,SG,organic,
5310,2026-09-25,VN,organic,
5311,2026-06-26,SG,paid_social,SUMMER25
5312,2025-08-07,TH,paid_social,
5313,2026-09-23,SG,paid_search,
5314,2025-07-17,VN,paid_search,
5315,2026-04-25,VN,affiliate,
5316,2026-03-05,SG,paid_search,
5317,2026-03-25,TH,paid_search,FLASH50
5318,2026-11-22,TH,paid_social,SUMMER25
5319,2026-11-07,TH,paid_social,
5320,2025-11-26,TH,affiliate,
5321,2026-05-05,TH,organic,
5322,2026-11-24,ID,email,
5323,2026-07-24,PH,paid_search,
5324,2026-10-17,VN,email,
5325,2026-02-17,VN,paid_search,
5326,2025-11-28,KR,paid_search,
5327,2026-03-30,JP,organic,
5328,2026-09-09,TH,paid_search,
5329,2026-11-08,TH,paid_search,
5330,2026-07-01,TH,email,WELCOME10
5331,2026-07-12,LA,email,
5332,2026-03-30,TH,paid_search,
5333,2025-12-18,TH,email,
5334,2026-02-11,MY,email,
5335,2026-03-23,MY,direct,
5336,2026-09-08,MY,paid_search,
5337,2026-04-23,VN,organic,
5338,2026-08-27,MY,direct,
5339,2025-07-15,PH,paid_social,
5340,2026-08-08,TH,paid_search,
5341,2026-03-28,PH,paid_search,WELCOME10
5342,2026-12-15,MY,organic,
5343,2026-03-09,TH,organic,
5344,2026-03-13,JP,organic,
5345,2025-09-06,AU,paid_social,WELCOME10
5346,2026-09-04,PH,paid_search,
5347,2026-07-09,MM,paid_search,
5348,2026-10-03,TH,organic,
5349,2025-08-19,TH,organic,
5350,2025-10-21,TH,paid_search,SUMMER25
5351,2026-10-11,KH,organic,FLASH50
5352,2025-07-23,PH,email,
5353,2026-03-28,KR,paid_search,
5354,2026-02-01,PH,paid_search,FLASH50
5355,2026-11-13,ID,paid_search,FLASH50
5356,2026-09-30,TH,paid_social,
5357,2026-10-21,TH,organic,
5358,2025-12-02,SG,affiliate,
5359,2026-05-10,VN,organic,
5360,2026-07-09,TH,paid_search,
5361,2026-11-28,MM,paid_search,FLASH50
5362,2025-07-04,ID,paid_social,FLASH50
5363,2026-12-03,TH,paid_social,
5364,2026-01-06,KH,affiliate,
5365,2025-09-07,MY,paid_search,
5366,2026-05-25,VN,organic,WELCOME10
5367,2026-08-21,TH,paid_social,
5368,2025-09-08,TH,paid_search,FLASH50
5369,2025-07-22,TH,paid_social,
5370,2026-10-21,MY,paid_search,
5371,2026-11-10,VN,paid_search,
5372,2025-09-22,JP,paid_social,
5373,2026-10-25,LA,paid_search,
5374,2026-10-28,TH,email,
5375,2026-12-14,KR,affiliate,WELCOME10
5376,2025-10-24,TH,paid_search,WELCOME10
5377,2026-05-05,TH,organic,
5378,2026-12-12,VN,organic,
5379,2026-10-25,LA,organic,
5380,2026-05-19,AU,organic,
5381,2025-10-14,PH,organic,
5382,2025-08-14,TH,paid_social,
5383,2025-11-16,TH,paid_search,WELCOME10
5384,2025-08-04,TH,organic,
5385,2025-10-13,MY,paid_search,WELCOME10
5386,2025-08-09,SG,affiliate,
5387,2026-08-11,TH,paid_search,FLASH50
5388,2026-05-11,SG,email,
5389,2026-04-03,MY,email,WELCOME10
5390,2026-09-05,VN,email,
5391,2026-02-04,TH,paid_social,
5392,2026-01-31,TH,affiliate,WELCOME10
5393,2025-10-19,ID,paid_search,
5394,2026-02-23,ID,paid_social,
5395,2025-10-02,TH,organic,WELCOME10
5396,2026-05-11,TH,organic,FLASH50
5397,2026-12-14,AU,direct,
5398,2026-04-11,VN,paid_search,
5399,2025-12-07,TH,organic,
5400,2026-07-02,MY,organic,
5401,2026-09-11,MY,paid_search,
5402,2026-03-09,TH,affiliate,
5403,2025-11-11,TH,email,
5404,2026-07-16,AU,organic,
5405,2025-10-08,SG,organic,SUMMER25
5406,2026-12-14,TH,organic,
5407,2025-12-17,VN,paid_social,
5408,2026-01-03,SG,paid_search,
5409,2026-07-23,ID,affiliate,
5410,2025-07-07,TH,paid_social,FLASH50
5411,2025-10-17,TH,organic,FLASH50
5412,2025-09-05,TH,organic,FLASH50
5413,2026-01-25,JP,paid_search,
5414,2026-04-22,ID,paid_social,
5415,2025-10-04,PH,paid_social,
5416,2025-12-31,TH,direct,
5417,2026-08-16,VN,organic,
5418,2026-11-14,SG,direct,
5419,2025-07-08,ID,organic,FLASH50
5420,2026-05-31,TH,paid_search,FLASH50
5421,2025-07-14,ID,organic,FLASH50
5422,2026-04-04,TH,organic,WELCOME10
5423,2026-10-12,TH,organic,
5424,2026-08-30,VN,organic,
5425,2025-11-02,TH,paid_social,
5426,2025-11-15,TH,affiliate,
5427,2026-08-22,MM,affiliate,
5428,2026-09-10,TH,affiliate,
5429,2025-11-27,MY,affiliate,
5430,2025-07-02,PH,direct,
5431,2026-02-22,VN,organic,
5432,2026-05-27,TH,direct,
5433,2026-02-22,MY,paid_search,FLASH50
5434,2026-11-11,MY,paid_search,
5435,2026-09-07,TH,paid_social,
5436,2026-08-24,VN,organic,
5437,2025-07-11,JP,organic,WELCOME10
5438,2026-09-28,TH,paid_search,
5439,2026-08-07,TH,affiliate,
5440,2026-01-28,VN,email,SUMMER25
5441,2026-05-11,SG,organic,WELCOME10
5442,2026-09-13,VN,organic,
5443,2026-10-27,TH,paid_social,
5444,2026-04-20,TH,paid_search,WELCOME10
5445,2025-07-23,ID,organic,
5446,2026-05-26,KR,paid_search,
5447,2026-06-28,TH,paid_social,
5448,2025-08-01,KH,organic,WELCOME10
5449,2026-09-09,TH,organic,FLASH50
5450,2025-10-16,TH,organic,FLASH50
5451,2026-10-18,SG,paid_search,FLASH50
5452,2026-04-20,TH,organic,
5453,2025-12-19,ID,paid_social,
5454,2025-08-01,TH,email,
5455,2025-07-10,SG,organic,
5456,2026-07-31,TH,organic,
5457,2026-01-18,PH,organic,
5458,2026-09-21,MM,direct,
5459,2025-10-31,TH,paid_search,FLASH50
5460,2026-11-03,SG,affiliate,
5461,2026-11-14,KR,email,
5462,2025-08-24,TH,direct,
5463,2026-06-10,PH,email,
5464,2026-11-13,MY,organic,
5465,2025-12-20,KH,paid_social,SUMMER25
5466,2025-08-06,TH,direct,
5467,2026-10-10,TH,paid_social,SUMMER25
5468,2026-03-10,TH,affiliate,FLASH50
5469,2025-07-15,TH,email,
5470,2026-09-21,TH,paid_social,
5471,2026-06-27,KR,paid_social,
5472,2025-08-07,TH,paid_social,
5473,2025-11-15,TH,paid_search,
5474,2025-07-10,TH,organic,SUMMER25
5475,2026-11-21,TH,paid_social,
5476,2025-07-14,MY,direct,
5477,2026-08-29,TH,email,
5478,2026-03-30,VN,organic,FLASH50
5479,2026-05-07,PH,affiliate,
5480,2026-09-06,TH,organic,
5481,2026-10-21,VN,paid_social,
5482,2025-09-06,TH,direct,
5483,2025-07-10,SG,direct,
5484,2025-09-05,AU,paid_social,FLASH50
5485,2026-06-29,LA,paid_social,
5486,2026-04-30,TH,paid_search,FLASH50
5487,2025-08-14,SG,paid_social,
5488,2025-11-02,TH,organic,
5489,2026-04-13,SG,organic,FLASH50
5490,2026-07-25,ID,affiliate,
5491,2025-12-31,TH,organic,SUMMER25
5492,2026-11-19,MM,paid_social,
5493,2026-12-11,VN,paid_search,FLASH50
5494,2026-08-13,TH,organic,
5495,2026-02-28,KH,organic,SUMMER25
5496,2026-10-11,VN,organic,WELCOME10
5497,2026-07-23,TH,organic,FLASH50
5498,2026-04-03,MY,paid_social,WELCOME10
5499,2026-02-22,KH,paid_social,
5500,2026-09-17,JP,paid_search,
5501,2026-04-23,TH,affiliate,SUMMER25
5502,2025-10-06,ID,affiliate,
5503,2026-12-15,KH,paid_social,
5504,2025-08-06,KR,paid_social,
5505,2026-07-06,TH,paid_social,
5506,2026-06-15,SG,organic,WELCOME10
5507,2026-05-09,KH,organic,WELCOME10
5508,2025-07-28,TH,organic,
5509,2026-03-20,SG,affiliate,
5510,2026-10-19,MY,paid_search,
5511,2025-11-05,MY,direct,SUMMER25
5512,2026-07-04,VN,organic,
5513,2026-10-01,TH,paid_search,
5514,2026-11-20,VN,organic,
5515,2026-04-02,TH,affiliate,WELCOME10
5516,2025-12-15,PH,paid_search,FLASH50
5517,2026-07-08,TH,paid_social,FLASH50
5518,2026-03-17,TH,paid_social,
5519,2026-05-31,JP,organic,FLASH50
5520,2026-07-31,VN,affiliate,
5521,2026-07-14,TH,affiliate,
5522,2025-11-07,TH,paid_social,
5523,2026-08-07,MY,organic,
5524,2026-04-15,KR,paid_social,
5525,2026-11-09,TH,paid_social,
5526,2026-06-17,AU,email,FLASH50
5527,2026-10-19,TH,organic,FLASH50
5528,2026-12-04,ID,email,
5529,2026-12-13,TH,email,
5530,2026-08-01,TH,organic,
5531,2026-05-15,AU,paid_social,FLASH50
5532,2025-09-01,TH,organic,
5533,2026-01-22,AU,organic,
5534,2026-03-11,TH,paid_social,
5535,2026-08-21,TH,organic,
5536,2026-05-10,MM,organic,
5537,2026-02-20,ID,paid_social,WELCOME10
5538,2025-09-17,TH,direct,
5539,2026-07-17,MY,organic,WELCOME10
5540,2026-02-16,TH,organic,
5541,2025-07-20,KH,organic,FLASH50
5542,2025-11-29,TH,organic,WELCOME10
5543,2026-10-12,MY,email,WELCOME10
5544,2025-09-02,TH,paid_search,
5545,2026-02-02,ID,paid_social,
5546,2026-03-30,AU,paid_search,
5547,2025-08-14,PH,direct,FLASH50
5548,2025-09-27,TH,paid_search,WELCOME10
5549,2026-11-14,TH,direct,
5550,2026-05-11,TH,paid_social,
5551,2025-10-21,KH,direct,
5552,2025-09-29,TH,paid_search,WELCOME10
5553,2026-02-12,ID,email,FLASH50
5554,2026-07-21,TH,paid_search,
5555,2026-07-25,KR,paid_social,
5556,2025-10-13,SG,paid_social,
5557,2026-07-22,MY,paid_search,FLASH50
5558,2026-10-21,MM,paid_search,
5559,2025-10-29,JP,organic,
5560,2025-07-14,MY,email,FLASH50
5561,2026-11-24,VN,paid_search,FLASH50
5562,2026-04-05,ID,organic,
5563,2026-08-18,SG,paid_social,
5564,2025-12-18,TH,paid_social,WELCOME10
5565,2025-12-07,VN,organic,
5566,2025-10-28,ID,paid_search,
5567,2025-10-24,TH,paid_social,
5568,2026-03-09,TH,affiliate,
5569,2025-08-26,VN,paid_search,FLASH50
5570,2026-09-22,TH,organic,FLASH50
5571,2026-03-30,ID,affiliate,
5572,2026-10-31,VN,organic,FLASH50
5573,2026-03-25,TH,email,FLASH50
5574,2025-12-09,TH,affiliate,FLASH50
5575,2026-04-01,TH,email,
5576,2025-09-21,TH,paid_search,
5577,2026-09-13,MY,organic,
5578,2026-07-19,VN,paid_social,FLASH50
5579,2025-09-17,KH,organic,
5580,2026-05-07,TH,organic,
5581,2026-04-13,VN,paid_search,
5582,2025-10-16,TH,paid_search,
5583,2025-09-04,PH,paid_search,
5584,2026-08-10,TH,organic,FLASH50
5585,2025-11-18,MY,organic,
5586,2026-04-03,MY,paid_social,
5587,2025-11-10,TH,paid_search,
5588,2026-06-14,JP,paid_social,WELCOME10
5589,2025-07-27,TH,affiliate,
5590,2026-01-08,TH,paid_social,
5591,2026-04-18,ID,email,
5592,2026-02-20,SG,direct,
5593,2026-05-23,TH,organic,
5594,2025-10-05,TH,paid_search,FLASH50
5595,2026-02-21,TH,affiliate,FLASH50
5596,2026-08-08,KH,affiliate,
5597,2025-12-25,MY,organic,
5598,2025-09-22,TH,direct,
5599,2026-09-25,TH,email,
5600,2026-08-19,LA,email,
5601,2026-06-28,KH,organic,
5602,2026-08-30,TH,paid_search,SUMMER25
5603,2026-08-20,ID,paid_search,WELCOME10
5604,2026-08-02,TH,paid_search,
5605,2026-03-29,TH,organic,
5606,2025-07-11,KH,organic,
5607,2026-05-15,LA,email,
5608,2025-11-23,TH,paid_search,WELCOME10
5609,2026-08-17,KH,paid_social,
5610,2026-03-07,VN,organic,
5611,2026-10-26,VN,direct,SUMMER25
5612,2026-05-14,VN,direct,
5613,2026-04-20,SG,paid_social,
5614,2026-11-02,AU,paid_search,
5615,2026-03-11,TH,organic,
5616,2026-01-17,SG,paid_social,
5617,2026-01-15,TH,affiliate,FLASH50
5618,2026-10-10,PH,direct,
5619,2026-08-08,TH,organic,
5620,2025-09-26,SG,paid_search,WELCOME10
5621,2026-03-20,VN,paid_search,
5622,2026-01-14,TH,paid_search,
5623,2026-06-10,TH,paid_social,
5624,2025-07-28,TH,paid_search,
5625,2026-07-16,VN,email,
5626,2026-07-31,TH,organic,
5627,2025-10-29,TH,paid_search,
5628,2025-09-19,MY,paid_search,
5629,2026-05-31,AU,affiliate,
5630,2025-11-14,VN,affiliate,
5631,2026-11-14,TH,email,WELCOME10
5632,2026-08-18,KH,paid_search,
5633,2026-11-22,PH,organic,
5634,2026-04-12,VN,paid_social,
5635,2026-11-13,SG,direct,
5636,2025-07-08,TH,organic,
5637,2025-12-02,VN,organic,
5638,2025-07-02,SG,organic,
5639,2026-06-27,TH,paid_social,
5640,2026-03-30,TH,paid_search,
5641,2025-12-01,TH,organic,
5642,2025-12-10,MY,organic,
5643,2026-06-09,TH,paid_social,
5644,2025-10-05,ID,paid_search,
5645,2026-04-01,PH,organic,
5646,2026-05-24,TH,paid_social,
5647,2025-11-05,TH,organic,
5648,2025-10-30,TH,organic,WELCOME10
5649,2026-01-05,TH,organic,FLASH50
5650,2026-05-12,PH,organic,FLASH50
5651,2025-11-13,ID,organic,
5652,2026-01-19,KH,organic,
5653,2026-04-16,KR,organic,
5654,2025-10-08,TH,paid_social,
5655,2026-04-30,ID,affiliate,
5656,2025-09-12,SG,organic,
5657,2025-09-14,SG,paid_social,
5658,2025-11-04,TH,organic,
5659,2025-11-30,TH,email,
5660,2025-07-16,ID,organic,
5661,2026-11-25,ID,organic,
5662,2025-12-12,TH,paid_search,
5663,2026-09-02,TH,organic,
5664,2026-10-24,MY,organic,
5665,2026-08-31,VN,paid_search,
5666,2026-09-17,MY,paid_social,
5667,2025-08-23,TH,organic,
5668,2026-01-15,TH,organic,FLASH50
5669,2026-08-02,VN,email,FLASH50
5670,2026-05-03,VN,organic,
5671,2025-07-04,TH,organic,WELCOME10
5672,2026-04-29,SG,paid_search,
5673,2026-09-02,SG,organic,
5674,2026-09-15,ID,affiliate,
5675,2026-01-21,TH,organic,
5676,2025-11-03,ID,organic,FLASH50
5677,2025-12-12,AU,affiliate,FLASH50
5678,2025-12-05,TH,affiliate,WELCOME10
5679,2026-01-01,TH,affiliate,
5680,2025-12-08,TH,organic,
5681,2026-03-01,TH,paid_search,
5682,2025-07-22,AU,direct,
5683,2025-11-24,JP,paid_search,SUMMER25
5684,2025-12-15,TH,direct,
5685,2025-09-20,LA,paid_social,
5686,2026-10-11,TH,affiliate,
5687,2026-06-26,MY,organic,
5688,2026-10-30,ID,email,
5689,2026-04-26,TH,email,FLASH50
5690,2025-08-28,MY,affiliate,
5691,2026-10-26,ID,direct,WELCOME10
5692,2026-03-02,TH,affiliate,
5693,2026-06-30,KR,paid_social,FLASH50
5694,2026-01-20,TH,paid_social,FLASH50
5695,2026-03-21,TH,affiliate,
5696,2026-03-18,AU,affiliate,
5697,2025-11-29,SG,paid_social,WELCOME10
5698,2026-04-22,TH,paid_social,
5699,2026-07-27,TH,email,
5700,2025-07-11,TH,organic,
5701,2025-09-08,TH,paid_social,
5702,2026-09-22,TH,paid_social,
5703,2026-04-30,MY,affiliate,
5704,2026-12-01,SG,organic,FLASH50
5705,2026-05-19,KH,paid_search,
5706,2026-06-14,MM,organic,
5707,2026-10-23,TH,paid_social,
5708,2026-06-18,AU,affiliate,
5709,2025-12-23,KH,paid_social,WELCOME10
5710,2026-04-08,MM,paid_social,FLASH50
5711,2025-11-03,ID,paid_search,
5712,2025-12-26,TH,paid_social,
5713,2026-06-28,TH,email,
5714,2025-09-18,LA,paid_social,SUMMER25
5715,2026-06-24,SG,organic,FLASH50
5716,2026-05-08,LA,paid_search,WELCOME10
5717,2025-12-12,VN,affiliate,
5718,2025-07-24,TH,paid_search,WELCOME10
5719,2026-07-11,TH,paid_social,
5720,2026-09-13,JP,email,
5721,2026-07-25,TH,email,
5722,2026-02-10,VN,organic,
5723,2026-06-14,JP,paid_search,
5724,2026-02-07,TH,paid_social,
5725,2026-01-07,TH,email,WELCOME10
5726,2025-12-22,MY,organic,FLASH50
5727,2025-10-21,PH,organic,
5728,2026-11-29,SG,paid_social,
5729,2026-06-21,TH,paid_search,
5730,2025-10-02,TH,organic,
5731,2026-10-05,TH,direct,
5732,2025-09-19,TH,paid_search,
5733,2026-05-13,TH,organic,
5734,2025-09-27,PH,organic,
5735,2026-01-09,TH,organic,FLASH50
5736,2026-06-16,PH,organic,
5737,2026-12-15,MM,paid_search,
5738,2026-12-11,ID,organic,
5739,2026-10-21,ID,paid_social,
5740,2025-11-03,TH,paid_search,
5741,2025-08-19,MY,paid_social,
5742,2026-10-26,TH,direct,
5743,2026-11-05,TH,direct,WELCOME10
5744,2025-11-26,MY,paid_search,
5745,2025-07-11,TH,paid_search,
5746,2026-06-11,TH,paid_social,
5747,2025-08-10,ID,paid_search,
5748,2025-07-22,SG,affiliate,
5749,2026-11-12,TH,paid_social,FLASH50
5750,2026-03-22,TH,organic,
5751,2025-08-29,TH,paid_search,
5752,2026-06-14,MY,email,
5753,2026-01-13,MY,paid_social,
5754,2026-04-12,TH,paid_social,
5755,2026-10-23,MY,paid_social,
5756,2025-11-04,KR,paid_search,
5757,2026-06-10,MY,organic,
5758,2026-09-15,MY,paid_social,
5759,2026-02-11,ID,organic,
5760,2026-11-30,KH,paid_social,
5761,2026-02-24,AU,organic,
5762,2026-03-02,TH,email,
5763,2026-10-15,TH,affiliate,
5764,2026-06-04,TH,organic,SUMMER25
5765,2026-10-07,VN,affiliate,FLASH50
5766,2026-08-26,TH,paid_social,
5767,2026-07-15,LA,paid_social,
5768,2025-11-06,TH,paid_search,
5769,2026-01-29,MY,paid_search,
5770,2026-10-04,TH,paid_social,
5771,2026-05-25,SG,paid_search,FLASH50
5772,2025-11-27,SG,paid_social,
5773,2025-12-22,VN,organic,
5774,2026-08-18,SG,email,
5775,2025-10-03,SG,direct,
5776,2025-08-29,VN,paid_search,
5777,2026-08-12,MM,paid_search,
5778,2025-12-01,VN,organic,
5779,2026-08-12,VN,email,SUMMER25
5780,2026-04-11,SG,organic,
5781,2026-12-14,LA,affiliate,
5782,2026-04-06,SG,affiliate,
5783,2026-10-06,AU,paid_search,
5784,2026-09-27,PH,affiliate,
5785,2025-10-21,TH,paid_search,
5786,2026-12-13,TH,paid_search,WELCOME10
5787,2026-08-02,VN,email,
5788,2025-08-27,ID,paid_search,
5789,2025-07-04,MY,organic,
5790,2025-11-22,JP,paid_social,
5791,2025-07-09,MY,paid_social,WELCOME10
5792,2026-01-07,TH,paid_social,
5793,2026-12-14,MY,paid_search,
5794,2026-03-13,TH,paid_social,
5795,2025-07-13,MY,organic,
5796,2026-03-21,LA,paid_search,
5797,2025-10-25,TH,organic,
5798,2026-09-30,PH,paid_social,FLASH50
5799,2025-08-18,PH,affiliate,
5800,2026-08-15,TH,organic,
5801,2026-02-23,PH,organic,
5802,2025-07-11,VN,affiliate,
5803,2026-06-24,SG,paid_search,
5804,2026-02-28,TH,paid_search,
5805,2026-08-16,TH,paid_social,
5806,2026-05-26,MY,paid_search,
5807,2026-08-24,TH,organic,
5808,2026-03-03,TH,affiliate,
5809,2025-07-05,AU,organic,
5810,2025-09-08,VN,affiliate,
5811,2026-03-02,VN,affiliate,
5812,2026-01-28,AU,organic,
5813,2026-08-28,TH,affiliate,
5814,2026-02-05,TH,paid_social,
5815,2026-10-02,ID,direct,
5816,2025-10-09,SG,paid_social,
5817,2026-01-22,TH,paid_search,
5818,2026-08-08,VN,paid_social,
5819,2025-09-05,TH,paid_social,WELCOME10
5820,2025-12-19,MY,affiliate,
5821,2026-08-05,MY,paid_search,
5822,2026-05-10,ID,affiliate,WELCOME10
5823,2026-08-19,TH,organic,SUMMER25
5824,2026-04-01,TH,direct,
5825,2026-10-01,KH,paid_search,
5826,2026-10-11,MM,organic,
5827,2026-12-02,SG,organic,
5828,2025-09-04,TH,email,
5829,2026-05-12,MY,affiliate,
5830,2025-08-30,TH,paid_search,
5831,2025-10-31,TH,email,
5832,2025-12-08,TH,organic,
5833,2026-06-10,TH,organic,
5834,2026-02-15,TH,organic,SUMMER25
5835,2026-10-04,TH,paid_search,
5836,2025-12-07,PH,paid_search,
5837,2026-05-25,SG,organic,
5838,2026-08-11,SG,organic,
5839,2026-12-05,TH,paid_search,
5840,2025-11-08,KH,organic,
5841,2026-07-27,TH,paid_social,SUMMER25
5842,2025-08-15,TH,paid_search,
5843,2026-04-16,ID,organic,
5844,2026-02-06,ID,organic,
5845,2026-11-23,PH,paid_social,
5846,2026-08-17,TH,affiliate,
5847,2026-11-07,TH,paid_search,
5848,2026-09-27,TH,paid_social,
5849,2026-02-04,MY,direct,
5850,2026-07-26,TH,affiliate,FLASH50
5851,2025-07-17,TH,paid_search,SUMMER25
5852,2026-04-24,TH,email,
5853,2025-07-26,AU,paid_search,
5854,2026-07-21,TH,paid_search,
5855,2026-11-28,TH,paid_social,
5856,2026-06-29,MM,paid_search,
5857,2026-09-21,VN,email,
5858,2025-11-02,MY,organic,FLASH50
5859,2026-12-12,ID,paid_search,WELCOME10
5860,2026-04-20,TH,organic,
5861,2026-06-25,PH,paid_social,
5862,2026-08-15,TH,organic,
5863,2026-06-06,AU,paid_search,
5864,2025-12-17,TH,email,WELCOME10
5865,2026-05-22,ID,organic,WELCOME10
5866,2026-06-14,MY,organic,
5867,2026-09-30,TH,paid_social,
5868,2026-03-14,TH,paid_search,
5869,2026-03-25,VN,organic,WELCOME10
5870,2026-03-26,TH,organic,
5871,2025-08-30,JP,organic,
5872,2025-08-17,TH,organic,
5873,2025-07-11,ID,affiliate,
5874,2026-06-21,MY,paid_search,
5875,2026-02-09,SG,paid_search,
5876,2026-10-05,ID,organic,SUMMER25
5877,2026-07-10,VN,direct,
5878,2025-09-14,MY,affiliate,
5879,2025-08-23,MY,paid_search,SUMMER25
5880,2026-01-12,MY,paid_social,
5881,2026-11-03,TH,paid_search,
5882,2025-07-26,TH,organic,
5883,2025-10-08,TH,paid_search,
5884,2025-07-16,MY,paid_social,
5885,2026-02-06,MM,paid_search,
5886,2026-12-10,TH,paid_search,
5887,2026-06-30,MY,paid_social,FLASH50
5888,2026-03-21,TH,email,
5889,2025-09-15,MY,email,
5890,2026-01-06,VN,paid_social,
5891,2026-04-06,VN,paid_social,
5892,2025-11-24,VN,paid_search,
5893,2026-07-11,VN,paid_search,
5894,2026-12-05,TH,affiliate,
5895,2025-10-18,SG,organic,
5896,2025-11-12,TH,email,
5897,2025-09-06,MM,organic,
5898,2026-07-22,VN,organic,
5899,2026-03-04,TH,organic,SUMMER25
5900,2025-11-29,TH,affiliate,FLASH50
5901,2025-10-25,SG,organic,
5902,2025-08-07,JP,paid_social,
5903,2026-03-11,TH,paid_search,WELCOME10
5904,2026-06-30,MY,paid_social,
5905,2025-11-03,TH,paid_social,
5906,2025-07-01,ID,direct,
5907,2026-03-10,ID,paid_search,FLASH50
5908,2026-06-26,TH,paid_search,
5909,2025-12-31,VN,organic,
5910,2025-11-11,TH,paid_search,
5911,2025-09-21,PH,affiliate,
5912,2026-08-02,TH,organic,
5913,2026-10-03,MY,direct,
5914,2026-08-15,TH,organic,
5915,2026-04-03,MY,affiliate,
5916,2026-07-21,TH,paid_social,
5917,2026-01-28,MY,email,
5918,2025-07-14,TH,paid_search,
5919,2026-01-12,TH,paid_social,
5920,2026-07-11,PH,organic,
5921,2026-06-11,SG,paid_search,FLASH50
5922,2026-12-10,SG,affiliate,
5923,2026-12-14,ID,organic,
5924,2025-11-07,SG,affiliate,
5925,2025-07-06,KH,paid_search,FLASH50
5926,2025-11-24,TH,paid_search,
5927,2026-10-10,AU,paid_social,
5928,2026-09-07,KH,organic,
5929,2025-08-22,SG,paid_social,
5930,2025-09-24,TH,email,
5931,2026-04-27,ID,organic,FLASH50
5932,2026-06-18,VN,organic,
5933,2026-12-06,TH,organic,
5934,2026-08-07,TH,paid_search,
5935,2025-10-21,TH,affiliate,WELCOME10
5936,2025-07-20,VN,email,
5937,2026-06-03,VN,paid_search,
5938,2026-04-22,TH,organic,
5939,2026-11-04,MY,organic,
5940,2026-05-03,VN,paid_search,
5941,2026-03-25,AU,paid_search,
5942,2025-12-09,TH,email,FLASH50
5943,2025-08-15,TH,organic,
5944,2026-10-11,TH,affiliate,
5945,2026-09-14,ID,paid_search,
5946,2025-09-25,TH,email,
5947,2026-07-11,TH,email,FLASH50
5948,2026-01-11,VN,email,
5949,2026-02-18,MY,paid_search,
5950,2026-09-26,TH,paid_search,
5951,2026-09-22,TH,organic,
5952,2025-10-10,TH,organic,
5953,2025-12-11,TH,paid_social,FLASH50
5954,2026-09-11,TH,direct,FLASH50
5955,2026-11-01,TH,paid_social,FLASH50
5956,2025-08-12,TH,paid_search,SUMMER25
5957,2026-09-18,KH,organic,
5958,2026-03-18,KH,paid_social,
5959,2026-05-11,TH,organic,WELCOME10
5960,2025-08-10,ID,organic,
5961,2026-06-28,TH,organic,
5962,2026-06-27,PH,email,
5963,2026-06-19,KH,paid_search,
5964,2026-08-26,MY,direct,
5965,2026-11-17,MY,paid_search,
5966,2026-09-26,TH,paid_social,
5967,2026-08-01,TH,affiliate,SUMMER25
5968,2026-12-06,SG,email,
5969,2026-06-25,TH,organic,WELCOME10
5970,2026-06-24,ID,organic,
5971,2026-04-15,SG,organic,
5972,2026-08-14,TH,paid_search,
5973,2025-08-08,MY,organic,SUMMER25
5974,2026-03-27,VN,paid_social,
5975,2026-02-12,MY,paid_search,WELCOME10
5976,2026-10-30,MY,direct,
5977,2025-08-08,PH,affiliate,SUMMER25
5978,2026-06-09,TH,paid_social,
5979,2025-10-07,MY,paid_social,
5980,2026-10-14,TH,organic,WELCOME10
5981,2026-09-28,TH,organic,
5982,2025-11-03,JP,paid_search,
5983,2026-10-08,TH,email,
5984,2026-03-22,TH,organic,WELCOME10
5985,2026-11-30,TH,paid_search,
5986,2026-07-24,KR,affiliate,
5987,2025-07-19,PH,paid_search,
5988,2025-10-17,TH,email,
5989,2026-02-01,MY,direct,FLASH50
5990,2025-10-21,TH,organic,SUMMER25
5991,2025-09-09,VN,paid_social,
5992,2026-12-04,SG,organic,
5993,2026-10-07,TH,paid_search,
5994,2026-02-17,MY,email,
5995,2025-10-23,MM,organic,
5996,2025-10-05,TH,direct,
5997,2026-11-01,TH,direct,WELCOME10
5998,2025-12-24,AU,paid_social,
5999,2025-07-07,TH,paid_search,
6000,2026-01-28,SG,organic,
6001,2026-02-28,MY,paid_search,
6002,2026-05-29,TH,organic,SUMMER25
6003,2025-12-28,TH,organic,
6004,2026-11-04,TH,organic,
6005,2026-06-09,TH,paid_social,
6006,2026-12-08,SG,organic,
6007,2026-01-12,PH,paid_search,
6008,2026-06-13,TH,paid_social,
6009,2026-01-11,ID,organic,
6010,2026-07-09,TH,paid_search,
6011,2026-08-02,TH,organic,
6012,2025-12-19,MY,organic,
6013,2026-11-12,TH,organic,FLASH50
6014,2026-09-30,MY,organic,
6015,2026-10-20,TH,paid_search,
6016,2025-10-25,ID,organic,FLASH50
6017,2026-07-18,MM,paid_search,SUMMER25
6018,2025-08-26,TH,paid_social,FLASH50
6019,2025-08-26,AU,paid_social,WELCOME10
6020,2026-12-01,TH,paid_search,
6021,2025-09-20,TH,direct,
6022,2026-10-04,TH,affiliate,
6023,2026-02-15,PH,paid_social,WELCOME10
6024,2025-12-09,ID,paid_search,
6025,2025-08-09,JP,organic,
6026,2026-06-25,ID,paid_search,
6027,2026-07-20,TH,paid_search,
6028,2026-03-06,LA,direct,SUMMER25
6029,2026-09-05,AU,direct,
6030,2025-12-20,VN,organic,
6031,2026-04-21,MY,direct,
6032,2025-11-30,PH,affiliate,
6033,2026-05-07,TH,paid_social,
6034,2025-09-11,LA,email,
6035,2026-03-11,KR,paid_search,
6036,2026-04-19,ID,paid_search,
6037,2026-04-23,TH,email,FLASH50
6038,2026-02-24,TH,organic,
6039,2026-06-09,AU,paid_social,WELCOME10
6040,2026-03-30,KH,affiliate,
6041,2025-11-28,VN,email,
6042,2025-10-23,AU,organic,FLASH50
6043,2026-06-11,SG,paid_social,
6044,2026-11-13,KH,organic,WELCOME10
6045,2026-08-06,TH,email,FLASH50
6046,2026-06-06,TH,paid_search,FLASH50
6047,2026-11-04,SG,paid_social,
6048,2026-10-23,TH,email,
6049,2026-03-27,SG,paid_search,FLASH50
6050,2025-08-28,VN,paid_search,
6051,2026-06-04,TH,paid_search,FLASH50
6052,2026-05-28,VN,paid_social,FLASH50
6053,2025-11-25,TH,paid_social,
6054,2026-09-26,PH,affiliate,
6055,2026-10-07,TH,organic,
6056,2025-12-24,VN,paid_search,
6057,2026-03-12,MY,paid_search,
6058,2025-10-13,TH,organic,
6059,2025-10-04,TH,affiliate,
6060,2025-11-19,TH,paid_search,
6061,2026-01-11,TH,organic,WELCOME10
6062,2025-11-23,TH,paid_social,
6063,2025-09-19,TH,paid_search,
6064,2026-02-24,VN,paid_social,
6065,2026-05-29,TH,organic,
6066,2025-12-21,TH,organic,
6067,2026-04-11,TH,organic,
6068,2025-11-22,SG,paid_search,FLASH50
6069,2026-07-11,SG,affiliate,
6070,2026-06-11,ID,paid_social,
6071,2026-11-24,MY,organic,
6072,2025-07-29,SG,paid_social,
6073,2026-09-28,TH,paid_search,
6074,2025-12-29,TH,affiliate,
6075,2025-08-05,ID,organic,
6076,2026-07-03,TH,paid_social,
6077,2025-09-30,PH,paid_social,
6078,2025-10-02,MY,paid_social,
6079,2026-12-05,ID,paid_search,
6080,2025-10-26,SG,organic,
6081,2026-04-18,MM,organic,
6082,2025-10-15,SG,affiliate,
6083,2025-09-05,SG,paid_social,
6084,2025-07-01,LA,paid_social,SUMMER25
6085,2025-07-09,MY,paid_search,
6086,2026-03-10,SG,organic,
6087,2026-02-17,TH,paid_search,WELCOME10
6088,2025-07-21,TH,paid_social,
6089,2026-01-03,PH,organic,
6090,2025-11-23,TH,email,
6091,2026-05-01,TH,organic,FLASH50
6092,2026-12-13,TH,paid_social,
6093,2026-07-04,JP,paid_search,
6094,2026-11-02,MY,email,
6095,2025-10-11,SG,affiliate,
6096,2025-10-23,MM,paid_search,
6097,2026-08-05,TH,paid_search,WELCOME10
6098,2025-12-13,VN,direct,
6099,2026-09-26,VN,paid_social,
6100,2026-03-05,SG,organic,WELCOME10
6101,2025-10-16,VN,affiliate,
6102,2026-09-24,JP,paid_search,
6103,2026-04-20,TH,organic,
6104,2026-09-01,TH,affiliate,
6105,2026-02-27,PH,direct,
6106,2025-09-06,TH,organic,
6107,2026-06-28,MY,paid_search,
6108,2025-09-05,TH,organic,
6109,2026-06-19,PH,email,
6110,2026-02-08,VN,email,
6111,2026-08-26,AU,email,
6112,2026-10-07,SG,organic,
6113,2026-02-03,JP,organic,
6114,2026-10-14,SG,paid_social,
6115,2025-08-29,ID,organic,WELCOME10
6116,2025-08-27,ID,organic,
6117,2026-12-12,SG,organic,
6118,2026-05-03,MY,paid_social,WELCOME10
6119,2026-02-26,TH,paid_social,FLASH50
6120,2025-09-21,TH,affiliate,SUMMER25
6121,2025-12-02,ID,organic,
6122,2026-07-01,TH,affiliate,WELCOME10
6123,2026-09-11,ID,paid_search,
6124,2026-11-01,TH,paid_search,FLASH50
6125,2026-02-03,TH,paid_social,
6126,2026-02-28,ID,affiliate,
6127,2025-09-26,TH,organic,
6128,2025-08-14,JP,affiliate,
6129,2026-02-19,KR,paid_social,SUMMER25
6130,2026-05-05,SG,paid_social,
6131,2025-08-25,TH,email,
6132,2026-02-03,TH,paid_social,
6133,2026-06-07,VN,paid_social,
6134,2026-09-06,TH,paid_search,
6135,2026-11-13,AU,paid_search,WELCOME10
6136,2025-12-29,KR,affiliate,
6137,2026-01-25,TH,direct,
6138,2026-10-10,ID,affiliate,
6139,2026-07-05,SG,affiliate,
6140,2025-11-23,MY,paid_social,
6141,2026-07-01,TH,affiliate,
6142,2025-09-22,VN,organic,
6143,2026-02-25,TH,paid_search,FLASH50
6144,2025-12-11,KH,paid_social,
6145,2026-12-12,SG,paid_search,
6146,2025-07-19,ID,paid_social,
6147,2026-09-30,MM,direct,
6148,2025-11-27,VN,email,
6149,2025-07-20,MY,affiliate,
6150,2026-06-17,TH,affiliate,
6151,2026-06-27,SG,affiliate,
6152,2025-09-14,TH,paid_social,
6153,2025-07-21,AU,organic,
6154,2025-08-29,TH,email,
6155,2026-02-03,TH,organic,
6156,2025-09-09,VN,paid_social,
6157,2026-07-10,TH,organic,
6158,2025-08-11,KH,paid_search,
6159,2026-08-25,TH,paid_search,SUMMER25
6160,2026-10-10,TH,paid_social,
6161,2026-07-18,ID,email,
6162,2026-11-16,SG,organic,
6163,2026-11-13,AU,organic,
6164,2025-07-25,SG,email,
6165,2025-12-30,TH,organic,FLASH50
6166,2026-08-10,TH,affiliate,
6167,2025-12-29,TH,affiliate,
6168,2026-07-28,MY,affiliate,
6169,2026-08-17,TH,organic,
6170,2026-12-14,MY,affiliate,
6171,2025-12-23,LA,direct,
6172,2026-01-02,SG,paid_search,FLASH50
6173,2025-07-13,ID,paid_social,WELCOME10
6174,2025-11-30,TH,organic,
6175,2025-11-27,PH,direct,FLASH50
6176,2026-02-27,TH,organic,
6177,2026-02-10,MY,paid_search,
6178,2026-09-30,TH,organic,
6179,2026-08-17,TH,direct,
6180,2026-07-24,TH,paid_social,
6181,2025-07-03,TH,organic,FLASH50
6182,2026-03-09,LA,organic,
6183,2026-07-24,TH,email,
6184,2025-11-08,JP,organic,
6185,2026-02-12,SG,paid_social,
6186,2026-07-23,TH,paid_social,
6187,2026-08-28,TH,affiliate,
6188,2026-09-29,TH,paid_social,
6189,2026-02-15,PH,affiliate,
6190,2026-01-30,TH,organic,FLASH50
6191,2026-01-20,KH,paid_search,
6192,2026-06-22,TH,organic,
6193,2026-02-09,TH,paid_search,
6194,2026-01-30,TH,paid_social,
6195,2025-09-28,ID,paid_social,FLASH50
6196,2026-03-13,SG,email,SUMMER25
6197,2025-11-04,AU,email,
6198,2026-04-06,TH,paid_search,FLASH50
6199,2026-10-17,TH,paid_social,
6200,2026-08-18,VN,paid_social,
6201,2026-03-12,MY,direct,WELCOME10
6202,2026-12-04,PH,organic,
6203,2026-12-05,SG,paid_social,
6204,2026-02-22,VN,paid_search,
6205,2026-08-11,TH,paid_search,FLASH50
6206,2025-12-30,KR,paid_social,SUMMER25
6207,2026-10-12,TH,organic,FLASH50
6208,2026-01-16,PH,organic,
6209,2025-11-15,TH,affiliate,
6210,2025-09-10,VN,organic,
6211,2026-09-23,KH,paid_search,FLASH50
6212,2025-12-06,KH,paid_social,WELCOME10
6213,2026-09-07,SG,paid_social,
6214,2025-08-16,SG,paid_social,FLASH50
6215,2026-03-24,PH,direct,
6216,2026-02-14,MY,paid_search,
6217,2026-02-19,ID,organic,
6218,2025-09-28,TH,organic,SUMMER25
6219,2025-08-09,SG,paid_search,FLASH50
6220,2026-01-01,TH,paid_search,
6221,2026-03-08,ID,email,FLASH50
6222,2026-08-27,TH,paid_search,WELCOME10
6223,2026-03-04,TH,paid_search,FLASH50
6224,2025-11-09,PH,email,
6225,2025-11-17,MY,affiliate,
6226,2026-05-23,LA,paid_social,
6227,2026-02-18,TH,paid_search,
6228,2026-10-24,SG,organic,WELCOME10
6229,2026-02-20,SG,paid_social,
6230,2026-04-29,TH,organic,WELCOME10
6231,2025-08-04,ID,paid_search,
6232,2025-10-12,TH,email,
6233,2026-09-27,SG,paid_search,
6234,2025-12-31,TH,organic,
6235,2026-02-10,ID,organic,
6236,2026-05-11,PH,email,
6237,2025-07-31,TH,organic,
6238,2026-03-28,SG,paid_search,
6239,2026-01-01,SG,affiliate,
6240,2025-09-18,VN,organic,
6241,2026-02-08,TH,affiliate,FLASH50
6242,2026-02-24,TH,organic,
6243,2025-10-08,VN,affiliate,
6244,2026-04-16,MY,organic,FLASH50
6245,2026-08-02,VN,organic,
6246,2025-11-20,TH,organic,SUMMER25
6247,2026-11-28,MM,email,
6248,2026-05-23,TH,paid_search,
6249,2026-08-17,TH,affiliate,
6250,2025-08-07,MY,paid_social,
6251,2026-08-14,SG,affiliate,
6252,2025-12-27,ID,paid_social,
6253,2026-07-14,TH,paid_search,SUMMER25
6254,2026-09-02,TH,paid_social,FLASH50
6255,2025-11-11,VN,organic,
6256,2025-11-16,TH,email,
6257,2025-08-01,VN,email,
6258,2026-05-19,ID,organic,WELCOME10
6259,2026-08-17,TH,email,
6260,2026-02-04,VN,organic,
6261,2025-09-24,KH,paid_social,
6262,2025-12-16,PH,affiliate,SUMMER25
6263,2026-01-31,TH,organic,FLASH50
6264,2026-11-01,MY,organic,
6265,2025-09-05,MM,affiliate,FLASH50
6266,2025-12-30,MY,paid_search,
6267,2026-06-06,TH,paid_search,
6268,2025-11-04,TH,affiliate,
6269,2026-10-15,ID,organic,
6270,2026-10-28,VN,organic,
6271,2026-01-19,MM,direct,FLASH50
6272,2026-08-02,LA,paid_social,
6273,2026-08-07,TH,paid_social,
6274,2026-06-29,MY,paid_search,
6275,2025-10-08,TH,direct,
6276,2025-07-27,TH,organic,FLASH50
6277,2026-01-02,TH,organic,
6278,2025-09-08,MM,paid_search,
6279,2025-12-03,TH,affiliate,
6280,2026-06-06,SG,organic,FLASH50
6281,2026-05-10,SG,paid_search,WELCOME10
6282,2025-10-20,TH,paid_search,
6283,2025-07-10,MY,paid_social,WELCOME10
6284,2025-10-29,TH,organic,
6285,2026-02-28,TH,paid_social,
6286,2026-08-20,SG,paid_search,FLASH50
6287,2026-01-11,PH,paid_search,
6288,2025-11-30,ID,organic,
6289,2026-04-20,PH,direct,
6290,2025-08-08,TH,paid_social,FLASH50
6291,2025-10-29,TH,organic,FLASH50
6292,2025-07-20,TH,paid_search,
6293,2026-04-07,JP,organic,
6294,2026-02-22,TH,paid_search,
6295,2026-05-07,TH,paid_social,
6296,2026-05-25,AU,organic,
6297,2026-01-27,AU,email,
6298,2026-10-07,TH,paid_search,
6299,2026-11-02,VN,organic,FLASH50
6300,2025-08-29,SG,organic,
6301,2026-11-03,SG,organic,
6302,2025-10-13,SG,affiliate,
6303,2025-11-10,JP,paid_search,SUMMER25
6304,2026-04-09,TH,affiliate,
6305,2025-07-16,VN,organic,
6306,2026-01-11,TH,paid_search,
6307,2025-10-12,ID,paid_search,
6308,2026-03-15,ID,paid_search,WELCOME10
6309,2026-09-08,VN,organic,FLASH50
6310,2026-11-05,MM,organic,
6311,2025-10-22,VN,direct,
6312,2026-04-17,VN,paid_social,FLASH50
6313,2026-03-10,TH,organic,
6314,2026-02-07,KR,affiliate,
6315,2026-06-03,SG,paid_search,
6316,2026-12-10,TH,affiliate,
6317,2026-02-01,SG,direct,
6318,2025-08-04,TH,organic,
6319,2026-11-01,MY,direct,
6320,2026-11-09,TH,organic,
6321,2025-12-19,TH,organic,SUMMER25
6322,2026-03-25,MM,paid_social,SUMMER25
6323,2026-10-03,MM,paid_social,
6324,2026-03-26,SG,organic,
6325,2026-03-14,JP,organic,FLASH50
6326,2026-11-04,TH,organic,
6327,2026-09-15,TH,paid_search,
6328,2026-03-28,MM,paid_search,
6329,2025-09-25,ID,organic,
6330,2026-02-19,VN,direct,
6331,2026-06-26,TH,affiliate,
6332,2025-11-23,TH,direct,
6333,2026-04-13,TH,organic,
6334,2026-06-17,JP,organic,FLASH50
6335,2025-08-15,TH,paid_search,WELCOME10
6336,2026-04-30,SG,paid_social,
6337,2026-07-29,TH,paid_social,
6338,2025-10-23,ID,organic,FLASH50
6339,2026-04-19,TH,affiliate,
6340,2026-07-14,VN,paid_search,
6341,2025-07-24,MY,paid_search,
6342,2026-06-09,TH,paid_search,
6343,2025-11-16,TH,organic,
6344,2026-01-28,TH,organic,
6345,2026-06-11,VN,direct,
6346,2025-07-03,PH,paid_social,
6347,2025-07-09,TH,organic,WELCOME10
6348,2026-02-24,MY,organic,
6349,2026-11-19,TH,organic,
6350,2025-07-04,KH,email,
6351,2026-08-25,JP,affiliate,
6352,2025-08-09,VN,paid_search,
6353,2026-03-18,TH,direct,
6354,2026-02-15,SG,paid_search,
6355,2026-03-07,KR,email,SUMMER25
6356,2025-08-13,TH,paid_search,
6357,2026-08-06,ID,affiliate,
6358,2025-11-24,AU,email,
6359,2026-08-15,VN,paid_search,
6360,2026-06-15,MY,organic,
6361,2026-04-20,SG,organic,SUMMER25
6362,2025-12-12,MM,organic,
6363,2026-06-13,TH,organic,
6364,2026-12-14,LA,paid_search,
6365,2026-11-05,SG,paid_search,
6366,2026-11-01,VN,organic,
6367,2025-10-26,MM,email,
6368,2026-05-08,MY,organic,
6369,2026-01-29,TH,organic,
6370,2026-11-28,TH,organic,
6371,2026-11-19,PH,direct,
6372,2026-10-06,ID,paid_search,WELCOME10
6373,2025-09-25,TH,organic,
6374,2025-12-17,KH,organic,FLASH50
6375,2026-07-15,MM,paid_search,
6376,2026-08-04,KH,direct,
6377,2026-01-03,MY,paid_search,
6378,2025-09-11,JP,paid_search,FLASH50
6379,2025-09-11,KH,paid_search,
6380,2026-06-30,TH,organic,
6381,2026-02-28,KR,paid_search,WELCOME10
6382,2026-03-19,MY,paid_search,FLASH50
6383,2026-09-08,MM,paid_social,
6384,2025-07-09,VN,organic,FLASH50
6385,2026-08-07,ID,organic,
6386,2025-11-24,TH,paid_social,
6387,2026-11-09,TH,affiliate,
6388,2026-11-22,TH,paid_search,
6389,2026-03-25,ID,affiliate,
6390,2025-12-16,KH,affiliate,
6391,2025-11-02,TH,email,
6392,2025-10-05,TH,paid_search,
6393,2026-12-15,ID,email,
6394,2025-10-08,TH,paid_social,FLASH50
6395,2026-02-24,TH,paid_social,FLASH50
6396,2026-03-13,TH,paid_social,
6397,2026-06-28,ID,organic,
6398,2026-09-23,MY,paid_social,
6399,2026-04-24,PH,affiliate,
6400,2026-08-09,TH,direct,
6401,2026-04-29,TH,paid_search,
6402,2026-02-18,VN,direct,
6403,2025-09-23,KR,organic,
6404,2025-10-20,TH,direct,
6405,2026-02-16,KH,paid_social,
6406,2025-07-25,VN,paid_social,WELCOME10
6407,2025-12-16,MM,paid_social,WELCOME10
6408,2026-03-04,SG,direct,
6409,2026-03-09,TH,organic,
6410,2026-09-08,TH,paid_search,
6411,2026-11-28,VN,email,
6412,2026-07-24,KH,organic,SUMMER25
6413,2025-08-12,SG,paid_social,WELCOME10
6414,2026-02-03,TH,paid_search,
6415,2026-07-25,TH,affiliate,
6416,2026-05-13,MY,email,
6417,2026-03-01,MM,organic,
6418,2026-02-18,TH,paid_social,
6419,2026-02-02,ID,paid_search,SUMMER25
6420,2026-05-05,MY,paid_social,FLASH50
6421,2025-10-04,KH,organic,
6422,2026-04-02,PH,organic,
6423,2025-10-18,TH,paid_search,
6424,2026-06-28,ID,organic,FLASH50
6425,2026-10-04,PH,paid_social,
6426,2026-03-28,AU,organic,FLASH50
6427,2026-01-23,MY,direct,
6428,2026-11-14,TH,email,
6429,2026-06-17,MY,paid_social,FLASH50
6430,2026-02-14,ID,email,
6431,2025-07-16,TH,direct,
6432,2025-07-09,JP,affiliate,
6433,2025-10-27,TH,paid_social,
6434,2025-11-03,MM,paid_search,
6435,2026-07-20,SG,affiliate,
6436,2026-03-24,TH,paid_social,
6437,2026-12-15,MY,paid_search,WELCOME10
6438,2026-04-15,ID,paid_search,
6439,2026-10-25,KH,organic,SUMMER25
6440,2026-04-21,MY,affiliate,
6441,2026-01-07,TH,email,
6442,2026-07-16,MM,organic,SUMMER25
6443,2026-02-25,MY,organic,
6444,2025-11-24,TH,direct,
6445,2026-03-10,LA,organic,
6446,2026-06-20,TH,affiliate,SUMMER25
6447,2026-01-17,TH,paid_search,
6448,2026-07-11,MY,paid_search,
6449,2026-12-05,ID,organic,
6450,2026-02-05,SG,organic,WELCOME10
6451,2025-12-05,MM,paid_social,
6452,2026-01-31,TH,paid_search,
6453,2026-09-20,KR,affiliate,
6454,2025-10-04,TH,direct,
6455,2026-12-01,TH,affiliate,
6456,2026-02-06,TH,paid_search,
6457,2026-09-22,TH,paid_search,
6458,2026-08-24,SG,organic,
6459,2026-08-22,KH,paid_social,
6460,2026-10-28,PH,paid_search,
6461,2025-10-07,VN,email,
6462,2026-05-13,TH,paid_social,
6463,2025-08-22,KH,organic,
6464,2025-12-07,TH,paid_search,
6465,2025-07-22,VN,paid_social,
6466,2026-06-29,VN,email,
6467,2026-05-20,TH,paid_search,
6468,2026-07-30,SG,paid_social,
6469,2025-10-02,MM,organic,
6470,2025-12-25,TH,email,
6471,2026-06-26,VN,paid_social,
6472,2026-09-14,AU,affiliate,
6473,2026-10-16,TH,paid_search,
6474,2025-08-09,TH,direct,FLASH50
6475,2026-01-31,SG,paid_social,
6476,2025-07-06,PH,organic,
6477,2026-09-10,SG,paid_social,
6478,2025-09-04,SG,organic,
6479,2026-09-12,TH,affiliate,
6480,2025-09-22,KR,affiliate,
6481,2025-07-09,LA,paid_search,
6482,2026-10-12,MY,paid_search,FLASH50
6483,2026-02-19,JP,email,
6484,2026-02-12,ID,email,FLASH50
6485,2026-06-10,AU,paid_search,FLASH50
6486,2025-11-24,TH,paid_social,
6487,2026-07-04,TH,organic,
6488,2026-02-14,KH,paid_search,
6489,2025-11-23,TH,direct,
6490,2026-01-27,TH,affiliate,
6491,2025-07-04,VN,organic,
6492,2025-12-08,ID,paid_search,
6493,2026-05-12,TH,paid_search,
6494,2025-09-12,TH,organic,FLASH50
6495,2025-09-02,TH,direct,FLASH50
6496,2026-06-15,TH,organic,
6497,2026-02-14,TH,paid_search,
6498,2025-09-11,MY,affiliate,
6499,2026-08-03,VN,organic,FLASH50
6500,2026-08-18,TH,paid_search,
6501,2025-07-19,TH,paid_social,
6502,2025-10-16,ID,paid_search,
6503,2026-01-14,TH,paid_search,
6504,2026-07-25,TH,paid_social,WELCOME10
6505,2025-08-09,TH,direct,
6506,2026-09-03,ID,email,
6507,2025-12-18,TH,organic,
6508,2025-09-05,SG,paid_social,
6509,2026-10-04,MY,paid_social,
6510,2025-08-16,PH,paid_search,
6511,2025-09-08,VN,organic,
6512,2026-11-19,AU,paid_social,FLASH50
6513,2026-04-03,ID,paid_search,
6514,2026-03-04,TH,email,SUMMER25
6515,2026-07-02,TH,organic,FLASH50
6516,2026-06-01,TH,organic,FLASH50
6517,2026-05-24,TH,email,
6518,2025-07-13,TH,email,
6519,2026-04-21,TH,paid_search,FLASH50
6520,2025-11-26,ID,affiliate,
6521,2026-09-04,ID,affiliate,
6522,2026-03-27,TH,organic,
6523,2025-09-04,SG,paid_social,WELCOME10
6524,2026-10-16,TH,affiliate,
6525,2025-11-29,SG,paid_search,
6526,2025-11-22,SG,direct,
6527,2026-11-12,TH,direct,
6528,2026-08-18,TH,paid_search,WELCOME10
6529,2026-10-02,JP,organic,
6530,2026-06-18,MY,email,
6531,2026-10-29,MY,paid_search,
6532,2025-08-31,TH,organic,
6533,2026-05-16,TH,affiliate,
6534,2025-12-04,TH,paid_social,
6535,2026-01-29,JP,organic,SUMMER25
6536,2025-11-04,TH,organic,
6537,2025-10-18,TH,email,
6538,2026-02-21,KR,direct,
6539,2026-11-02,SG,paid_search,
6540,2026-06-04,TH,organic,
6541,2026-01-03,ID,paid_search,
6542,2026-02-17,SG,paid_search,
6543,2026-04-09,AU,paid_search,WELCOME10
6544,2025-11-08,TH,paid_social,
6545,2026-04-04,VN,organic,
6546,2026-07-06,TH,affiliate,
6547,2025-11-07,PH,affiliate,
6548,2026-05-08,PH,affiliate,
6549,2026-07-13,PH,paid_search,FLASH50
6550,2026-04-03,KH,paid_social,
6551,2025-12-03,VN,paid_search,
6552,2026-04-22,TH,paid_search,
6553,2026-08-27,TH,paid_social,
6554,2025-10-27,TH,affiliate,
6555,2026-05-03,SG,affiliate,
6556,2026-06-28,TH,organic,
6557,2025-12-19,VN,paid_social,SUMMER25
6558,2026-01-23,VN,organic,
6559,2026-10-17,JP,paid_social,FLASH50
6560,2026-01-10,TH,paid_search,
6561,2026-05-15,VN,affiliate,
6562,2025-09-18,VN,direct,
6563,2026-11-06,KR,organic,
6564,2026-05-15,VN,email,FLASH50
6565,2026-08-10,TH,affiliate,
6566,2026-05-18,TH,paid_social,
6567,2026-01-06,JP,paid_search,WELCOME10
6568,2025-12-29,VN,paid_search,
6569,2026-07-09,PH,organic,
6570,2026-10-02,VN,organic,
6571,2025-09-07,VN,paid_social,
6572,2026-09-24,VN,organic,
6573,2026-09-16,MM,paid_search,
6574,2025-08-28,MM,email,FLASH50
6575,2025-08-27,TH,paid_social,
6576,2026-07-06,TH,organic,
6577,2026-09-23,TH,affiliate,
6578,2026-01-26,SG,organic,
6579,2026-06-07,PH,affiliate,
6580,2026-12-15,PH,organic,
6581,2025-12-20,TH,organic,
6582,2025-10-28,TH,direct,
6583,2026-12-11,SG,organic,
6584,2025-11-27,PH,organic,
6585,2026-03-09,ID,organic,FLASH50
6586,2026-02-21,TH,paid_search,WELCOME10
6587,2026-04-05,TH,affiliate,
6588,2025-11-21,MY,organic,
6589,2026-06-27,MY,organic,
6590,2026-07-04,PH,email,FLASH50
6591,2025-10-15,AU,organic,
6592,2026-03-14,TH,organic,
6593,2025-07-31,TH,organic,
6594,2025-10-26,TH,email,
6595,2026-12-09,TH,paid_search,SUMMER25
6596,2026-03-27,TH,paid_social,
6597,2026-05-28,TH,paid_social,
6598,2026-10-17,TH,paid_search,
6599,2026-07-16,PH,affiliate,
6600,2026-08-27,TH,email,
6601,2026-07-15,PH,paid_social,
6602,2026-03-23,TH,affiliate,WELCOME10
6603,2026-06-03,TH,organic,WELCOME10
6604,2025-12-01,TH,paid_search,
6605,2026-10-18,TH,paid_social,
6606,2025-10-04,TH,organic,
6607,2026-10-15,PH,organic,
6608,2026-10-12,MM,organic,
6609,2025-09-14,TH,organic,
6610,2026-07-14,TH,affiliate,WELCOME10
6611,2026-12-10,TH,organic,
6612,2026-05-01,VN,paid_social,
6613,2025-12-29,TH,organic,SUMMER25
6614,2026-10-12,TH,paid_social,
6615,2026-03-31,KH,organic,
6616,2025-09-03,KH,organic,
6617,2025-11-10,ID,paid_search,SUMMER25
6618,2026-06-29,TH,organic,
6619,2026-02-28,TH,paid_search,
6620,2025-10-24,TH,paid_social,
6621,2026-08-30,ID,direct,
6622,2025-09-03,VN,paid_social,
6623,2025-10-25,TH,paid_search,
6624,2026-03-06,LA,paid_social,
6625,2025-07-22,SG,paid_search,FLASH50
6626,2026-01-23,VN,paid_social,
6627,2026-10-29,TH,paid_social,
6628,2026-11-14,TH,paid_search,
6629,2026-10-08,TH,affiliate,WELCOME10
6630,2025-12-20,VN,paid_search,WELCOME10
6631,2025-08-04,TH,organic,FLASH50
6632,2026-09-08,TH,paid_social,
6633,2026-01-15,VN,affiliate,
6634,2026-08-04,VN,affiliate,
6635,2025-09-02,ID,organic,
6636,2026-06-22,ID,paid_social,WELCOME10
6637,2026-05-09,ID,direct,WELCOME10
6638,2026-11-03,ID,organic,FLASH50
6639,2025-08-24,TH,paid_search,
6640,2026-02-03,TH,paid_search,FLASH50
6641,2026-12-10,SG,affiliate,
6642,2026-01-24,TH,paid_search,
6643,2026-06-16,SG,affiliate,
6644,2025-09-24,SG,organic,
6645,2026-07-24,TH,organic,FLASH50
6646,2025-11-24,VN,organic,
6647,2026-05-01,ID,organic,
6648,2026-10-12,MY,affiliate,FLASH50
6649,2026-06-18,MM,organic,
6650,2026-03-10,TH,organic,
6651,2025-10-10,TH,email,
6652,2025-12-29,TH,paid_search,SUMMER25
6653,2026-09-26,MY,paid_social,
6654,2025-10-24,TH,organic,
6655,2026-06-15,KH,email,
6656,2026-03-16,TH,paid_search,
6657,2025-12-19,SG,organic,
6658,2026-07-17,MY,paid_social,
6659,2026-01-10,TH,paid_search,FLASH50
6660,2025-11-30,VN,paid_search,
6661,2026-04-09,ID,paid_search,
6662,2026-08-08,VN,paid_search,
6663,2026-10-04,MY,paid_social,
6664,2026-06-01,SG,organic,FLASH50
6665,2026-06-18,SG,affiliate,FLASH50
6666,2026-08-24,VN,organic,
6667,2025-11-21,TH,paid_social,FLASH50
6668,2025-11-11,SG,organic,WELCOME10
6669,2026-03-15,TH,paid_search,
6670,2026-06-02,ID,paid_social,
6671,2026-06-10,TH,paid_social,WELCOME10
6672,2025-09-20,KR,affiliate,
6673,2026-08-21,TH,paid_search,
6674,2026-01-10,TH,email,
6675,2026-10-11,TH,direct,
6676,2026-07-22,TH,direct,SUMMER25
6677,2026-12-06,TH,paid_search,
6678,2026-06-02,VN,organic,
6679,2026-04-08,TH,paid_social,
6680,2025-10-09,TH,organic,FLASH50
6681,2026-01-29,TH,affiliate,FLASH50
6682,2026-10-01,TH,organic,FLASH50
6683,2026-01-20,AU,affiliate,
6684,2025-07-29,TH,organic,FLASH50
6685,2025-11-08,VN,email,FLASH50
6686,2026-05-14,SG,paid_social,SUMMER25
6687,2026-06-01,SG,organic,
6688,2026-12-07,PH,paid_search,
6689,2026-11-10,TH,paid_search,
6690,2026-04-10,KH,email,
6691,2026-04-22,SG,paid_search,
6692,2026-08-31,TH,paid_social,WELCOME10
6693,2025-07-26,LA,paid_search,SUMMER25
6694,2026-05-14,TH,paid_social,
6695,2026-03-10,JP,organic,
6696,2026-08-22,AU,direct,
6697,2026-08-31,TH,paid_social,WELCOME10
6698,2026-06-15,TH,affiliate,
6699,2026-06-16,PH,affiliate,
6700,2026-07-04,TH,organic,
6701,2026-05-06,VN,organic,WELCOME10
6702,2025-10-30,TH,organic,
6703,2025-11-29,TH,organic,
6704,2026-07-31,SG,organic,FLASH50
6705,2026-05-26,VN,affiliate,
6706,2025-11-04,VN,paid_search,
6707,2026-10-11,MY,paid_social,
6708,2026-12-05,TH,paid_search,
6709,2026-05-30,TH,organic,FLASH50
6710,2025-10-30,TH,paid_search,
6711,2026-11-13,TH,organic,SUMMER25
6712,2025-11-04,TH,email,
6713,2026-02-16,MY,paid_social,
6714,2026-10-01,TH,organic,
6715,2026-04-04,TH,paid_social,WELCOME10
6716,2025-11-07,ID,paid_search,
6717,2025-08-12,TH,organic,
6718,2026-01-09,JP,organic,WELCOME10
6719,2026-06-24,TH,organic,
6720,2026-07-16,TH,affiliate,
6721,2025-10-27,KH,affiliate,
6722,2025-09-23,MY,paid_social,
6723,2026-07-09,PH,organic,
6724,2025-09-23,SG,paid_search,
6725,2025-08-04,TH,paid_search,
6726,2026-03-17,ID,organic,
6727,2026-05-01,TH,paid_social,
6728,2025-11-07,MY,organic,
6729,2025-10-21,TH,organic,
6730,2025-11-03,TH,paid_social,
6731,2025-12-30,TH,organic,
6732,2025-07-05,VN,paid_social,
6733,2025-07-07,TH,affiliate,
6734,2026-01-14,JP,paid_social,
6735,2025-07-11,TH,direct,
6736,2025-12-17,SG,paid_social,
6737,2026-05-06,TH,affiliate,
6738,2025-07-17,ID,paid_social,
6739,2026-05-26,PH,affiliate,
6740,2026-05-28,SG,paid_search,FLASH50
6741,2026-05-02,TH,paid_search,WELCOME10
6742,2026-05-31,VN,paid_search,FLASH50
6743,2026-09-05,TH,paid_social,WELCOME10
6744,2025-08-07,MY,paid_search,
6745,2025-09-28,VN,direct,
6746,2025-12-16,TH,paid_social,
6747,2026-07-02,ID,paid_search,
6748,2026-10-09,VN,paid_search,
6749,2026-11-02,TH,affiliate,
6750,2026-05-07,TH,affiliate,
6751,2026-02-04,TH,paid_social,
6752,2026-02-05,VN,organic,
6753,2025-08-01,MY,email,
6754,2026-03-05,SG,email,
6755,2026-03-31,TH,email,
6756,2025-10-20,TH,paid_social,
6757,2026-08-14,TH,organic,
6758,2026-09-06,TH,direct,
6759,2025-12-08,TH,organic,
6760,2026-10-31,TH,organic,FLASH50
6761,2025-08-27,MY,paid_social,FLASH50
6762,2026-10-29,MY,paid_search,FLASH50
6763,2026-08-14,TH,affiliate,
6764,2025-10-28,MY,paid_social,FLASH50
6765,2026-06-12,TH,organic,
6766,2025-12-13,TH,paid_social,
6767,2026-08-31,KR,email,
6768,2025-09-24,MY,email,
6769,2025-11-08,TH,organic,FLASH50
6770,2025-12-11,TH,paid_search,
6771,2025-10-15,ID,organic,WELCOME10
6772,2025-12-25,TH,affiliate,
6773,2026-05-18,JP,paid_social,
6774,2026-06-03,SG,paid_search,
6775,2026-04-22,TH,organic,
6776,2025-10-10,MY,affiliate,
6777,2025-10-16,ID,affiliate,
6778,2026-11-03,SG,paid_search,
6779,2025-11-11,MM,organic,
6780,2025-08-24,LA,paid_search,
6781,2026-02-27,TH,email,WELCOME10
6782,2025-07-04,TH,paid_social,
6783,2025-12-30,TH,affiliate,
6784,2026-09-29,MY,organic,
6785,2025-11-20,MY,paid_search,
6786,2026-07-11,TH,organic,
6787,2026-03-19,AU,paid_search,
6788,2026-01-06,TH,organic,
6789,2026-06-18,PH,paid_search,
6790,2026-05-14,PH,paid_search,
6791,2025-12-17,TH,affiliate,FLASH50
6792,2025-10-28,TH,paid_search,
6793,2026-11-01,TH,organic,SUMMER25
6794,2025-09-28,MM,organic,
6795,2026-11-24,TH,organic,
6796,2026-03-09,PH,paid_social,
6797,2026-12-14,SG,paid_social,
6798,2026-01-05,SG,paid_social,
6799,2026-04-28,LA,email,
6800,2026-05-24,SG,organic,
6801,2025-12-28,VN,paid_search,
6802,2025-10-25,SG,organic,
6803,2026-04-04,TH,organic,
6804,2026-06-19,TH,paid_search,
6805,2025-11-17,TH,paid_social,
6806,2026-08-13,VN,affiliate,
6807,2026-06-06,TH,paid_search,
6808,2025-09-27,SG,paid_search,
6809,2026-11-13,TH,email,
6810,2025-07-24,ID,affiliate,
6811,2026-06-14,PH,paid_social,
6812,2026-02-20,ID,paid_search,
6813,2026-06-14,KR,paid_search,
6814,2026-08-17,TH,paid_social,WELCOME10
6815,2026-07-02,TH,organic,
6816,2026-06-12,SG,paid_search,
6817,2026-09-22,TH,organic,
6818,2026-07-10,ID,paid_social,SUMMER25
6819,2026-09-07,VN,paid_social,WELCOME10
6820,2026-01-31,TH,organic,
6821,2025-10-17,MM,paid_search,
6822,2025-11-03,TH,organic,
6823,2026-05-23,ID,affiliate,
6824,2026-04-10,TH,email,
6825,2025-08-11,ID,paid_search,
6826,2025-10-17,TH,organic,SUMMER25
6827,2026-11-28,AU,email,
6828,2026-07-23,AU,affiliate,
6829,2026-08-07,SG,affiliate,
6830,2025-10-13,SG,paid_search,
6831,2025-08-04,ID,organic,
6832,2025-12-03,MY,direct,
6833,2026-09-30,MY,paid_search,WELCOME10
6834,2026-03-27,MY,paid_search,
6835,2026-08-23,PH,affiliate,
6836,2026-03-17,MY,paid_social,
6837,2026-03-19,TH,organic,WELCOME10
6838,2026-05-17,MM,direct,
6839,2026-11-24,TH,paid_social,
6840,2026-02-19,TH,organic,
6841,2026-05-14,KR,organic,
6842,2026-11-03,TH,paid_social,
6843,2026-01-15,TH,paid_social,
6844,2026-09-21,MY,organic,
6845,2026-04-12,PH,paid_search,
6846,2026-10-12,TH,paid_search,
6847,2026-03-07,SG,paid_search,
6848,2026-06-01,TH,direct,
6849,2025-12-20,SG,organic,
6850,2026-06-04,TH,email,
6851,2025-12-21,TH,paid_search,
6852,2026-05-21,AU,organic,
6853,2026-08-25,ID,organic,
6854,2026-02-17,PH,direct,FLASH50
6855,2026-02-14,LA,organic,
6856,2025-12-19,AU,organic,
6857,2026-07-25,VN,paid_search,
6858,2026-05-12,TH,paid_social,
6859,2026-04-02,PH,paid_search,
6860,2025-07-14,MY,organic,FLASH50
6861,2025-08-28,TH,paid_search,WELCOME10
6862,2025-07-04,TH,email,
6863,2026-09-27,TH,email,
6864,2026-09-27,SG,direct,
6865,2025-08-06,VN,paid_search,SUMMER25
6866,2025-07-25,SG,organic,
6867,2026-08-21,TH,organic,WELCOME10
6868,2026-04-06,TH,email,
6869,2025-12-12,PH,affiliate,FLASH50
6870,2026-05-24,TH,paid_social,
6871,2025-11-04,SG,paid_search,
6872,2025-10-14,VN,paid_search,
6873,2026-01-12,PH,paid_search,
6874,2026-10-21,SG,paid_search,
6875,2026-08-13,ID,paid_search,
6876,2025-10-10,TH,organic,SUMMER25
6877,2026-04-26,AU,organic,SUMMER25
6878,2026-10-15,MY,organic,
6879,2026-11-20,VN,direct,
6880,2026-08-11,TH,direct,FLASH50
6881,2025-09-07,ID,affiliate,
6882,2025-11-06,TH,affiliate,
6883,2025-10-25,SG,organic,
6884,2025-09-19,ID,organic,
6885,2025-10-02,VN,organic,
6886,2025-12-16,TH,organic,
6887,2026-04-23,KH,affiliate,
6888,2026-01-29,TH,organic,
6889,2026-02-10,MY,direct,SUMMER25
6890,2025-11-09,TH,paid_social,
6891,2025-09-19,TH,organic,
6892,2026-12-15,LA,affiliate,
6893,2026-05-16,TH,affiliate,
6894,2025-10-31,MM,paid_social,
6895,2026-09-05,TH,organic,
6896,2026-09-16,ID,paid_search,FLASH50
6897,2026-11-28,TH,paid_search,
6898,2025-09-23,ID,affiliate,
6899,2026-06-07,LA,organic,
6900,2026-12-05,MY,email,
6901,2026-09-03,TH,organic,
6902,2025-10-29,VN,direct,
6903,2026-10-19,VN,organic,
6904,2026-02-10,TH,affiliate,
6905,2026-03-18,ID,organic,
6906,2026-04-24,ID,affiliate,
6907,2026-08-16,VN,email,FLASH50
6908,2025-09-03,TH,paid_search,
6909,2026-04-14,TH,organic,
6910,2026-09-09,JP,direct,
6911,2026-04-19,MY,direct,
6912,2025-11-24,SG,affiliate,
6913,2025-07-30,KR,paid_search,
6914,2026-04-19,TH,organic,FLASH50
6915,2026-07-10,TH,paid_search,
6916,2026-04-19,VN,paid_social,
6917,2026-12-04,VN,organic,
6918,2026-05-18,JP,organic,
6919,2026-03-28,ID,email,FLASH50
6920,2025-07-30,TH,paid_social,
6921,2026-04-24,TH,paid_social,
6922,2025-09-28,TH,direct,
6923,2026-07-22,MM,paid_search,
6924,2025-09-24,TH,paid_search,
6925,2026-10-27,MY,email,
6926,2025-12-08,TH,direct,
6927,2026-02-17,TH,organic,
6928,2025-09-16,TH,paid_search,FLASH50
6929,2025-10-21,ID,paid_search,SUMMER25
6930,2026-11-04,TH,organic,
6931,2025-11-29,JP,organic,
6932,2026-03-31,LA,organic,
6933,2026-12-06,TH,paid_social,FLASH50
6934,2026-05-29,KH,organic,
6935,2025-07-23,TH,email,SUMMER25
6936,2026-01-07,TH,paid_social,
6937,2026-01-23,TH,paid_search,
6938,2025-11-25,PH,affiliate,
6939,2025-11-06,ID,paid_social,
6940,2026-03-26,TH,affiliate,
6941,2026-01-17,VN,email,
6942,2025-12-04,ID,affiliate,WELCOME10
6943,2026-02-06,VN,affiliate,FLASH50
6944,2025-12-31,MY,paid_social,
6945,2025-10-30,PH,paid_search,FLASH50
6946,2026-02-27,ID,paid_social,
6947,2026-11-15,TH,paid_social,WELCOME10
6948,2026-03-27,PH,direct,
6949,2026-05-15,TH,paid_search,
6950,2026-12-07,ID,organic,FLASH50
6951,2026-05-24,ID,paid_search,
6952,2025-10-28,TH,paid_search,
6953,2026-01-29,TH,paid_search,FLASH50
6954,2026-03-18,ID,paid_social,
6955,2026-03-11,PH,direct,
6956,2025-09-18,PH,organic,
6957,2025-08-26,ID,direct,WELCOME10
6958,2026-01-03,TH,affiliate,FLASH50
6959,2026-10-31,TH,organic,
6960,2026-07-18,VN,organic,
6961,2026-09-22,TH,email,FLASH50
6962,2025-10-01,VN,affiliate,
6963,2026-02-06,TH,organic,
6964,2026-05-06,TH,paid_social,FLASH50
6965,2026-02-17,MY,organic,WELCOME10
6966,2026-02-08,MY,paid_social,
6967,2026-01-08,ID,organic,
6968,2025-07-28,TH,paid_search,
6969,2026-09-30,PH,paid_search,
6970,2026-11-10,SG,paid_search,
6971,2025-08-13,VN,organic,
6972,2026-02-06,MY,paid_social,SUMMER25
6973,2026-04-03,TH,affiliate,
6974,2026-08-22,ID,paid_social,
6975,2026-12-08,MY,email,
6976,2026-02-07,SG,affiliate,
6977,2026-08-04,ID,organic,WELCOME10
6978,2026-11-12,TH,organic,FLASH50
6979,2026-09-16,MM,paid_social,
6980,2025-12-02,TH,paid_social,
6981,2026-09-09,TH,direct,
6982,2026-02-05,VN,organic,
6983,2025-07-10,TH,organic,
6984,2026-08-09,KR,affiliate,
6985,2026-09-19,SG,email,
6986,2025-12-31,TH,paid_search,
6987,2026-02-26,TH,paid_search,
6988,2026-01-11,TH,email,
6989,2025-09-01,TH,paid_search,FLASH50
6990,2026-12-13,TH,affiliate,WELCOME10
6991,2025-07-13,TH,direct,
6992,2026-04-23,TH,organic,
6993,2025-07-08,SG,organic,
6994,2026-07-03,TH,direct,
6995,2026-10-24,TH,paid_search,
6996,2026-06-08,TH,organic,
6997,2026-05-20,TH,paid_search,
6998,2026-09-15,TH,paid_social,
6999,2026-12-02,TH,organic,
7000,2026-10-03,TH,paid_social,
7001,2025-11-01,MM,organic,SUMMER25
7002,2026-04-27,TH,organic,
7003,2026-09-10,TH,organic,
7004,2025-12-04,ID,paid_search,
7005,2026-06-25,SG,email,
7006,2025-07-13,TH,paid_search,
7007,2026-10-11,VN,affiliate,
7008,2026-05-24,VN,organic,WELCOME10
7009,2026-08-01,JP,paid_search,
7010,2026-09-13,AU,paid_search,SUMMER25
7011,2025-10-25,MY,affiliate,
7012,2026-02-26,ID,paid_social,
7013,2026-10-01,TH,affiliate,WELCOME10
7014,2025-09-26,KH,paid_search,
7015,2026-09-12,MY,direct,
7016,2025-12-01,TH,affiliate,
7017,2026-05-03,TH,email,
7018,2026-03-29,MY,organic,FLASH50
7019,2026-07-01,MY,organic,
7020,2026-09-19,PH,paid_social,
7021,2026-01-03,TH,paid_search,
7022,2025-09-30,PH,affiliate,
7023,2026-02-11,TH,organic,
7024,2026-05-23,MY,paid_social,
7025,2026-08-04,TH,organic,
7026,2026-08-06,TH,paid_search,
7027,2025-12-29,SG,organic,
7028,2026-11-11,TH,email,
7029,2025-08-14,TH,organic,
7030,2025-09-01,PH,paid_social,
7031,2025-07-14,TH,organic,SUMMER25
7032,2026-11-06,VN,organic,
7033,2025-10-05,VN,paid_search,SUMMER25
7034,2026-05-17,TH,organic,
7035,2026-09-07,KH,paid_search,SUMMER25
7036,2026-08-13,VN,organic,
7037,2026-11-18,VN,paid_social,
7038,2025-07-29,PH,email,
7039,2026-02-02,MY,affiliate,
7040,2026-03-27,KR,organic,SUMMER25
7041,2026-07-07,TH,paid_search,
7042,2026-05-28,TH,organic,
7043,2026-04-25,ID,paid_search,
7044,2025-12-11,TH,affiliate,
7045,2025-08-26,MY,organic,
7046,2026-02-16,TH,organic,
7047,2025-11-16,TH,affiliate,WELCOME10
7048,2026-04-22,LA,paid_search,FLASH50
7049,2026-08-29,TH,organic,WELCOME10
7050,2026-04-21,TH,direct,FLASH50
7051,2026-05-07,ID,organic,
7052,2025-07-23,VN,affiliate,SUMMER25
7053,2026-06-09,PH,organic,
7054,2026-02-20,TH,direct,FLASH50
7055,2025-09-04,KH,affiliate,
7056,2025-10-22,MY,organic,WELCOME10
7057,2026-08-21,PH,direct,FLASH50
7058,2026-11-01,TH,organic,
7059,2026-03-28,TH,email,WELCOME10
7060,2026-12-03,MY,paid_social,
7061,2025-10-04,MY,organic,
7062,2025-12-07,TH,paid_search,
7063,2026-11-08,MY,organic,FLASH50
7064,2025-10-02,ID,paid_social,
7065,2026-06-17,TH,paid_social,
7066,2025-10-25,SG,paid_search,
7067,2025-12-24,TH,affiliate,
7068,2026-03-12,KH,direct,
7069,2026-01-08,MY,paid_search,
7070,2026-10-10,MY,paid_social,
7071,2026-12-01,AU,organic,
7072,2026-03-24,ID,direct,
7073,2026-04-06,TH,email,
7074,2025-07-30,ID,direct,
7075,2025-11-02,JP,affiliate,
7076,2025-07-22,TH,paid_search,
7077,2026-09-30,ID,organic,
7078,2025-10-30,TH,paid_search,
7079,2025-12-29,PH,organic,
7080,2026-09-23,ID,paid_social,
7081,2026-07-16,AU,paid_search,WELCOME10
7082,2026-05-28,ID,paid_social,
7083,2025-07-21,TH,paid_social,
7084,2026-04-27,SG,organic,
7085,2026-04-25,LA,affiliate,
7086,2025-12-18,TH,paid_search,WELCOME10
7087,2026-08-02,TH,organic,WELCOME10
7088,2026-11-08,VN,paid_search,
7089,2025-11-16,SG,organic,WELCOME10
7090,2025-12-24,TH,paid_search,
7091,2025-12-19,TH,organic,
7092,2026-09-19,TH,organic,
7093,2025-08-11,ID,paid_search,
7094,2026-10-21,SG,paid_search,
7095,2026-08-18,SG,affiliate,
7096,2026-03-15,PH,organic,
7097,2026-05-08,TH,paid_search,
7098,2026-10-20,ID,organic,
7099,2026-08-15,TH,organic,
7100,2025-11-25,TH,paid_search,FLASH50
7101,2025-07-27,MY,paid_search,WELCOME10
7102,2026-06-16,ID,affiliate,
7103,2025-09-16,AU,affiliate,
7104,2025-08-16,TH,email,WELCOME10
7105,2026-12-06,TH,email,
7106,2026-03-10,SG,organic,
7107,2026-06-12,MY,organic,
7108,2025-10-24,TH,paid_search,WELCOME10
7109,2025-08-24,LA,paid_social,
7110,2025-08-03,VN,paid_social,
7111,2026-01-05,SG,paid_search,
7112,2025-07-02,SG,direct,
7113,2026-02-09,TH,paid_search,
7114,2025-12-21,MY,direct,FLASH50
7115,2026-04-07,MY,direct,
7116,2026-05-11,LA,paid_search,
7117,2025-12-12,SG,organic,
7118,2026-02-28,TH,paid_search,
7119,2025-08-11,TH,paid_search,
7120,2025-12-08,TH,email,
7121,2026-12-04,AU,direct,
7122,2026-12-11,VN,organic,
7123,2026-03-16,PH,organic,
7124,2026-11-13,PH,affiliate,
7125,2026-03-25,TH,paid_social,
7126,2025-09-05,ID,affiliate,
7127,2026-10-06,ID,paid_search,
7128,2026-02-07,TH,organic,FLASH50
7129,2026-05-23,SG,organic,
7130,2026-06-11,ID,organic,WELCOME10
7131,2025-12-12,LA,paid_search,
7132,2026-07-26,TH,organic,FLASH50
7133,2026-03-25,LA,paid_search,
7134,2026-01-12,MM,affiliate,
7135,2025-12-06,MM,organic,
7136,2026-08-02,TH,email,
7137,2025-11-10,TH,organic,FLASH50
7138,2025-09-05,ID,paid_social,
7139,2026-10-13,TH,organic,
7140,2025-12-24,TH,affiliate,
7141,2026-06-07,VN,organic,
7142,2026-07-17,TH,paid_search,
7143,2026-09-20,SG,direct,
7144,2026-05-30,AU,organic,
7145,2026-07-13,SG,affiliate,
7146,2026-09-20,MM,paid_social,
7147,2026-11-15,TH,paid_search,SUMMER25
7148,2025-07-25,TH,organic,FLASH50
7149,2026-08-01,TH,affiliate,
7150,2025-10-01,TH,email,SUMMER25
7151,2026-10-19,TH,organic,
7152,2025-07-26,PH,affiliate,WELCOME10
7153,2025-11-09,MM,affiliate,WELCOME10
7154,2025-10-11,TH,paid_social,
7155,2026-05-18,TH,affiliate,
7156,2025-07-03,ID,organic,
7157,2025-07-10,SG,paid_search,FLASH50
7158,2026-03-26,TH,direct,
7159,2026-11-30,TH,affiliate,
7160,2026-04-08,TH,organic,
7161,2026-02-23,MY,paid_social,
7162,2026-06-16,TH,organic,FLASH50
7163,2026-04-21,VN,organic,WELCOME10
7164,2026-01-22,TH,organic,
7165,2026-05-10,SG,organic,
7166,2025-07-02,MY,paid_search,FLASH50
7167,2025-11-08,TH,paid_search,
7168,2026-06-25,KH,affiliate,
7169,2025-12-30,ID,email,SUMMER25
7170,2025-07-29,KH,paid_search,
7171,2025-09-05,SG,organic,
7172,2026-10-05,SG,direct,
7173,2025-12-23,TH,organic,FLASH50
7174,2025-07-13,MY,paid_search,FLASH50
7175,2026-07-24,MY,organic,
7176,2026-04-09,TH,direct,
7177,2026-02-26,TH,paid_search,
7178,2026-10-20,TH,direct,
7179,2025-12-15,TH,direct,
7180,2026-05-02,TH,direct,FLASH50
7181,2026-08-02,MY,affiliate,
7182,2026-05-21,AU,affiliate,
7183,2025-10-19,TH,direct,
7184,2026-06-29,TH,organic,
7185,2026-08-01,TH,affiliate,
7186,2025-09-04,TH,organic,FLASH50
7187,2025-09-27,ID,paid_search,
7188,2026-06-25,TH,paid_search,
7189,2025-09-02,KR,direct,
7190,2026-10-13,PH,paid_search,FLASH50
7191,2025-08-28,SG,paid_social,
7192,2026-12-02,MM,paid_social,FLASH50
7193,2026-06-23,ID,paid_social,FLASH50
7194,2026-02-22,KR,organic,
7195,2025-11-21,TH,paid_social,FLASH50
7196,2025-12-31,KR,paid_social,WELCOME10
7197,2026-08-03,TH,email,
7198,2026-08-06,TH,direct,
7199,2025-10-20,AU,organic,
7200,2026-04-16,TH,organic,
7201,2026-12-12,TH,paid_social,WELCOME10
7202,2025-11-15,TH,paid_search,
7203,2026-07-05,TH,affiliate,
7204,2025-09-30,TH,affiliate,
7205,2026-09-18,SG,organic,
7206,2025-09-29,MY,email,SUMMER25
7207,2025-12-06,PH,organic,
7208,2026-03-02,TH,direct,
7209,2026-01-14,PH,paid_search,SUMMER25
7210,2025-09-29,MY,email,
7211,2026-06-07,VN,organic,
7212,2025-07-11,VN,paid_search,
7213,2026-12-07,LA,organic,WELCOME10
7214,2025-07-28,TH,affiliate,FLASH50
7215,2025-12-25,MY,direct,SUMMER25
7216,2026-11-08,LA,affiliate,SUMMER25
7217,2025-09-21,VN,paid_social,
7218,2025-08-08,TH,organic,
7219,2026-08-01,MY,direct,
7220,2025-08-09,VN,paid_search,
7221,2026-10-23,TH,paid_social,
7222,2026-02-26,ID,organic,
7223,2026-10-07,PH,affiliate,
7224,2025-11-08,MY,paid_search,
7225,2025-09-14,TH,paid_search,
7226,2026-11-26,MY,organic,SUMMER25
7227,2026-08-11,MY,paid_social,
7228,2026-10-29,TH,organic,
7229,2025-12-18,ID,email,
7230,2026-02-01,SG,affiliate,WELCOME10
7231,2026-05-04,KH,direct,
7232,2026-02-25,VN,paid_search,FLASH50
7233,2025-11-07,PH,paid_social,
7234,2026-01-16,MY,paid_search,WELCOME10
7235,2026-05-21,TH,email,WELCOME10
7236,2025-07-21,VN,paid_search,
7237,2025-12-27,TH,paid_search,
7238,2025-12-04,SG,paid_search,
7239,2025-08-07,TH,paid_search,FLASH50
7240,2025-09-04,MY,email,
7241,2026-03-22,ID,organic,
7242,2025-08-24,TH,paid_social,
7243,2025-12-31,TH,paid_search,FLASH50
7244,2026-04-25,TH,organic,
7245,2026-10-09,TH,direct,
7246,2025-08-22,SG,affiliate,FLASH50
7247,2026-02-17,KH,direct,
7248,2025-08-24,LA,paid_search,
7249,2026-02-14,AU,affiliate,
7250,2026-03-14,TH,paid_social,
7251,2026-08-31,TH,paid_social,
7252,2026-02-21,SG,organic,
7253,2026-11-11,ID,organic,
7254,2025-09-12,ID,organic,FLASH50
7255,2025-07-29,VN,affiliate,WELCOME10
7256,2025-07-03,SG,affiliate,
7257,2026-01-07,MY,paid_social,FLASH50
7258,2025-10-11,JP,organic,FLASH50
7259,2025-08-18,TH,affiliate,
7260,2025-11-03,PH,organic,FLASH50
7261,2026-12-02,VN,email,FLASH50
7262,2026-08-31,TH,paid_search,
7263,2025-07-10,MM,paid_social,
7264,2026-10-31,PH,organic,FLASH50
7265,2025-10-18,VN,paid_search,
7266,2026-02-02,TH,paid_search,
7267,2025-12-22,TH,paid_search,
7268,2026-02-01,ID,organic,
7269,2026-08-10,TH,paid_search,
7270,2026-07-15,TH,organic,
7271,2026-05-13,TH,email,
7272,2026-05-31,TH,paid_search,WELCOME10
7273,2026-07-23,VN,paid_search,
7274,2025-10-07,MY,paid_social,
7275,2026-01-27,TH,affiliate,
7276,2025-08-27,MY,organic,
7277,2026-07-11,TH,paid_social,
7278,2026-02-19,TH,email,
7279,2026-06-05,SG,paid_search,
7280,2026-04-28,SG,organic,
7281,2025-11-23,TH,organic,WELCOME10
7282,2025-09-12,ID,direct,
7283,2026-12-01,TH,organic,
7284,2025-12-04,MY,organic,
7285,2025-08-28,TH,direct,
7286,2025-12-11,VN,email,FLASH50
7287,2026-10-24,MY,paid_search,
7288,2025-11-17,TH,organic,
7289,2026-12-08,ID,paid_social,
7290,2026-03-03,VN,affiliate,FLASH50
7291,2026-10-03,TH,organic,
7292,2026-06-14,MY,organic,
7293,2025-07-24,VN,email,
7294,2026-03-29,TH,affiliate,
7295,2026-02-08,LA,paid_search,WELCOME10
7296,2025-10-16,TH,email,
7297,2026-04-20,VN,paid_social,
7298,2025-08-24,LA,direct,
7299,2026-07-08,KR,organic,
7300,2026-09-12,MY,paid_search,WELCOME10
7301,2025-08-19,ID,paid_social,
7302,2026-03-13,TH,paid_search,FLASH50
7303,2026-06-15,TH,paid_search,WELCOME10
7304,2025-08-03,PH,paid_social,WELCOME10
7305,2026-01-24,TH,paid_social,WELCOME10
7306,2025-11-15,PH,organic,FLASH50
7307,2025-07-21,TH,paid_search,
7308,2026-09-02,TH,paid_social,
7309,2026-02-23,TH,paid_social,
7310,2026-08-05,MY,paid_search,
7311,2026-05-09,TH,organic,
7312,2026-10-10,TH,organic,
7313,2026-12-14,KR,affiliate,FLASH50
7314,2026-05-17,VN,affiliate,
7315,2026-01-04,VN,paid_social,
7316,2026-02-11,TH,paid_social,WELCOME10
7317,2026-09-13,TH,organic,FLASH50
7318,2026-02-13,ID,paid_search,
7319,2026-04-04,TH,paid_search,
7320,2025-10-12,SG,paid_search,WELCOME10
7321,2026-12-10,MM,organic,
7322,2026-06-12,TH,organic,
7323,2025-12-24,LA,direct,
7324,2026-05-08,TH,paid_social,
7325,2026-01-30,TH,email,WELCOME10
7326,2025-09-21,TH,paid_social,
7327,2026-10-10,AU,affiliate,
7328,2026-10-16,MY,organic,
7329,2026-09-18,VN,organic,WELCOME10
7330,2026-01-13,TH,paid_social,
7331,2025-11-14,KH,paid_search,
7332,2025-07-27,MY,organic,
7333,2026-07-25,MY,paid_social,FLASH50
7334,2025-12-22,VN,organic,
7335,2026-10-19,VN,organic,
7336,2026-10-07,ID,direct,
7337,2025-09-07,TH,paid_social,SUMMER25
7338,2026-11-01,KH,paid_search,
7339,2025-09-13,TH,organic,
7340,2026-03-19,KR,email,
7341,2026-03-10,TH,direct,FLASH50
7342,2026-11-22,TH,organic,FLASH50
7343,2026-06-16,TH,paid_search,
7344,2026-10-10,MY,paid_social,
7345,2026-05-14,TH,organic,
7346,2026-09-13,PH,paid_search,
7347,2026-09-28,ID,organic,
7348,2026-10-02,TH,organic,
7349,2026-02-05,MY,paid_social,WELCOME10
7350,2026-01-20,VN,paid_search,
7351,2026-12-07,LA,paid_social,FLASH50
7352,2026-08-08,TH,organic,SUMMER25
7353,2026-11-01,MM,paid_search,
7354,2026-05-04,TH,direct,FLASH50
7355,2026-11-08,ID,paid_search,
7356,2026-07-19,VN,paid_search,
7357,2026-07-31,SG,paid_search,FLASH50
7358,2025-10-03,TH,email,
7359,2026-04-29,ID,paid_social,
7360,2026-07-25,TH,organic,
7361,2026-08-10,TH,organic,
7362,2026-11-23,TH,paid_social,
7363,2025-12-22,VN,affiliate,
7364,2025-12-09,TH,organic,
7365,2026-11-29,SG,paid_search,
7366,2026-12-08,JP,paid_social,
7367,2025-10-04,VN,paid_search,
7368,2026-01-18,MY,paid_social,
7369,2026-11-18,MY,paid_search,
7370,2025-10-15,TH,paid_social,
7371,2026-08-22,SG,affiliate,WELCOME10
7372,2025-08-29,TH,direct,
7373,2025-10-04,TH,paid_social,
7374,2026-08-23,TH,paid_search,
7375,2026-05-20,MY,paid_social,
7376,2026-04-22,TH,affiliate,
7377,2026-09-30,TH,paid_search,
7378,2025-12-11,KH,paid_search,
7379,2026-03-26,TH,organic,
7380,2026-05-21,ID,paid_social,
7381,2026-07-30,TH,paid_search,
7382,2025-12-25,MY,organic,
7383,2026-06-03,TH,paid_social,FLASH50
7384,2026-02-24,TH,direct,
7385,2026-04-15,PH,organic,
7386,2026-10-03,SG,paid_search,
7387,2026-01-26,TH,direct,
7388,2026-06-22,TH,direct,WELCOME10
7389,2026-11-15,SG,paid_search,
7390,2026-08-11,TH,organic,
7391,2026-12-09,MY,paid_search,WELCOME10
7392,2026-05-08,MY,paid_search,
7393,2025-11-28,MY,paid_search,WELCOME10
7394,2026-12-11,PH,paid_social,
7395,2026-06-09,TH,affiliate,
7396,2025-11-06,KH,paid_social,FLASH50
7397,2025-12-17,SG,email,FLASH50
7398,2025-11-17,SG,affiliate,
7399,2026-09-18,ID,paid_search,FLASH50
7400,2025-08-19,MY,organic,
7401,2026-07-30,TH,affiliate,
7402,2026-04-22,KR,paid_social,
7403,2025-08-09,AU,paid_search,WELCOME10
7404,2026-05-23,TH,organic,
7405,2026-08-06,MY,paid_social,
7406,2026-07-22,VN,organic,
7407,2026-04-08,MM,affiliate,
7408,2025-12-26,MY,organic,
7409,2025-09-26,TH,paid_social,WELCOME10
7410,2025-07-07,ID,paid_search,
7411,2026-01-08,TH,paid_search,FLASH50
7412,2026-06-02,ID,affiliate,
7413,2025-07-21,MY,organic,
7414,2026-12-15,ID,organic,
7415,2026-05-09,TH,organic,
7416,2025-12-04,SG,organic,
7417,2026-11-25,MY,paid_search,
7418,2025-10-07,TH,organic,
7419,2026-11-23,TH,paid_search,SUMMER25
7420,2025-11-28,TH,paid_social,
7421,2026-01-19,PH,email,
7422,2026-02-12,SG,organic,
7423,2026-12-13,ID,email,
7424,2025-11-11,SG,direct,WELCOME10
7425,2026-12-01,PH,paid_social,WELCOME10
7426,2026-01-01,SG,affiliate,
7427,2025-11-30,TH,paid_search,
7428,2026-06-06,TH,organic,
7429,2026-07-05,TH,direct,
7430,2025-12-31,PH,direct,
7431,2025-09-10,ID,paid_search,
7432,2026-01-28,VN,organic,
7433,2026-04-15,VN,organic,
7434,2025-07-22,PH,paid_search,FLASH50
7435,2025-08-11,KR,email,
7436,2026-11-02,ID,organic,SUMMER25
7437,2025-07-20,TH,paid_social,
7438,2026-02-02,TH,affiliate,
7439,2026-08-12,MY,paid_search,WELCOME10
7440,2025-12-22,VN,paid_social,
7441,2026-03-21,MY,paid_search,
7442,2025-08-16,TH,organic,FLASH50
7443,2026-08-28,VN,paid_search,
7444,2026-06-04,SG,organic,
7445,2026-09-27,TH,paid_social,FLASH50
7446,2026-10-04,PH,paid_search,
7447,2026-01-03,MY,affiliate,WELCOME10
7448,2025-07-22,TH,paid_social,WELCOME10
7449,2026-01-01,TH,direct,
7450,2025-09-16,MY,affiliate,WELCOME10
7451,2026-04-11,SG,paid_social,WELCOME10
7452,2025-09-17,TH,paid_search,
7453,2026-11-04,MY,paid_search,
7454,2026-05-18,ID,affiliate,
7455,2025-11-12,TH,paid_social,
7456,2026-11-04,MY,paid_social,FLASH50
7457,2026-08-15,MY,organic,WELCOME10
7458,2026-02-19,TH,organic,
7459,2025-09-17,TH,organic,FLASH50
7460,2025-12-31,TH,organic,
7461,2026-05-08,SG,affiliate,
7462,2026-08-13,PH,paid_search,
7463,2025-11-17,SG,paid_search,
7464,2026-07-31,KR,organic,
7465,2025-11-28,TH,affiliate,
7466,2025-11-09,ID,organic,
7467,2026-02-24,MY,organic,
7468,2025-09-24,VN,affiliate,FLASH50
7469,2026-02-01,KH,paid_social,
7470,2026-01-07,SG,organic,
7471,2025-11-27,SG,organic,
7472,2026-08-18,AU,paid_search,
7473,2025-12-24,AU,paid_social,FLASH50
7474,2026-07-06,KR,organic,FLASH50
7475,2026-07-19,TH,paid_social,
7476,2026-06-20,TH,paid_search,WELCOME10
7477,2025-11-21,SG,paid_social,
7478,2026-09-16,VN,paid_social,
7479,2025-11-04,TH,affiliate,
7480,2025-11-25,TH,organic,
7481,2026-10-10,MY,organic,
7482,2025-12-29,TH,organic,
7483,2026-07-07,VN,organic,SUMMER25
7484,2025-07-23,TH,paid_search,
7485,2026-05-24,PH,organic,
7486,2026-10-07,TH,affiliate,FLASH50
7487,2026-07-13,MY,affiliate,
7488,2026-05-07,MY,paid_social,
7489,2026-09-26,TH,paid_search,
7490,2025-12-06,SG,paid_social,
7491,2026-01-17,PH,paid_social,
7492,2025-08-06,MY,paid_social,
7493,2026-07-08,TH,organic,
7494,2026-07-21,VN,email,SUMMER25
7495,2026-08-05,TH,paid_search,WELCOME10
7496,2026-08-04,SG,organic,
7497,2025-09-06,SG,paid_search,
7498,2026-06-21,SG,organic,
7499,2026-08-11,TH,direct,
7500,2025-10-17,TH,paid_social,
7501,2026-03-11,TH,email,
7502,2026-10-30,TH,direct,
7503,2026-02-07,ID,paid_social,SUMMER25
7504,2026-08-06,ID,affiliate,
7505,2026-04-09,TH,email,
7506,2026-06-16,TH,organic,
7507,2026-05-30,ID,organic,SUMMER25
7508,2026-06-12,MY,paid_search,FLASH50
7509,2026-08-20,PH,paid_social,
7510,2026-10-26,TH,affiliate,
7511,2025-12-05,TH,paid_search,
7512,2026-11-07,TH,affiliate,
7513,2026-05-31,ID,paid_social,
7514,2026-05-14,SG,paid_search,
7515,2025-12-22,TH,paid_social,
7516,2026-02-08,TH,email,
7517,2026-06-13,ID,paid_search,FLASH50
7518,2026-01-10,TH,paid_search,FLASH50
7519,2025-12-01,ID,paid_social,
7520,2026-09-10,TH,paid_search,
7521,2026-02-07,TH,organic,WELCOME10
7522,2026-06-09,TH,email,
7523,2025-07-17,KR,organic,
7524,2025-08-11,TH,organic,WELCOME10
7525,2026-09-26,TH,email,
7526,2025-09-14,PH,paid_social,FLASH50
7527,2026-08-29,TH,paid_search,FLASH50
7528,2026-10-23,TH,paid_search,
7529,2026-03-14,TH,organic,
7530,2026-10-15,ID,organic,
7531,2026-02-13,TH,email,
7532,2026-11-20,PH,organic,
7533,2025-11-04,VN,organic,
7534,2026-02-14,MY,affiliate,FLASH50
7535,2026-01-24,TH,email,FLASH50
7536,2026-08-22,VN,paid_social,FLASH50
7537,2025-07-24,KH,organic,
7538,2026-09-15,PH,organic,
7539,2025-07-13,TH,direct,
7540,2025-12-16,ID,paid_social,FLASH50
7541,2026-05-14,ID,affiliate,
7542,2025-09-16,AU,paid_search,
7543,2026-03-19,TH,affiliate,
7544,2026-12-14,VN,direct,
7545,2026-09-12,ID,paid_search,
7546,2025-07-17,KH,paid_search,
7547,2026-05-12,ID,organic,
7548,2026-05-15,PH,affiliate,WELCOME10
7549,2025-08-06,TH,organic,
7550,2026-06-12,TH,organic,
7551,2026-04-04,TH,paid_social,
7552,2026-06-29,PH,affiliate,FLASH50
7553,2025-12-06,TH,paid_search,
7554,2025-11-14,ID,direct,FLASH50
7555,2026-07-28,KR,organic,
7556,2026-07-20,LA,paid_search,
7557,2025-09-25,ID,paid_social,WELCOME10
7558,2025-10-24,VN,paid_social,WELCOME10
7559,2026-05-09,TH,paid_social,
7560,2026-09-15,SG,paid_social,FLASH50
7561,2025-10-16,MY,affiliate,
7562,2025-10-25,VN,affiliate,
7563,2026-09-04,TH,direct,
7564,2026-07-07,TH,direct,
7565,2026-10-24,ID,paid_search,WELCOME10
7566,2026-08-22,SG,paid_social,
7567,2026-11-21,PH,paid_search,
7568,2025-10-09,SG,paid_social,WELCOME10
7569,2025-11-22,PH,organic,
7570,2025-11-04,SG,paid_search,
7571,2025-07-30,VN,email,
7572,2026-08-20,VN,paid_social,FLASH50
7573,2026-06-18,TH,organic,
7574,2025-08-15,TH,paid_search,
7575,2025-10-14,LA,paid_search,
7576,2025-10-10,TH,affiliate,
7577,2026-01-31,ID,organic,
7578,2026-02-28,TH,paid_social,SUMMER25
7579,2025-12-02,VN,paid_social,
7580,2026-11-08,TH,paid_social,
7581,2025-10-22,MY,organic,
7582,2026-04-26,MY,affiliate,
7583,2026-02-19,TH,affiliate,
7584,2026-01-23,SG,paid_search,
7585,2026-09-14,KH,organic,
7586,2026-12-04,ID,paid_social,
7587,2025-07-04,KR,paid_search,
7588,2026-03-05,VN,paid_search,
7589,2025-09-02,ID,paid_search,
7590,2026-02-17,MY,paid_search,FLASH50
7591,2026-05-25,AU,affiliate,FLASH50
7592,2026-02-05,MY,direct,SUMMER25
7593,2025-12-12,TH,paid_social,
7594,2025-12-14,PH,organic,
7595,2025-12-07,AU,paid_search,
7596,2025-12-21,SG,organic,SUMMER25
7597,2026-01-16,TH,paid_social,
7598,2026-07-02,MY,paid_social,
7599,2025-08-21,VN,direct,
7600,2025-07-22,TH,paid_search,
7601,2026-04-02,VN,organic,
7602,2026-06-29,MY,paid_social,
7603,2025-11-15,TH,paid_search,
7604,2025-10-16,ID,organic,
7605,2026-05-29,TH,paid_search,
7606,2026-01-21,VN,organic,
7607,2026-07-28,TH,organic,
7608,2025-09-17,PH,paid_search,
7609,2025-09-03,TH,affiliate,
7610,2026-04-21,AU,email,SUMMER25
7611,2026-01-26,VN,organic,
7612,2026-07-24,TH,paid_search,FLASH50
7613,2026-03-27,JP,affiliate,
7614,2026-01-06,SG,direct,
7615,2025-09-24,MY,affiliate,
7616,2025-09-26,LA,paid_search,
7617,2026-08-07,MM,email,
7618,2025-10-29,ID,paid_social,
7619,2026-03-25,JP,organic,
7620,2026-09-10,TH,organic,
7621,2026-10-22,TH,direct,
7622,2025-11-20,TH,email,
7623,2025-08-28,TH,paid_search,WELCOME10
7624,2026-08-17,MY,paid_social,
7625,2026-07-02,TH,paid_search,
7626,2025-12-24,MY,paid_social,SUMMER25
7627,2026-05-13,TH,paid_search,
7628,2025-10-09,TH,paid_search,
7629,2026-07-09,VN,paid_search,WELCOME10
7630,2026-07-23,TH,paid_search,
7631,2025-12-07,VN,direct,
7632,2026-03-07,VN,email,
7633,2025-12-26,MY,organic,
7634,2025-07-17,KH,organic,WELCOME10
7635,2025-09-06,AU,organic,
7636,2026-11-24,TH,organic,
7637,2026-03-01,ID,paid_search,FLASH50
7638,2025-09-17,TH,paid_search,
7639,2025-07-24,TH,organic,
7640,2026-01-05,ID,direct,
7641,2026-12-06,VN,affiliate,
7642,2026-01-22,PH,organic,
7643,2026-12-15,ID,paid_social,
7644,2026-03-18,VN,paid_search,FLASH50
7645,2026-08-12,MY,paid_social,
7646,2026-08-23,TH,paid_search,
7647,2025-07-16,TH,organic,
7648,2025-07-04,MY,paid_search,WELCOME10
7649,2026-11-04,VN,direct,WELCOME10
7650,2026-11-10,TH,affiliate,
7651,2025-09-09,SG,paid_social,
7652,2026-06-10,TH,affiliate,FLASH50
7653,2026-11-05,MY,affiliate,FLASH50
7654,2026-11-19,TH,email,WELCOME10
7655,2025-12-05,TH,organic,
7656,2026-09-09,TH,organic,
7657,2026-06-10,TH,affiliate,
7658,2026-11-07,SG,direct,
7659,2025-09-17,MM,paid_social,FLASH50
7660,2026-05-17,TH,direct,
7661,2025-07-14,SG,paid_social,
7662,2026-01-07,MY,organic,
7663,2025-07-07,ID,email,
7664,2026-02-22,TH,affiliate,
7665,2026-09-06,TH,paid_search,
7666,2026-06-16,MM,affiliate,
7667,2025-12-16,AU,paid_search,
7668,2026-02-13,SG,paid_social,
7669,2026-01-12,MY,paid_search,WELCOME10
7670,2026-07-25,TH,paid_search,
7671,2025-11-19,TH,paid_social,
7672,2025-08-18,TH,organic,WELCOME10
7673,2026-03-28,VN,organic,FLASH50
7674,2026-09-16,TH,organic,
7675,2026-03-12,TH,paid_social,
7676,2025-10-17,TH,paid_search,
7677,2025-07-25,TH,paid_search,
7678,2026-11-16,TH,paid_search,
7679,2026-08-10,MY,organic,
7680,2025-09-21,MY,affiliate,WELCOME10
7681,2025-08-09,SG,paid_social,
7682,2025-09-07,SG,paid_social,
7683,2026-01-17,VN,organic,
7684,2026-09-06,TH,paid_social,
7685,2025-09-24,TH,paid_search,
7686,2026-09-10,PH,affiliate,
7687,2025-07-02,ID,organic,
7688,2026-07-29,SG,affiliate,
7689,2025-11-28,TH,direct,
7690,2026-11-24,TH,email,
7691,2026-03-11,TH,email,SUMMER25
7692,2025-11-22,PH,organic,
7693,2025-11-07,MY,paid_search,
7694,2026-09-14,TH,organic,
7695,2026-01-31,TH,paid_search,
7696,2026-01-04,TH,paid_social,
7697,2026-07-28,TH,affiliate,
7698,2026-04-13,MY,direct,
7699,2026-06-19,TH,direct,
7700,2026-02-23,KH,organic,WELCOME10
7701,2025-08-04,VN,email,
7702,2025-07-04,MM,email,
7703,2025-07-21,KH,paid_social,
7704,2026-05-03,MM,organic,
7705,2026-03-31,KR,organic,
7706,2026-08-03,TH,paid_search,
7707,2026-10-20,TH,organic,
7708,2025-10-02,TH,organic,
7709,2026-11-23,ID,organic,
7710,2026-11-09,ID,paid_search,FLASH50
7711,2026-05-25,TH,paid_social,FLASH50
7712,2026-04-09,PH,organic,
7713,2025-10-03,VN,email,
7714,2025-10-04,ID,organic,FLASH50
7715,2025-07-10,SG,paid_search,
7716,2026-06-10,TH,paid_search,
7717,2026-02-16,SG,paid_social,
7718,2025-10-11,TH,paid_search,FLASH50
7719,2025-09-10,MY,paid_social,WELCOME10
7720,2025-08-03,TH,paid_search,
7721,2026-06-07,TH,organic,
7722,2026-07-01,SG,paid_search,
7723,2026-06-02,MY,organic,
7724,2025-08-29,TH,direct,
7725,2025-07-23,JP,paid_social,
7726,2025-08-26,TH,organic,WELCOME10
7727,2026-08-05,MM,affiliate,
7728,2026-07-30,TH,paid_social,
7729,2025-12-05,TH,paid_search,
7730,2025-07-30,KR,direct,
7731,2025-12-18,VN,paid_search,
7732,2026-09-05,ID,organic,
7733,2025-09-15,VN,affiliate,
7734,2026-08-29,TH,email,FLASH50
7735,2026-03-04,VN,organic,FLASH50
7736,2025-09-14,TH,organic,
7737,2026-11-10,VN,paid_social,
7738,2026-04-03,AU,affiliate,
7739,2026-06-23,PH,organic,
7740,2025-08-21,VN,direct,WELCOME10
7741,2026-01-15,ID,organic,
7742,2026-06-03,MY,affiliate,
7743,2026-06-09,TH,email,
7744,2025-08-03,KH,organic,
7745,2026-05-19,ID,paid_search,
7746,2026-11-16,SG,organic,
7747,2026-08-24,VN,paid_social,
7748,2025-10-19,TH,paid_search,
7749,2026-10-30,PH,affiliate,
7750,2026-06-29,PH,paid_search,
7751,2025-07-31,TH,paid_search,SUMMER25
7752,2025-09-07,TH,organic,
7753,2026-11-04,VN,organic,
7754,2025-10-20,TH,paid_search,SUMMER25
7755,2025-08-21,KR,email,FLASH50
7756,2026-02-26,TH,affiliate,
7757,2026-04-07,TH,paid_search,
7758,2026-05-02,TH,direct,
7759,2026-06-17,VN,organic,
7760,2026-12-15,MY,direct,
7761,2026-08-09,PH,organic,FLASH50
7762,2025-07-14,JP,organic,
7763,2025-08-17,MY,email,
7764,2025-07-01,TH,paid_search,
7765,2026-01-27,TH,email,
7766,2026-01-03,KH,affiliate,SUMMER25
7767,2026-11-10,TH,organic,
7768,2026-01-12,LA,organic,
7769,2025-07-17,KH,paid_search,
7770,2026-10-15,ID,paid_social,
7771,2025-11-16,MY,paid_search,
7772,2026-10-30,AU,organic,
7773,2026-08-17,VN,organic,SUMMER25
7774,2026-10-13,ID,paid_search,
7775,2026-09-10,SG,organic,
7776,2025-09-15,SG,paid_search,
7777,2026-05-30,TH,organic,
7778,2026-02-05,AU,email,
7779,2026-06-01,ID,paid_social,
7780,2026-08-02,VN,organic,SUMMER25
7781,2026-03-25,TH,affiliate,
7782,2025-12-14,PH,paid_search,
7783,2026-11-01,TH,paid_search,
7784,2026-06-19,VN,organic,FLASH50
7785,2026-10-15,TH,paid_search,FLASH50
7786,2025-11-04,LA,email,FLASH50
7787,2026-09-20,ID,organic,FLASH50
7788,2025-12-20,SG,paid_social,
7789,2026-03-03,TH,organic,
7790,2026-10-02,TH,paid_search,
7791,2026-01-06,TH,paid_search,
7792,2025-11-11,TH,organic,FLASH50
7793,2026-10-31,SG,organic,
7794,2026-11-26,SG,paid_search,
7795,2025-12-13,TH,paid_search,
7796,2025-12-11,ID,email,WELCOME10
7797,2025-10-30,TH,paid_social,SUMMER25
7798,2025-07-13,TH,email,SUMMER25
7799,2026-04-21,PH,email,FLASH50
7800,2025-11-13,SG,organic,
7801,2026-09-26,ID,email,
7802,2025-09-30,MM,direct,
7803,2026-06-04,VN,paid_search,
7804,2026-03-28,MY,paid_social,
7805,2026-05-23,MY,paid_search,
7806,2025-08-30,PH,organic,
7807,2026-03-06,PH,organic,SUMMER25
7808,2026-05-30,TH,organic,WELCOME10
7809,2025-12-29,ID,paid_search,FLASH50
7810,2026-10-10,KH,paid_social,
7811,2026-04-09,PH,organic,
7812,2026-01-10,TH,organic,WELCOME10
7813,2025-07-17,SG,organic,WELCOME10
7814,2025-09-28,SG,direct,
7815,2026-03-12,TH,affiliate,
7816,2026-01-30,ID,organic,
7817,2026-10-08,SG,affiliate,
7818,2026-08-23,TH,affiliate,
7819,2025-09-23,TH,affiliate,
7820,2026-05-12,PH,email,
7821,2026-02-28,KH,paid_search,
7822,2025-08-23,PH,organic,
7823,2026-06-20,MM,email,
7824,2026-04-13,AU,affiliate,
7825,2025-08-16,SG,organic,
7826,2026-03-07,TH,paid_social,
7827,2026-07-25,PH,paid_social,
7828,2025-12-22,ID,paid_search,WELCOME10
7829,2026-01-07,TH,paid_social,
7830,2025-08-28,JP,organic,
7831,2025-10-17,TH,paid_search,
7832,2026-12-05,LA,organic,
7833,2026-05-27,MY,organic,
7834,2025-10-02,TH,paid_search,WELCOME10
7835,2026-03-15,KH,paid_search,
7836,2025-10-11,VN,paid_search,
7837,2026-02-21,ID,organic,
7838,2025-09-16,MY,paid_search,
7839,2026-05-26,TH,organic,WELCOME10
7840,2026-04-30,TH,organic,
7841,2026-06-03,TH,affiliate,
7842,2026-02-22,TH,paid_social,
7843,2025-11-30,TH,paid_search,
7844,2025-11-11,MY,paid_social,
7845,2025-10-23,TH,paid_search,
7846,2026-02-14,MY,organic,
7847,2026-02-26,TH,paid_search,
7848,2026-06-24,TH,affiliate,
7849,2025-07-28,AU,paid_social,
7850,2025-11-28,KR,affiliate,
7851,2026-09-28,PH,email,
7852,2026-10-31,TH,organic,
7853,2026-11-09,VN,email,
7854,2025-12-11,TH,paid_social,FLASH50
7855,2025-09-12,MY,paid_social,FLASH50
7856,2025-10-14,LA,paid_search,
7857,2025-09-09,TH,paid_search,
7858,2026-11-21,MM,organic,FLASH50
7859,2026-10-14,ID,organic,
7860,2026-09-06,TH,paid_search,
7861,2026-07-24,TH,organic,FLASH50
7862,2025-12-30,PH,organic,
7863,2026-03-11,SG,organic,
7864,2026-09-22,TH,direct,
7865,2026-09-08,TH,organic,
7866,2026-04-03,JP,direct,FLASH50
7867,2026-09-20,TH,paid_search,FLASH50
7868,2026-01-01,JP,organic,
7869,2026-02-06,ID,organic,
7870,2026-09-21,TH,organic,WELCOME10
7871,2026-01-17,TH,paid_search,
7872,2026-08-05,VN,organic,WELCOME10
7873,2026-02-27,SG,affiliate,WELCOME10
7874,2025-12-06,TH,paid_search,
7875,2025-10-25,TH,paid_search,
7876,2026-05-20,KH,paid_search,
7877,2026-03-13,ID,paid_social,
7878,2026-01-13,SG,direct,
7879,2026-08-01,TH,paid_search,WELCOME10
7880,2025-07-01,SG,paid_search,WELCOME10
7881,2025-08-19,VN,direct,
7882,2026-11-25,TH,direct,FLASH50
7883,2026-06-19,KR,affiliate,
7884,2026-04-19,PH,affiliate,
7885,2025-07-08,TH,paid_search,
7886,2026-05-15,KH,paid_search,
7887,2026-02-17,ID,paid_search,
7888,2026-05-16,ID,paid_social,
7889,2025-07-22,TH,affiliate,
7890,2026-04-20,LA,paid_search,
7891,2026-05-05,SG,paid_search,FLASH50
7892,2025-12-02,PH,affiliate,
7893,2025-07-30,TH,organic,
7894,2026-11-30,TH,paid_social,
7895,2026-07-14,JP,affiliate,FLASH50
7896,2026-05-28,SG,organic,
7897,2026-08-13,TH,organic,
7898,2026-06-23,PH,organic,
7899,2025-09-10,TH,organic,
7900,2026-02-28,KH,paid_search,
7901,2026-10-17,MM,paid_social,
7902,2025-12-01,TH,paid_search,
7903,2026-12-01,MY,paid_social,
7904,2025-08-04,KR,organic,
7905,2025-12-24,AU,affiliate,FLASH50
7906,2026-01-03,MY,paid_search,WELCOME10
7907,2026-05-26,ID,paid_social,
7908,2025-10-02,MY,organic,
7909,2025-10-31,TH,affiliate,FLASH50
7910,2026-06-18,ID,paid_search,
7911,2025-11-29,TH,direct,
7912,2026-10-12,TH,paid_search,FLASH50
7913,2026-10-07,TH,email,
7914,2025-12-09,PH,paid_search,SUMMER25
7915,2026-04-25,TH,organic,
7916,2025-12-25,TH,paid_social,FLASH50
7917,2025-12-31,TH,organic,
7918,2026-06-23,TH,affiliate,
7919,2025-12-04,JP,paid_search,FLASH50
7920,2025-09-18,SG,affiliate,
7921,2025-11-16,TH,paid_search,
7922,2026-11-08,JP,paid_search,
7923,2025-11-16,TH,affiliate,
7924,2026-01-10,SG,paid_social,FLASH50
7925,2026-06-01,PH,paid_social,
7926,2025-08-23,VN,paid_social,FLASH50
7927,2025-11-21,TH,paid_social,FLASH50
7928,2025-10-02,ID,affiliate,WELCOME10
7929,2026-11-05,ID,paid_search,
7930,2026-11-10,ID,organic,
7931,2026-08-07,TH,affiliate,FLASH50
7932,2025-11-09,PH,paid_search,WELCOME10
7933,2026-05-25,MY,email,WELCOME10
7934,2026-06-18,VN,direct,
7935,2026-10-07,AU,email,
7936,2025-09-22,PH,paid_search,
7937,2026-07-28,VN,affiliate,
7938,2025-10-12,TH,paid_search,
7939,2026-04-30,TH,organic,
7940,2026-10-12,MY,affiliate,FLASH50
7941,2025-08-03,TH,affiliate,
7942,2025-09-17,VN,organic,
7943,2026-09-07,VN,email,
7944,2025-07-10,MY,email,
7945,2026-07-01,TH,paid_search,
7946,2026-03-25,KH,organic,
7947,2026-01-01,MY,email,
7948,2026-10-03,SG,organic,
7949,2026-09-26,MY,organic,FLASH50
7950,2025-12-21,TH,paid_search,WELCOME10
7951,2025-07-03,VN,affiliate,
7952,2025-09-07,TH,affiliate,
7953,2025-08-27,MY,paid_social,
7954,2026-12-06,TH,affiliate,
7955,2026-05-15,TH,paid_social,FLASH50
7956,2026-06-26,TH,paid_social,
7957,2025-11-01,TH,organic,
7958,2026-09-27,LA,paid_search,
7959,2026-07-21,PH,paid_search,
7960,2026-08-05,TH,organic,
7961,2026-03-07,TH,paid_search,
7962,2026-07-08,VN,organic,
7963,2026-04-16,TH,organic,
7964,2026-01-21,SG,paid_search,
7965,2026-05-13,TH,organic,
7966,2025-12-20,MY,organic,WELCOME10
7967,2026-11-20,KR,affiliate,
7968,2026-07-18,TH,affiliate,
7969,2026-07-29,AU,paid_social,
7970,2026-07-18,KH,organic,
7971,2026-02-24,KR,paid_social,
7972,2026-11-19,VN,paid_social,
7973,2025-10-19,PH,organic,
7974,2026-04-30,MY,organic,FLASH50
7975,2025-08-06,KH,paid_search,
7976,2025-12-05,TH,paid_search,
7977,2026-05-03,VN,organic,FLASH50
7978,2026-03-18,ID,organic,
7979,2026-11-14,TH,paid_search,
7980,2026-05-24,TH,paid_search,
7981,2026-02-05,TH,paid_search,WELCOME10
7982,2026-02-13,TH,direct,
7983,2026-05-22,TH,organic,
7984,2026-08-26,TH,affiliate,
7985,2025-11-25,TH,paid_search,WELCOME10
7986,2026-05-08,MY,affiliate,
7987,2026-05-03,TH,affiliate,
7988,2025-07-06,TH,paid_social,
7989,2026-10-30,TH,paid_social,FLASH50
7990,2026-04-30,SG,paid_social,
7991,2025-11-07,TH,affiliate,
7992,2026-06-03,KR,organic,WELCOME10
7993,2026-06-27,TH,paid_search,
7994,2026-10-31,TH,affiliate,
7995,2025-07-19,MY,paid_search,
7996,2026-02-06,PH,organic,FLASH50
7997,2025-10-05,SG,direct,FLASH50
7998,2026-05-03,TH,direct,
7999,2026-03-25,MY,paid_search,
8000,2026-03-11,SG,paid_search,
8001,2026-12-06,SG,organic,
8002,2026-04-10,KR,paid_search,
8003,2026-02-05,KR,direct,
8004,2025-08-05,MY,organic,
8005,2025-12-02,TH,paid_search,
8006,2026-10-22,MY,email,WELCOME10
8007,2026-02-26,AU,paid_search,
8008,2026-10-29,MM,direct,WELCOME10
8009,2026-04-10,TH,paid_search,
8010,2026-04-19,TH,organic,
8011,2026-02-15,TH,direct,
8012,2026-04-23,PH,organic,
8013,2025-08-05,SG,paid_social,
8014,2025-07-31,TH,organic,
8015,2026-03-11,TH,affiliate,
8016,2026-05-15,TH,organic,
8017,2026-04-20,KH,affiliate,FLASH50
8018,2026-02-14,TH,direct,
8019,2025-12-04,TH,organic,
8020,2026-07-13,VN,paid_search,
8021,2026-05-19,ID,paid_social,
8022,2025-07-26,VN,direct,
8023,2026-02-27,PH,paid_search,
8024,2026-07-14,TH,direct,
8025,2026-08-22,TH,email,
8026,2025-11-30,TH,paid_social,
8027,2026-11-06,ID,paid_search,
8028,2026-06-13,AU,paid_search,
8029,2026-02-19,TH,paid_social,
8030,2026-05-31,VN,paid_social,
8031,2026-10-08,VN,organic,
8032,2025-10-29,JP,paid_social,
8033,2025-09-19,SG,affiliate,FLASH50
8034,2026-02-20,TH,paid_search,
8035,2025-08-14,VN,paid_social,SUMMER25
8036,2026-09-19,PH,paid_search,FLASH50
8037,2026-11-30,ID,organic,FLASH50
8038,2026-05-19,KH,organic,
8039,2026-12-05,TH,paid_search,
8040,2025-08-06,ID,paid_social,
8041,2026-06-03,TH,affiliate,
8042,2026-02-22,SG,organic,
8043,2025-11-25,TH,paid_search,FLASH50
8044,2025-12-14,TH,affiliate,FLASH50
8045,2026-04-17,TH,organic,WELCOME10
8046,2026-06-07,ID,direct,
8047,2025-09-26,KH,paid_social,
8048,2026-05-24,TH,direct,FLASH50
8049,2026-11-06,SG,affiliate,
8050,2025-07-06,TH,direct,FLASH50
8051,2026-10-12,TH,paid_social,
8052,2026-05-20,TH,organic,
8053,2025-12-30,MY,affiliate,
8054,2026-07-27,LA,organic,
8055,2026-05-26,SG,paid_social,
8056,2026-08-14,ID,paid_search,FLASH50
8057,2025-08-13,ID,affiliate,
8058,2025-08-01,TH,affiliate,FLASH50
8059,2026-06-08,TH,email,
8060,2025-12-09,TH,organic,
8061,2025-11-04,SG,direct,
8062,2026-02-10,KH,affiliate,FLASH50
8063,2026-07-22,SG,paid_search,
8064,2025-10-04,SG,organic,FLASH50
8065,2026-12-01,TH,paid_search,FLASH50
8066,2026-02-10,TH,organic,
8067,2025-09-19,AU,paid_social,
8068,2025-08-07,TH,organic,
8069,2026-09-30,VN,paid_search,
8070,2025-08-30,TH,paid_social,
8071,2026-02-09,TH,paid_search,
8072,2026-06-22,TH,email,
8073,2026-03-31,LA,organic,FLASH50
8074,2025-11-17,TH,paid_search,
8075,2025-08-27,VN,email,
8076,2026-07-15,TH,paid_search,WELCOME10
8077,2026-03-19,MY,paid_search,
8078,2025-07-26,MY,direct,
8079,2025-10-05,ID,paid_search,
8080,2026-04-26,TH,email,
8081,2025-09-28,TH,direct,
8082,2026-01-25,KH,organic,FLASH50
8083,2025-09-05,MY,affiliate,
8084,2026-08-29,TH,paid_social,FLASH50
8085,2026-06-02,TH,direct,
8086,2026-08-22,TH,paid_social,
8087,2025-07-28,SG,affiliate,
8088,2026-01-17,SG,paid_search,
8089,2025-11-20,TH,paid_social,
8090,2026-05-28,SG,affiliate,
8091,2026-09-11,ID,direct,
8092,2025-10-30,MM,organic,
8093,2026-08-15,ID,organic,
8094,2026-05-06,SG,direct,FLASH50
8095,2026-09-13,VN,paid_social,
8096,2025-08-13,TH,organic,
8097,2026-12-11,ID,paid_search,
8098,2026-02-17,TH,direct,
8099,2025-11-27,TH,direct,
8100,2025-10-06,ID,paid_search,
8101,2026-12-07,TH,affiliate,
8102,2026-10-14,ID,paid_search,WELCOME10
8103,2025-09-08,ID,paid_search,
8104,2026-02-23,TH,affiliate,
8105,2026-07-26,TH,organic,
8106,2026-05-11,MY,paid_search,
8107,2025-10-09,VN,organic,WELCOME10
8108,2026-01-09,PH,organic,
8109,2026-01-13,TH,paid_search,FLASH50
8110,2025-12-01,PH,direct,
8111,2026-11-25,TH,paid_search,
8112,2025-10-17,TH,paid_social,
8113,2026-07-12,MY,organic,
8114,2026-10-30,TH,email,
8115,2026-08-28,TH,paid_social,
8116,2026-08-31,TH,direct,FLASH50
8117,2025-09-23,PH,paid_search,
8118,2025-09-10,MM,paid_search,
8119,2026-08-22,JP,organic,
8120,2026-08-03,TH,organic,
8121,2026-07-31,SG,paid_social,WELCOME10
8122,2026-02-09,PH,affiliate,
8123,2026-04-05,TH,organic,
8124,2025-07-09,TH,paid_social,
8125,2025-12-03,TH,paid_social,WELCOME10
8126,2026-04-08,MY,paid_search,
8127,2025-09-06,ID,affiliate,
8128,2025-09-08,TH,paid_social,
8129,2025-07-25,TH,direct,
8130,2025-10-20,VN,affiliate,FLASH50
8131,2026-12-12,MY,email,
8132,2026-07-06,TH,paid_search,FLASH50
8133,2026-11-18,TH,affiliate,FLASH50
8134,2025-11-15,AU,direct,
8135,2026-05-16,ID,organic,
8136,2026-10-19,MY,paid_search,
8137,2026-01-04,ID,email,
8138,2026-06-16,AU,paid_search,FLASH50
8139,2026-07-05,TH,paid_search,
8140,2026-09-17,TH,affiliate,
8141,2026-11-29,TH,affiliate,
8142,2026-05-24,PH,organic,
8143,2026-05-07,TH,paid_search,
8144,2026-10-07,TH,paid_search,FLASH50
8145,2026-06-30,TH,organic,
8146,2026-01-09,ID,organic,
8147,2026-06-01,ID,affiliate,
8148,2026-04-19,TH,email,FLASH50
8149,2025-10-30,TH,direct,FLASH50
8150,2026-04-01,VN,direct,
8151,2026-05-29,TH,direct,
8152,2026-10-25,VN,organic,
8153,2026-05-06,TH,paid_search,WELCOME10
8154,2025-09-26,LA,organic,
8155,2026-12-09,TH,paid_social,
8156,2026-05-05,ID,direct,
8157,2025-12-01,TH,organic,
8158,2026-08-07,TH,paid_search,
8159,2026-01-22,ID,paid_search,
8160,2026-01-14,MY,organic,SUMMER25
8161,2026-09-21,VN,affiliate,
8162,2026-10-06,MY,paid_search,
8163,2026-04-06,MY,paid_search,
8164,2026-01-15,PH,direct,
8165,2026-10-04,SG,organic,
8166,2025-10-01,LA,paid_search,
8167,2026-08-03,TH,affiliate,
8168,2026-05-08,TH,paid_search,
8169,2026-09-29,VN,paid_social,
8170,2026-02-10,TH,paid_search,
8171,2026-09-17,TH,organic,
8172,2025-07-09,TH,organic,
8173,2026-08-09,SG,email,FLASH50
8174,2025-08-07,ID,organic,SUMMER25
8175,2026-06-08,TH,direct,
8176,2025-10-13,TH,organic,SUMMER25
8177,2026-11-26,TH,email,FLASH50
8178,2026-08-15,TH,direct,FLASH50
8179,2025-08-25,TH,organic,
8180,2026-10-19,TH,paid_social,
8181,2025-11-12,PH,affiliate,SUMMER25
8182,2026-04-17,ID,paid_social,
8183,2025-08-15,TH,email,
8184,2025-08-26,TH,organic,
8185,2025-11-06,TH,direct,FLASH50
8186,2026-04-11,TH,paid_social,
8187,2026-04-16,TH,paid_search,
8188,2026-09-30,LA,paid_search,FLASH50
8189,2025-09-27,VN,paid_search,
8190,2026-08-04,SG,paid_search,WELCOME10
8191,2025-07-04,TH,organic,FLASH50
8192,2025-12-03,ID,affiliate,
8193,2025-10-02,AU,paid_search,
8194,2025-09-05,TH,paid_search,
8195,2026-05-08,PH,email,
8196,2026-10-24,TH,email,
8197,2026-06-21,ID,affiliate,
8198,2026-09-29,TH,organic,
8199,2026-05-12,MY,email,
8200,2025-07-29,TH,organic,SUMMER25
8201,2026-01-01,MY,paid_search,
8202,2026-09-13,MY,email,
8203,2025-07-24,MY,organic,
8204,2025-08-21,ID,organic,
8205,2026-09-18,TH,paid_social,
8206,2025-08-03,ID,paid_search,
8207,2026-11-24,TH,paid_search,
8208,2026-08-09,ID,affiliate,
8209,2026-06-20,TH,email,
8210,2026-04-12,SG,direct,
8211,2025-08-17,TH,organic,
8212,2026-02-06,JP,paid_social,
8213,2026-09-04,ID,email,
8214,2026-10-25,TH,organic,WELCOME10
8215,2026-02-24,ID,paid_search,
8216,2026-09-21,TH,organic,
8217,2026-08-18,TH,organic,
8218,2025-07-31,TH,organic,FLASH50
8219,2026-05-27,VN,paid_social,
8220,2026-05-25,AU,paid_social,
8221,2026-04-16,MM,organic,
8222,2026-08-16,TH,paid_social,
8223,2026-10-18,TH,organic,WELCOME10
8224,2026-04-20,PH,organic,
8225,2025-12-18,TH,email,FLASH50
8226,2026-12-06,MY,paid_search,
8227,2026-11-26,JP,affiliate,FLASH50
8228,2026-07-01,TH,paid_search,
8229,2026-06-07,TH,organic,
8230,2025-08-25,KH,email,
8231,2026-01-31,ID,organic,
8232,2025-10-14,AU,paid_search,
8233,2026-04-01,ID,paid_social,SUMMER25
8234,2026-09-14,TH,paid_social,
8235,2025-10-28,PH,email,
8236,2026-12-14,VN,direct,
8237,2025-09-08,AU,organic,
8238,2025-08-22,SG,organic,
8239,2026-12-02,SG,paid_social,
8240,2025-08-23,TH,organic,
8241,2026-07-27,TH,paid_search,FLASH50
8242,2026-08-11,KR,paid_search,
8243,2025-12-23,JP,email,WELCOME10
8244,2025-08-04,MY,email,
8245,2025-12-12,AU,organic,
8246,2025-08-06,TH,organic,
8247,2026-06-24,PH,direct,WELCOME10
8248,2026-10-17,ID,organic,
8249,2026-12-14,VN,organic,SUMMER25
8250,2026-08-31,VN,organic,
8251,2026-08-17,ID,paid_search,
8252,2026-10-13,PH,organic,
8253,2026-08-15,TH,paid_search,
8254,2026-06-12,PH,organic,
8255,2026-12-14,TH,affiliate,
8256,2025-12-19,TH,organic,
8257,2026-02-06,VN,affiliate,FLASH50
8258,2026-10-27,VN,paid_social,
8259,2025-12-13,LA,paid_search,
8260,2025-12-07,TH,direct,
8261,2025-09-20,TH,paid_search,
8262,2025-11-24,SG,organic,
8263,2026-05-13,KH,paid_social,
8264,2026-10-16,JP,organic,
8265,2025-09-11,PH,organic,
8266,2026-06-28,SG,email,
8267,2026-08-13,KH,email,
8268,2026-10-21,TH,paid_search,WELCOME10
8269,2026-08-04,MM,paid_search,
8270,2025-09-22,MY,paid_social,
8271,2026-03-18,TH,organic,
8272,2026-11-20,MY,organic,WELCOME10
8273,2026-10-28,VN,paid_social,
8274,2026-05-23,TH,paid_search,FLASH50
8275,2026-11-26,TH,organic,
8276,2026-06-22,VN,paid_social,
8277,2025-08-04,AU,paid_social,
8278,2026-10-31,ID,paid_search,
8279,2025-09-28,TH,direct,
8280,2026-01-19,ID,affiliate,
8281,2025-11-04,TH,paid_social,
8282,2026-07-19,TH,organic,FLASH50
8283,2025-07-16,TH,paid_social,
8284,2026-06-07,SG,paid_social,SUMMER25
8285,2026-10-04,TH,paid_social,
8286,2026-08-24,TH,paid_social,
8287,2025-12-11,TH,organic,
8288,2026-10-22,ID,paid_search,
8289,2026-01-09,TH,email,
8290,2026-06-28,TH,organic,WELCOME10
8291,2026-03-28,MY,paid_social,FLASH50
8292,2025-08-06,VN,email,
8293,2025-07-02,PH,organic,
8294,2025-10-06,SG,direct,
8295,2026-11-11,VN,email,
8296,2026-11-21,PH,paid_social,
8297,2026-02-04,ID,paid_social,
8298,2026-11-29,MY,email,
8299,2025-07-27,TH,organic,
8300,2026-11-28,TH,paid_social,
8301,2025-11-01,TH,paid_search,FLASH50
8302,2025-07-20,TH,email,
8303,2026-08-08,AU,paid_search,SUMMER25
8304,2026-01-20,TH,affiliate,FLASH50
8305,2025-12-03,MY,organic,
8306,2026-08-09,KR,organic,
8307,2025-12-25,MY,affiliate,
8308,2026-08-06,TH,paid_search,FLASH50
8309,2025-10-13,JP,paid_search,
8310,2025-08-15,TH,paid_social,
8311,2025-12-21,TH,organic,
8312,2026-05-21,SG,paid_search,
8313,2025-10-28,TH,paid_search,
8314,2025-09-15,PH,email,
8315,2026-08-04,TH,organic,
8316,2026-03-20,PH,paid_search,
8317,2026-02-15,TH,direct,
8318,2025-11-05,MM,affiliate,
8319,2025-07-10,TH,paid_social,
8320,2025-07-29,AU,paid_search,FLASH50
8321,2026-06-29,TH,affiliate,
8322,2025-08-12,KH,direct,
8323,2025-11-09,PH,email,
8324,2026-10-29,MY,paid_social,
8325,2025-12-31,TH,paid_social,
8326,2026-08-01,ID,affiliate,
8327,2025-12-30,MY,affiliate,FLASH50
8328,2026-11-09,MY,affiliate,
8329,2026-09-12,ID,organic,
8330,2026-03-08,JP,affiliate,
8331,2026-06-30,KR,paid_search,
8332,2026-02-06,MY,organic,
8333,2026-11-16,TH,organic,WELCOME10
8334,2026-01-08,TH,organic,
8335,2026-09-19,VN,paid_search,WELCOME10
8336,2026-05-25,KR,organic,
8337,2026-06-09,SG,paid_social,
8338,2026-01-04,TH,direct,
8339,2026-09-17,TH,organic,
8340,2026-08-02,TH,organic,
8341,2026-09-08,KR,organic,
8342,2026-09-01,ID,affiliate,WELCOME10
8343,2025-09-23,TH,organic,
8344,2026-10-10,TH,organic,
8345,2026-09-22,TH,organic,
8346,2025-11-07,ID,organic,
8347,2026-12-06,ID,paid_social,
8348,2026-04-07,TH,paid_social,SUMMER25
8349,2025-12-19,TH,paid_search,
8350,2025-10-28,LA,paid_search,WELCOME10
8351,2026-01-11,PH,paid_social,
8352,2025-07-21,MY,direct,
8353,2026-07-04,SG,affiliate,WELCOME10
8354,2026-07-13,KR,affiliate,
8355,2026-06-21,VN,direct,
8356,2026-04-19,AU,paid_search,
8357,2026-01-10,TH,organic,
8358,2026-07-21,TH,affiliate,FLASH50
8359,2026-10-08,TH,organic,
8360,2025-08-16,KH,paid_search,
8361,2026-01-21,ID,affiliate,
8362,2026-12-13,TH,paid_social,SUMMER25
8363,2026-10-03,JP,paid_search,
8364,2026-12-12,AU,paid_search,
8365,2025-10-06,TH,organic,SUMMER25
8366,2026-03-05,ID,organic,
8367,2025-09-08,ID,paid_search,
8368,2026-10-05,TH,organic,WELCOME10
8369,2026-04-03,ID,direct,
8370,2025-11-07,TH,paid_search,FLASH50
8371,2025-08-18,LA,email,SUMMER25
8372,2026-07-29,PH,direct,
8373,2026-09-06,LA,paid_search,
8374,2026-10-12,VN,paid_search,
8375,2026-11-30,TH,email,
8376,2026-09-08,TH,organic,
8377,2026-08-24,ID,paid_search,FLASH50
8378,2026-09-06,TH,organic,
8379,2026-12-15,VN,affiliate,
8380,2026-03-04,TH,affiliate,FLASH50
8381,2026-08-09,TH,paid_social,
8382,2026-09-11,SG,paid_search,
8383,2025-08-31,ID,paid_social,
8384,2026-07-04,SG,paid_social,WELCOME10
8385,2025-12-28,ID,paid_social,
8386,2025-09-09,SG,email,
8387,2025-09-29,VN,organic,FLASH50
8388,2025-08-30,ID,organic,
8389,2026-10-22,MY,organic,
8390,2026-08-16,SG,paid_social,
8391,2025-08-24,MY,email,FLASH50
8392,2026-05-30,TH,paid_search,
8393,2026-06-18,ID,paid_search,SUMMER25
8394,2026-04-03,TH,direct,SUMMER25
8395,2026-05-20,KH,organic,
8396,2026-10-27,PH,email,
8397,2026-04-03,MY,direct,
8398,2026-06-17,PH,affiliate,
8399,2026-05-01,ID,paid_search,
8400,2026-01-28,TH,paid_social,FLASH50
8401,2026-10-18,VN,organic,FLASH50
8402,2026-02-06,KR,organic,
8403,2026-08-31,TH,organic,
8404,2026-05-19,TH,organic,
8405,2026-07-01,MY,direct,SUMMER25
8406,2026-08-10,TH,paid_social,
8407,2026-07-28,ID,paid_search,
8408,2026-04-27,MY,paid_social,
8409,2026-05-25,VN,paid_social,
8410,2026-03-29,TH,organic,
8411,2025-12-28,SG,organic,
8412,2026-07-23,KH,paid_search,
8413,2026-10-12,TH,affiliate,FLASH50
8414,2026-07-11,SG,organic,
8415,2026-08-16,TH,email,WELCOME10
8416,2026-09-16,TH,paid_social,
8417,2026-01-12,SG,paid_search,WELCOME10
8418,2025-08-03,TH,organic,
8419,2025-12-27,VN,paid_search,FLASH50
8420,2026-08-07,MY,paid_search,FLASH50
8421,2026-09-08,KH,organic,FLASH50
8422,2026-03-31,PH,email,
8423,2026-08-19,TH,paid_search,WELCOME10
8424,2025-08-09,TH,organic,
8425,2026-06-09,PH,paid_search,FLASH50
8426,2026-06-27,TH,organic,
8427,2026-03-28,TH,direct,
8428,2026-07-17,TH,organic,
8429,2026-03-19,ID,paid_search,FLASH50
8430,2026-04-06,TH,affiliate,
8431,2026-05-18,TH,organic,FLASH50
8432,2026-08-28,SG,paid_search,
8433,2025-11-10,VN,paid_social,SUMMER25
8434,2025-12-08,TH,email,FLASH50
8435,2026-02-09,VN,paid_social,
8436,2025-10-16,SG,organic,SUMMER25
8437,2025-12-26,TH,paid_search,
8438,2026-01-03,TH,paid_search,
8439,2025-12-15,TH,paid_search,
8440,2026-02-04,TH,direct,
8441,2026-03-27,KH,organic,
8442,2026-07-06,TH,paid_search,FLASH50
8443,2025-12-09,AU,paid_search,WELCOME10
8444,2026-09-24,TH,organic,WELCOME10
8445,2026-03-13,TH,paid_search,
8446,2026-07-20,MY,organic,
8447,2025-08-31,PH,affiliate,
8448,2025-10-01,TH,organic,WELCOME10
8449,2026-02-27,TH,paid_search,FLASH50
8450,2026-01-12,ID,paid_social,FLASH50
8451,2026-03-22,TH,paid_search,
8452,2025-09-23,ID,paid_search,
8453,2026-03-10,PH,paid_search,
8454,2026-07-02,TH,affiliate,
8455,2026-07-24,PH,paid_search,SUMMER25
8456,2025-11-10,TH,paid_search,FLASH50
8457,2025-12-31,LA,paid_social,
8458,2026-04-07,JP,paid_search,
8459,2026-04-03,ID,paid_social,WELCOME10
8460,2026-08-27,KR,organic,
8461,2026-01-25,PH,paid_search,WELCOME10
8462,2026-06-23,TH,email,
8463,2026-10-15,TH,paid_social,
8464,2025-12-07,TH,paid_search,
8465,2026-09-12,SG,affiliate,
8466,2025-12-25,ID,paid_search,WELCOME10
8467,2025-12-26,SG,paid_search,
8468,2026-06-14,ID,organic,
8469,2026-05-28,SG,organic,FLASH50
8470,2026-04-19,TH,organic,
8471,2025-11-01,TH,affiliate,
8472,2025-08-21,KR,paid_search,
8473,2026-10-28,TH,direct,
8474,2026-10-09,TH,organic,
8475,2026-10-16,TH,organic,
8476,2026-03-31,KR,paid_social,FLASH50
8477,2026-10-15,TH,organic,
8478,2026-03-10,ID,paid_search,
8479,2025-08-10,TH,organic,
8480,2025-10-14,TH,organic,
8481,2025-11-23,VN,paid_search,FLASH50
8482,2026-01-17,ID,paid_social,
8483,2026-11-13,ID,organic,
8484,2025-12-25,TH,organic,
8485,2026-05-23,KR,organic,
8486,2025-11-22,MY,organic,
8487,2026-06-08,JP,direct,FLASH50
8488,2026-04-29,TH,paid_social,
8489,2025-09-19,TH,organic,
8490,2026-03-04,TH,paid_search,
8491,2025-08-26,VN,organic,
8492,2026-10-17,VN,organic,
8493,2026-07-11,SG,direct,FLASH50
8494,2026-11-14,TH,organic,
8495,2026-10-10,TH,email,
8496,2025-10-25,TH,affiliate,WELCOME10
8497,2026-07-12,PH,affiliate,
8498,2025-08-23,TH,paid_search,FLASH50
8499,2026-11-24,TH,organic,
8500,2026-08-23,TH,affiliate,
8501,2026-06-28,TH,affiliate,
8502,2026-12-13,JP,paid_search,
8503,2026-09-25,TH,organic,
8504,2026-10-04,AU,organic,
8505,2025-08-23,ID,organic,
8506,2025-07-13,MY,organic,
8507,2026-11-25,SG,paid_search,
8508,2025-11-11,ID,email,
8509,2026-02-13,ID,paid_social,
8510,2025-07-24,TH,paid_social,
8511,2026-05-29,LA,affiliate,
8512,2026-09-11,TH,paid_social,
8513,2026-09-22,TH,paid_search,
8514,2026-05-06,TH,affiliate,FLASH50
8515,2026-06-18,ID,paid_search,
8516,2026-03-31,TH,email,FLASH50
8517,2026-02-23,TH,organic,
8518,2026-04-22,TH,paid_social,
8519,2026-11-11,TH,paid_search,FLASH50
8520,2025-11-12,TH,paid_search,
8521,2026-03-08,PH,paid_search,FLASH50
8522,2026-05-17,TH,organic,FLASH50
8523,2026-04-30,JP,affiliate,
8524,2025-07-17,ID,paid_search,
8525,2025-12-01,VN,paid_search,FLASH50
8526,2026-06-10,AU,affiliate,
8527,2026-07-05,TH,paid_social,WELCOME10
8528,2026-07-27,MY,email,
8529,2026-12-11,TH,organic,
8530,2026-06-24,TH,organic,
8531,2026-05-05,TH,organic,
8532,2025-12-25,ID,email,SUMMER25
8533,2026-01-14,PH,affiliate,
8534,2026-09-14,TH,affiliate,WELCOME10
8535,2026-03-07,VN,paid_social,
8536,2026-07-17,TH,organic,
8537,2025-09-05,TH,paid_search,
8538,2025-09-07,TH,paid_social,FLASH50
8539,2025-10-23,MY,organic,SUMMER25
8540,2025-10-13,SG,paid_social,
8541,2026-05-20,TH,email,WELCOME10
8542,2026-06-05,TH,paid_search,
8543,2026-04-24,MY,paid_social,
8544,2025-12-02,PH,paid_search,
8545,2026-05-04,TH,organic,
8546,2025-09-02,VN,organic,FLASH50
8547,2026-03-10,ID,paid_search,
8548,2025-09-21,SG,paid_social,SUMMER25
8549,2025-08-10,TH,paid_search,
8550,2025-09-27,MM,organic,
8551,2025-08-29,SG,organic,FLASH50
8552,2026-03-12,TH,paid_social,WELCOME10
8553,2026-04-17,KH,paid_search,
8554,2026-05-20,PH,paid_social,
8555,2026-02-20,VN,organic,FLASH50
8556,2025-10-03,PH,affiliate,
8557,2025-07-12,TH,paid_search,
8558,2026-07-15,VN,organic,FLASH50
8559,2026-12-06,TH,paid_search,
8560,2025-11-27,KH,affiliate,
8561,2025-10-18,TH,direct,WELCOME10
8562,2025-12-14,TH,direct,
8563,2025-10-23,TH,paid_search,
8564,2025-10-28,VN,paid_social,
8565,2026-03-21,SG,paid_social,
8566,2026-08-23,VN,paid_search,
8567,2026-07-15,TH,organic,
8568,2026-11-24,TH,paid_social,
8569,2026-01-07,MY,direct,
8570,2026-03-20,TH,organic,
8571,2026-01-19,ID,paid_search,
8572,2025-07-23,JP,organic,
8573,2026-01-24,ID,paid_search,FLASH50
8574,2025-11-16,TH,paid_search,
8575,2026-03-13,MY,paid_search,
8576,2025-09-23,MM,paid_search,
8577,2026-07-31,ID,affiliate,
8578,2026-09-23,PH,organic,SUMMER25
8579,2026-11-25,TH,affiliate,
8580,2025-08-15,VN,affiliate,
8581,2025-09-01,TH,paid_social,
8582,2026-11-28,VN,paid_search,
8583,2026-09-26,KH,direct,
8584,2026-05-10,LA,paid_search,FLASH50
8585,2025-12-19,TH,organic,
8586,2026-04-02,PH,organic,
8587,2026-04-12,TH,email,SUMMER25
8588,2026-09-25,SG,organic,
8589,2026-04-09,ID,paid_search,
8590,2025-07-15,SG,paid_social,
8591,2026-07-08,TH,paid_social,
8592,2026-08-19,ID,paid_social,
8593,2025-12-06,ID,paid_search,
8594,2025-09-01,MY,paid_social,
8595,2025-09-14,MY,organic,
8596,2026-09-22,ID,organic,
8597,2026-02-24,TH,organic,WELCOME10
8598,2026-04-09,TH,paid_search,
8599,2026-11-25,MY,organic,
8600,2025-08-02,VN,paid_search,
8601,2025-10-18,TH,organic,
8602,2026-09-18,TH,paid_search,
8603,2026-04-14,MM,organic,
8604,2025-07-15,KH,paid_search,
8605,2026-07-10,MY,affiliate,
8606,2025-09-12,VN,paid_search,SUMMER25
8607,2026-08-21,JP,paid_social,
8608,2026-08-30,MY,paid_search,
8609,2026-09-13,TH,organic,
8610,2026-03-05,ID,paid_search,
8611,2025-11-20,MM,paid_search,
8612,2026-10-13,ID,affiliate,FLASH50
8613,2026-04-24,TH,organic,
8614,2026-06-04,MM,direct,
8615,2025-09-11,VN,paid_social,
8616,2026-05-29,TH,paid_search,WELCOME10
8617,2026-05-06,KR,direct,
8618,2025-12-03,VN,organic,
8619,2026-08-13,PH,affiliate,FLASH50
8620,2025-09-10,AU,organic,FLASH50
8621,2026-07-19,TH,paid_search,
8622,2026-11-25,VN,organic,FLASH50
8623,2026-04-29,TH,affiliate,FLASH50
8624,2025-08-25,KH,paid_search,
8625,2026-04-21,KH,paid_social,
8626,2026-04-08,PH,email,
8627,2026-04-21,VN,organic,SUMMER25
8628,2025-11-23,VN,direct,
8629,2026-05-30,TH,paid_search,
8630,2025-11-18,TH,affiliate,WELCOME10
8631,2026-04-24,TH,paid_search,
8632,2026-05-13,PH,affiliate,
8633,2026-06-10,ID,email,
8634,2026-08-30,MY,paid_search,WELCOME10
8635,2026-10-14,TH,paid_social,FLASH50
8636,2026-08-19,MY,direct,
8637,2026-08-29,SG,affiliate,
8638,2026-10-07,KR,direct,
8639,2025-11-07,KH,affiliate,
8640,2025-12-04,MY,paid_search,SUMMER25
8641,2026-04-11,PH,affiliate,SUMMER25
8642,2026-03-06,TH,paid_social,FLASH50
8643,2026-07-10,TH,organic,
8644,2025-07-05,ID,organic,FLASH50
8645,2025-09-13,VN,organic,SUMMER25
8646,2026-08-03,TH,affiliate,
8647,2026-09-12,TH,affiliate,
8648,2025-12-09,MY,affiliate,
8649,2025-12-13,TH,organic,
8650,2026-04-26,SG,organic,
8651,2026-03-12,SG,organic,
8652,2025-09-29,MM,paid_social,
8653,2026-03-24,TH,affiliate,
8654,2026-09-10,TH,email,
8655,2026-07-24,TH,organic,
8656,2026-09-09,TH,affiliate,
8657,2026-06-09,VN,paid_social,FLASH50
8658,2026-10-11,SG,email,FLASH50
8659,2025-11-11,TH,affiliate,SUMMER25
8660,2025-07-25,AU,paid_search,FLASH50
8661,2025-08-30,VN,affiliate,
8662,2026-12-11,TH,paid_search,
8663,2026-06-07,TH,affiliate,
8664,2025-11-10,PH,affiliate,FLASH50
8665,2026-09-29,ID,email,
8666,2025-12-12,AU,organic,SUMMER25
8667,2026-05-15,TH,affiliate,
8668,2025-11-10,VN,organic,
8669,2025-08-20,TH,affiliate,WELCOME10
8670,2025-11-20,TH,email,
8671,2025-10-30,VN,organic,
8672,2026-04-21,VN,paid_social,WELCOME10
8673,2025-07-12,TH,paid_social,FLASH50
8674,2025-11-05,TH,affiliate,
8675,2026-04-29,VN,organic,
8676,2026-01-26,TH,email,
8677,2026-06-04,TH,direct,
8678,2026-06-15,TH,paid_social,
8679,2026-11-27,TH,paid_search,
8680,2026-09-19,PH,paid_social,FLASH50
8681,2025-10-30,TH,organic,
8682,2026-07-05,MY,affiliate,
8683,2026-05-31,ID,organic,
8684,2026-05-13,TH,paid_search,
8685,2026-08-30,ID,organic,
8686,2025-09-17,TH,paid_social,
8687,2026-01-16,PH,paid_social,
8688,2026-09-08,VN,paid_social,WELCOME10
8689,2026-10-19,VN,organic,
8690,2025-07-20,TH,paid_search,
8691,2026-03-09,PH,paid_search,
8692,2025-11-18,ID,paid_social,FLASH50
8693,2025-09-28,TH,organic,FLASH50
8694,2025-07-31,TH,paid_social,
8695,2026-04-13,TH,paid_search,
8696,2026-06-21,TH,email,FLASH50
8697,2026-04-10,TH,paid_search,
8698,2026-01-13,MM,organic,
8699,2026-08-16,KR,organic,
8700,2026-06-13,TH,organic,
8701,2026-10-28,AU,organic,
8702,2026-01-01,ID,affiliate,FLASH50
8703,2025-11-05,SG,paid_social,
8704,2026-02-28,AU,organic,FLASH50
8705,2026-03-28,VN,email,
8706,2026-03-02,MY,organic,
8707,2026-09-17,TH,affiliate,
8708,2025-07-25,TH,organic,
8709,2026-04-08,MM,paid_search,SUMMER25
8710,2026-02-15,TH,affiliate,
8711,2025-10-21,TH,organic,
8712,2026-06-07,TH,organic,
8713,2026-09-01,SG,affiliate,
8714,2026-04-18,TH,paid_social,
8715,2025-08-15,AU,email,
8716,2025-08-10,TH,paid_social,
8717,2026-02-10,KH,organic,
8718,2026-06-22,MY,paid_social,SUMMER25
8719,2025-12-15,MY,affiliate,
8720,2025-12-12,TH,organic,
8721,2026-10-02,TH,organic,
8722,2025-07-08,KH,paid_social,
8723,2025-08-12,VN,affiliate,
8724,2025-09-21,SG,paid_search,FLASH50
8725,2026-12-07,LA,affiliate,WELCOME10
8726,2026-03-23,PH,organic,
8727,2025-09-23,TH,paid_search,
8728,2025-12-13,MY,affiliate,
8729,2026-11-29,VN,organic,
8730,2026-07-06,PH,paid_search,
8731,2025-10-28,TH,paid_social,
8732,2025-11-06,TH,paid_search,FLASH50
8733,2025-08-09,TH,email,
8734,2026-08-16,TH,direct,
8735,2025-09-12,TH,paid_social,
8736,2025-11-30,ID,affiliate,
8737,2026-01-02,SG,email,
8738,2026-05-27,TH,paid_social,
8739,2026-05-20,MY,affiliate,
8740,2026-08-30,TH,organic,FLASH50
8741,2025-12-06,TH,affiliate,
8742,2026-01-22,VN,organic,FLASH50
8743,2026-01-24,LA,organic,
8744,2025-07-25,TH,paid_social,
8745,2026-07-29,PH,organic,
8746,2026-04-12,LA,organic,
8747,2026-03-11,MY,paid_social,
8748,2026-12-13,KR,organic,
8749,2025-10-04,TH,email,
8750,2026-11-29,TH,direct,
8751,2026-06-28,PH,affiliate,
8752,2025-10-26,SG,organic,
8753,2026-06-27,TH,paid_social,
8754,2026-08-07,TH,organic,
8755,2026-01-10,TH,paid_social,WELCOME10
8756,2025-12-31,TH,organic,
8757,2026-09-19,TH,paid_search,
8758,2025-09-24,JP,organic,
8759,2025-07-08,TH,direct,
8760,2026-06-20,PH,organic,
8761,2026-10-27,TH,paid_search,
8762,2026-03-24,TH,organic,
8763,2025-09-10,LA,paid_search,FLASH50
8764,2026-04-14,TH,email,SUMMER25
8765,2025-11-12,TH,organic,FLASH50
8766,2026-09-15,PH,organic,SUMMER25
8767,2026-05-23,TH,organic,
8768,2025-12-27,TH,paid_social,WELCOME10
8769,2026-05-29,JP,paid_social,
8770,2026-06-21,TH,affiliate,WELCOME10
8771,2026-06-27,ID,affiliate,
8772,2026-01-12,TH,organic,WELCOME10
8773,2026-05-01,TH,email,
8774,2025-07-23,SG,affiliate,
8775,2026-02-01,ID,paid_social,
8776,2026-01-18,TH,paid_search,
8777,2026-04-11,KH,affiliate,
8778,2026-11-19,VN,paid_social,
8779,2026-11-21,MY,paid_search,
8780,2026-03-15,SG,organic,
8781,2026-06-10,MY,paid_social,
8782,2025-08-27,VN,paid_social,
8783,2026-03-15,TH,organic,
8784,2026-07-02,PH,email,
8785,2026-06-29,SG,organic,
8786,2026-11-26,AU,organic,
8787,2026-03-06,AU,paid_search,
8788,2026-10-27,TH,paid_social,
8789,2026-12-04,TH,organic,
8790,2026-05-01,MY,paid_social,
8791,2025-08-18,MY,paid_search,
8792,2026-01-17,PH,organic,
8793,2026-08-12,TH,organic,
8794,2026-05-06,ID,paid_search,
8795,2026-11-12,AU,paid_search,
8796,2026-09-08,KR,organic,
8797,2025-08-03,TH,paid_search,SUMMER25
8798,2026-10-03,JP,paid_search,
8799,2026-01-07,TH,direct,
8800,2026-09-10,MY,paid_social,
8801,2026-03-28,TH,organic,WELCOME10
8802,2026-02-28,MY,paid_search,
8803,2025-08-08,TH,organic,
8804,2025-09-02,TH,paid_search,
8805,2026-05-14,TH,paid_search,
8806,2026-04-30,MM,email,
8807,2026-04-22,MY,paid_search,
8808,2025-09-22,ID,affiliate,FLASH50
8809,2026-03-29,ID,paid_social,
8810,2025-08-02,TH,paid_search,
8811,2025-09-15,TH,organic,
8812,2026-03-23,TH,organic,SUMMER25
8813,2026-05-25,SG,affiliate,SUMMER25
8814,2026-06-15,AU,email,FLASH50
8815,2026-12-06,TH,paid_search,
8816,2026-09-29,ID,paid_search,
8817,2026-01-19,PH,organic,WELCOME10
8818,2026-08-22,LA,paid_search,
8819,2025-08-20,TH,email,
8820,2026-09-30,AU,organic,
8821,2026-01-23,MY,organic,
8822,2026-08-10,SG,paid_social,WELCOME10
8823,2026-11-30,VN,paid_search,
8824,2026-07-10,TH,organic,
8825,2026-11-03,PH,paid_search,
8826,2025-07-06,ID,paid_social,
8827,2025-09-29,VN,direct,
8828,2026-05-30,PH,email,
8829,2026-04-15,MY,paid_social,
8830,2025-09-03,TH,affiliate,
8831,2026-07-18,TH,paid_social,
8832,2025-08-01,KH,paid_search,
8833,2026-12-11,ID,organic,
8834,2025-09-22,LA,organic,
8835,2026-02-23,TH,paid_search,FLASH50
8836,2026-09-12,SG,direct,
8837,2026-03-31,KH,paid_social,
8838,2026-08-01,VN,direct,
8839,2026-07-11,TH,organic,
8840,2026-11-18,TH,organic,
8841,2026-03-05,KH,direct,
8842,2026-12-04,VN,paid_search,
8843,2026-04-02,SG,paid_search,WELCOME10
8844,2026-10-20,MY,organic,
8845,2026-07-26,TH,email,
8846,2025-09-09,TH,organic,
8847,2026-06-09,TH,email,
8848,2026-10-12,TH,organic,
8849,2025-09-07,PH,organic,
8850,2026-09-20,TH,affiliate,
8851,2025-08-26,PH,paid_search,
8852,2026-10-08,SG,organic,
8853,2026-08-25,TH,paid_social,
8854,2025-09-19,TH,organic,
8855,2026-07-23,TH,organic,
8856,2025-09-01,ID,organic,FLASH50
8857,2026-04-29,MM,paid_search,
8858,2026-11-05,VN,organic,FLASH50
8859,2025-10-18,VN,affiliate,WELCOME10
8860,2025-10-01,KH,affiliate,
8861,2026-02-11,VN,organic,
8862,2026-01-13,MY,paid_search,
8863,2025-07-26,VN,paid_social,
8864,2026-03-01,TH,paid_social,
8865,2025-11-16,TH,paid_search,
8866,2025-09-05,ID,paid_social,
8867,2025-11-25,VN,organic,
8868,2025-07-11,TH,paid_search,
8869,2026-10-31,AU,organic,
8870,2026-12-12,TH,direct,
8871,2026-01-12,VN,paid_search,
8872,2026-10-11,JP,paid_social,FLASH50
8873,2026-03-03,TH,paid_search,WELCOME10
8874,2026-10-30,MM,organic,FLASH50
8875,2025-10-01,PH,organic,
8876,2025-11-29,VN,organic,
8877,2026-07-30,AU,paid_social,
8878,2025-10-26,ID,paid_social,
8879,2026-09-12,SG,organic,
8880,2026-02-12,ID,paid_search,
8881,2026-02-01,TH,paid_search,FLASH50
8882,2026-02-27,TH,paid_social,
8883,2026-08-30,TH,paid_search,
8884,2025-07-03,TH,email,SUMMER25
8885,2026-08-05,PH,paid_search,
8886,2026-08-20,AU,paid_search,
8887,2026-09-11,JP,paid_social,FLASH50
8888,2026-12-14,TH,affiliate,WELCOME10
8889,2026-08-21,MY,paid_search,
8890,2026-04-08,MY,organic,
8891,2026-03-06,TH,organic,
8892,2026-01-23,MY,paid_search,SUMMER25
8893,2026-09-14,TH,affiliate,WELCOME10
8894,2026-01-26,AU,paid_social,
8895,2026-05-02,TH,organic,
8896,2025-08-21,PH,organic,
8897,2025-12-17,LA,paid_social,
8898,2025-11-19,VN,paid_social,
8899,2026-02-17,TH,affiliate,
8900,2026-03-25,TH,paid_social,
8901,2026-07-17,JP,organic,
8902,2026-02-16,TH,affiliate,WELCOME10
8903,2025-09-19,TH,paid_search,
8904,2026-04-17,JP,paid_social,
8905,2025-07-30,VN,paid_search,
8906,2026-09-26,VN,affiliate,
8907,2026-08-15,TH,organic,
8908,2025-10-29,SG,organic,WELCOME10
8909,2025-11-18,PH,organic,
8910,2025-07-15,TH,affiliate,
8911,2026-01-11,TH,paid_social,
8912,2025-07-21,TH,organic,WELCOME10
8913,2026-11-12,ID,organic,
8914,2025-09-10,TH,organic,
8915,2026-06-17,KH,paid_social,
8916,2026-05-01,TH,paid_search,
8917,2025-11-04,TH,paid_social,WELCOME10
8918,2026-09-04,JP,paid_social,
8919,2025-08-28,JP,affiliate,
8920,2026-10-16,ID,paid_search,
8921,2026-07-30,MM,affiliate,
8922,2026-06-04,TH,paid_search,SUMMER25
8923,2026-10-12,SG,paid_social,
8924,2026-01-31,TH,paid_social,
8925,2025-11-28,SG,email,
8926,2025-09-21,VN,paid_search,
8927,2026-11-05,PH,paid_social,FLASH50
8928,2026-01-30,TH,paid_social,
8929,2026-09-16,TH,direct,
8930,2025-12-25,KR,organic,
8931,2026-11-22,MY,paid_social,
8932,2026-10-07,TH,organic,WELCOME10
8933,2025-12-12,TH,email,
8934,2026-03-17,TH,affiliate,
8935,2026-08-28,SG,paid_social,
8936,2025-10-29,SG,paid_search,
8937,2025-07-13,SG,paid_social,WELCOME10
8938,2025-12-01,SG,paid_social,
8939,2026-05-11,SG,organic,
8940,2025-09-11,TH,affiliate,FLASH50
8941,2025-12-25,TH,paid_search,FLASH50
8942,2026-11-02,TH,organic,
8943,2025-08-10,KH,paid_social,
8944,2025-07-27,VN,organic,WELCOME10
8945,2026-02-11,TH,paid_social,
8946,2025-07-07,SG,paid_search,WELCOME10
8947,2025-07-15,MY,paid_social,
8948,2025-10-06,SG,organic,
8949,2025-08-24,ID,paid_social,
8950,2026-09-06,KR,paid_social,
8951,2025-09-04,TH,affiliate,FLASH50
8952,2026-04-06,SG,paid_search,
8953,2026-07-11,SG,paid_social,
8954,2026-05-30,MY,paid_search,FLASH50
8955,2026-06-14,TH,organic,
8956,2026-01-07,ID,organic,
8957,2026-10-17,TH,paid_search,
8958,2025-08-06,VN,affiliate,
8959,2025-08-27,ID,paid_search,
8960,2026-09-30,TH,affiliate,
8961,2025-08-06,KR,paid_social,
8962,2025-10-11,PH,paid_search,
8963,2025-10-01,MY,organic,
8964,2025-07-18,KR,paid_search,
8965,2025-09-01,PH,paid_search,
8966,2026-05-02,TH,organic,SUMMER25
8967,2026-06-18,MY,affiliate,WELCOME10
8968,2025-08-14,MY,direct,FLASH50
8969,2026-11-15,ID,organic,
8970,2025-08-21,AU,organic,
8971,2026-07-02,SG,paid_social,
8972,2026-08-31,TH,direct,
8973,2026-04-04,SG,direct,
8974,2026-03-20,VN,direct,FLASH50
8975,2025-08-28,TH,paid_search,
8976,2025-11-06,TH,direct,
8977,2026-09-27,TH,paid_search,
8978,2026-01-02,ID,organic,FLASH50
8979,2025-07-19,TH,paid_social,
8980,2026-07-24,TH,paid_social,
8981,2026-06-30,TH,affiliate,
8982,2025-08-05,SG,paid_social,
8983,2025-07-28,TH,affiliate,
8984,2025-09-01,TH,paid_search,
8985,2025-07-28,ID,organic,
8986,2026-05-25,TH,affiliate,WELCOME10
8987,2025-09-09,TH,paid_search,
8988,2026-05-20,MY,organic,
8989,2025-10-02,TH,paid_search,
8990,2026-12-01,TH,affiliate,
8991,2026-07-22,SG,email,
8992,2026-01-16,TH,affiliate,
8993,2026-02-14,MY,paid_social,WELCOME10
8994,2025-08-04,KR,affiliate,
8995,2025-07-30,SG,organic,
8996,2026-04-13,MY,paid_social,
8997,2025-07-13,MM,paid_social,
8998,2026-06-06,SG,direct,
8999,2026-01-20,VN,organic,
9000,2025-09-13,MY,direct,
9001,2026-04-12,ID,paid_social,
9002,2026-04-21,AU,organic,FLASH50
9003,2026-08-02,TH,paid_search,
9004,2025-10-14,LA,organic,
9005,2026-04-18,SG,paid_social,
9006,2026-09-24,MY,paid_search,
9007,2025-11-21,SG,affiliate,SUMMER25
9008,2026-09-19,TH,paid_social,
9009,2026-07-21,TH,affiliate,
9010,2026-02-14,AU,paid_search,
9011,2026-10-14,ID,email,
9012,2026-11-28,KH,email,
9013,2025-11-04,TH,paid_social,
9014,2026-12-05,TH,organic,
9015,2025-07-02,TH,direct,
9016,2025-09-07,TH,affiliate,
9017,2025-07-24,SG,email,
9018,2026-01-12,AU,organic,
9019,2026-11-12,KH,affiliate,
9020,2026-05-16,SG,organic,
9021,2026-05-25,TH,paid_search,
9022,2025-08-15,MY,paid_social,
9023,2026-04-02,MY,paid_search,
9024,2026-01-20,ID,organic,
9025,2026-03-13,MY,paid_search,
9026,2025-11-17,TH,organic,
9027,2025-10-16,TH,paid_social,
9028,2026-11-20,JP,organic,
9029,2026-04-24,VN,paid_search,
9030,2026-02-05,AU,paid_social,
9031,2025-08-09,TH,direct,
9032,2026-08-11,MY,paid_search,
9033,2026-03-09,TH,paid_search,
9034,2026-01-23,LA,direct,FLASH50
9035,2026-06-21,TH,email,
9036,2025-09-09,ID,paid_social,
9037,2026-04-11,TH,paid_search,
9038,2026-10-04,TH,organic,
9039,2026-03-05,TH,paid_social,FLASH50
9040,2025-07-01,MY,affiliate,
9041,2025-10-31,PH,direct,
9042,2025-07-30,KR,organic,
9043,2026-03-24,ID,organic,
9044,2026-01-11,MY,email,
9045,2025-09-09,VN,email,WELCOME10
9046,2026-07-02,TH,paid_social,WELCOME10
9047,2025-10-03,PH,organic,
9048,2025-12-30,VN,paid_social,
9049,2026-12-09,MY,paid_search,
9050,2025-08-05,TH,paid_search,WELCOME10
9051,2025-11-10,TH,organic,
9052,2025-12-17,TH,paid_search,
9053,2026-03-29,AU,paid_search,
9054,2025-11-08,ID,organic,WELCOME10
9055,2026-11-30,SG,paid_search,
9056,2025-07-03,SG,organic,
9057,2026-11-18,VN,paid_search,
9058,2026-04-12,TH,direct,SUMMER25
9059,2025-07-21,TH,affiliate,
9060,2025-09-01,ID,organic,WELCOME10
9061,2025-08-24,TH,paid_social,
9062,2025-12-01,TH,organic,WELCOME10
9063,2025-12-25,SG,paid_search,
9064,2026-06-07,TH,organic,
9065,2025-12-13,MM,direct,
9066,2026-07-22,PH,organic,
9067,2025-12-04,KR,email,
9068,2025-11-18,JP,paid_social,
9069,2025-11-24,TH,paid_search,
9070,2025-12-23,TH,email,WELCOME10
9071,2026-09-20,ID,paid_search,
9072,2025-11-09,TH,paid_social,
9073,2025-11-23,KR,affiliate,
9074,2026-11-23,TH,organic,
9075,2026-06-14,MY,organic,
9076,2025-10-10,ID,email,
9077,2026-10-06,MM,organic,
9078,2025-10-06,ID,direct,WELCOME10
9079,2025-09-25,MY,paid_search,
9080,2026-02-23,TH,paid_search,
9081,2026-07-04,MY,paid_search,
9082,2025-10-09,VN,paid_search,
9083,2026-08-06,SG,direct,
9084,2025-09-22,VN,organic,
9085,2026-08-21,TH,paid_social,
9086,2025-08-21,TH,organic,
9087,2026-03-05,AU,organic,
9088,2026-06-07,TH,organic,
9089,2025-11-19,ID,paid_social,
9090,2026-05-23,SG,paid_social,
9091,2026-07-03,AU,organic,
9092,2026-06-12,TH,direct,FLASH50
9093,2026-01-28,TH,paid_search,
9094,2026-08-17,KH,affiliate,
9095,2026-07-25,ID,organic,
9096,2025-12-21,MY,paid_social,
9097,2026-07-26,TH,paid_search,
9098,2026-11-02,TH,paid_search,
9099,2026-09-09,AU,affiliate,
9100,2026-07-26,ID,paid_social,
9101,2026-08-13,MM,paid_search,
9102,2026-09-02,JP,affiliate,
9103,2025-12-02,MY,paid_search,
9104,2026-07-20,MY,organic,WELCOME10
9105,2025-10-15,ID,paid_social,
9106,2026-01-08,PH,direct,
9107,2026-11-11,ID,organic,SUMMER25
9108,2025-11-28,TH,paid_social,WELCOME10
9109,2026-09-23,AU,affiliate,
9110,2026-02-11,ID,paid_social,
9111,2025-10-20,KH,paid_search,FLASH50
9112,2025-08-21,SG,organic,
9113,2026-04-19,SG,organic,
9114,2026-02-26,ID,paid_search,
9115,2026-03-30,VN,paid_social,
9116,2025-07-23,TH,paid_search,
9117,2025-11-20,TH,paid_search,
9118,2025-07-03,VN,paid_social,SUMMER25
9119,2025-12-09,KR,organic,
9120,2026-11-09,TH,affiliate,
9121,2025-09-20,TH,paid_social,WELCOME10
9122,2026-07-03,SG,paid_social,FLASH50
9123,2025-07-04,TH,paid_search,
9124,2026-04-26,TH,paid_search,SUMMER25
9125,2026-11-03,MY,paid_search,
9126,2025-12-29,ID,affiliate,
9127,2025-10-14,TH,paid_social,
9128,2026-05-01,TH,affiliate,FLASH50
9129,2025-11-26,KR,organic,
9130,2026-10-19,SG,affiliate,
9131,2026-09-26,VN,paid_search,
9132,2026-06-13,TH,organic,
9133,2026-06-06,PH,organic,
9134,2026-05-18,PH,affiliate,
9135,2026-07-27,TH,paid_social,
9136,2026-03-03,ID,affiliate,
9137,2026-11-29,ID,paid_social,
9138,2026-01-01,SG,email,
9139,2025-07-05,VN,paid_social,
9140,2026-07-08,TH,paid_social,FLASH50
9141,2026-06-18,SG,organic,FLASH50
9142,2026-12-05,KR,paid_social,FLASH50
9143,2026-01-27,TH,paid_social,
9144,2026-02-12,TH,organic,
9145,2026-04-26,TH,organic,
9146,2026-01-26,KR,paid_search,
9147,2026-08-23,TH,organic,
9148,2026-02-14,TH,paid_social,
9149,2026-08-22,ID,paid_search,
9150,2026-02-12,VN,email,
9151,2025-10-28,MY,paid_search,FLASH50
9152,2026-12-11,KR,paid_social,
9153,2026-04-07,TH,paid_social,FLASH50
9154,2026-07-12,ID,paid_social,
9155,2026-05-12,MY,paid_search,
9156,2026-01-08,TH,paid_search,
9157,2026-12-01,LA,organic,
9158,2026-01-15,MY,paid_social,
9159,2026-12-12,TH,paid_search,WELCOME10
9160,2026-02-15,TH,paid_search,
9161,2025-07-13,TH,email,FLASH50
9162,2025-07-20,LA,paid_social,
9163,2026-12-01,TH,organic,FLASH50
9164,2026-04-08,LA,paid_search,
9165,2026-01-23,TH,paid_social,
9166,2026-09-06,KR,email,
9167,2026-05-25,PH,affiliate,FLASH50
9168,2026-06-18,TH,paid_search,
9169,2026-07-01,TH,email,
9170,2025-10-14,PH,organic,
9171,2025-08-17,TH,organic,
9172,2026-07-24,TH,organic,
9173,2025-07-12,PH,paid_search,WELCOME10
9174,2026-07-19,LA,paid_search,SUMMER25
9175,2025-09-08,VN,organic,
9176,2025-11-17,KH,organic,
9177,2026-07-13,MY,organic,
9178,2026-05-28,VN,email,
9179,2026-08-21,TH,affiliate,
9180,2026-05-22,VN,paid_social,
9181,2025-07-26,ID,affiliate,
9182,2026-09-21,MY,paid_social,FLASH50
9183,2025-10-23,KR,organic,
9184,2025-09-11,SG,email,
9185,2026-10-12,MY,paid_search,FLASH50
9186,2025-10-12,SG,paid_search,
9187,2026-04-12,TH,email,
9188,2026-03-17,TH,organic,FLASH50
9189,2026-08-15,JP,paid_search,
9190,2025-07-24,TH,email,FLASH50
9191,2025-08-26,ID,paid_search,FLASH50
9192,2026-02-07,MY,paid_search,
9193,2026-03-10,KH,direct,
9194,2026-08-25,VN,email,FLASH50
9195,2026-05-19,TH,email,
9196,2025-09-18,TH,organic,SUMMER25
9197,2026-12-04,VN,affiliate,SUMMER25
9198,2026-03-03,TH,paid_social,
9199,2026-11-27,SG,paid_social,
9200,2026-12-10,TH,organic,
9201,2025-07-28,TH,paid_social,
9202,2026-03-27,KR,organic,
9203,2026-02-10,MM,email,
9204,2026-03-23,VN,paid_social,
9205,2025-12-13,TH,paid_social,
9206,2026-04-24,KR,organic,FLASH50
9207,2026-03-20,ID,paid_search,
9208,2025-10-08,JP,paid_search,
9209,2025-12-01,TH,affiliate,
9210,2025-09-17,TH,paid_social,FLASH50
9211,2026-09-23,ID,organic,FLASH50
9212,2026-06-27,LA,paid_search,WELCOME10
9213,2026-01-23,TH,organic,
9214,2026-01-27,TH,paid_search,
9215,2025-08-12,MY,paid_search,
9216,2025-12-02,KR,organic,
9217,2026-11-05,VN,organic,FLASH50
9218,2025-07-17,MM,paid_social,
9219,2025-09-16,ID,paid_search,
9220,2026-09-24,KH,organic,
9221,2026-04-04,SG,paid_social,
9222,2025-07-18,TH,paid_search,
9223,2026-03-19,ID,organic,
9224,2026-08-04,MY,organic,FLASH50
9225,2025-12-31,SG,paid_search,
9226,2026-01-20,TH,affiliate,FLASH50
9227,2026-06-02,VN,organic,SUMMER25
9228,2026-05-16,PH,direct,
9229,2026-10-25,TH,paid_search,
9230,2025-11-10,MM,affiliate,WELCOME10
9231,2025-11-25,TH,direct,
9232,2025-09-21,TH,organic,
9233,2026-06-20,TH,paid_social,
9234,2026-04-11,SG,paid_search,
9235,2026-01-01,TH,organic,
9236,2026-07-06,VN,affiliate,WELCOME10
9237,2026-01-17,VN,organic,
9238,2025-10-13,MY,email,
9239,2026-04-14,LA,affiliate,
9240,2026-02-18,AU,paid_social,WELCOME10
9241,2026-02-02,SG,paid_social,
9242,2026-02-23,TH,affiliate,
9243,2026-10-31,TH,organic,
9244,2025-10-24,ID,affiliate,
9245,2025-11-25,TH,organic,
9246,2026-04-28,ID,organic,
9247,2025-07-25,ID,paid_search,
9248,2025-09-16,MY,paid_search,
9249,2026-04-28,TH,organic,FLASH50
9250,2026-03-29,TH,paid_social,
9251,2026-06-13,TH,paid_social,
9252,2025-08-30,PH,email,
9253,2026-09-29,ID,affiliate,
9254,2026-03-16,ID,affiliate,
9255,2025-09-21,ID,email,FLASH50
9256,2025-12-14,SG,affiliate,FLASH50
9257,2025-10-30,TH,organic,
9258,2026-02-27,TH,organic,
9259,2026-03-08,TH,paid_search,
9260,2026-02-17,TH,paid_search,
9261,2026-03-03,TH,email,
9262,2026-10-27,VN,paid_search,
9263,2026-11-24,TH,email,
9264,2026-03-19,TH,paid_search,WELCOME10
9265,2026-11-26,TH,email,
9266,2026-09-10,TH,organic,FLASH50
9267,2026-09-11,TH,paid_search,WELCOME10
9268,2025-10-29,TH,email,
9269,2026-02-19,TH,paid_search,
9270,2026-01-04,KR,affiliate,
9271,2025-08-21,TH,paid_search,FLASH50
9272,2025-08-10,TH,affiliate,
9273,2026-05-28,SG,paid_social,
9274,2026-02-10,TH,affiliate,
9275,2026-09-14,MY,paid_search,
9276,2026-06-22,TH,paid_social,
9277,2025-08-15,LA,paid_search,WELCOME10
9278,2026-09-20,MM,paid_social,
9279,2026-03-22,VN,paid_social,
9280,2026-04-28,TH,organic,
9281,2026-11-27,SG,affiliate,FLASH50
9282,2026-06-07,TH,paid_search,
9283,2025-07-12,VN,organic,
9284,2025-10-03,TH,paid_social,
9285,2026-02-13,ID,paid_social,FLASH50
9286,2025-07-20,TH,paid_social,
9287,2025-09-28,SG,direct,
9288,2026-08-26,TH,paid_search,
9289,2025-09-15,TH,direct,SUMMER25
9290,2025-09-28,ID,paid_social,SUMMER25
9291,2026-03-26,MY,paid_search,
9292,2025-08-18,TH,paid_social,
9293,2025-11-14,TH,organic,FLASH50
9294,2026-11-12,PH,direct,SUMMER25
9295,2026-06-02,SG,paid_search,FLASH50
9296,2026-11-26,MY,organic,
9297,2026-01-05,SG,paid_social,WELCOME10
9298,2026-05-25,MY,organic,
9299,2025-11-05,ID,organic,WELCOME10
9300,2026-01-18,TH,organic,
9301,2025-10-02,MY,email,
9302,2026-09-18,SG,organic,
9303,2025-10-07,TH,paid_search,
9304,2025-10-18,VN,paid_search,WELCOME10
9305,2026-03-05,TH,email,
9306,2026-02-14,TH,email,FLASH50
9307,2025-12-15,PH,email,FLASH50
9308,2026-01-07,KH,paid_search,
9309,2025-12-05,TH,paid_search,
9310,2026-10-30,ID,affiliate,FLASH50
9311,2026-05-06,TH,organic,
9312,2026-11-03,VN,organic,
9313,2026-12-08,SG,email,
9314,2026-06-12,VN,organic,
9315,2026-09-14,TH,paid_search,
9316,2025-08-29,TH,organic,
9317,2026-11-19,PH,organic,FLASH50
9318,2026-03-15,TH,direct,
9319,2026-07-16,TH,organic,
9320,2025-11-08,TH,paid_search,
9321,2025-08-20,MY,organic,
9322,2026-10-15,TH,paid_search,
9323,2026-02-25,MY,affiliate,
9324,2025-09-12,TH,paid_social,
9325,2026-06-16,ID,paid_social,
9326,2025-07-29,LA,paid_search,
9327,2026-02-26,SG,organic,
9328,2026-07-11,MY,paid_search,FLASH50
9329,2026-07-19,SG,email,
9330,2026-02-27,TH,affiliate,FLASH50
9331,2026-01-14,VN,organic,
9332,2026-09-20,KH,affiliate,
9333,2025-10-07,PH,affiliate,FLASH50
9334,2025-08-09,AU,affiliate,FLASH50
9335,2025-09-22,SG,affiliate,
9336,2026-08-31,ID,direct,
9337,2026-03-08,TH,organic,SUMMER25
9338,2025-07-20,JP,paid_search,FLASH50
9339,2025-09-28,MY,direct,
9340,2025-07-15,TH,paid_social,
9341,2026-09-08,PH,paid_social,
9342,2026-03-03,MY,paid_search,
9343,2025-08-06,AU,organic,
9344,2025-10-26,VN,direct,
9345,2026-05-25,KH,paid_search,
9346,2026-05-13,MY,paid_social,
9347,2026-09-10,SG,organic,
9348,2025-07-14,VN,direct,
9349,2025-08-06,TH,organic,
9350,2025-07-19,TH,email,WELCOME10
9351,2026-01-27,KR,organic,
9352,2026-07-23,MM,direct,
9353,2026-06-19,AU,paid_search,FLASH50
9354,2025-10-21,TH,email,
9355,2026-06-16,TH,paid_social,
9356,2026-06-15,LA,organic,
9357,2025-10-11,TH,organic,
9358,2026-08-04,SG,affiliate,
9359,2026-02-11,TH,paid_social,
9360,2025-08-01,KH,paid_search,
9361,2026-01-25,SG,organic,FLASH50
9362,2026-08-15,TH,affiliate,
9363,2026-07-07,MY,paid_social,
9364,2025-11-21,TH,paid_social,
9365,2026-08-08,VN,paid_search,
9366,2026-01-24,MY,paid_search,
9367,2026-03-03,MY,paid_search,
9368,2025-08-16,SG,organic,
9369,2026-12-14,TH,direct,
9370,2026-09-20,TH,paid_search,
9371,2025-10-12,AU,paid_search,SUMMER25
9372,2026-04-25,TH,paid_search,
9373,2026-08-20,SG,paid_search,
9374,2026-03-26,TH,paid_social,FLASH50
9375,2025-10-21,KR,paid_social,WELCOME10
9376,2026-11-29,VN,affiliate,
9377,2025-11-21,TH,organic,
9378,2025-12-26,MY,email,
9379,2026-01-15,SG,direct,
9380,2026-10-18,VN,direct,
9381,2026-03-24,KR,organic,
9382,2026-07-19,VN,paid_search,
9383,2026-10-24,KH,direct,
9384,2026-11-07,SG,affiliate,FLASH50
9385,2026-09-30,TH,organic,
9386,2026-10-27,ID,email,
9387,2026-11-18,VN,affiliate,
9388,2026-12-11,TH,affiliate,
9389,2026-06-08,SG,paid_search,FLASH50
9390,2025-09-09,TH,paid_social,
9391,2025-08-30,TH,paid_social,FLASH50
9392,2026-08-29,KH,paid_search,
9393,2025-12-16,TH,affiliate,FLASH50
9394,2026-09-02,PH,organic,WELCOME10
9395,2026-11-11,TH,organic,
9396,2026-06-09,ID,email,WELCOME10
9397,2026-08-12,MM,paid_search,
9398,2025-11-26,VN,organic,WELCOME10
9399,2026-02-17,PH,affiliate,
9400,2026-11-27,TH,affiliate,
9401,2026-09-09,TH,affiliate,
9402,2025-10-17,VN,paid_search,
9403,2026-11-12,VN,paid_social,
9404,2026-03-24,VN,organic,
9405,2026-09-23,VN,organic,WELCOME10
9406,2026-04-04,TH,organic,SUMMER25
9407,2026-05-18,TH,paid_search,
9408,2025-09-25,AU,paid_social,
9409,2025-12-28,MY,organic,SUMMER25
9410,2026-07-21,VN,email,
9411,2026-09-22,MY,direct,
9412,2025-08-17,MM,organic,
9413,2025-08-10,KH,affiliate,
9414,2026-07-05,TH,paid_social,
9415,2026-02-24,KH,paid_search,SUMMER25
9416,2026-09-26,TH,paid_search,
9417,2025-08-06,SG,affiliate,
9418,2026-01-03,PH,organic,WELCOME10
9419,2025-07-19,TH,paid_social,
9420,2026-07-14,TH,organic,
9421,2026-10-01,ID,organic,
9422,2025-09-22,KR,paid_social,FLASH50
9423,2025-12-20,TH,organic,
9424,2026-09-24,ID,affiliate,FLASH50
9425,2025-07-23,MY,paid_social,
9426,2026-11-20,TH,organic,SUMMER25
9427,2026-10-16,VN,email,
9428,2025-09-20,MY,paid_search,FLASH50
9429,2025-09-13,VN,paid_social,FLASH50
9430,2026-07-04,VN,organic,
9431,2025-07-06,KR,organic,
9432,2026-03-27,PH,email,
9433,2025-08-05,TH,email,SUMMER25
9434,2026-04-10,VN,paid_search,FLASH50
9435,2026-01-03,ID,paid_search,
9436,2026-07-12,TH,paid_social,FLASH50
9437,2026-10-13,MY,organic,
9438,2026-03-18,VN,email,
9439,2026-06-08,TH,organic,
9440,2026-05-16,SG,organic,FLASH50
9441,2026-12-07,MY,organic,WELCOME10
9442,2025-11-01,TH,paid_search,
9443,2025-11-05,KH,email,
9444,2026-01-18,TH,paid_social,
9445,2026-07-28,VN,organic,WELCOME10
9446,2026-10-05,VN,organic,
9447,2025-11-26,SG,organic,
9448,2025-08-28,MY,paid_social,
9449,2026-05-21,TH,paid_social,
9450,2026-05-15,TH,organic,FLASH50
9451,2026-01-16,MY,affiliate,
9452,2025-10-07,TH,paid_social,WELCOME10
9453,2026-09-26,PH,direct,
9454,2026-09-25,MY,paid_social,
9455,2026-08-03,TH,paid_search,
9456,2026-05-05,TH,organic,
9457,2025-11-17,PH,email,
9458,2026-01-31,TH,organic,
9459,2025-08-06,VN,paid_search,WELCOME10
9460,2025-11-11,TH,paid_search,
9461,2026-02-26,AU,paid_social,FLASH50
9462,2026-02-18,SG,paid_social,FLASH50
9463,2025-08-12,SG,paid_social,
9464,2026-11-23,MY,organic,SUMMER25
9465,2025-11-20,TH,paid_social,
9466,2026-03-29,VN,email,SUMMER25
9467,2026-03-05,TH,organic,SUMMER25
9468,2026-03-08,TH,organic,SUMMER25
9469,2026-09-24,TH,direct,FLASH50
9470,2026-08-02,ID,paid_search,
9471,2026-10-06,LA,paid_search,
9472,2026-01-19,TH,paid_search,
9473,2025-11-19,PH,paid_social,
9474,2026-02-13,PH,paid_social,
9475,2026-04-26,TH,affiliate,SUMMER25
9476,2025-12-27,TH,paid_search,
9477,2026-03-03,TH,organic,
9478,2025-09-19,TH,paid_search,
9479,2026-05-08,VN,paid_search,
9480,2026-07-16,SG,paid_social,
9481,2026-04-07,TH,paid_social,
9482,2026-10-09,VN,email,FLASH50
9483,2026-12-13,TH,organic,
9484,2026-10-26,KH,organic,
9485,2025-08-19,ID,affiliate,
9486,2026-10-13,TH,paid_social,
9487,2025-12-25,MY,organic,
9488,2026-02-26,TH,direct,FLASH50
9489,2026-02-05,KR,paid_social,
9490,2025-11-29,SG,paid_search,
9491,2026-10-11,LA,affiliate,
9492,2026-06-06,JP,paid_social,FLASH50
9493,2026-11-28,MY,paid_search,
9494,2026-11-21,VN,organic,
9495,2026-02-09,MY,paid_search,
9496,2026-07-23,TH,paid_search,
9497,2026-03-25,AU,paid_social,
9498,2026-03-21,SG,paid_search,
9499,2026-07-30,LA,organic,
9500,2026-07-03,ID,paid_social,
9501,2026-10-29,TH,organic,
9502,2026-08-16,TH,affiliate,
9503,2026-05-28,TH,paid_social,
9504,2026-11-02,TH,paid_social,
9505,2025-08-24,VN,paid_search,
9506,2026-08-11,TH,organic,FLASH50
9507,2026-01-26,JP,paid_social,
9508,2026-02-16,SG,organic,
9509,2026-08-21,SG,paid_social,
9510,2025-11-23,TH,organic,
9511,2026-10-14,TH,paid_social,
9512,2026-03-24,MY,organic,
9513,2026-01-03,TH,organic,
9514,2025-12-22,ID,paid_search,
9515,2026-02-10,MY,paid_social,FLASH50
9516,2026-11-15,TH,organic,
9517,2025-08-24,SG,paid_search,WELCOME10
9518,2026-03-28,TH,affiliate,
9519,2026-09-19,TH,paid_search,FLASH50
9520,2026-03-09,VN,paid_social,SUMMER25
9521,2026-04-28,TH,organic,
9522,2026-01-02,TH,organic,
9523,2025-09-11,MY,organic,FLASH50
9524,2026-06-06,SG,direct,
9525,2026-11-03,AU,organic,SUMMER25
9526,2026-04-04,PH,organic,
9527,2026-02-16,VN,organic,
9528,2025-09-07,SG,affiliate,
9529,2026-11-16,SG,paid_search,FLASH50
9530,2026-10-07,TH,affiliate,FLASH50
9531,2026-10-24,PH,paid_search,FLASH50
9532,2026-01-08,SG,affiliate,WELCOME10
9533,2026-05-30,TH,email,FLASH50
9534,2026-02-16,MY,paid_search,SUMMER25
9535,2025-11-03,VN,direct,
9536,2025-10-18,MY,direct,
9537,2026-01-21,TH,organic,
9538,2026-04-21,MM,paid_social,
9539,2025-09-04,TH,paid_social,
9540,2026-07-10,JP,affiliate,FLASH50
9541,2026-03-01,SG,paid_social,FLASH50
9542,2026-10-13,AU,paid_social,
9543,2025-11-26,MM,organic,
9544,2025-07-28,TH,affiliate,FLASH50
9545,2025-12-14,PH,organic,
9546,2026-12-01,TH,paid_social,
9547,2025-12-19,TH,organic,
9548,2026-07-11,TH,affiliate,
9549,2026-09-23,MY,affiliate,
9550,2025-11-29,TH,organic,
9551,2026-06-08,SG,affiliate,
9552,2025-10-17,JP,affiliate,
9553,2026-01-10,PH,organic,
9554,2025-12-05,TH,paid_search,FLASH50
9555,2026-06-24,MY,organic,FLASH50
9556,2026-10-10,TH,organic,
9557,2025-11-12,TH,affiliate,
9558,2025-12-03,MM,organic,
9559,2026-09-11,KR,paid_social,
9560,2026-03-04,TH,organic,
9561,2026-03-31,TH,organic,SUMMER25
9562,2026-07-12,TH,paid_social,FLASH50
9563,2025-09-12,SG,paid_search,
9564,2026-10-08,TH,email,
9565,2026-01-11,TH,organic,
9566,2026-06-17,SG,paid_social,
9567,2026-02-16,TH,paid_social,
9568,2026-08-06,PH,paid_social,
9569,2026-05-22,VN,paid_social,
9570,2025-10-01,MY,organic,
9571,2025-10-09,SG,affiliate,
9572,2026-10-11,PH,paid_social,
9573,2026-04-03,TH,affiliate,
9574,2025-11-24,KH,organic,
9575,2025-09-15,TH,organic,
9576,2025-09-07,MM,paid_search,WELCOME10
9577,2026-11-03,TH,paid_search,
9578,2026-12-03,PH,organic,FLASH50
9579,2026-01-26,TH,organic,
9580,2025-10-16,PH,organic,
9581,2026-02-09,MY,organic,
9582,2025-09-11,TH,organic,
9583,2026-04-19,VN,affiliate,SUMMER25
9584,2026-05-30,TH,direct,
9585,2026-12-08,MY,paid_search,
9586,2025-12-17,TH,organic,WELCOME10
9587,2025-10-14,VN,paid_search,WELCOME10
9588,2025-09-10,PH,affiliate,
9589,2026-01-18,SG,email,
9590,2026-05-17,VN,organic,
9591,2025-08-05,MM,organic,
9592,2026-08-09,ID,paid_search,
9593,2026-03-03,TH,paid_search,
9594,2026-08-27,SG,organic,
9595,2026-03-05,TH,paid_social,
9596,2025-09-21,SG,organic,
9597,2025-07-12,TH,organic,
9598,2026-04-23,PH,paid_social,
9599,2026-04-14,MY,affiliate,FLASH50
9600,2026-09-07,ID,organic,
9601,2026-10-11,TH,affiliate,
9602,2025-09-24,TH,organic,
9603,2025-12-15,VN,paid_search,
9604,2025-10-19,MY,organic,
9605,2025-08-26,AU,organic,
9606,2025-07-02,MY,organic,WELCOME10
9607,2025-08-13,TH,paid_social,
9608,2026-04-06,ID,email,SUMMER25
9609,2025-09-19,ID,organic,FLASH50
9610,2025-10-12,TH,organic,SUMMER25
9611,2025-09-01,ID,paid_search,
9612,2026-07-22,TH,paid_search,
9613,2026-06-04,TH,affiliate,FLASH50
9614,2026-11-25,TH,organic,
9615,2025-08-29,ID,paid_social,
9616,2025-10-20,VN,paid_search,SUMMER25
9617,2026-02-28,TH,affiliate,
9618,2026-06-11,VN,paid_search,
9619,2025-09-08,VN,organic,
9620,2025-10-21,TH,organic,
9621,2026-02-10,TH,paid_social,
9622,2025-07-10,TH,paid_search,
9623,2026-01-27,TH,paid_social,
9624,2026-08-09,AU,organic,
9625,2026-04-07,PH,organic,
9626,2026-02-17,TH,paid_social,
9627,2026-03-18,SG,organic,
9628,2026-11-17,TH,email,
9629,2026-04-04,TH,affiliate,
9630,2026-04-11,TH,organic,
9631,2026-11-09,TH,paid_social,
9632,2025-09-22,TH,organic,WELCOME10
9633,2025-08-21,TH,direct,
9634,2026-02-25,TH,paid_social,FLASH50
9635,2025-12-17,SG,paid_search,
9636,2025-10-17,MY,paid_social,FLASH50
9637,2025-09-02,TH,organic,
9638,2026-10-11,SG,organic,
9639,2026-05-24,TH,organic,
9640,2026-07-04,JP,paid_search,
9641,2025-09-01,TH,organic,
9642,2025-12-29,MY,direct,
9643,2026-05-27,TH,paid_search,
9644,2026-04-08,TH,email,FLASH50
9645,2026-07-06,MY,organic,FLASH50
9646,2026-06-22,VN,affiliate,FLASH50
9647,2026-02-06,JP,paid_social,
9648,2026-08-22,SG,paid_social,
9649,2025-11-16,TH,affiliate,SUMMER25
9650,2025-08-12,VN,paid_search,FLASH50
9651,2026-10-30,TH,paid_social,WELCOME10
9652,2025-07-13,SG,email,
9653,2025-11-29,PH,organic,WELCOME10
9654,2025-08-31,TH,organic,WELCOME10
9655,2025-11-01,MY,direct,
9656,2026-01-27,TH,email,FLASH50
9657,2025-09-08,TH,paid_search,
9658,2026-03-06,KR,affiliate,
9659,2026-11-07,TH,email,
9660,2025-09-11,TH,paid_search,
9661,2026-11-06,SG,organic,
9662,2026-02-05,TH,paid_search,FLASH50
9663,2026-05-12,TH,paid_search,
9664,2026-02-21,TH,organic,WELCOME10
9665,2025-12-16,SG,direct,
9666,2025-08-28,SG,paid_social,
9667,2026-05-13,VN,affiliate,
9668,2026-11-01,TH,paid_social,
9669,2026-04-04,AU,organic,
9670,2026-05-16,TH,paid_social,
9671,2026-06-09,TH,paid_social,
9672,2026-01-24,AU,paid_social,
9673,2025-09-03,PH,organic,FLASH50
9674,2026-03-28,TH,affiliate,
9675,2026-10-07,TH,organic,
9676,2025-12-15,PH,paid_search,
9677,2026-10-08,TH,paid_social,
9678,2026-09-29,TH,direct,
9679,2025-11-08,MY,paid_search,
9680,2026-05-03,PH,organic,
9681,2026-08-03,MY,direct,FLASH50
9682,2026-03-21,SG,direct,
9683,2026-07-08,JP,organic,
9684,2026-10-29,TH,affiliate,
9685,2026-05-31,VN,email,FLASH50
9686,2026-09-20,TH,organic,
9687,2026-08-31,VN,affiliate,
9688,2026-09-07,MY,organic,
9689,2026-09-28,TH,affiliate,
9690,2025-10-29,MY,organic,
9691,2025-07-10,KH,paid_social,
9692,2025-09-20,SG,affiliate,
9693,2025-11-11,TH,organic,
9694,2026-07-03,TH,affiliate,FLASH50
9695,2026-03-29,ID,organic,
9696,2026-03-07,ID,organic,
9697,2025-07-05,TH,email,
9698,2026-06-30,TH,email,FLASH50
9699,2026-01-11,VN,affiliate,
9700,2026-08-10,TH,email,
9701,2025-08-30,TH,organic,
9702,2025-12-05,TH,paid_search,
9703,2025-07-30,MY,email,
9704,2025-11-29,JP,email,
9705,2026-11-05,MY,paid_search,
9706,2026-03-19,TH,paid_search,
9707,2026-02-20,PH,paid_social,
9708,2025-11-23,TH,organic,
9709,2025-11-19,AU,affiliate,
9710,2026-06-21,TH,organic,
9711,2026-12-08,LA,paid_search,
9712,2026-08-03,KH,organic,
9713,2026-07-28,KH,affiliate,
9714,2026-03-09,TH,direct,
9715,2025-08-22,PH,paid_search,FLASH50
9716,2026-07-21,VN,direct,
9717,2026-09-05,TH,paid_search,
9718,2026-03-30,SG,organic,
9719,2025-08-18,ID,affiliate,SUMMER25
9720,2026-07-15,AU,organic,WELCOME10
9721,2026-11-03,VN,organic,
9722,2025-10-28,SG,paid_social,
9723,2025-09-23,ID,organic,
9724,2026-07-29,TH,email,
9725,2025-12-24,SG,paid_search,FLASH50
9726,2026-07-17,VN,organic,
9727,2026-07-10,MY,paid_search,FLASH50
9728,2025-11-20,VN,organic,
9729,2025-07-23,SG,paid_social,SUMMER25
9730,2026-04-23,TH,organic,
9731,2026-02-03,VN,email,FLASH50
9732,2026-09-29,TH,organic,
9733,2026-01-07,JP,organic,
9734,2025-11-10,AU,paid_social,
9735,2026-10-02,KH,paid_search,
9736,2026-07-28,KH,paid_search,WELCOME10
9737,2026-05-26,SG,paid_social,FLASH50
9738,2026-11-21,SG,organic,
9739,2026-08-22,PH,paid_search,FLASH50
9740,2026-10-05,TH,direct,
9741,2026-08-30,PH,organic,FLASH50
9742,2026-01-31,TH,paid_social,
9743,2025-08-03,KH,paid_search,
9744,2026-05-20,MY,email,
9745,2026-08-12,PH,organic,
9746,2026-12-11,SG,organic,
9747,2026-06-29,MY,paid_search,
9748,2026-04-29,MM,paid_social,
9749,2026-05-03,TH,organic,FLASH50
9750,2025-08-31,TH,affiliate,WELCOME10
9751,2025-07-04,TH,paid_search,
9752,2025-07-25,MY,email,
9753,2026-10-26,MY,email,
9754,2026-08-26,ID,affiliate,
9755,2025-11-16,TH,affiliate,
9756,2026-02-11,TH,paid_social,
9757,2026-03-15,LA,affiliate,
9758,2025-11-09,ID,organic,WELCOME10
9759,2026-02-11,TH,affiliate,
9760,2026-01-02,TH,paid_social,WELCOME10
9761,2026-07-06,TH,affiliate,
9762,2026-08-08,PH,paid_search,
9763,2025-08-22,VN,paid_social,
9764,2026-03-05,ID,paid_search,FLASH50
9765,2026-12-11,ID,paid_search,
9766,2026-10-06,PH,paid_search,WELCOME10
9767,2026-08-28,TH,affiliate,
9768,2026-07-27,TH,organic,
9769,2025-07-03,SG,direct,SUMMER25
9770,2026-12-02,KR,affiliate,
9771,2026-07-27,MY,email,
9772,2026-10-17,MY,email,
9773,2026-10-28,PH,paid_search,
9774,2025-11-13,TH,email,
9775,2025-07-08,TH,paid_search,
9776,2026-06-17,ID,organic,
9777,2026-03-02,KR,organic,
9778,2025-07-11,TH,organic,
9779,2025-11-22,SG,organic,FLASH50
9780,2026-12-11,LA,paid_search,
9781,2026-01-10,VN,direct,
9782,2025-11-17,MY,organic,
9783,2026-06-14,TH,email,WELCOME10
9784,2026-06-20,TH,affiliate,
9785,2025-12-25,TH,email,
9786,2026-09-26,TH,affiliate,
9787,2026-05-06,PH,direct,
9788,2025-09-24,VN,organic,
9789,2025-12-21,PH,paid_search,
9790,2026-09-25,TH,paid_search,
9791,2025-08-17,TH,organic,
9792,2025-07-07,VN,paid_search,
9793,2026-06-15,TH,paid_search,
9794,2026-02-21,TH,direct,
9795,2025-11-12,TH,organic,
9796,2026-03-09,TH,email,
9797,2025-10-06,TH,organic,
9798,2026-01-16,TH,paid_social,FLASH50
9799,2025-11-02,KH,paid_search,
9800,2026-05-09,TH,direct,
9801,2026-06-25,MY,paid_social,
9802,2026-10-31,MY,organic,
9803,2025-08-06,MY,email,
9804,2025-12-22,SG,organic,
9805,2025-11-18,TH,email,
9806,2026-05-05,TH,organic,
9807,2026-04-11,SG,organic,
9808,2026-10-11,JP,organic,SUMMER25
9809,2026-11-02,TH,paid_social,
9810,2026-08-17,SG,affiliate,
9811,2025-10-15,KR,paid_social,FLASH50
9812,2025-07-22,VN,organic,
9813,2026-10-23,VN,paid_search,
9814,2026-11-15,SG,paid_search,
9815,2025-11-11,LA,paid_search,WELCOME10
9816,2025-07-25,MY,paid_search,WELCOME10
9817,2026-06-28,ID,paid_search,FLASH50
9818,2026-05-10,VN,paid_social,WELCOME10
9819,2026-10-17,TH,paid_social,SUMMER25
9820,2026-05-03,AU,organic,WELCOME10
9821,2026-08-10,KR,email,
9822,2026-08-24,MY,affiliate,WELCOME10
9823,2025-07-06,TH,affiliate,
9824,2025-09-18,VN,affiliate,
9825,2026-08-20,TH,paid_search,
9826,2025-10-04,MY,direct,
9827,2025-10-18,TH,paid_search,
9828,2026-08-05,PH,paid_search,FLASH50
9829,2025-10-18,AU,affiliate,
9830,2025-09-18,TH,email,
9831,2025-07-08,VN,paid_search,
9832,2026-03-08,KH,affiliate,
9833,2026-06-05,TH,paid_social,
9834,2026-07-25,TH,paid_search,FLASH50
9835,2026-10-26,TH,email,
9836,2026-06-13,PH,paid_search,WELCOME10
9837,2026-08-08,SG,affiliate,
9838,2025-10-21,TH,affiliate,
9839,2025-12-29,TH,organic,
9840,2025-12-10,SG,email,
9841,2025-08-04,TH,organic,
9842,2026-11-29,ID,affiliate,
9843,2025-11-06,TH,affiliate,
9844,2026-02-25,VN,affiliate,WELCOME10
9845,2026-01-07,VN,email,
9846,2025-07-24,KH,paid_social,
9847,2026-10-25,TH,paid_search,
9848,2025-10-26,MY,paid_social,
9849,2025-08-23,VN,paid_social,
9850,2025-12-30,SG,paid_search,
9851,2025-09-15,TH,organic,
9852,2026-12-15,TH,paid_search,
9853,2025-10-09,MY,email,FLASH50
9854,2025-12-09,SG,paid_social,
9855,2025-11-22,MM,email,
9856,2025-07-15,PH,paid_search,
9857,2025-07-07,VN,direct,
9858,2026-03-31,KR,affiliate,
9859,2025-11-02,ID,paid_search,
9860,2025-08-14,TH,paid_search,
9861,2025-12-03,TH,direct,WELCOME10
9862,2025-11-24,PH,direct,
9863,2026-02-12,TH,paid_search,
9864,2026-12-11,MM,affiliate,FLASH50
9865,2025-12-11,TH,email,
9866,2026-07-11,TH,organic,
9867,2026-08-14,VN,paid_search,SUMMER25
9868,2025-07-28,PH,affiliate,
9869,2026-03-25,KH,organic,
9870,2026-02-25,TH,affiliate,
9871,2026-03-28,TH,organic,
9872,2025-09-30,ID,paid_search,SUMMER25
9873,2026-03-05,MM,paid_search,
9874,2025-09-04,TH,affiliate,
9875,2026-11-17,MY,organic,
9876,2026-05-09,TH,paid_search,WELCOME10
9877,2025-07-19,VN,organic,
9878,2026-03-27,TH,organic,
9879,2026-11-06,KR,affiliate,WELCOME10
9880,2026-07-31,TH,organic,SUMMER25
9881,2025-11-23,ID,organic,
9882,2026-10-19,VN,organic,
9883,2025-10-07,TH,paid_search,
9884,2025-11-09,TH,organic,
9885,2025-09-21,MY,paid_social,FLASH50
9886,2026-11-04,ID,paid_social,WELCOME10
9887,2026-07-18,VN,organic,
9888,2026-04-03,MY,organic,
9889,2026-06-21,TH,paid_search,
9890,2025-11-15,MM,email,
9891,2025-08-07,TH,organic,FLASH50
9892,2026-09-24,MY,affiliate,
9893,2026-11-26,MM,direct,
9894,2025-07-19,MM,organic,
9895,2025-07-28,TH,paid_search,
9896,2026-04-25,TH,affiliate,
9897,2025-07-23,MY,direct,
9898,2026-07-20,TH,organic,
9899,2026-11-16,VN,paid_social,
9900,2025-11-27,MY,affiliate,WELCOME10
9901,2025-12-04,TH,paid_search,
9902,2026-10-04,TH,paid_social,FLASH50
9903,2026-01-06,ID,paid_search,
9904,2025-11-06,VN,direct,
9905,2025-08-14,TH,paid_search,
9906,2026-09-21,TH,paid_search,
9907,2026-11-06,TH,paid_social,
9908,2025-08-11,ID,organic,
9909,2026-09-01,VN,paid_search,
9910,2025-09-24,KH,organic,FLASH50
9911,2025-09-13,JP,paid_social,
9912,2026-01-20,MY,paid_search,
9913,2026-02-18,KH,affiliate,
9914,2026-09-29,TH,affiliate,
9915,2026-07-08,MY,paid_search,FLASH50
9916,2025-09-16,MY,paid_social,FLASH50
9917,2026-05-08,VN,paid_search,
9918,2026-10-10,VN,paid_search,WELCOME10
9919,2026-06-18,TH,organic,FLASH50
9920,2025-10-31,KH,organic,
9921,2025-09-07,LA,affiliate,
9922,2026-02-27,AU,direct,
9923,2026-03-09,SG,paid_search,
9924,2026-01-05,KR,organic,
9925,2025-08-28,VN,organic,
9926,2025-09-01,ID,organic,
9927,2026-04-08,SG,email,FLASH50
9928,2026-11-16,PH,paid_search,FLASH50
9929,2026-05-15,VN,email,WELCOME10
9930,2026-02-19,MY,paid_search,
9931,2026-11-09,KR,paid_social,
9932,2026-07-03,TH,paid_social,
9933,2026-07-18,ID,organic,
9934,2026-05-03,TH,paid_social,
9935,2026-08-11,SG,affiliate,
9936,2026-03-25,TH,organic,
9937,2026-05-28,TH,organic,
9938,2026-05-25,TH,paid_search,
9939,2026-08-06,TH,direct,
9940,2026-10-22,TH,direct,
9941,2025-12-04,VN,organic,
9942,2026-07-08,TH,affiliate,
9943,2025-07-17,TH,affiliate,FLASH50
9944,2026-04-10,TH,email,
9945,2026-10-23,TH,organic,FLASH50
9946,2026-06-09,TH,direct,
9947,2025-11-20,AU,affiliate,
9948,2026-05-20,MY,paid_social,
9949,2026-01-07,TH,organic,
9950,2026-02-16,MY,organic,
9951,2025-10-30,TH,paid_search,
9952,2026-05-29,ID,email,
9953,2025-10-14,JP,affiliate,
9954,2026-02-22,TH,direct,
9955,2026-11-13,TH,paid_search,
9956,2026-08-08,ID,email,
9957,2026-02-06,TH,email,
9958,2026-11-29,TH,organic,FLASH50
9959,2025-07-08,ID,organic,FLASH50
9960,2026-11-24,MY,affiliate,
9961,2026-01-04,TH,paid_social,
9962,2026-09-11,PH,organic,FLASH50
9963,2026-11-18,TH,affiliate,
9964,2026-05-17,TH,paid_search,SUMMER25
9965,2026-05-22,VN,paid_social,
9966,2026-08-04,MY,direct,
9967,2025-11-05,MY,organic,FLASH50
9968,2025-10-03,ID,organic,
9969,2025-12-31,ID,paid_social,
9970,2026-03-13,KH,paid_social,
9971,2026-07-31,MY,paid_search,
9972,2025-11-15,TH,paid_search,
9973,2026-04-28,VN,paid_search,
9974,2025-07-02,TH,affiliate,
9975,2025-07-17,VN,paid_social,
9976,2026-11-28,TH,organic,WELCOME10
9977,2026-09-27,SG,organic,
9978,2026-10-04,VN,paid_search,
9979,2025-12-23,ID,organic,
9980,2026-03-31,TH,organic,FLASH50
9981,2026-06-25,SG,affiliate,
9982,2025-11-13,PH,affiliate,
9983,2026-08-01,KR,organic,FLASH50
9984,2026-07-05,SG,email,
9985,2026-02-03,TH,paid_social,WELCOME10
9986,2026-02-17,TH,paid_social,
9987,2025-12-11,SG,email,
9988,2026-09-02,TH,paid_search,FLASH50
9989,2026-12-09,KH,paid_social,
9990,2026-12-15,MY,paid_search,SUMMER25
9991,2026-08-16,TH,email,
9992,2026-01-03,TH,organic,
9993,2026-08-21,TH,paid_social,SUMMER25
9994,2025-11-08,SG,organic,SUMMER25
9995,2026-10-21,SG,paid_search,
9996,2025-11-20,TH,paid_search,
9997,2026-01-31,ID,affiliate,
9998,2025-08-19,TH,organic,
9999,2025-08-13,MY,paid_search,
10000,2026-01-27,KH,organic,
10001,2026-04-20,TH,paid_search,
10002,2025-07-10,TH,organic,
10003,2026-09-25,KH,paid_search,SUMMER25
10004,2025-08-30,TH,paid_search,
10005,2026-12-15,SG,direct,
10006,2025-11-22,PH,paid_search,WELCOME10
10007,2026-01-19,MY,organic,
10008,2025-09-24,AU,affiliate,FLASH50
10009,2026-09-13,SG,organic,
10010,2026-07-26,SG,affiliate,FLASH50
10011,2025-08-11,TH,paid_search,
10012,2025-08-26,TH,organic,
10013,2026-05-21,MY,direct,WELCOME10
10014,2026-10-05,TH,paid_search,
10015,2025-08-28,SG,email,
10016,2025-10-26,TH,paid_search,
10017,2026-04-17,TH,paid_search,WELCOME10
10018,2025-08-27,SG,paid_search,
10019,2025-12-10,ID,paid_search,
10020,2025-07-06,TH,affiliate,
10021,2026-03-24,VN,organic,
10022,2026-07-17,TH,paid_search,
10023,2026-02-05,TH,organic,
10024,2025-11-14,AU,paid_social,
10025,2026-02-12,MM,organic,
10026,2026-03-29,TH,paid_search,
10027,2025-09-27,TH,paid_search,SUMMER25
10028,2025-08-29,PH,affiliate,FLASH50
10029,2025-10-05,MY,direct,
10030,2026-12-08,TH,organic,
10031,2026-07-21,TH,paid_search,
10032,2025-09-05,TH,paid_search,
10033,2025-12-08,VN,paid_social,
10034,2026-02-05,MY,paid_search,
10035,2025-10-05,TH,organic,
10036,2026-09-27,TH,paid_social,
10037,2026-11-14,TH,organic,
10038,2025-11-08,VN,organic,
10039,2025-07-09,KH,email,
10040,2025-11-20,MY,email,
10041,2026-05-07,VN,paid_social,FLASH50
10042,2026-09-04,TH,organic,
10043,2025-12-28,MY,paid_search,
10044,2025-11-23,SG,paid_search,
10045,2025-11-10,TH,paid_social,WELCOME10
10046,2025-07-02,SG,affiliate,WELCOME10
10047,2025-07-08,PH,paid_search,
10048,2026-02-14,TH,paid_search,FLASH50
10049,2026-05-26,SG,organic,
10050,2025-07-07,KH,paid_social,
10051,2025-10-15,VN,paid_search,WELCOME10
10052,2026-10-28,SG,paid_social,WELCOME10
10053,2026-12-10,TH,paid_social,
10054,2026-06-08,PH,organic,
10055,2026-04-05,TH,email,
10056,2026-05-07,TH,affiliate,
10057,2026-01-14,TH,paid_social,FLASH50
10058,2025-10-16,SG,organic,
10059,2026-01-17,ID,organic,WELCOME10
10060,2026-07-09,PH,organic,
10061,2026-06-19,SG,paid_search,WELCOME10
10062,2026-06-26,JP,organic,
10063,2026-05-21,MY,affiliate,
10064,2025-08-02,MY,paid_search,
10065,2026-05-30,TH,paid_search,WELCOME10
10066,2026-10-13,TH,email,
10067,2026-06-11,MY,paid_social,
10068,2026-05-05,VN,paid_search,
10069,2025-10-28,TH,direct,
10070,2026-08-27,SG,paid_search,
10071,2026-02-26,TH,paid_social,
10072,2025-11-18,SG,paid_search,SUMMER25
10073,2026-03-19,TH,paid_social,
10074,2025-09-04,TH,affiliate,
10075,2026-11-06,TH,paid_social,
10076,2026-07-10,KH,organic,
10077,2025-12-22,PH,direct,
10078,2026-08-28,TH,paid_search,FLASH50
10079,2025-07-29,TH,affiliate,
10080,2026-01-22,SG,organic,SUMMER25
10081,2026-06-13,TH,paid_search,SUMMER25
10082,2025-07-13,PH,direct,WELCOME10
10083,2026-07-13,SG,paid_social,
10084,2026-09-10,PH,organic,
10085,2026-05-13,TH,paid_social,
10086,2025-10-18,JP,organic,
10087,2026-08-04,VN,paid_search,
10088,2025-12-28,VN,organic,
10089,2026-07-28,AU,organic,
10090,2026-05-31,SG,organic,
10091,2025-08-19,TH,paid_social,
10092,2025-08-23,SG,affiliate,
10093,2025-07-09,PH,organic,
10094,2025-08-08,PH,paid_social,
10095,2025-12-07,SG,paid_search,
10096,2025-07-14,VN,direct,
10097,2026-11-13,TH,affiliate,
10098,2026-11-01,TH,direct,FLASH50
10099,2025-09-30,MY,affiliate,
10100,2025-12-13,SG,paid_social,FLASH50
10101,2026-07-31,TH,organic,
10102,2026-06-18,VN,email,WELCOME10
10103,2026-05-07,MY,affiliate,
10104,2026-12-10,MY,organic,
10105,2026-06-01,TH,organic,
10106,2026-06-22,TH,paid_search,
10107,2026-03-25,ID,organic,
10108,2026-04-06,PH,direct,
10109,2025-12-03,TH,organic,
10110,2026-04-04,PH,organic,WELCOME10
10111,2026-11-02,VN,organic,
10112,2026-01-17,PH,paid_social,
10113,2025-09-10,MY,affiliate,WELCOME10
10114,2026-05-16,TH,paid_social,
10115,2026-08-23,VN,organic,
10116,2026-11-24,SG,email,
10117,2026-04-15,TH,paid_search,
10118,2026-08-25,TH,organic,
10119,2025-11-11,SG,organic,
10120,2026-02-12,SG,paid_search,
10121,2026-02-09,LA,paid_search,
10122,2025-12-25,TH,paid_social,
10123,2026-07-17,TH,organic,
10124,2026-10-14,JP,email,FLASH50
10125,2025-12-22,TH,paid_search,
10126,2025-09-11,TH,organic,
10127,2026-09-13,PH,paid_social,
10128,2026-09-26,AU,paid_social,FLASH50
10129,2026-11-11,ID,direct,
10130,2025-11-13,TH,paid_search,
10131,2026-07-19,MY,organic,
10132,2026-07-17,PH,direct,
10133,2026-08-26,KH,paid_search,FLASH50
10134,2026-09-03,TH,paid_social,
10135,2026-11-20,KH,organic,
10136,2026-03-12,MY,paid_search,
10137,2025-08-10,TH,direct,
10138,2025-10-11,TH,direct,
10139,2026-10-16,TH,direct,
10140,2026-09-24,AU,affiliate,
10141,2025-07-06,SG,paid_search,
10142,2026-01-12,VN,paid_social,
10143,2025-11-08,TH,organic,
10144,2025-12-18,VN,affiliate,
10145,2026-06-06,SG,affiliate,
10146,2026-03-29,MM,paid_social,
10147,2026-03-14,MY,paid_search,
10148,2026-02-17,VN,organic,FLASH50
10149,2026-06-07,ID,affiliate,
10150,2026-06-30,MY,direct,
10151,2025-07-24,AU,paid_search,FLASH50
10152,2025-09-12,SG,organic,
10153,2025-12-29,LA,email,
10154,2026-02-18,TH,paid_social,
10155,2026-12-13,ID,paid_social,FLASH50
10156,2026-10-19,MM,direct,
10157,2026-06-11,LA,paid_social,WELCOME10
10158,2025-07-20,SG,paid_social,FLASH50
10159,2025-08-23,SG,paid_social,
10160,2026-03-01,PH,paid_search,
10161,2026-05-09,TH,organic,
10162,2026-06-18,AU,organic,
10163,2025-09-14,TH,paid_social,
10164,2026-10-17,TH,organic,
10165,2026-03-20,VN,direct,
10166,2026-05-13,TH,paid_search,
10167,2025-07-21,TH,paid_social,
10168,2026-09-13,TH,organic,
10169,2026-04-16,KR,paid_search,
10170,2025-10-27,MY,paid_search,WELCOME10
10171,2025-12-17,KR,affiliate,
10172,2026-01-05,TH,organic,WELCOME10
10173,2025-07-15,TH,paid_search,
10174,2026-11-15,TH,email,SUMMER25
10175,2026-09-01,SG,paid_social,SUMMER25
10176,2026-10-16,TH,affiliate,
10177,2026-01-05,TH,affiliate,
10178,2026-04-24,SG,paid_social,
10179,2026-03-02,VN,paid_search,
10180,2026-03-11,SG,paid_search,
10181,2026-05-10,SG,organic,
10182,2026-02-26,SG,organic,WELCOME10
10183,2026-08-17,MY,paid_social,
10184,2025-08-01,VN,email,SUMMER25
10185,2025-10-11,PH,paid_social,SUMMER25
10186,2026-10-19,PH,paid_search,
10187,2026-10-14,TH,affiliate,
10188,2026-09-10,SG,paid_search,
10189,2026-01-13,PH,organic,
10190,2026-03-01,AU,organic,
10191,2025-07-14,MY,affiliate,
10192,2025-11-26,SG,paid_social,FLASH50
10193,2026-07-23,VN,paid_social,
10194,2025-12-30,KR,paid_social,SUMMER25
10195,2026-03-13,SG,paid_social,
10196,2025-09-04,TH,paid_search,
10197,2026-03-22,PH,paid_social,
10198,2026-07-20,VN,organic,
10199,2026-05-01,TH,organic,
10200,2026-04-23,TH,paid_search,
10201,2026-10-31,MY,organic,
10202,2025-11-02,VN,affiliate,FLASH50
10203,2025-12-07,VN,organic,
10204,2026-05-29,TH,paid_search,
10205,2026-03-13,TH,paid_search,
10206,2026-12-04,VN,paid_social,
10207,2025-08-01,TH,organic,
10208,2025-09-04,SG,affiliate,
10209,2025-12-30,MY,paid_search,SUMMER25
10210,2026-03-02,TH,organic,
10211,2026-10-18,VN,organic,
10212,2026-03-21,TH,email,
10213,2026-02-19,VN,paid_search,
10214,2025-09-27,ID,paid_search,
10215,2026-02-17,SG,organic,
10216,2026-04-10,KH,paid_search,
10217,2026-05-08,TH,paid_search,FLASH50
10218,2026-05-19,PH,organic,
10219,2026-02-14,TH,affiliate,
10220,2025-09-22,KR,email,
10221,2025-09-20,TH,paid_search,
10222,2025-09-21,MY,organic,
10223,2026-05-26,TH,paid_search,
10224,2026-09-30,TH,email,WELCOME10
10225,2026-10-14,TH,paid_social,
10226,2025-12-13,TH,organic,
10227,2025-08-12,TH,paid_social,FLASH50
10228,2026-06-01,TH,paid_search,
10229,2025-07-21,VN,organic,
10230,2026-05-31,SG,direct,
10231,2026-01-21,TH,organic,
10232,2026-09-21,AU,paid_search,FLASH50
10233,2026-05-30,ID,paid_social,FLASH50
10234,2026-07-30,TH,paid_social,
10235,2026-02-02,SG,organic,FLASH50
10236,2026-09-22,SG,paid_social,
10237,2026-04-06,MY,paid_social,
10238,2026-05-30,PH,affiliate,SUMMER25
10239,2026-01-09,MY,organic,
10240,2026-02-25,JP,organic,
10241,2026-09-21,VN,direct,
10242,2026-01-26,KR,paid_social,
10243,2025-07-12,MY,paid_search,FLASH50
10244,2026-01-19,ID,paid_social,
10245,2026-01-25,VN,organic,
10246,2026-02-09,VN,direct,WELCOME10
10247,2025-08-07,TH,paid_social,
10248,2025-09-07,TH,email,
10249,2025-12-20,TH,paid_social,
10250,2026-02-11,TH,affiliate,FLASH50
10251,2025-07-16,LA,paid_search,SUMMER25
10252,2026-01-24,VN,organic,
10253,2025-12-18,TH,paid_search,
10254,2025-07-19,SG,email,
10255,2025-11-11,TH,paid_social,
10256,2025-11-24,PH,paid_search,
10257,2025-09-15,MM,organic,
10258,2026-08-05,TH,paid_social,
10259,2025-08-08,TH,paid_social,
10260,2026-05-05,AU,paid_search,
10261,2026-06-20,ID,affiliate,FLASH50
10262,2026-09-03,KH,organic,
10263,2026-04-17,TH,paid_search,
10264,2026-04-16,TH,paid_search,
10265,2026-08-10,ID,organic,
10266,2026-09-29,TH,paid_search,
10267,2025-10-21,PH,affiliate,
10268,2026-08-29,VN,organic,FLASH50
10269,2026-03-04,TH,organic,
10270,2025-08-22,SG,paid_search,
10271,2026-05-23,VN,paid_search,
10272,2026-12-03,AU,affiliate,FLASH50
10273,2025-09-13,TH,affiliate,FLASH50
10274,2025-07-08,VN,paid_social,SUMMER25
10275,2026-11-01,TH,organic,
10276,2026-05-15,LA,organic,
10277,2025-10-25,ID,paid_search,
10278,2026-08-27,TH,paid_social,
10279,2026-01-26,VN,organic,FLASH50
10280,2025-12-24,VN,affiliate,
10281,2025-12-02,VN,direct,FLASH50
10282,2026-05-16,TH,affiliate,
10283,2025-09-10,VN,paid_search,WELCOME10
10284,2026-01-10,PH,affiliate,
10285,2025-12-10,TH,organic,FLASH50
10286,2025-08-02,TH,direct,
10287,2026-08-11,KH,paid_search,
10288,2025-07-05,ID,paid_social,
10289,2026-11-24,SG,organic,
10290,2025-08-20,KH,paid_social,FLASH50
10291,2026-01-07,TH,organic,
10292,2025-08-22,PH,organic,
10293,2026-01-12,SG,paid_search,
10294,2026-05-22,TH,organic,
10295,2025-08-16,JP,organic,
10296,2026-04-07,VN,email,
10297,2026-08-16,TH,organic,
10298,2026-02-28,MM,paid_social,
10299,2025-08-29,AU,organic,
10300,2026-07-04,PH,paid_social,FLASH50
10301,2025-10-08,TH,direct,
10302,2025-07-09,TH,paid_search,
10303,2026-02-18,VN,direct,
10304,2025-11-22,MM,paid_social,FLASH50
10305,2025-07-16,TH,paid_social,
10306,2026-08-19,SG,organic,
10307,2026-05-16,TH,direct,FLASH50
10308,2026-10-29,SG,email,
10309,2026-03-14,ID,organic,WELCOME10
10310,2026-02-19,TH,organic,WELCOME10
10311,2026-09-23,ID,paid_search,
10312,2025-08-13,ID,organic,FLASH50
10313,2026-01-09,SG,paid_search,FLASH50
10314,2026-08-30,LA,direct,WELCOME10
10315,2025-12-03,TH,email,
10316,2026-10-15,TH,paid_search,
10317,2025-11-29,SG,organic,
10318,2026-02-06,MY,paid_social,FLASH50
10319,2026-10-22,TH,direct,
10320,2025-11-07,JP,affiliate,SUMMER25
10321,2026-11-29,TH,email,
10322,2025-07-24,TH,affiliate,FLASH50
10323,2025-11-19,PH,paid_search,
10324,2026-05-12,MM,organic,
10325,2026-05-13,MY,affiliate,
10326,2026-10-28,TH,paid_social,
10327,2026-11-24,TH,affiliate,
10328,2026-06-27,TH,affiliate,
10329,2026-06-17,SG,organic,
10330,2025-12-17,ID,organic,
10331,2026-09-03,TH,email,
10332,2026-06-08,MY,paid_search,
10333,2025-07-13,VN,organic,
10334,2026-09-17,TH,paid_social,
10335,2026-01-08,TH,organic,
10336,2026-03-11,PH,paid_social,FLASH50
10337,2026-03-17,TH,paid_social,
10338,2026-09-10,TH,paid_social,SUMMER25
10339,2025-11-20,TH,direct,
10340,2026-01-25,MY,organic,SUMMER25
10341,2025-07-21,MY,direct,
10342,2026-01-02,MY,affiliate,SUMMER25
10343,2025-08-17,TH,email,
10344,2026-05-07,MY,affiliate,SUMMER25
10345,2026-10-20,TH,organic,
10346,2026-03-05,PH,paid_search,
10347,2026-10-30,KR,organic,
10348,2026-12-03,MY,paid_social,
10349,2025-07-29,TH,organic,
10350,2026-04-02,VN,organic,WELCOME10
10351,2026-04-08,TH,email,FLASH50
10352,2026-01-22,TH,email,
10353,2026-09-16,AU,paid_social,FLASH50
10354,2026-01-27,TH,paid_search,
10355,2025-07-30,TH,affiliate,
10356,2026-04-19,MY,direct,FLASH50
10357,2025-10-16,MY,organic,
10358,2026-01-06,MY,organic,FLASH50
10359,2026-03-25,TH,email,
10360,2026-07-21,VN,organic,
10361,2025-11-26,TH,paid_social,
10362,2026-01-19,AU,paid_social,
10363,2025-08-06,TH,paid_search,
10364,2026-01-21,TH,organic,
10365,2026-05-06,MY,paid_social,SUMMER25
10366,2026-05-25,TH,paid_social,
10367,2025-12-04,ID,email,
10368,2025-08-02,TH,paid_search,SUMMER25
10369,2026-05-04,SG,email,
10370,2026-06-15,TH,organic,FLASH50
10371,2025-08-15,SG,organic,
10372,2026-03-27,TH,direct,
10373,2025-08-20,TH,organic,SUMMER25
10374,2026-02-27,TH,organic,
10375,2026-06-07,PH,organic,WELCOME10
10376,2026-07-19,VN,paid_social,FLASH50
10377,2026-07-16,TH,affiliate,FLASH50
10378,2026-08-09,TH,email,
10379,2025-11-06,TH,organic,FLASH50
10380,2026-09-25,TH,paid_search,FLASH50
10381,2026-01-03,SG,paid_search,
10382,2026-01-16,TH,direct,
10383,2026-08-24,JP,paid_social,
10384,2025-12-22,VN,paid_search,WELCOME10
10385,2025-08-09,TH,organic,FLASH50
10386,2026-07-16,TH,paid_search,
10387,2026-06-18,TH,paid_social,
10388,2026-05-07,TH,paid_search,
10389,2025-09-15,MY,paid_social,
10390,2026-06-02,TH,paid_search,WELCOME10
10391,2025-10-14,TH,organic,FLASH50
10392,2026-04-23,TH,paid_social,
10393,2026-03-28,ID,paid_social,
10394,2026-08-16,TH,organic,FLASH50
10395,2026-12-03,JP,paid_social,
10396,2025-10-10,TH,email,
10397,2025-08-31,TH,paid_social,FLASH50
10398,2026-04-23,SG,paid_social,
10399,2026-11-20,SG,paid_social,
10400,2025-09-23,SG,paid_search,
10401,2026-03-17,SG,organic,
10402,2026-02-03,TH,paid_search,FLASH50
10403,2025-12-17,TH,organic,
10404,2026-06-19,TH,paid_social,
10405,2025-12-05,ID,paid_social,
10406,2026-03-20,MY,organic,
10407,2026-09-24,ID,direct,
10408,2026-01-19,AU,email,
10409,2025-07-12,SG,organic,WELCOME10
10410,2026-10-15,KH,paid_search,FLASH50
10411,2025-11-24,SG,organic,
10412,2026-08-16,SG,direct,SUMMER25
10413,2026-08-11,ID,paid_social,
10414,2026-04-07,TH,paid_social,
10415,2025-08-16,TH,direct,
10416,2026-11-19,SG,paid_social,
10417,2026-06-28,TH,email,
10418,2026-02-12,TH,organic,
10419,2026-09-29,VN,organic,FLASH50
10420,2026-08-25,SG,paid_search,WELCOME10
10421,2026-08-10,TH,email,
10422,2025-09-28,TH,organic,
10423,2026-06-03,MM,paid_search,
10424,2025-11-30,AU,affiliate,
10425,2025-08-11,ID,organic,
10426,2025-12-28,TH,paid_social,
10427,2025-08-25,TH,organic,
10428,2025-08-26,TH,organic,
10429,2026-07-23,VN,paid_search,
10430,2026-03-25,MY,affiliate,FLASH50
10431,2026-01-29,VN,organic,
10432,2025-10-11,TH,paid_search,FLASH50
10433,2026-08-15,KH,paid_social,SUMMER25
10434,2026-06-04,SG,paid_search,
10435,2026-05-09,TH,paid_search,WELCOME10
10436,2025-10-10,SG,paid_search,
10437,2025-09-04,MY,email,WELCOME10
10438,2025-09-04,LA,email,
10439,2025-07-14,SG,organic,
10440,2026-11-29,AU,paid_social,
10441,2026-01-13,TH,paid_search,
10442,2026-06-16,TH,paid_search,SUMMER25
10443,2026-12-06,TH,paid_search,
10444,2026-11-12,TH,email,
10445,2025-12-18,PH,affiliate,
10446,2026-03-19,TH,paid_social,
10447,2026-03-04,TH,organic,
10448,2025-07-18,TH,paid_social,
10449,2026-08-14,VN,paid_search,
10450,2026-05-03,AU,paid_search,
10451,2026-01-14,PH,direct,
10452,2026-04-24,TH,direct,
10453,2026-07-27,SG,direct,
10454,2025-07-08,TH,affiliate,
10455,2026-06-10,MM,paid_social,
10456,2026-10-03,TH,paid_search,
10457,2026-07-23,AU,direct,
10458,2026-05-27,PH,paid_search,FLASH50
10459,2025-08-18,VN,organic,
10460,2026-08-01,VN,organic,
10461,2026-08-05,TH,affiliate,
10462,2026-03-21,TH,paid_search,
10463,2026-05-07,TH,affiliate,
10464,2026-05-26,TH,paid_social,
10465,2025-09-03,VN,organic,
10466,2025-11-15,SG,email,FLASH50
10467,2026-08-27,KH,affiliate,
10468,2026-12-02,KH,organic,WELCOME10
10469,2025-11-21,TH,organic,FLASH50
10470,2026-01-30,TH,paid_social,
10471,2026-10-31,TH,organic,
10472,2025-09-25,TH,paid_search,
10473,2025-11-17,ID,direct,FLASH50
10474,2025-07-30,VN,organic,
10475,2025-11-03,VN,paid_search,
10476,2026-06-05,SG,organic,
10477,2026-01-02,PH,paid_search,
10478,2026-12-07,MY,paid_search,
10479,2026-10-19,KR,organic,
10480,2026-10-21,PH,affiliate,
10481,2026-07-23,VN,affiliate,
10482,2026-07-10,TH,paid_search,
10483,2026-03-29,PH,email,
10484,2026-12-10,TH,organic,
10485,2025-08-20,TH,paid_search,WELCOME10
10486,2026-07-21,SG,affiliate,
10487,2025-09-13,TH,paid_social,
10488,2025-12-28,TH,direct,FLASH50
10489,2025-11-14,TH,paid_social,
10490,2026-05-17,PH,direct,FLASH50
10491,2026-08-24,ID,organic,
10492,2025-08-12,AU,organic,
10493,2026-05-17,PH,paid_search,
10494,2025-10-27,TH,affiliate,SUMMER25
10495,2025-08-11,VN,organic,SUMMER25
10496,2026-02-08,MY,organic,
10497,2026-05-06,TH,direct,
10498,2025-10-16,JP,paid_social,FLASH50
10499,2026-01-24,MM,paid_search,
10500,2026-11-21,TH,organic,
10501,2026-01-01,PH,affiliate,FLASH50
10502,2026-12-13,TH,email,FLASH50
10503,2026-09-18,MM,affiliate,WELCOME10
10504,2026-01-14,ID,organic,
10505,2026-05-04,TH,paid_search,WELCOME10
10506,2026-07-14,PH,paid_search,
10507,2026-03-05,SG,email,
10508,2026-02-03,TH,affiliate,
10509,2025-12-23,VN,affiliate,
10510,2025-09-13,VN,paid_search,
10511,2025-07-14,SG,organic,
10512,2025-12-27,VN,affiliate,
10513,2026-08-29,TH,paid_social,
10514,2025-11-02,TH,organic,
10515,2025-10-04,ID,affiliate,
10516,2025-12-22,TH,organic,
10517,2026-05-16,SG,affiliate,
10518,2025-10-23,AU,paid_social,
10519,2025-10-26,PH,organic,
10520,2025-08-29,MY,affiliate,
10521,2025-12-25,MY,paid_search,SUMMER25
10522,2025-10-24,KH,paid_search,SUMMER25
10523,2026-09-17,KH,direct,
10524,2026-10-26,TH,email,FLASH50
10525,2026-01-14,SG,paid_search,
10526,2025-08-15,TH,paid_social,
10527,2025-08-16,TH,paid_search,
10528,2025-12-21,TH,affiliate,
10529,2026-03-05,MY,paid_search,
10530,2026-04-08,VN,paid_search,
10531,2025-12-10,MM,organic,
10532,2026-01-05,SG,email,WELCOME10
10533,2025-11-29,SG,email,
10534,2026-04-02,TH,organic,
10535,2026-07-07,TH,paid_social,
10536,2025-07-24,TH,paid_search,
10537,2026-03-13,JP,organic,
10538,2026-06-11,TH,organic,FLASH50
10539,2026-06-24,VN,affiliate,SUMMER25
10540,2026-04-27,TH,organic,WELCOME10
10541,2026-04-06,MY,paid_search,
10542,2026-06-28,KH,email,
10543,2026-01-18,AU,organic,SUMMER25
10544,2026-04-29,TH,paid_search,WELCOME10
10545,2025-12-18,MM,direct,FLASH50
10546,2026-02-19,TH,affiliate,
10547,2025-09-05,PH,organic,
10548,2026-01-03,TH,organic,FLASH50
10549,2025-09-14,MY,affiliate,
10550,2025-10-29,VN,organic,
10551,2026-02-09,PH,paid_social,
10552,2026-03-24,PH,organic,
10553,2026-11-15,TH,affiliate,
10554,2025-07-14,PH,paid_search,
10555,2026-10-22,TH,paid_search,
10556,2025-12-22,TH,affiliate,
10557,2026-07-21,TH,organic,
10558,2026-06-27,TH,paid_social,
10559,2026-11-30,TH,direct,
10560,2025-08-27,ID,paid_social,
10561,2026-11-28,TH,organic,
10562,2025-08-03,MY,email,
10563,2026-10-11,TH,organic,
10564,2026-06-13,ID,paid_search,
10565,2026-03-14,TH,organic,
10566,2026-01-29,TH,paid_social,
10567,2025-08-19,ID,organic,
10568,2026-09-01,AU,organic,
10569,2026-07-23,KR,paid_search,
10570,2026-11-12,TH,organic,
10571,2026-07-25,AU,affiliate,
10572,2026-11-23,MY,paid_search,
10573,2026-10-16,LA,paid_social,WELCOME10
10574,2026-02-12,TH,organic,
10575,2026-07-11,TH,email,WELCOME10
10576,2025-11-18,TH,paid_search,
10577,2026-08-28,PH,paid_search,
10578,2026-05-21,TH,organic,FLASH50
10579,2026-02-20,TH,direct,
10580,2026-05-31,MY,paid_social,
10581,2025-11-25,AU,organic,SUMMER25
10582,2026-05-28,MY,organic,
10583,2026-03-11,VN,paid_search,
10584,2025-12-19,TH,organic,
10585,2026-12-02,MM,paid_social,
10586,2025-08-03,TH,paid_search,
10587,2026-08-08,TH,paid_search,
10588,2025-10-20,SG,affiliate,
10589,2025-10-27,TH,paid_search,
10590,2025-09-21,ID,organic,
10591,2025-08-24,ID,paid_search,
10592,2025-09-05,TH,email,WELCOME10
10593,2026-09-17,TH,affiliate,
10594,2026-11-06,TH,affiliate,
10595,2026-05-08,TH,affiliate,
10596,2025-07-08,LA,organic,
10597,2026-10-04,ID,organic,FLASH50
10598,2026-05-17,TH,organic,
10599,2026-04-04,TH,organic,
10600,2026-11-18,PH,affiliate,
10601,2026-02-04,PH,organic,
10602,2026-01-08,MM,paid_search,FLASH50
10603,2026-08-20,TH,organic,
10604,2026-04-07,MY,affiliate,
10605,2026-07-18,TH,affiliate,
10606,2026-07-06,VN,affiliate,
10607,2026-09-21,TH,paid_search,
10608,2025-12-17,ID,email,
10609,2025-08-08,TH,email,
10610,2026-03-12,VN,paid_social,FLASH50
10611,2026-06-11,TH,paid_social,
10612,2026-09-09,PH,paid_search,FLASH50
10613,2025-11-20,TH,affiliate,
10614,2026-08-02,VN,direct,
10615,2026-09-17,TH,paid_search,
10616,2026-09-04,ID,organic,
10617,2026-09-04,VN,organic,FLASH50
10618,2026-12-09,TH,direct,
10619,2026-06-18,TH,paid_search,
10620,2026-01-14,TH,direct,
10621,2026-02-18,TH,paid_social,WELCOME10
10622,2026-08-03,ID,organic,
10623,2025-11-04,TH,paid_social,
10624,2026-05-18,TH,organic,
10625,2026-05-02,TH,paid_search,
10626,2026-06-21,TH,paid_search,FLASH50
10627,2026-02-10,TH,paid_social,
10628,2026-07-30,VN,paid_search,
10629,2025-08-08,TH,paid_search,
10630,2026-08-04,MM,email,WELCOME10
10631,2026-09-06,VN,organic,
10632,2026-10-16,TH,email,
10633,2026-11-04,PH,paid_search,
10634,2026-01-03,MY,paid_social,
10635,2025-07-25,MY,organic,
10636,2026-06-14,TH,organic,
10637,2025-08-18,ID,affiliate,
10638,2025-11-27,TH,email,
10639,2026-07-10,MY,paid_search,WELCOME10
10640,2026-05-13,TH,organic,
10641,2026-05-20,SG,affiliate,FLASH50
10642,2026-08-05,MY,email,
10643,2025-09-26,TH,paid_social,
10644,2026-08-26,TH,organic,
10645,2026-05-09,PH,paid_search,
10646,2026-02-09,TH,direct,FLASH50
10647,2026-03-05,TH,organic,
10648,2026-03-29,TH,organic,
10649,2026-04-20,AU,paid_social,
10650,2025-12-25,ID,paid_search,
10651,2025-10-27,MY,organic,
10652,2025-09-29,PH,paid_social,WELCOME10
10653,2025-12-29,ID,direct,
10654,2025-11-16,PH,email,FLASH50
10655,2026-04-02,ID,organic,
10656,2026-10-30,KH,email,
10657,2025-08-27,ID,paid_social,WELCOME10
10658,2025-12-12,TH,organic,FLASH50
10659,2025-07-27,TH,organic,
10660,2026-12-02,TH,direct,WELCOME10
10661,2026-07-09,SG,organic,
10662,2025-11-06,JP,organic,
10663,2026-02-06,VN,paid_social,FLASH50
10664,2026-07-21,VN,affiliate,
10665,2026-11-23,ID,organic,
10666,2026-05-02,LA,affiliate,
10667,2025-11-22,VN,affiliate,
10668,2026-07-07,TH,affiliate,
10669,2026-07-01,SG,affiliate,
10670,2026-06-09,TH,organic,
10671,2025-07-25,TH,email,
10672,2026-07-12,TH,paid_social,
10673,2025-07-11,TH,paid_search,
10674,2026-10-26,TH,organic,
10675,2026-10-14,TH,paid_social,
10676,2026-04-27,MM,organic,WELCOME10
10677,2026-06-10,TH,paid_search,
10678,2025-08-06,PH,organic,
10679,2026-10-10,TH,paid_social,
10680,2025-11-22,KR,organic,
10681,2025-11-17,VN,paid_social,
10682,2026-07-13,LA,paid_social,
10683,2026-11-13,MY,paid_search,
10684,2026-03-21,ID,email,
10685,2026-03-28,TH,paid_search,
10686,2026-04-19,SG,affiliate,
10687,2025-12-03,VN,paid_search,
10688,2026-05-14,TH,affiliate,
10689,2026-11-25,TH,email,
10690,2026-01-20,KH,paid_search,WELCOME10
10691,2026-08-17,TH,direct,
10692,2026-08-17,VN,organic,
10693,2026-09-27,TH,affiliate,
10694,2026-07-21,TH,paid_search,
10695,2026-11-04,TH,organic,
10696,2026-07-16,SG,paid_social,WELCOME10
10697,2026-12-03,PH,organic,
10698,2026-07-17,KH,email,SUMMER25
10699,2026-09-20,TH,affiliate,
10700,2026-10-18,TH,paid_social,
10701,2026-12-07,PH,organic,
10702,2026-05-14,TH,direct,
10703,2026-07-14,TH,email,
10704,2026-11-28,SG,paid_social,WELCOME10
10705,2026-01-19,VN,paid_search,
10706,2025-09-02,TH,paid_search,SUMMER25
10707,2026-10-15,TH,paid_search,
10708,2026-06-02,JP,affiliate,
10709,2026-02-14,AU,paid_search,
10710,2026-07-18,ID,organic,
10711,2025-07-18,ID,organic,
10712,2026-03-12,AU,paid_search,
10713,2025-11-19,ID,paid_social,
10714,2025-12-01,VN,affiliate,
10715,2026-11-29,SG,email,
10716,2026-04-20,TH,organic,
10717,2025-09-13,PH,organic,
10718,2026-01-11,ID,paid_search,WELCOME10
10719,2025-11-07,TH,affiliate,
10720,2026-10-28,ID,email,WELCOME10
10721,2025-12-03,PH,organic,FLASH50
10722,2026-01-07,TH,organic,
10723,2025-12-26,VN,email,FLASH50
10724,2025-10-02,TH,paid_social,
10725,2026-08-20,ID,paid_search,FLASH50
10726,2026-05-04,KR,organic,
10727,2026-02-18,KH,organic,
10728,2026-01-28,KH,organic,
10729,2026-06-21,ID,paid_social,
10730,2025-08-21,SG,paid_social,
10731,2026-11-09,ID,paid_search,SUMMER25
10732,2026-04-28,TH,paid_social,
10733,2025-10-30,MY,organic,
10734,2026-04-13,MY,organic,
10735,2026-09-28,MY,organic,
10736,2025-10-01,TH,organic,
10737,2026-04-06,TH,direct,
10738,2026-05-15,TH,organic,FLASH50
10739,2026-09-05,TH,organic,
10740,2026-04-29,SG,affiliate,
10741,2026-07-28,TH,paid_search,
10742,2026-08-17,LA,organic,
10743,2026-10-18,TH,organic,FLASH50
10744,2026-01-09,PH,organic,
10745,2026-07-11,TH,organic,
10746,2025-11-10,PH,paid_social,
10747,2026-09-24,VN,paid_search,
10748,2026-11-20,MM,organic,
10749,2025-12-04,KH,affiliate,SUMMER25
10750,2026-04-26,ID,organic,
10751,2026-09-12,TH,paid_search,
10752,2025-07-15,MY,organic,
10753,2026-07-11,TH,organic,
10754,2026-09-11,KH,paid_social,
10755,2026-10-08,KH,organic,
10756,2025-10-13,TH,organic,
10757,2026-08-08,ID,paid_search,
10758,2026-08-23,TH,affiliate,
10759,2025-07-02,ID,paid_search,
10760,2026-07-11,MY,organic,FLASH50
10761,2026-05-30,SG,paid_search,FLASH50
10762,2026-11-29,KH,paid_search,
10763,2025-07-23,TH,organic,
10764,2026-11-27,VN,paid_search,
10765,2026-05-01,ID,paid_search,
10766,2025-11-24,TH,direct,SUMMER25
10767,2026-01-23,SG,affiliate,SUMMER25
10768,2026-08-13,TH,organic,FLASH50
10769,2026-12-13,MY,affiliate,
10770,2025-12-16,KH,paid_search,SUMMER25
10771,2026-12-07,TH,affiliate,
10772,2026-06-01,TH,paid_social,SUMMER25
10773,2025-10-11,SG,paid_social,
10774,2026-05-15,TH,paid_search,
10775,2026-09-01,TH,paid_social,
10776,2025-07-30,ID,paid_social,
10777,2025-08-12,TH,paid_social,
10778,2025-07-03,PH,paid_search,FLASH50
10779,2026-05-01,SG,organic,
10780,2025-07-31,MY,paid_search,
10781,2026-11-09,TH,organic,
10782,2025-09-07,TH,organic,
10783,2025-08-08,SG,paid_search,WELCOME10
10784,2025-11-15,VN,paid_search,
10785,2026-08-11,AU,organic,
10786,2026-10-27,TH,organic,
10787,2025-11-11,MY,paid_search,
10788,2026-04-03,ID,direct,
10789,2026-08-17,TH,paid_search,
10790,2026-08-29,PH,affiliate,
10791,2025-09-20,TH,paid_search,
10792,2026-09-20,KH,organic,
10793,2026-10-06,MY,organic,FLASH50
10794,2026-07-27,TH,paid_search,WELCOME10
10795,2026-04-08,VN,email,
10796,2026-01-25,TH,paid_search,
10797,2026-10-18,VN,paid_search,
10798,2026-10-04,PH,paid_social,
10799,2026-04-03,MY,affiliate,FLASH50
10800,2026-07-31,TH,paid_social,
10801,2026-01-30,SG,paid_search,
10802,2026-08-01,MY,direct,
10803,2025-08-17,ID,paid_search,
10804,2026-10-24,ID,organic,
10805,2026-04-01,TH,affiliate,
10806,2026-05-16,VN,direct,
10807,2025-10-09,VN,direct,
10808,2026-04-08,ID,paid_search,FLASH50
10809,2025-07-02,TH,email,
10810,2026-10-18,SG,organic,
10811,2026-08-04,SG,email,
10812,2026-02-28,PH,affiliate,WELCOME10
10813,2026-09-19,PH,paid_search,SUMMER25
10814,2026-09-06,KH,organic,SUMMER25
10815,2025-09-02,TH,affiliate,
10816,2025-07-29,VN,paid_search,
10817,2025-11-13,KH,direct,
10818,2025-07-01,TH,email,
10819,2026-05-02,TH,affiliate,
10820,2026-04-08,TH,paid_search,
10821,2026-04-13,MY,paid_social,
10822,2025-08-09,SG,affiliate,SUMMER25
10823,2026-11-02,TH,paid_search,
10824,2026-12-03,MY,organic,FLASH50
10825,2026-05-11,VN,affiliate,
10826,2025-07-03,PH,organic,
10827,2026-01-28,VN,organic,
10828,2026-07-18,KH,organic,
10829,2026-08-04,MY,paid_search,
10830,2025-11-07,PH,paid_search,
10831,2026-09-12,TH,organic,WELCOME10
10832,2026-11-28,PH,paid_social,WELCOME10
10833,2026-03-29,LA,email,
10834,2026-01-20,ID,paid_social,
10835,2026-04-07,SG,paid_search,
10836,2025-07-15,TH,organic,
10837,2026-04-05,TH,paid_search,WELCOME10
10838,2025-07-15,TH,paid_social,
10839,2025-07-19,TH,email,FLASH50
10840,2026-04-21,TH,email,
10841,2026-03-30,TH,paid_search,FLASH50
10842,2026-12-08,KH,organic,
10843,2026-03-28,ID,paid_social,FLASH50
10844,2026-12-05,PH,direct,
10845,2026-09-04,SG,direct,
10846,2025-12-27,TH,direct,
10847,2026-11-06,TH,organic,
10848,2026-03-15,PH,affiliate,
10849,2026-05-14,TH,organic,
10850,2025-08-23,ID,organic,
10851,2025-10-22,TH,paid_social,WELCOME10
10852,2026-04-05,TH,organic,
10853,2025-11-22,TH,paid_search,FLASH50
10854,2026-05-16,SG,organic,FLASH50
10855,2025-08-12,TH,organic,
10856,2025-11-11,PH,organic,
10857,2026-06-20,TH,paid_social,
10858,2026-05-23,TH,paid_search,
10859,2026-12-07,TH,paid_social,
10860,2026-10-23,KR,paid_social,
10861,2026-09-06,ID,organic,
10862,2025-07-01,ID,affiliate,
10863,2026-05-18,SG,organic,WELCOME10
10864,2025-10-31,KH,email,SUMMER25
10865,2025-11-20,TH,direct,
10866,2025-10-20,VN,email,
10867,2026-02-28,PH,paid_search,
10868,2025-09-05,TH,affiliate,
10869,2026-04-10,TH,organic,FLASH50
10870,2025-09-27,MY,direct,WELCOME10
10871,2026-03-24,TH,organic,
10872,2026-05-30,TH,paid_social,FLASH50
10873,2025-10-04,TH,paid_search,FLASH50
10874,2025-08-24,TH,affiliate,SUMMER25
10875,2026-09-03,ID,affiliate,FLASH50
10876,2026-07-29,SG,paid_search,
10877,2025-11-17,ID,organic,
10878,2026-10-16,SG,affiliate,
10879,2025-10-26,TH,direct,
10880,2026-11-06,SG,organic,
10881,2025-08-30,LA,affiliate,
10882,2026-06-17,TH,paid_search,
10883,2025-07-11,ID,paid_search,FLASH50
10884,2025-10-14,PH,organic,FLASH50
10885,2026-02-01,ID,paid_social,
10886,2025-08-15,TH,organic,FLASH50
10887,2026-03-01,TH,email,FLASH50
10888,2025-11-01,MY,organic,
10889,2025-08-22,VN,paid_social,
10890,2026-11-25,VN,organic,
10891,2026-12-06,ID,paid_social,WELCOME10
10892,2026-11-25,TH,organic,
10893,2025-09-21,VN,paid_search,
10894,2026-01-20,MY,paid_search,
10895,2025-12-22,KR,paid_social,SUMMER25
10896,2025-12-21,VN,paid_social,FLASH50
10897,2026-02-08,SG,organic,
10898,2026-03-29,ID,organic,
10899,2026-03-16,MY,organic,FLASH50
10900,2025-12-03,TH,organic,
10901,2026-12-05,MY,organic,
10902,2026-12-05,TH,organic,
10903,2025-12-24,TH,paid_search,
10904,2025-10-26,VN,organic,
10905,2026-04-10,TH,paid_search,SUMMER25
10906,2026-01-13,VN,affiliate,
10907,2026-12-09,SG,affiliate,
10908,2026-02-14,PH,paid_social,
10909,2025-07-22,VN,organic,WELCOME10
10910,2025-09-05,VN,paid_search,
10911,2025-08-09,SG,organic,
10912,2026-01-21,JP,paid_social,
10913,2025-12-16,TH,email,
10914,2026-09-30,VN,paid_social,
10915,2026-10-18,SG,direct,
10916,2025-09-13,TH,organic,
10917,2026-11-16,ID,organic,
10918,2026-05-08,SG,organic,
10919,2025-12-11,TH,organic,FLASH50
10920,2026-02-02,TH,organic,
10921,2026-02-21,TH,email,WELCOME10
10922,2025-09-29,KR,paid_search,WELCOME10
10923,2026-10-06,ID,direct,
10924,2025-07-07,TH,email,
10925,2025-08-07,VN,affiliate,
10926,2025-11-23,MY,email,
10927,2025-09-15,VN,organic,
10928,2025-08-02,MY,email,
10929,2026-01-21,TH,paid_social,
10930,2026-01-17,TH,paid_social,
10931,2025-09-05,VN,paid_social,
10932,2026-09-05,VN,email,WELCOME10
10933,2026-10-14,VN,email,
10934,2026-07-19,TH,organic,SUMMER25
10935,2026-04-05,PH,organic,
10936,2026-11-17,SG,organic,
10937,2026-01-03,ID,affiliate,
10938,2026-02-13,TH,organic,
10939,2025-07-09,VN,paid_social,
10940,2026-07-13,KR,paid_search,SUMMER25
10941,2025-08-19,TH,email,
10942,2026-06-20,VN,affiliate,FLASH50
10943,2026-08-22,MY,paid_search,
10944,2025-10-24,TH,paid_search,
10945,2026-05-23,TH,affiliate,
10946,2025-12-09,VN,organic,
10947,2026-01-29,TH,paid_search,
10948,2026-04-09,TH,direct,
10949,2025-11-10,KH,paid_social,
10950,2026-08-29,MY,direct,
10951,2026-01-27,VN,paid_search,
10952,2026-03-04,MY,paid_social,FLASH50
10953,2026-09-08,SG,direct,SUMMER25
10954,2025-10-30,VN,affiliate,SUMMER25
10955,2026-02-27,TH,email,
10956,2026-12-12,TH,affiliate,
10957,2026-01-30,ID,organic,
10958,2025-08-31,AU,organic,
10959,2025-11-29,TH,affiliate,
10960,2026-11-22,JP,email,WELCOME10
10961,2026-08-09,VN,affiliate,
10962,2026-09-05,SG,paid_search,
10963,2025-11-13,SG,paid_social,
10964,2026-09-21,TH,paid_social,WELCOME10
10965,2026-01-26,MY,paid_search,
10966,2026-08-28,TH,paid_social,
10967,2026-10-13,SG,direct,SUMMER25
10968,2025-10-19,TH,paid_search,
10969,2026-11-13,AU,organic,
10970,2026-06-03,TH,paid_search,FLASH50
10971,2026-07-25,SG,organic,
10972,2026-08-08,TH,paid_social,
10973,2025-09-28,TH,email,FLASH50
10974,2026-08-02,TH,paid_social,
10975,2025-10-22,VN,email,
10976,2025-11-22,ID,paid_social,
10977,2025-09-01,SG,paid_search,SUMMER25
10978,2025-10-05,PH,paid_search,
10979,2026-12-04,TH,paid_search,
10980,2025-12-22,PH,paid_search,
10981,2026-01-23,TH,organic,
10982,2026-03-13,KH,paid_social,FLASH50
10983,2026-07-15,AU,organic,
10984,2026-05-02,PH,organic,
10985,2026-04-12,TH,paid_search,
10986,2026-09-20,MY,direct,FLASH50
10987,2026-03-22,PH,paid_search,
10988,2026-08-14,MY,affiliate,
10989,2026-10-29,TH,paid_search,
10990,2026-06-26,SG,organic,SUMMER25
10991,2025-07-19,TH,organic,
10992,2025-11-18,SG,organic,FLASH50
10993,2026-05-26,TH,paid_search,SUMMER25
10994,2026-03-13,ID,paid_search,
10995,2025-11-29,TH,paid_social,
10996,2025-12-26,TH,organic,
10997,2025-08-11,TH,organic,
10998,2025-11-03,MM,organic,
10999,2026-08-22,MY,email,FLASH50
11000,2025-07-06,ID,paid_search,
11001,2026-09-20,VN,paid_social,WELCOME10
11002,2025-12-28,ID,paid_social,
11003,2026-09-04,TH,organic,
11004,2025-11-14,ID,organic,
11005,2026-09-15,TH,paid_social,FLASH50
11006,2026-05-01,MY,email,
11007,2026-09-27,TH,email,FLASH50
11008,2025-08-03,MM,paid_search,FLASH50
11009,2026-08-30,SG,organic,
11010,2025-11-22,TH,paid_search,SUMMER25
11011,2026-01-08,ID,organic,
11012,2025-07-24,TH,direct,
11013,2026-11-21,SG,organic,
11014,2026-06-07,KH,organic,WELCOME10
11015,2026-12-05,VN,organic,
11016,2026-04-29,ID,email,
11017,2025-09-23,SG,paid_search,
11018,2025-12-27,SG,organic,
11019,2026-02-20,TH,paid_search,
11020,2025-09-17,MY,organic,
11021,2026-11-09,MY,organic,
11022,2026-11-23,TH,direct,FLASH50
11023,2026-04-27,TH,paid_social,
11024,2026-05-08,TH,paid_social,
11025,2026-07-10,TH,paid_search,
11026,2026-06-27,TH,paid_search,FLASH50
11027,2025-08-03,TH,affiliate,
11028,2026-04-10,SG,organic,FLASH50
11029,2026-08-19,SG,paid_social,
11030,2026-09-03,TH,paid_social,WELCOME10
11031,2026-05-14,MY,paid_search,
11032,2026-10-21,PH,organic,WELCOME10
11033,2026-05-09,TH,email,
11034,2026-01-20,TH,direct,
11035,2026-02-21,MY,organic,
11036,2026-07-03,TH,organic,
11037,2026-10-16,TH,paid_social,
11038,2025-10-31,SG,affiliate,FLASH50
11039,2025-12-04,TH,paid_search,SUMMER25
11040,2026-06-13,PH,email,
11041,2026-08-11,PH,email,
11042,2026-01-29,TH,organic,
11043,2026-06-08,SG,organic,SUMMER25
11044,2025-07-04,AU,organic,
11045,2025-12-03,SG,email,
11046,2026-11-22,KR,paid_social,
11047,2026-05-04,VN,direct,WELCOME10
11048,2026-10-06,TH,paid_social,
11049,2025-10-25,TH,affiliate,
11050,2025-12-03,TH,organic,
11051,2026-12-02,PH,organic,
11052,2026-12-14,TH,direct,
11053,2026-10-11,ID,paid_search,
11054,2025-12-17,MY,direct,WELCOME10
11055,2026-09-01,PH,paid_search,
11056,2026-03-02,VN,paid_social,
11057,2026-09-23,TH,paid_social,
11058,2026-09-27,TH,organic,WELCOME10
11059,2026-02-17,MY,paid_search,
11060,2025-12-10,PH,email,
11061,2026-12-02,VN,paid_search,
11062,2026-02-26,MY,paid_search,
11063,2026-02-16,PH,paid_social,
11064,2026-06-20,SG,affiliate,
11065,2026-11-12,TH,affiliate,
11066,2025-09-08,KH,paid_search,FLASH50
11067,2026-12-07,MY,paid_search,
11068,2026-02-11,PH,paid_search,
11069,2025-07-14,TH,direct,
11070,2025-12-12,MY,email,
11071,2026-03-04,TH,paid_social,
11072,2026-06-26,TH,organic,FLASH50
11073,2026-04-28,TH,email,
11074,2025-09-11,VN,organic,
11075,2026-03-18,TH,organic,
11076,2025-11-02,TH,paid_search,
11077,2025-11-21,TH,paid_social,
11078,2026-07-15,SG,organic,
11079,2026-09-02,MY,paid_search,
11080,2025-09-22,ID,affiliate,
11081,2026-05-18,ID,paid_social,WELCOME10
11082,2026-02-10,SG,organic,FLASH50
11083,2025-12-27,SG,organic,
11084,2026-07-15,TH,paid_social,
11085,2025-11-10,MY,organic,
11086,2026-08-12,KH,organic,
11087,2026-01-30,SG,direct,WELCOME10
11088,2025-08-20,AU,paid_social,
11089,2026-08-27,TH,paid_search,
11090,2026-09-28,VN,paid_social,
11091,2026-04-27,ID,paid_social,SUMMER25
11092,2026-07-21,ID,paid_search,
11093,2025-09-17,ID,paid_social,
11094,2025-12-28,TH,paid_social,
11095,2026-01-03,VN,organic,
11096,2026-08-12,SG,paid_search,FLASH50
11097,2026-01-04,MY,paid_search,
11098,2026-07-24,TH,affiliate,
11099,2025-12-11,TH,affiliate,
11100,2026-05-17,MM,affiliate,
11101,2025-10-20,TH,paid_search,
11102,2026-04-24,TH,paid_social,WELCOME10
11103,2025-08-13,TH,paid_social,
11104,2026-07-27,ID,paid_search,
11105,2025-07-16,VN,direct,FLASH50
11106,2026-12-15,MM,paid_search,
11107,2026-09-21,MY,paid_search,
11108,2026-05-05,TH,affiliate,
11109,2026-10-28,TH,affiliate,
11110,2026-09-05,TH,paid_search,
11111,2025-09-15,MY,paid_search,
11112,2026-08-01,JP,paid_social,WELCOME10
11113,2026-01-18,TH,paid_search,
11114,2026-09-30,TH,paid_social,
11115,2026-10-04,ID,affiliate,
11116,2026-11-21,MY,organic,
11117,2026-02-26,ID,paid_social,FLASH50
11118,2025-10-11,SG,organic,
11119,2025-09-05,TH,affiliate,
11120,2025-09-27,SG,organic,
11121,2026-12-11,TH,paid_search,WELCOME10
11122,2026-05-09,ID,organic,
11123,2026-01-04,TH,paid_search,FLASH50
11124,2026-02-25,SG,paid_social,WELCOME10
11125,2025-10-01,AU,paid_search,
11126,2026-05-01,MY,paid_search,SUMMER25
11127,2026-02-12,TH,direct,WELCOME10
11128,2026-08-30,AU,organic,
11129,2025-07-12,TH,paid_search,FLASH50
11130,2026-11-09,VN,paid_search,FLASH50
11131,2025-08-02,TH,affiliate,WELCOME10
11132,2026-02-08,PH,organic,
11133,2025-12-29,TH,paid_search,
11134,2026-07-18,TH,affiliate,
11135,2026-06-16,JP,paid_search,
11136,2025-10-13,MY,email,
11137,2026-03-19,TH,organic,
11138,2026-04-11,TH,organic,WELCOME10
11139,2026-03-05,TH,paid_social,
11140,2025-07-12,TH,organic,
11141,2025-10-03,MY,paid_search,
11142,2026-03-26,SG,organic,FLASH50
11143,2025-11-16,MM,paid_search,
11144,2026-04-17,VN,email,
11145,2025-09-26,MM,direct,
11146,2026-07-27,SG,paid_search,
11147,2025-10-09,SG,organic,
11148,2026-06-12,MY,email,
11149,2026-09-19,TH,paid_social,SUMMER25
11150,2026-01-08,TH,paid_social,
11151,2025-09-13,PH,affiliate,
11152,2025-07-04,ID,paid_search,
11153,2026-01-09,TH,paid_search,SUMMER25
11154,2025-08-31,SG,email,FLASH50
11155,2026-10-14,TH,paid_search,
11156,2026-12-01,MY,affiliate,FLASH50
11157,2026-12-05,TH,email,FLASH50
11158,2026-11-04,KH,paid_search,
11159,2026-05-09,MY,email,FLASH50
11160,2025-12-21,TH,paid_search,FLASH50
11161,2026-02-24,VN,email,
11162,2025-11-15,LA,paid_search,
11163,2026-09-21,PH,organic,
11164,2026-02-18,SG,paid_social,FLASH50
11165,2026-01-22,TH,email,
11166,2026-07-03,ID,affiliate,
11167,2026-01-16,PH,affiliate,
11168,2026-01-07,JP,direct,
11169,2025-10-30,SG,paid_social,WELCOME10
11170,2025-08-05,ID,email,
11171,2025-07-21,TH,organic,WELCOME10
11172,2026-01-31,TH,organic,WELCOME10
11173,2026-12-13,TH,organic,
11174,2025-11-16,TH,direct,
11175,2026-06-07,SG,organic,
11176,2025-12-21,TH,paid_search,
11177,2025-12-09,ID,organic,
11178,2025-09-25,MY,organic,
11179,2026-04-27,TH,paid_social,
11180,2026-06-17,ID,organic,SUMMER25
11181,2026-01-03,TH,email,
11182,2026-04-07,TH,email,
11183,2026-03-11,JP,paid_social,
11184,2025-11-22,TH,paid_search,
11185,2026-07-04,TH,email,
11186,2026-04-22,ID,paid_search,WELCOME10
11187,2025-08-05,TH,organic,
11188,2026-03-20,TH,paid_search,
11189,2026-01-24,VN,paid_search,WELCOME10
11190,2026-08-29,MY,paid_social,
11191,2025-12-11,SG,paid_search,FLASH50
11192,2026-11-22,KH,affiliate,SUMMER25
11193,2026-05-24,TH,paid_social,WELCOME10
11194,2025-09-08,SG,organic,
11195,2026-01-31,TH,paid_search,
11196,2026-10-15,TH,paid_social,
11197,2025-11-13,JP,organic,FLASH50
11198,2026-07-11,VN,organic,FLASH50
11199,2026-08-22,TH,paid_social,
11200,2026-07-05,TH,paid_search,
11201,2025-08-18,TH,organic,
11202,2026-01-16,ID,paid_search,
11203,2026-01-02,TH,paid_social,
11204,2025-12-31,MM,organic,
11205,2026-10-12,TH,affiliate,
11206,2025-07-04,TH,paid_search,
11207,2026-04-14,AU,organic,
11208,2026-12-06,KH,email,
11209,2026-10-10,TH,paid_social,
11210,2026-05-20,SG,direct,FLASH50
11211,2026-12-14,KH,organic,
11212,2026-01-31,ID,paid_search,
11213,2026-05-22,ID,paid_social,
11214,2026-04-16,ID,email,
11215,2025-07-26,MM,affiliate,
11216,2025-07-22,SG,paid_social,
11217,2026-10-22,TH,affiliate,
11218,2025-10-01,SG,organic,
11219,2026-01-06,VN,paid_social,
11220,2026-05-29,SG,paid_social,
11221,2026-05-03,TH,organic,
11222,2026-04-01,ID,organic,
11223,2026-12-04,SG,organic,
11224,2026-08-24,JP,organic,
11225,2026-11-14,TH,organic,
11226,2026-06-17,VN,organic,
11227,2026-12-04,MY,paid_social,
11228,2026-05-17,TH,paid_search,
11229,2026-04-15,SG,organic,
11230,2026-09-08,TH,paid_social,
11231,2026-10-07,VN,organic,
11232,2025-08-06,VN,paid_search,
11233,2026-10-29,TH,email,
11234,2026-07-04,SG,affiliate,
11235,2026-10-22,JP,paid_social,FLASH50
11236,2026-07-17,TH,paid_social,
11237,2026-11-07,LA,organic,
11238,2025-11-24,TH,paid_search,
11239,2025-10-09,TH,paid_search,
11240,2025-10-13,MY,paid_search,WELCOME10
11241,2025-11-12,TH,direct,FLASH50
11242,2025-10-22,KH,affiliate,
11243,2026-02-21,ID,paid_social,
11244,2025-10-14,ID,paid_social,
11245,2025-09-23,ID,affiliate,
11246,2026-04-06,ID,paid_search,SUMMER25
11247,2026-08-27,VN,email,
11248,2025-09-11,ID,paid_social,WELCOME10
11249,2026-03-30,PH,affiliate,WELCOME10
11250,2026-06-17,MY,organic,
11251,2026-07-12,TH,paid_search,
11252,2025-08-26,SG,paid_search,
11253,2026-07-27,SG,organic,
11254,2025-07-15,TH,paid_social,
11255,2025-11-04,TH,email,FLASH50
11256,2025-12-18,TH,affiliate,
11257,2026-09-28,TH,organic,SUMMER25
11258,2025-10-11,PH,organic,
11259,2026-08-22,VN,paid_search,
11260,2026-12-09,TH,organic,SUMMER25
11261,2026-11-24,AU,organic,
11262,2025-12-09,AU,organic,
11263,2025-08-21,PH,paid_search,
11264,2025-10-27,TH,organic,SUMMER25
11265,2026-08-14,TH,organic,WELCOME10
11266,2025-10-13,SG,email,
11267,2026-06-10,VN,direct,
11268,2026-01-16,ID,affiliate,WELCOME10
11269,2026-08-13,ID,organic,WELCOME10
11270,2026-05-19,VN,organic,
11271,2026-05-09,AU,paid_social,
11272,2026-08-21,MY,affiliate,
11273,2026-11-21,LA,paid_social,
11274,2026-01-11,PH,affiliate,FLASH50
11275,2026-04-08,TH,paid_search,FLASH50
11276,2026-05-30,PH,direct,
11277,2026-09-12,TH,affiliate,
11278,2026-03-14,TH,organic,
11279,2026-01-16,KR,paid_search,
11280,2026-09-25,SG,paid_social,FLASH50
11281,2026-11-21,SG,organic,SUMMER25
11282,2026-04-30,AU,paid_search,
11283,2025-08-25,TH,paid_social,
11284,2025-12-02,TH,paid_social,
11285,2026-03-04,TH,email,
11286,2026-07-11,MY,organic,
11287,2026-06-22,TH,email,
11288,2026-09-11,TH,paid_search,
11289,2025-07-16,PH,email,
11290,2026-03-06,TH,organic,SUMMER25
11291,2026-07-09,MY,paid_search,
11292,2026-12-09,TH,direct,
11293,2025-09-14,SG,organic,WELCOME10
11294,2026-10-12,ID,affiliate,
11295,2025-07-05,SG,paid_search,
11296,2025-10-13,TH,paid_search,
11297,2026-09-25,TH,paid_social,WELCOME10
11298,2026-08-24,TH,organic,FLASH50
11299,2026-12-01,TH,paid_social,
11300,2026-05-17,SG,organic,
11301,2026-05-25,TH,paid_social,
11302,2026-04-12,TH,paid_social,
11303,2026-03-30,TH,organic,
11304,2026-03-31,PH,organic,
11305,2025-12-03,SG,paid_social,FLASH50
11306,2026-09-28,MY,organic,
11307,2026-01-07,MY,paid_social,
11308,2026-05-22,TH,direct,
11309,2026-06-22,TH,organic,
11310,2026-04-13,TH,paid_search,
11311,2026-05-22,MY,email,
11312,2025-07-27,TH,direct,
11313,2025-12-16,TH,organic,
11314,2026-02-24,MM,affiliate,FLASH50
11315,2026-01-27,VN,organic,
11316,2026-10-27,TH,affiliate,
11317,2026-10-22,LA,paid_search,
11318,2026-07-15,TH,organic,
11319,2026-01-04,TH,paid_search,
11320,2025-07-28,TH,organic,
11321,2026-08-07,AU,paid_search,FLASH50
11322,2026-10-15,TH,paid_search,
11323,2026-03-18,VN,direct,
11324,2026-09-14,ID,paid_search,
11325,2026-11-09,SG,paid_social,
11326,2026-04-18,TH,organic,FLASH50
11327,2025-10-20,TH,direct,
11328,2025-07-12,VN,paid_search,FLASH50
11329,2026-08-08,TH,organic,
11330,2026-04-26,MY,paid_social,
11331,2025-09-20,TH,paid_search,
11332,2025-07-30,VN,organic,
11333,2026-11-29,ID,paid_search,
11334,2025-12-18,MY,paid_search,SUMMER25
11335,2025-12-22,SG,organic,
11336,2026-06-01,TH,affiliate,SUMMER25
11337,2026-01-11,TH,organic,FLASH50
11338,2026-10-30,TH,organic,
11339,2026-06-28,ID,organic,
11340,2026-01-07,TH,paid_search,
11341,2025-11-20,TH,organic,
11342,2026-10-02,TH,organic,FLASH50
11343,2026-05-12,TH,organic,
11344,2026-11-02,MY,direct,
11345,2025-12-31,ID,organic,WELCOME10
11346,2025-07-12,SG,organic,FLASH50
11347,2026-10-23,TH,paid_social,
11348,2025-11-05,MY,paid_search,
11349,2026-09-24,MY,organic,
11350,2026-07-14,PH,email,
11351,2025-11-01,PH,paid_social,WELCOME10
11352,2026-08-08,PH,paid_search,
11353,2025-08-13,PH,paid_search,FLASH50
11354,2026-01-26,KH,affiliate,
11355,2026-01-07,MY,organic,
11356,2026-06-16,MY,direct,WELCOME10
11357,2026-04-11,VN,organic,
11358,2026-05-23,TH,paid_search,WELCOME10
11359,2026-03-11,TH,organic,
11360,2026-07-30,MM,paid_social,
11361,2025-09-24,MY,affiliate,
11362,2026-07-19,TH,paid_social,WELCOME10
11363,2025-07-27,TH,organic,
11364,2025-08-15,TH,affiliate,
11365,2026-07-21,TH,direct,WELCOME10
11366,2025-09-23,MY,organic,
11367,2026-08-15,SG,organic,SUMMER25
11368,2025-09-09,SG,paid_search,
11369,2025-09-17,TH,affiliate,FLASH50
11370,2026-11-10,SG,organic,
11371,2025-10-03,TH,organic,
11372,2026-10-30,TH,paid_social,SUMMER25
11373,2026-01-02,ID,affiliate,
11374,2026-08-30,TH,organic,
11375,2026-11-13,MM,paid_social,
11376,2025-09-01,ID,affiliate,
11377,2025-12-24,TH,organic,
11378,2026-05-03,TH,paid_search,WELCOME10
11379,2026-10-05,TH,paid_search,FLASH50
11380,2025-10-08,TH,paid_social,
11381,2025-10-08,MM,paid_social,WELCOME10
11382,2026-01-13,ID,affiliate,
11383,2025-10-18,VN,paid_search,
11384,2025-11-20,ID,organic,
11385,2025-09-08,LA,paid_search,SUMMER25
11386,2026-09-15,LA,paid_search,
11387,2026-08-29,TH,paid_social,
11388,2025-09-15,TH,direct,
11389,2026-04-13,TH,paid_search,
11390,2026-06-10,TH,paid_social,
11391,2026-05-31,MY,organic,
11392,2026-12-07,TH,paid_social,
11393,2026-06-07,VN,paid_social,SUMMER25
11394,2026-07-02,TH,affiliate,
11395,2025-07-18,VN,direct,
11396,2025-08-12,TH,direct,FLASH50
11397,2026-05-26,TH,paid_search,WELCOME10
11398,2026-10-27,PH,email,
11399,2026-01-29,SG,affiliate,
11400,2026-06-08,VN,paid_search,
11401,2025-10-20,KH,organic,FLASH50
11402,2026-03-01,TH,direct,FLASH50
11403,2026-08-05,TH,direct,
11404,2026-06-17,TH,paid_search,SUMMER25
11405,2025-08-30,TH,paid_search,
11406,2026-10-12,AU,organic,
11407,2026-11-07,PH,organic,
11408,2026-03-12,TH,affiliate,FLASH50
11409,2025-12-29,ID,paid_search,
11410,2026-04-10,MM,paid_social,
11411,2026-09-01,TH,paid_search,WELCOME10
11412,2026-02-27,TH,paid_social,WELCOME10
11413,2025-07-17,PH,affiliate,FLASH50
11414,2025-08-08,VN,email,
11415,2026-09-06,TH,paid_search,
11416,2026-08-24,SG,paid_search,
11417,2026-08-16,TH,organic,
11418,2025-09-06,MY,email,
11419,2025-09-29,ID,email,WELCOME10
11420,2026-01-27,TH,paid_search,
11421,2025-11-01,VN,organic,
11422,2026-01-23,SG,paid_social,FLASH50
11423,2026-04-24,ID,affiliate,
11424,2025-11-27,ID,paid_social,
11425,2025-09-04,SG,organic,
11426,2026-01-31,TH,direct,
11427,2026-07-21,TH,paid_search,WELCOME10
11428,2026-05-26,VN,paid_social,
11429,2025-12-19,ID,organic,SUMMER25
11430,2025-12-13,TH,organic,
11431,2026-05-08,JP,organic,FLASH50
11432,2025-09-30,PH,paid_search,
11433,2026-09-18,TH,direct,FLASH50
11434,2026-10-07,TH,paid_social,
11435,2025-07-14,MY,direct,WELCOME10
11436,2026-11-30,TH,paid_social,FLASH50
11437,2025-07-13,JP,organic,
11438,2026-03-02,ID,paid_social,
11439,2026-06-21,TH,paid_social,
11440,2025-12-22,SG,email,FLASH50
11441,2025-10-17,TH,paid_search,
11442,2025-07-26,SG,organic,
11443,2026-07-23,TH,affiliate,
11444,2025-07-20,PH,affiliate,FLASH50
11445,2026-03-16,VN,paid_search,
11446,2026-01-26,LA,organic,
11447,2026-11-28,TH,paid_search,
11448,2026-11-08,TH,affiliate,
11449,2026-09-09,PH,paid_search,
11450,2026-07-25,TH,affiliate,
11451,2026-04-16,TH,organic,
11452,2026-01-03,KR,paid_search,
11453,2025-09-27,VN,paid_search,
11454,2026-11-28,KH,organic,
11455,2026-01-22,TH,paid_search,FLASH50
11456,2026-02-14,MY,paid_social,WELCOME10
11457,2025-09-14,SG,paid_search,
11458,2025-11-25,SG,organic,SUMMER25
11459,2026-06-04,TH,paid_social,
11460,2026-02-13,PH,paid_search,FLASH50
11461,2026-05-09,TH,paid_search,
11462,2025-10-21,MY,affiliate,
11463,2025-08-13,PH,paid_search,
11464,2026-10-16,VN,paid_search,
11465,2026-02-16,TH,organic,FLASH50
11466,2026-01-09,MY,paid_search,
11467,2025-11-30,SG,organic,
11468,2026-06-16,TH,email,
11469,2026-04-27,TH,organic,
11470,2026-01-24,ID,paid_social,
11471,2026-11-09,VN,affiliate,FLASH50
11472,2026-10-24,AU,paid_search,
11473,2025-10-14,TH,organic,
11474,2026-06-08,TH,organic,FLASH50
11475,2026-11-29,TH,organic,
11476,2026-03-18,KR,email,
11477,2025-07-17,PH,organic,
11478,2025-09-09,AU,paid_search,
11479,2026-06-21,SG,organic,
11480,2026-10-24,TH,paid_social,
11481,2025-09-07,MY,paid_search,FLASH50
11482,2026-04-18,TH,paid_search,
11483,2026-03-22,TH,organic,
11484,2025-11-29,TH,email,FLASH50
11485,2026-06-02,TH,paid_search,
11486,2026-10-11,TH,organic,
11487,2025-11-05,MM,affiliate,
11488,2025-07-30,VN,affiliate,
11489,2026-01-08,VN,paid_search,
11490,2025-12-15,TH,direct,
11491,2026-07-23,VN,organic,WELCOME10
11492,2026-04-13,TH,affiliate,
11493,2025-07-10,TH,affiliate,
11494,2025-12-29,TH,paid_search,
11495,2026-07-27,TH,paid_search,
11496,2026-03-12,PH,organic,FLASH50
11497,2026-04-27,PH,organic,
11498,2025-11-18,TH,paid_search,FLASH50
11499,2025-12-18,MY,email,
11500,2025-09-08,TH,organic,
11501,2025-08-13,TH,paid_search,
11502,2025-07-20,ID,organic,FLASH50
11503,2026-05-29,VN,organic,FLASH50
11504,2025-09-23,VN,paid_search,
11505,2026-05-02,TH,direct,
11506,2026-11-20,SG,organic,
11507,2026-07-07,TH,organic,
11508,2026-05-03,TH,organic,SUMMER25
11509,2025-09-01,TH,paid_search,
11510,2026-03-18,TH,paid_search,FLASH50
11511,2026-10-18,TH,organic,
11512,2026-01-21,TH,organic,
11513,2026-09-14,ID,paid_search,
11514,2026-07-13,TH,organic,
11515,2025-11-20,TH,affiliate,FLASH50
11516,2025-09-14,AU,affiliate,WELCOME10
11517,2025-07-10,KH,paid_search,
11518,2025-11-25,TH,paid_social,SUMMER25
11519,2025-12-25,TH,paid_search,
11520,2026-06-15,TH,organic,SUMMER25
11521,2026-05-02,AU,paid_social,FLASH50
11522,2026-03-13,TH,paid_social,
11523,2026-07-21,TH,paid_search,WELCOME10
11524,2026-08-15,VN,organic,
11525,2026-07-16,VN,organic,
11526,2026-10-22,TH,paid_search,
11527,2026-01-08,TH,paid_search,
11528,2026-09-12,TH,affiliate,FLASH50
11529,2026-02-10,TH,organic,
11530,2025-10-07,TH,paid_social,WELCOME10
11531,2025-09-16,PH,direct,
11532,2025-08-18,VN,organic,WELCOME10
11533,2026-11-22,ID,paid_search,WELCOME10
11534,2025-09-29,ID,paid_search,
11535,2026-09-19,MY,paid_social,
11536,2026-08-22,TH,email,
11537,2026-02-20,VN,email,
11538,2026-10-31,TH,paid_search,
11539,2026-10-28,TH,affiliate,
11540,2026-11-06,TH,paid_search,
11541,2026-03-22,VN,affiliate,
11542,2025-12-06,MY,email,
11543,2025-07-24,SG,paid_social,
11544,2026-09-21,SG,organic,
11545,2026-10-09,PH,organic,SUMMER25
11546,2026-04-12,TH,affiliate,FLASH50
11547,2025-08-07,TH,organic,
11548,2026-09-12,VN,paid_search,
11549,2025-12-06,ID,paid_social,
11550,2026-04-19,SG,affiliate,
11551,2026-06-17,TH,affiliate,
11552,2025-09-16,AU,organic,
11553,2025-08-03,TH,paid_social,
11554,2025-08-12,KH,affiliate,
11555,2026-11-24,VN,organic,WELCOME10
11556,2026-11-23,KH,paid_search,
11557,2026-02-13,TH,paid_social,
11558,2026-02-12,SG,paid_search,WELCOME10
11559,2026-02-02,TH,paid_search,
11560,2026-01-03,TH,organic,
11561,2026-04-16,TH,affiliate,
11562,2026-01-06,TH,organic,
11563,2026-05-25,TH,paid_search,
11564,2026-01-18,ID,paid_search,
11565,2026-06-01,TH,organic,
11566,2026-11-16,TH,paid_search,
11567,2025-10-18,TH,organic,
11568,2025-08-03,ID,organic,
11569,2026-04-07,TH,paid_search,
11570,2025-09-02,VN,paid_search,SUMMER25
11571,2025-11-01,TH,paid_search,
11572,2026-08-25,MY,organic,
11573,2026-02-08,VN,paid_search,
11574,2026-04-19,SG,organic,SUMMER25
11575,2026-08-18,ID,organic,
11576,2025-09-07,MM,organic,
11577,2026-03-13,TH,organic,
11578,2025-07-19,TH,paid_search,
11579,2026-03-24,MM,email,
11580,2025-10-28,PH,organic,FLASH50
11581,2026-10-29,MY,affiliate,
11582,2025-11-17,TH,organic,
11583,2025-10-15,TH,paid_search,
11584,2025-07-08,PH,paid_search,FLASH50
11585,2025-09-10,ID,organic,
11586,2025-10-24,TH,paid_social,WELCOME10
11587,2025-10-30,TH,organic,
11588,2026-07-29,VN,affiliate,
11589,2026-10-17,MY,paid_social,WELCOME10
11590,2026-09-29,JP,affiliate,
11591,2026-11-22,TH,organic,FLASH50
11592,2026-10-22,TH,paid_search,
11593,2026-02-28,TH,paid_social,
11594,2026-01-24,SG,paid_search,
11595,2026-06-12,TH,paid_social,
11596,2025-12-18,TH,paid_search,
11597,2026-05-18,TH,paid_social,
11598,2026-12-15,TH,paid_social,
11599,2025-10-14,PH,organic,
11600,2026-08-15,TH,email,
11601,2026-11-11,SG,affiliate,
11602,2026-04-13,ID,organic,SUMMER25
11603,2026-01-06,TH,organic,
11604,2025-11-13,MY,paid_social,
11605,2025-09-28,PH,paid_social,
11606,2025-12-19,MY,email,
11607,2026-08-02,SG,paid_social,
11608,2026-04-01,PH,organic,
11609,2025-10-27,AU,organic,SUMMER25
11610,2026-04-15,PH,paid_search,
11611,2026-09-05,TH,paid_search,FLASH50
11612,2025-07-08,MY,direct,
11613,2025-07-11,MY,paid_social,
11614,2026-11-24,TH,email,
11615,2026-08-03,SG,affiliate,
11616,2026-05-03,PH,paid_social,
11617,2026-10-26,TH,paid_social,
11618,2026-05-11,KH,paid_social,
11619,2026-04-04,KR,paid_search,
11620,2025-10-21,TH,affiliate,
11621,2026-09-06,TH,organic,
11622,2026-08-12,AU,email,WELCOME10
11623,2025-12-05,TH,paid_social,
11624,2026-07-28,VN,paid_search,FLASH50
11625,2026-07-23,TH,organic,
11626,2025-08-20,TH,organic,
11627,2025-09-24,TH,paid_social,WELCOME10
11628,2026-05-14,TH,organic,
11629,2026-05-29,MM,organic,SUMMER25
11630,2026-06-16,TH,organic,
11631,2026-01-15,TH,paid_search,
11632,2026-09-19,ID,direct,
11633,2026-02-23,AU,paid_social,FLASH50
11634,2025-10-18,TH,paid_search,
11635,2025-08-31,VN,direct,
11636,2026-10-11,TH,paid_search,
11637,2026-07-12,PH,direct,
11638,2026-03-03,VN,direct,
11639,2025-10-20,LA,paid_social,
11640,2025-08-21,ID,paid_search,
11641,2025-09-20,AU,affiliate,
11642,2025-08-26,TH,paid_search,
11643,2026-04-09,VN,paid_search,
11644,2025-10-14,VN,organic,
11645,2025-09-07,TH,organic,
11646,2025-11-28,MM,organic,
11647,2026-07-08,VN,email,
11648,2026-03-22,KH,organic,
11649,2025-09-20,TH,paid_search,
11650,2026-08-04,PH,paid_search,
11651,2026-03-18,TH,paid_search,
11652,2025-10-08,JP,affiliate,WELCOME10
11653,2026-07-04,TH,affiliate,
11654,2026-12-12,MY,paid_social,
11655,2026-04-14,TH,paid_social,SUMMER25
11656,2025-09-25,VN,affiliate,
11657,2025-12-12,TH,paid_search,SUMMER25
11658,2026-05-16,KH,paid_search,
11659,2026-12-15,KH,organic,
11660,2026-11-08,TH,organic,
11661,2026-11-10,PH,direct,
11662,2026-09-17,ID,affiliate,
11663,2026-05-03,SG,paid_search,
11664,2026-06-11,TH,organic,
11665,2026-07-27,TH,affiliate,
11666,2026-07-17,TH,direct,
11667,2026-06-06,SG,email,WELCOME10
11668,2025-09-10,MY,paid_social,FLASH50
11669,2026-10-12,SG,paid_social,FLASH50
11670,2025-07-06,AU,organic,FLASH50
11671,2026-02-13,TH,organic,
11672,2026-02-17,PH,organic,FLASH50
11673,2026-12-13,PH,paid_social,
11674,2025-08-17,VN,email,
11675,2026-03-11,MY,email,
11676,2026-01-07,TH,paid_search,SUMMER25
11677,2025-08-22,KH,paid_search,WELCOME10
11678,2025-10-28,VN,paid_search,
11679,2026-02-10,PH,paid_search,
11680,2026-11-01,TH,affiliate,
11681,2026-01-23,MY,affiliate,
11682,2026-10-13,TH,email,
11683,2026-07-27,ID,paid_search,
11684,2026-09-10,VN,paid_social,FLASH50
11685,2026-09-29,TH,direct,FLASH50
11686,2026-07-16,TH,paid_social,
11687,2026-07-26,TH,organic,
11688,2025-09-21,TH,paid_search,
11689,2026-07-18,TH,organic,
11690,2025-07-26,TH,organic,
11691,2026-07-29,TH,paid_search,
11692,2026-06-14,ID,affiliate,FLASH50
11693,2026-08-08,VN,organic,
11694,2026-06-08,TH,paid_search,FLASH50
11695,2026-01-13,TH,paid_search,
11696,2026-01-13,VN,affiliate,
11697,2026-05-14,TH,organic,
11698,2026-03-09,TH,organic,FLASH50
11699,2025-12-29,SG,paid_social,WELCOME10
11700,2026-03-18,JP,paid_search,
11701,2026-04-13,TH,organic,
11702,2025-11-05,AU,affiliate,
11703,2026-06-06,TH,paid_search,FLASH50
11704,2025-12-15,TH,paid_search,
11705,2025-11-20,TH,paid_social,
11706,2026-02-09,VN,organic,
11707,2025-08-25,MY,organic,
11708,2026-05-18,MY,paid_search,
11709,2026-07-26,JP,organic,
11710,2026-11-22,SG,organic,FLASH50
11711,2025-11-29,TH,paid_search,FLASH50
11712,2026-04-14,VN,paid_search,
11713,2026-03-26,TH,affiliate,
11714,2026-07-25,MY,paid_social,
11715,2026-05-30,PH,email,
11716,2026-09-04,SG,paid_search,FLASH50
11717,2026-09-27,TH,paid_search,
11718,2025-08-30,MY,paid_search,
11719,2026-01-06,TH,organic,
11720,2026-06-14,TH,organic,
11721,2026-04-16,SG,organic,
11722,2026-03-14,TH,paid_social,
11723,2025-10-01,TH,paid_search,WELCOME10
11724,2026-05-02,MY,organic,
11725,2026-07-30,TH,affiliate,WELCOME10
11726,2025-07-21,TH,organic,
11727,2026-05-12,KR,email,WELCOME10
11728,2026-10-27,TH,affiliate,
11729,2026-05-02,TH,paid_search,WELCOME10
11730,2026-11-20,KH,organic,
11731,2026-01-04,TH,direct,
11732,2025-07-02,MM,affiliate,
11733,2026-06-29,ID,email,WELCOME10
11734,2025-10-22,MY,organic,
11735,2025-07-06,TH,paid_social,
11736,2025-10-05,TH,organic,WELCOME10
11737,2026-11-10,PH,paid_search,
11738,2026-08-21,TH,organic,
11739,2025-11-24,VN,affiliate,WELCOME10
11740,2026-05-15,PH,paid_search,
11741,2025-12-28,ID,affiliate,WELCOME10
11742,2025-10-03,TH,organic,
11743,2026-12-09,VN,direct,
11744,2026-09-07,VN,paid_search,
11745,2026-01-10,TH,direct,
11746,2026-01-05,LA,paid_social,
11747,2026-09-08,TH,organic,SUMMER25
11748,2026-03-03,JP,affiliate,
11749,2026-01-17,TH,paid_social,
11750,2026-01-23,TH,organic,FLASH50
11751,2026-02-24,ID,organic,
11752,2026-04-04,TH,direct,
11753,2025-07-22,TH,direct,
11754,2026-03-13,TH,paid_social,
11755,2026-02-20,PH,organic,
11756,2025-11-24,TH,paid_search,
11757,2026-01-06,ID,organic,
11758,2026-02-12,MY,paid_social,
11759,2026-01-12,SG,paid_search,
11760,2026-10-28,TH,paid_search,
11761,2026-04-08,TH,affiliate,WELCOME10
11762,2026-03-26,AU,direct,
11763,2025-11-18,VN,organic,
11764,2026-11-01,MM,paid_search,
11765,2025-07-13,VN,paid_search,
11766,2026-04-20,PH,organic,
11767,2025-09-28,JP,paid_search,
11768,2026-08-14,SG,organic,
11769,2026-01-18,LA,organic,
11770,2025-12-04,TH,affiliate,
11771,2025-07-31,TH,paid_search,
11772,2026-08-26,SG,paid_social,
11773,2026-01-28,SG,organic,
11774,2025-11-18,SG,paid_social,
11775,2026-09-24,MY,paid_social,
11776,2025-07-11,MY,affiliate,
11777,2026-03-07,KH,organic,
11778,2025-09-24,TH,paid_social,
11779,2025-09-06,TH,email,
11780,2025-07-12,ID,organic,WELCOME10
11781,2025-10-08,ID,organic,FLASH50
11782,2026-11-17,PH,paid_search,
11783,2026-02-23,TH,direct,WELCOME10
11784,2026-12-15,TH,organic,
11785,2025-11-20,AU,organic,
11786,2026-08-11,TH,direct,SUMMER25
11787,2025-08-17,ID,paid_search,FLASH50
11788,2025-08-27,TH,organic,
11789,2025-07-09,SG,paid_social,
11790,2026-10-23,PH,organic,FLASH50
11791,2026-06-23,TH,paid_search,FLASH50
11792,2026-08-01,TH,organic,
11793,2026-11-07,VN,paid_social,
11794,2025-12-25,TH,paid_social,
11795,2026-07-21,TH,organic,
11796,2026-03-25,MY,paid_search,WELCOME10
11797,2026-04-16,SG,direct,
11798,2026-06-18,ID,paid_search,
11799,2026-03-08,TH,direct,
11800,2025-07-13,TH,direct,
11801,2025-08-10,TH,organic,FLASH50
11802,2026-03-25,KH,paid_social,
11803,2026-04-30,TH,affiliate,
11804,2026-07-26,AU,paid_social,
11805,2026-05-01,TH,affiliate,
11806,2025-10-09,TH,organic,
11807,2026-01-12,VN,email,
11808,2026-02-22,TH,organic,
11809,2026-12-07,MY,paid_social,
11810,2026-04-10,LA,email,
11811,2026-06-04,PH,paid_search,
11812,2026-07-28,SG,paid_social,
11813,2026-01-10,VN,paid_social,
11814,2026-11-27,TH,email,
11815,2026-06-25,VN,paid_search,
11816,2026-09-26,TH,paid_social,
11817,2026-08-04,TH,organic,
11818,2026-05-28,MY,organic,
11819,2025-07-17,TH,organic,
11820,2026-05-08,VN,paid_search,FLASH50
11821,2025-09-08,TH,paid_search,
11822,2026-05-18,TH,organic,
11823,2026-07-09,ID,organic,
11824,2026-04-17,SG,organic,
11825,2025-12-12,AU,email,
11826,2025-08-01,TH,organic,
11827,2026-06-23,TH,paid_search,
11828,2026-07-08,TH,affiliate,FLASH50
11829,2026-03-12,SG,email,
11830,2026-07-17,TH,paid_social,
11831,2026-08-20,VN,organic,
11832,2026-03-31,TH,organic,
11833,2025-07-26,MM,organic,
11834,2026-10-07,MY,affiliate,
11835,2026-03-06,ID,organic,
11836,2026-06-24,TH,paid_search,FLASH50
11837,2026-10-29,TH,organic,
11838,2026-01-10,TH,paid_search,
11839,2026-05-28,MY,paid_search,
11840,2025-07-11,MY,paid_search,
11841,2026-10-15,TH,organic,
11842,2025-08-01,TH,paid_search,
11843,2026-04-15,KR,organic,SUMMER25
11844,2026-01-04,TH,paid_search,WELCOME10
11845,2025-07-20,TH,paid_social,
11846,2026-03-04,TH,paid_search,WELCOME10
11847,2026-11-11,TH,organic,
11848,2025-09-27,SG,paid_social,
11849,2025-12-03,ID,paid_search,
11850,2025-10-09,MY,paid_search,
11851,2025-09-05,ID,organic,
11852,2025-10-31,TH,direct,SUMMER25
11853,2026-05-01,TH,paid_search,
11854,2026-08-21,VN,paid_search,
11855,2026-07-03,TH,organic,
11856,2026-08-16,TH,paid_social,
11857,2026-07-17,SG,organic,WELCOME10
11858,2026-01-21,VN,affiliate,
11859,2026-10-23,TH,organic,
11860,2025-09-30,LA,organic,
11861,2026-07-08,TH,affiliate,
11862,2025-08-29,KR,paid_search,SUMMER25
11863,2026-08-13,TH,organic,WELCOME10
11864,2025-08-16,VN,affiliate,
11865,2025-10-24,TH,direct,
11866,2026-01-25,PH,paid_search,
11867,2026-07-06,SG,paid_social,
11868,2025-07-25,KH,paid_search,
11869,2025-11-15,VN,paid_social,
11870,2025-12-25,MY,affiliate,
11871,2026-07-25,TH,paid_social,
11872,2026-11-25,TH,paid_search,
11873,2026-05-24,KR,organic,
11874,2026-03-28,MM,paid_search,FLASH50
11875,2025-12-27,TH,paid_social,FLASH50
11876,2026-09-12,TH,paid_social,
11877,2025-08-27,TH,organic,WELCOME10
11878,2025-09-07,TH,paid_search,SUMMER25
11879,2025-10-16,TH,affiliate,FLASH50
11880,2025-11-20,PH,organic,
11881,2026-03-04,TH,email,
11882,2026-11-17,KH,paid_search,
11883,2026-06-12,JP,affiliate,WELCOME10
11884,2026-01-21,TH,paid_search,
11885,2025-10-21,SG,paid_search,
11886,2026-06-11,MY,direct,WELCOME10
11887,2025-11-12,TH,paid_social,
11888,2026-12-03,VN,organic,
11889,2026-03-12,MY,direct,
11890,2026-04-20,TH,paid_search,
11891,2026-10-25,LA,paid_social,FLASH50
11892,2025-12-10,TH,organic,
11893,2026-03-09,TH,email,FLASH50
11894,2026-04-10,KR,direct,
11895,2025-11-22,TH,paid_search,
11896,2025-07-30,TH,organic,
11897,2025-11-29,TH,paid_social,
11898,2025-08-29,TH,organic,
11899,2026-06-26,SG,paid_search,
11900,2025-07-04,ID,paid_social,
11901,2025-12-16,TH,organic,
11902,2026-10-15,MY,direct,
11903,2026-04-30,TH,paid_social,FLASH50
11904,2026-06-23,TH,paid_search,SUMMER25
11905,2026-06-22,AU,paid_search,
11906,2025-12-07,VN,affiliate,FLASH50
11907,2026-06-03,VN,paid_search,
11908,2025-10-26,TH,direct,
11909,2026-06-04,SG,organic,
11910,2026-06-30,PH,organic,FLASH50
11911,2026-10-10,KH,paid_search,
11912,2026-11-03,VN,organic,WELCOME10
11913,2025-07-13,SG,paid_search,WELCOME10
11914,2025-12-07,TH,paid_search,
11915,2026-04-18,TH,organic,
11916,2025-12-19,TH,organic,
11917,2026-05-26,TH,organic,
11918,2026-09-29,TH,organic,
11919,2025-11-15,SG,organic,
11920,2026-10-20,MY,organic,
11921,2026-10-14,MY,direct,
11922,2026-10-31,MY,organic,
11923,2025-08-09,TH,organic,
11924,2025-12-04,SG,direct,FLASH50
11925,2025-09-05,JP,affiliate,
11926,2025-09-03,SG,organic,FLASH50
11927,2025-07-29,KH,email,
11928,2026-02-20,TH,email,
11929,2025-08-16,ID,affiliate,
11930,2025-12-05,SG,paid_social,
11931,2026-12-06,ID,paid_social,WELCOME10
11932,2026-10-15,LA,direct,WELCOME10
11933,2026-11-12,SG,paid_search,
11934,2025-07-20,VN,affiliate,
11935,2026-06-18,KH,organic,
11936,2026-06-03,VN,paid_social,
11937,2025-09-09,TH,direct,
11938,2026-10-26,TH,organic,WELCOME10
11939,2026-02-01,KH,organic,FLASH50
11940,2026-12-03,VN,affiliate,
11941,2025-08-30,AU,affiliate,
11942,2026-06-12,TH,affiliate,WELCOME10
11943,2025-09-08,VN,direct,FLASH50
11944,2026-11-19,PH,organic,
11945,2026-05-20,PH,paid_social,FLASH50
11946,2025-08-10,ID,paid_social,FLASH50
11947,2025-10-23,TH,organic,
11948,2026-01-08,ID,organic,
11949,2025-07-07,MY,paid_social,
11950,2025-07-05,TH,paid_social,
11951,2026-11-06,TH,paid_social,
11952,2026-12-05,KH,paid_search,WELCOME10
11953,2026-04-12,TH,paid_social,SUMMER25
11954,2026-10-25,SG,paid_search,
11955,2026-06-15,ID,organic,
11956,2025-07-15,JP,paid_social,
11957,2026-07-16,ID,paid_social,FLASH50
11958,2025-07-10,TH,affiliate,
11959,2026-09-09,TH,paid_search,
11960,2026-01-12,TH,affiliate,
11961,2025-09-14,TH,email,
11962,2025-11-15,PH,paid_search,
11963,2026-06-30,TH,paid_search,FLASH50
11964,2026-09-25,TH,email,
11965,2026-05-01,KH,paid_search,SUMMER25
11966,2025-09-24,TH,paid_social,
11967,2026-10-23,TH,paid_social,
11968,2026-08-26,SG,paid_search,WELCOME10
11969,2026-02-04,TH,email,
11970,2026-04-22,TH,organic,SUMMER25
11971,2026-11-26,KR,organic,
11972,2026-01-18,PH,organic,
11973,2025-07-14,VN,email,
11974,2025-09-16,ID,paid_search,
11975,2026-05-16,TH,paid_social,
11976,2026-12-14,PH,organic,
11977,2026-07-30,SG,paid_search,
11978,2026-05-26,TH,paid_search,
11979,2025-12-20,TH,organic,WELCOME10
11980,2026-02-20,SG,paid_search,
11981,2025-07-21,TH,organic,WELCOME10
11982,2026-01-14,TH,organic,
11983,2026-05-29,TH,paid_search,
11984,2026-10-26,SG,paid_social,
11985,2026-11-04,TH,organic,
11986,2026-09-11,MY,paid_search,
11987,2025-07-12,TH,paid_search,
11988,2026-09-06,MY,direct,
11989,2025-10-25,TH,paid_social,
11990,2026-05-25,TH,direct,
11991,2026-11-17,ID,paid_search,
11992,2026-10-17,ID,affiliate,
11993,2026-06-20,TH,organic,
11994,2025-12-07,MY,paid_social,
11995,2026-04-04,PH,paid_search,
11996,2026-07-11,TH,paid_social,
11997,2026-04-01,MY,email,
11998,2026-02-01,SG,paid_social,WELCOME10
11999,2026-01-31,PH,organic,
12000,2026-05-16,SG,paid_social,
12001,2025-07-20,AU,affiliate,
12002,2026-12-15,ID,organic,
12003,2025-08-24,MY,organic,
12004,2026-12-07,TH,paid_social,
12005,2025-07-19,MY,paid_search,WELCOME10
12006,2026-03-31,TH,organic,
12007,2026-02-08,TH,email,
12008,2026-05-02,TH,direct,
12009,2026-02-17,ID,paid_search,
12010,2026-10-22,VN,direct,
12011,2025-07-09,MM,email,
12012,2026-12-08,TH,paid_social,
12013,2026-07-03,KH,affiliate,WELCOME10
12014,2026-08-19,PH,direct,
12015,2025-09-13,KH,paid_social,FLASH50
12016,2025-08-04,VN,paid_search,
12017,2026-01-28,TH,organic,
12018,2025-12-19,KH,paid_search,
12019,2026-08-22,MY,organic,
12020,2026-10-21,VN,organic,
12021,2026-02-13,TH,paid_search,
12022,2026-08-14,TH,paid_search,WELCOME10
12023,2025-08-01,TH,organic,
12024,2026-07-31,SG,email,
12025,2025-08-22,TH,organic,
12026,2026-06-22,KH,paid_social,
12027,2026-01-20,TH,paid_social,
12028,2026-02-07,TH,direct,FLASH50
12029,2025-11-25,TH,organic,
12030,2026-01-31,TH,organic,
12031,2026-10-10,TH,paid_social,
12032,2026-09-05,VN,paid_social,SUMMER25
12033,2025-12-29,KR,affiliate,
12034,2025-12-04,TH,organic,FLASH50
12035,2026-03-29,TH,paid_search,
12036,2026-07-01,VN,organic,
12037,2025-10-06,TH,paid_social,
12038,2026-07-23,ID,paid_search,
12039,2026-11-18,MY,organic,SUMMER25
12040,2026-09-24,PH,paid_social,
12041,2026-04-19,TH,organic,SUMMER25
12042,2025-12-18,JP,organic,
12043,2025-12-20,JP,organic,
12044,2026-07-31,TH,affiliate,
12045,2026-02-28,SG,paid_social,WELCOME10
12046,2025-08-26,TH,paid_search,
12047,2026-06-27,TH,paid_search,
12048,2025-09-12,JP,direct,
12049,2026-12-09,TH,organic,
12050,2026-02-08,TH,organic,
12051,2025-12-30,TH,email,
12052,2025-07-30,MY,paid_search,
12053,2025-09-28,KH,direct,
12054,2026-11-18,ID,paid_social,
12055,2026-04-13,ID,paid_social,
12056,2026-10-24,TH,paid_social,
12057,2026-11-22,VN,organic,
12058,2025-07-27,TH,email,
12059,2026-01-19,SG,paid_search,
12060,2026-09-20,MY,organic,SUMMER25
12061,2026-03-22,JP,organic,FLASH50
12062,2026-03-29,VN,paid_search,
12063,2026-04-30,ID,organic,
12064,2026-07-10,SG,organic,FLASH50
12065,2026-11-13,TH,organic,SUMMER25
12066,2026-10-16,MY,email,
12067,2026-05-30,ID,paid_social,
12068,2026-05-04,ID,paid_search,
12069,2026-01-09,MY,organic,
12070,2025-09-01,TH,affiliate,
12071,2026-07-13,TH,paid_social,
12072,2025-07-02,TH,organic,
12073,2026-07-08,ID,direct,
12074,2026-03-22,JP,organic,
12075,2026-08-24,MY,organic,
12076,2026-11-18,ID,paid_search,
12077,2026-04-21,ID,direct,
12078,2026-05-02,TH,affiliate,SUMMER25
12079,2026-03-17,TH,paid_social,FLASH50
12080,2026-01-15,TH,paid_search,WELCOME10
12081,2025-08-17,AU,paid_search,FLASH50
12082,2025-07-17,TH,paid_search,
12083,2026-07-21,MY,paid_search,FLASH50
12084,2026-10-31,TH,email,
12085,2025-07-29,ID,paid_social,
12086,2025-12-22,TH,paid_search,
12087,2026-05-21,JP,direct,
12088,2026-07-11,TH,organic,
12089,2026-07-27,MM,organic,FLASH50
12090,2026-07-06,MY,paid_search,FLASH50
12091,2025-08-14,TH,direct,
12092,2025-11-13,VN,organic,
12093,2026-03-08,MY,organic,
12094,2025-08-03,TH,paid_search,
12095,2025-12-30,ID,direct,
12096,2026-01-22,MY,paid_search,FLASH50
12097,2026-12-04,MY,paid_social,
12098,2025-12-17,VN,email,
12099,2026-11-30,ID,paid_social,
12100,2026-07-09,TH,organic,
12101,2026-07-04,TH,organic,
12102,2026-09-10,TH,organic,
12103,2026-09-22,MY,affiliate,
12104,2025-10-27,TH,affiliate,
12105,2026-02-10,TH,organic,
12106,2026-04-08,VN,paid_search,
12107,2026-12-03,TH,organic,
12108,2025-07-22,TH,paid_search,FLASH50
12109,2026-03-12,PH,paid_search,
12110,2025-10-23,ID,direct,FLASH50
12111,2025-10-19,VN,paid_search,
12112,2026-08-11,TH,organic,SUMMER25
12113,2025-10-16,MY,paid_search,
12114,2026-08-27,AU,email,
12115,2026-12-12,TH,paid_search,
12116,2026-08-18,TH,affiliate,
12117,2025-09-29,TH,paid_search,
12118,2025-09-14,LA,paid_social,
12119,2026-02-18,TH,paid_search,
12120,2026-04-20,SG,email,
12121,2026-08-19,MY,paid_social,
12122,2026-02-11,JP,paid_search,
12123,2025-09-28,TH,affiliate,WELCOME10
12124,2026-12-11,MY,organic,
12125,2026-10-26,AU,organic,WELCOME10
12126,2026-06-14,TH,organic,SUMMER25
12127,2026-07-06,MY,paid_social,SUMMER25
12128,2026-11-11,TH,affiliate,
12129,2026-03-11,TH,paid_social,
12130,2025-09-16,TH,paid_search,
12131,2026-05-19,TH,organic,SUMMER25
12132,2026-02-26,TH,direct,
12133,2026-08-31,VN,organic,
12134,2026-08-16,SG,organic,
12135,2026-03-09,TH,affiliate,
12136,2026-01-13,ID,email,
12137,2026-02-10,AU,organic,
12138,2026-06-03,TH,paid_search,
12139,2026-06-05,TH,affiliate,
12140,2026-03-30,TH,organic,
12141,2026-04-10,PH,direct,
12142,2026-12-11,PH,paid_search,
12143,2025-11-13,SG,paid_search,
12144,2025-10-01,TH,organic,
12145,2026-08-30,MY,organic,WELCOME10
12146,2026-11-11,ID,organic,FLASH50
12147,2026-05-21,TH,paid_search,WELCOME10
12148,2026-01-31,TH,email,
12149,2026-01-02,TH,paid_search,
12150,2026-03-07,ID,paid_search,
12151,2025-07-28,JP,paid_search,
12152,2026-04-08,TH,organic,
12153,2025-11-21,MM,paid_social,SUMMER25
12154,2025-11-19,SG,paid_search,
12155,2026-04-25,ID,paid_search,
12156,2026-11-26,KH,paid_social,
12157,2025-10-18,MY,paid_search,
12158,2026-10-29,TH,affiliate,FLASH50
12159,2026-04-03,TH,paid_social,
12160,2026-12-01,PH,organic,
12161,2026-01-20,MY,organic,
12162,2026-12-14,TH,organic,FLASH50
12163,2026-06-17,MY,email,
12164,2026-06-23,TH,affiliate,
12165,2026-04-27,TH,direct,
12166,2026-02-26,PH,affiliate,SUMMER25
12167,2026-04-06,TH,email,FLASH50
12168,2026-09-27,TH,paid_search,FLASH50
12169,2026-08-27,TH,paid_social,
12170,2025-07-13,MM,paid_search,
12171,2026-07-06,TH,email,
12172,2026-09-18,TH,direct,
12173,2026-08-01,TH,affiliate,FLASH50
12174,2026-03-23,TH,affiliate,
12175,2025-12-26,TH,email,SUMMER25
12176,2026-06-24,TH,organic,SUMMER25
12177,2026-06-19,TH,paid_search,WELCOME10
12178,2026-01-16,ID,affiliate,
12179,2026-02-02,TH,paid_social,
12180,2026-01-13,TH,paid_search,
12181,2025-07-24,ID,paid_search,
12182,2025-07-17,TH,organic,
12183,2025-08-14,TH,email,
12184,2026-02-11,KR,affiliate,
12185,2026-03-30,MY,paid_social,
12186,2026-02-03,ID,organic,
12187,2026-11-22,SG,organic,
12188,2025-10-28,JP,paid_search,
12189,2026-01-26,TH,organic,FLASH50
12190,2025-11-09,TH,organic,
12191,2025-12-07,PH,organic,SUMMER25
12192,2026-05-08,TH,organic,
12193,2025-12-13,MY,organic,
12194,2025-12-17,TH,affiliate,
12195,2026-06-23,TH,paid_social,
12196,2026-09-16,ID,paid_search,
12197,2025-10-22,MY,direct,
12198,2025-08-29,MY,paid_search,
12199,2025-11-05,TH,email,WELCOME10
12200,2026-05-04,TH,organic,
12201,2026-11-24,VN,organic,FLASH50
12202,2025-09-24,TH,paid_search,
12203,2025-07-23,MY,direct,
12204,2026-04-08,SG,email,FLASH50
12205,2026-12-11,TH,paid_search,WELCOME10
12206,2026-04-21,TH,affiliate,
12207,2026-11-05,VN,organic,
12208,2026-06-08,TH,paid_social,
12209,2025-07-17,TH,organic,WELCOME10
12210,2026-02-13,JP,paid_social,
12211,2026-08-15,TH,organic,
12212,2026-03-29,VN,paid_social,
12213,2025-10-12,TH,paid_search,WELCOME10
12214,2025-10-05,TH,paid_social,
12215,2026-06-19,SG,organic,
12216,2026-03-04,TH,paid_search,
12217,2026-05-03,VN,paid_search,
12218,2026-01-15,TH,organic,
12219,2025-12-28,MY,paid_search,
12220,2026-06-21,VN,organic,FLASH50
12221,2025-07-05,MY,paid_search,
12222,2026-02-17,SG,paid_search,
12223,2026-01-14,TH,paid_search,
12224,2026-08-20,TH,paid_search,
12225,2026-07-24,MM,organic,
12226,2026-02-13,MY,organic,SUMMER25
12227,2025-11-18,ID,paid_social,
12228,2025-11-03,SG,affiliate,
12229,2025-10-21,TH,organic,
12230,2025-11-23,TH,organic,
12231,2026-08-10,TH,affiliate,WELCOME10
12232,2025-07-25,SG,paid_search,
12233,2025-07-14,TH,organic,
12234,2026-04-14,TH,organic,FLASH50
12235,2025-10-28,MY,direct,
12236,2026-09-16,SG,paid_search,
12237,2026-08-05,SG,organic,
12238,2026-08-14,VN,paid_search,
12239,2026-03-01,MY,organic,FLASH50
12240,2026-02-19,TH,organic,
12241,2026-02-12,VN,direct,
12242,2025-10-13,SG,paid_search,WELCOME10
12243,2026-04-29,SG,paid_social,
12244,2026-10-04,KH,email,
12245,2025-11-14,TH,organic,
12246,2025-07-31,MY,organic,
12247,2026-04-27,TH,organic,
12248,2026-01-29,TH,paid_social,
12249,2026-08-30,SG,paid_search,
12250,2026-09-30,TH,paid_search,
12251,2026-11-19,TH,organic,FLASH50
12252,2026-01-26,SG,organic,FLASH50
12253,2026-10-24,TH,paid_search,
12254,2025-09-01,SG,organic,
12255,2026-01-15,TH,affiliate,
12256,2025-11-19,TH,direct,
12257,2026-11-05,SG,email,
12258,2026-05-16,SG,paid_search,
12259,2026-01-12,VN,organic,
12260,2025-09-20,KR,paid_search,
12261,2026-08-22,TH,organic,
12262,2026-06-15,TH,direct,
12263,2026-09-28,PH,paid_social,FLASH50
12264,2026-02-19,ID,organic,
12265,2025-09-18,KR,affiliate,SUMMER25
12266,2025-12-26,VN,organic,
12267,2026-05-27,VN,affiliate,
12268,2025-11-06,TH,paid_search,
12269,2025-08-07,TH,email,
12270,2026-09-12,MY,direct,FLASH50
12271,2026-04-09,MY,paid_search,
12272,2026-01-28,VN,paid_social,
12273,2026-04-21,KR,organic,WELCOME10
12274,2026-07-29,TH,affiliate,
12275,2025-07-01,SG,paid_search,
12276,2026-02-20,KH,direct,FLASH50
12277,2025-11-13,PH,email,WELCOME10
12278,2025-08-18,PH,organic,FLASH50
12279,2025-07-20,ID,organic,FLASH50
12280,2026-02-20,KR,paid_social,
12281,2026-04-16,TH,paid_search,
12282,2026-03-28,TH,organic,FLASH50
12283,2026-08-22,TH,paid_search,
12284,2026-03-02,SG,paid_search,
12285,2026-05-11,PH,paid_search,WELCOME10
12286,2026-09-09,SG,organic,WELCOME10
12287,2026-06-16,MY,organic,
12288,2026-10-29,TH,organic,
12289,2025-10-27,VN,paid_social,
12290,2026-08-24,TH,paid_search,
12291,2026-07-07,MY,paid_search,
12292,2026-05-07,TH,direct,
12293,2025-07-02,SG,email,
12294,2026-04-15,SG,organic,WELCOME10
12295,2026-10-01,MY,affiliate,
12296,2026-06-09,SG,organic,
12297,2025-07-03,JP,paid_social,SUMMER25
12298,2025-12-01,LA,organic,
12299,2026-04-30,TH,organic,
12300,2026-09-06,TH,direct,SUMMER25
12301,2026-02-23,TH,paid_social,
12302,2026-09-30,TH,paid_search,
12303,2026-08-29,TH,email,
12304,2025-11-20,KH,organic,
12305,2025-10-12,MM,organic,
12306,2026-10-25,TH,paid_search,
12307,2026-05-11,VN,paid_social,
12308,2026-09-26,PH,paid_social,WELCOME10
12309,2026-11-04,TH,paid_search,
12310,2026-02-12,KH,paid_search,
12311,2025-07-25,KR,paid_search,
12312,2026-10-28,JP,paid_search,FLASH50
12313,2026-05-08,VN,organic,FLASH50
12314,2025-09-03,TH,organic,
12315,2026-04-09,TH,paid_social,FLASH50
12316,2025-07-15,KR,affiliate,
12317,2025-12-02,TH,paid_search,
12318,2026-01-02,SG,paid_search,
12319,2026-02-28,TH,paid_social,SUMMER25
12320,2026-04-28,SG,organic,
12321,2026-09-21,TH,paid_social,
12322,2026-01-04,PH,paid_search,
12323,2026-07-27,SG,paid_search,FLASH50
12324,2026-11-15,TH,organic,
12325,2026-08-03,TH,direct,
12326,2025-11-13,MY,organic,
12327,2026-06-27,VN,organic,
12328,2025-11-27,LA,paid_search,
12329,2026-03-12,PH,affiliate,WELCOME10
12330,2026-06-04,SG,affiliate,
12331,2025-12-04,PH,paid_search,
12332,2025-07-03,MY,paid_search,
12333,2026-09-20,ID,paid_search,
12334,2026-07-23,ID,organic,FLASH50
12335,2025-09-04,TH,organic,FLASH50
12336,2026-01-18,SG,paid_search,
12337,2025-11-17,ID,paid_social,FLASH50
12338,2026-12-04,TH,paid_social,
12339,2026-11-14,VN,direct,
12340,2026-07-04,TH,paid_search,
12341,2026-02-20,MY,paid_social,
12342,2025-07-28,PH,direct,
12343,2025-11-09,TH,organic,
12344,2025-08-19,TH,paid_search,SUMMER25
12345,2026-08-25,MY,paid_social,FLASH50
12346,2025-08-16,TH,paid_social,
12347,2026-06-27,TH,email,WELCOME10
12348,2026-11-20,VN,paid_social,
12349,2025-12-12,TH,email,
12350,2026-06-30,MY,organic,SUMMER25
12351,2026-10-12,TH,affiliate,
12352,2026-02-13,TH,organic,
12353,2026-02-25,TH,organic,SUMMER25
12354,2025-10-15,JP,organic,
12355,2026-02-13,MY,paid_social,FLASH50
12356,2026-10-09,TH,organic,SUMMER25
12357,2026-06-19,TH,organic,
12358,2025-10-16,MY,paid_social,
12359,2026-04-07,MY,paid_search,
12360,2026-07-12,TH,paid_search,
12361,2025-08-11,TH,paid_search,
12362,2026-08-11,SG,email,FLASH50
12363,2025-10-16,ID,paid_social,SUMMER25
12364,2025-12-05,PH,paid_search,
12365,2026-02-07,MY,affiliate,
12366,2026-03-27,ID,email,WELCOME10
12367,2026-11-01,SG,paid_search,
12368,2025-10-27,MY,organic,SUMMER25
12369,2025-11-14,ID,organic,
12370,2026-01-18,TH,paid_social,
12371,2026-09-30,AU,direct,
12372,2026-11-27,TH,organic,
12373,2026-02-28,MY,paid_search,SUMMER25
12374,2026-07-05,MY,organic,
12375,2026-11-01,PH,paid_search,
12376,2026-09-25,TH,email,
12377,2026-06-29,KH,affiliate,
12378,2026-04-15,TH,direct,FLASH50
12379,2026-12-07,TH,paid_search,SUMMER25
12380,2025-11-05,KH,paid_social,FLASH50
12381,2026-01-10,TH,email,
12382,2026-07-15,MY,paid_social,SUMMER25
12383,2025-07-12,SG,direct,SUMMER25
12384,2026-03-24,AU,organic,
12385,2026-09-29,VN,organic,
12386,2025-10-03,TH,organic,
12387,2026-09-02,PH,email,
12388,2026-02-05,TH,organic,SUMMER25
12389,2026-10-02,MY,affiliate,
12390,2026-06-04,VN,paid_search,WELCOME10
12391,2025-09-22,ID,paid_social,
12392,2026-07-27,ID,affiliate,SUMMER25
12393,2025-07-30,PH,paid_search,
12394,2025-11-07,MY,organic,
12395,2026-10-17,MM,paid_social,
12396,2026-10-10,TH,direct,
12397,2025-07-25,TH,organic,FLASH50
12398,2026-01-19,VN,organic,SUMMER25
12399,2025-08-20,TH,email,
12400,2025-11-22,SG,organic,
12401,2026-11-28,VN,organic,
12402,2025-10-12,MY,email,
12403,2026-06-07,TH,affiliate,FLASH50
12404,2026-09-02,TH,organic,
12405,2026-10-13,TH,direct,
12406,2026-01-05,TH,paid_social,
12407,2026-07-07,TH,organic,
12408,2026-03-15,PH,paid_search,
12409,2025-08-27,TH,email,
12410,2025-10-27,PH,paid_social,
12411,2026-08-03,JP,paid_social,SUMMER25
12412,2026-07-01,TH,paid_search,FLASH50
12413,2026-04-04,JP,organic,WELCOME10
12414,2026-08-21,TH,paid_social,
12415,2026-07-04,ID,organic,SUMMER25
12416,2025-12-28,KR,affiliate,WELCOME10
12417,2025-12-04,PH,organic,FLASH50
12418,2026-11-16,TH,organic,
12419,2026-11-30,TH,organic,
12420,2025-07-17,TH,affiliate,
12421,2026-08-26,AU,paid_search,
12422,2025-09-09,TH,paid_search,
12423,2026-10-03,SG,paid_search,FLASH50
12424,2026-05-10,TH,paid_social,SUMMER25
12425,2026-07-02,TH,email,
12426,2026-07-09,TH,paid_search,
12427,2026-05-19,TH,organic,
12428,2025-11-11,MY,email,FLASH50
12429,2026-09-04,SG,paid_search,
12430,2026-04-22,SG,paid_social,FLASH50
12431,2026-04-17,SG,organic,
12432,2025-12-17,TH,email,WELCOME10
12433,2025-07-06,VN,direct,SUMMER25
12434,2026-04-22,SG,paid_search,
12435,2025-12-31,SG,organic,
12436,2026-06-17,TH,organic,
12437,2026-01-11,TH,paid_search,
12438,2026-12-01,PH,paid_search,
12439,2026-06-28,PH,paid_search,
12440,2026-02-28,TH,paid_social,WELCOME10
12441,2026-07-13,TH,organic,FLASH50
12442,2026-06-11,TH,organic,
12443,2026-05-27,ID,direct,
12444,2026-05-05,TH,organic,SUMMER25
12445,2026-11-09,JP,direct,
12446,2025-12-17,TH,paid_social,
12447,2026-02-16,JP,organic,
12448,2025-11-12,TH,paid_social,
12449,2026-04-30,TH,direct,
12450,2026-12-09,TH,affiliate,WELCOME10
12451,2026-05-21,TH,paid_search,
12452,2025-10-19,KR,organic,WELCOME10
12453,2026-11-04,SG,paid_search,
12454,2026-08-26,TH,organic,
12455,2026-02-20,KR,organic,
12456,2025-09-17,TH,email,FLASH50
12457,2026-01-31,TH,paid_social,
12458,2026-09-02,TH,affiliate,
12459,2026-05-04,SG,paid_search,FLASH50
12460,2025-10-07,MM,organic,
12461,2025-09-23,TH,organic,FLASH50
12462,2026-11-28,VN,affiliate,FLASH50
12463,2026-02-24,TH,paid_search,
12464,2026-07-01,TH,paid_search,
12465,2026-01-09,ID,organic,FLASH50
12466,2025-08-18,VN,paid_search,
12467,2026-02-05,MY,organic,
12468,2026-07-05,TH,organic,SUMMER25
12469,2025-12-25,TH,email,WELCOME10
12470,2026-05-18,VN,paid_social,
12471,2026-02-19,MY,email,
12472,2025-12-27,SG,email,
12473,2025-11-13,TH,paid_social,
12474,2025-11-16,VN,paid_search,
12475,2025-11-14,TH,paid_search,FLASH50
12476,2026-07-19,ID,organic,
12477,2025-12-27,ID,affiliate,FLASH50
12478,2026-07-31,TH,affiliate,
12479,2025-12-13,SG,paid_search,
12480,2025-12-22,MY,paid_search,
12481,2026-11-05,MY,organic,
12482,2026-10-11,LA,organic,
12483,2026-01-30,MY,paid_search,
12484,2025-11-21,TH,direct,FLASH50
12485,2026-07-17,TH,organic,
12486,2025-08-07,ID,direct,
12487,2026-03-01,TH,paid_search,FLASH50
12488,2026-05-16,VN,paid_search,FLASH50
12489,2026-06-26,TH,organic,WELCOME10
12490,2025-08-27,TH,organic,
12491,2025-07-02,TH,paid_search,
12492,2025-11-25,KH,paid_social,
12493,2025-09-02,ID,paid_search,
12494,2026-03-28,MY,organic,
12495,2026-11-03,TH,organic,FLASH50
12496,2025-11-30,MM,organic,
12497,2026-02-27,KH,paid_social,
12498,2025-10-23,TH,paid_social,
12499,2025-07-24,VN,organic,
12500,2026-07-10,MM,affiliate,
12501,2025-11-14,TH,organic,FLASH50
12502,2026-04-18,TH,affiliate,FLASH50
12503,2026-06-30,MY,paid_search,
12504,2026-09-21,TH,paid_social,
12505,2025-10-07,VN,organic,SUMMER25
12506,2026-05-06,MY,affiliate,
12507,2026-10-29,TH,paid_social,WELCOME10
12508,2026-03-15,TH,organic,
12509,2025-07-22,ID,organic,
12510,2025-11-17,TH,affiliate,
12511,2026-08-28,TH,paid_search,SUMMER25
12512,2026-08-27,TH,paid_social,
12513,2025-12-15,PH,organic,
12514,2025-10-13,TH,organic,
12515,2025-12-03,TH,affiliate,
12516,2025-11-07,VN,organic,
12517,2026-07-30,TH,organic,
12518,2026-09-22,ID,organic,
12519,2025-07-25,TH,affiliate,WELCOME10
12520,2026-07-31,PH,paid_search,
12521,2026-08-06,TH,paid_search,
12522,2026-05-23,TH,paid_social,
12523,2026-10-08,TH,paid_search,
12524,2025-07-21,AU,organic,SUMMER25
12525,2026-07-08,PH,organic,
12526,2025-09-06,TH,organic,FLASH50
12527,2026-10-22,TH,email,
12528,2026-03-24,TH,affiliate,WELCOME10
12529,2025-08-18,TH,affiliate,WELCOME10
12530,2026-08-02,TH,affiliate,
12531,2026-08-04,KH,organic,FLASH50
12532,2026-03-05,TH,affiliate,
12533,2025-12-13,KH,paid_search,
12534,2025-07-10,TH,affiliate,
12535,2026-10-27,PH,direct,SUMMER25
12536,2025-10-07,SG,paid_search,
12537,2026-09-23,TH,paid_social,
12538,2026-05-10,VN,paid_search,
12539,2026-07-01,TH,email,
12540,2026-07-06,KH,organic,
12541,2026-10-01,VN,paid_search,
12542,2025-07-18,KR,email,WELCOME10
12543,2026-12-11,PH,organic,
12544,2025-07-24,TH,paid_search,
12545,2026-12-15,TH,paid_social,
12546,2025-11-17,ID,paid_social,
12547,2026-09-24,TH,organic,WELCOME10
12548,2025-08-14,MY,organic,FLASH50
12549,2026-03-03,TH,paid_search,
12550,2026-04-15,ID,paid_search,FLASH50
12551,2026-11-21,TH,direct,WELCOME10
12552,2025-09-04,TH,affiliate,SUMMER25
12553,2025-07-20,JP,paid_social,
12554,2026-06-11,PH,organic,FLASH50
12555,2025-07-27,TH,email,
12556,2026-08-19,TH,organic,
12557,2025-07-21,VN,direct,WELCOME10
12558,2026-11-30,TH,direct,
12559,2026-04-10,MY,direct,SUMMER25
12560,2026-11-18,VN,organic,
12561,2025-09-06,TH,organic,
12562,2025-11-23,TH,paid_social,
12563,2026-02-28,TH,paid_search,
12564,2025-07-16,TH,paid_search,
12565,2025-08-24,MY,paid_social,
12566,2025-12-23,TH,paid_social,WELCOME10
12567,2026-07-28,AU,paid_search,
12568,2026-07-13,VN,paid_search,
12569,2025-08-16,TH,paid_social,
12570,2025-08-01,MY,organic,
12571,2026-06-15,TH,paid_social,
12572,2026-01-08,TH,affiliate,
12573,2026-08-27,MY,email,
12574,2025-12-06,TH,affiliate,
12575,2026-01-10,TH,paid_search,WELCOME10
12576,2025-10-25,TH,email,FLASH50
12577,2025-11-20,TH,paid_search,
12578,2026-07-12,ID,affiliate,WELCOME10
12579,2026-03-09,KR,organic,
12580,2026-06-17,ID,paid_social,
12581,2025-08-11,KR,organic,
12582,2026-04-12,MY,organic,WELCOME10
12583,2026-03-02,TH,paid_search,FLASH50
12584,2026-10-29,KH,organic,
12585,2026-02-11,TH,paid_search,
12586,2025-08-24,TH,affiliate,WELCOME10
12587,2026-07-07,AU,paid_social,WELCOME10
12588,2025-09-18,ID,affiliate,
12589,2026-10-28,MM,affiliate,
12590,2026-01-21,TH,paid_search,
12591,2026-08-23,VN,direct,SUMMER25
12592,2026-06-15,TH,organic,
12593,2026-03-05,TH,organic,FLASH50
12594,2026-05-08,LA,paid_search,
12595,2025-10-06,TH,affiliate,
12596,2025-08-09,ID,organic,
12597,2026-08-13,KH,paid_search,SUMMER25
12598,2026-11-23,KH,paid_social,
12599,2026-10-03,TH,affiliate,
12600,2025-12-10,TH,affiliate,
12601,2026-01-07,MM,organic,
12602,2026-01-08,MY,organic,
12603,2026-07-10,SG,paid_social,
12604,2026-05-29,TH,email,
12605,2026-08-29,TH,organic,
12606,2026-11-16,AU,paid_social,
12607,2026-01-26,SG,organic,
12608,2026-06-19,VN,organic,
12609,2026-03-24,TH,paid_search,
12610,2026-11-21,TH,affiliate,
12611,2026-01-05,MY,affiliate,
12612,2025-10-08,KH,paid_search,
12613,2026-01-18,TH,paid_social,
12614,2026-05-26,TH,paid_search,
12615,2026-11-21,MY,organic,
12616,2026-09-15,TH,affiliate,
12617,2025-07-10,TH,organic,
12618,2026-03-29,MY,email,
12619,2025-09-23,TH,affiliate,WELCOME10
12620,2026-01-10,ID,paid_social,
12621,2026-11-16,TH,paid_social,
12622,2026-12-07,VN,affiliate,
12623,2025-09-20,PH,organic,FLASH50
12624,2025-09-14,PH,paid_social,
12625,2026-07-07,ID,organic,
12626,2026-02-05,MY,paid_social,
12627,2026-02-16,TH,paid_social,
12628,2026-10-09,SG,organic,WELCOME10
12629,2026-11-03,TH,organic,
12630,2026-10-23,ID,paid_social,
12631,2026-08-22,TH,direct,WELCOME10
12632,2026-12-05,TH,paid_social,
12633,2026-07-19,SG,paid_search,
12634,2026-10-15,ID,direct,
12635,2026-04-15,TH,affiliate,
12636,2025-07-28,SG,affiliate,
12637,2026-09-09,MY,paid_search,
12638,2026-11-08,MM,paid_search,
12639,2025-12-14,ID,organic,
12640,2026-02-14,TH,affiliate,FLASH50
12641,2026-05-01,PH,organic,
12642,2026-06-13,TH,paid_social,FLASH50
12643,2026-06-25,TH,email,
12644,2026-01-27,TH,paid_social,WELCOME10
12645,2026-09-29,SG,organic,
12646,2026-09-07,ID,organic,
12647,2026-11-15,MY,paid_social,
12648,2026-05-03,PH,organic,
12649,2025-08-11,MY,organic,
12650,2026-09-24,TH,paid_search,
12651,2025-08-12,MY,paid_social,
12652,2025-10-12,VN,paid_social,
12653,2025-11-29,SG,organic,
12654,2025-10-07,SG,paid_social,WELCOME10
12655,2026-07-21,MY,paid_search,
12656,2026-02-20,MY,paid_search,SUMMER25
12657,2025-10-25,TH,email,
12658,2025-07-03,PH,organic,WELCOME10
12659,2025-10-24,TH,paid_search,FLASH50
12660,2026-07-05,TH,organic,
12661,2026-08-28,VN,organic,WELCOME10
12662,2025-12-05,PH,paid_social,
12663,2025-08-09,ID,paid_social,
12664,2026-04-24,SG,paid_social,
12665,2026-08-22,JP,email,
12666,2025-08-07,TH,affiliate,
12667,2026-08-29,TH,organic,WELCOME10
12668,2025-09-29,MY,paid_social,FLASH50
12669,2025-11-15,SG,paid_social,
12670,2026-05-28,MY,paid_social,FLASH50
12671,2025-07-28,JP,paid_search,
12672,2025-12-10,TH,direct,
12673,2025-09-13,TH,paid_search,SUMMER25
12674,2025-10-23,SG,affiliate,
12675,2026-08-17,SG,paid_search,FLASH50
12676,2025-10-30,VN,affiliate,SUMMER25
12677,2025-07-24,AU,paid_search,
12678,2025-10-23,ID,organic,
12679,2025-08-16,KR,paid_search,FLASH50
12680,2026-05-28,TH,paid_search,
12681,2026-12-01,TH,organic,
12682,2025-09-28,TH,paid_social,
12683,2026-07-24,VN,email,
12684,2026-01-10,TH,email,WELCOME10
12685,2025-08-08,TH,paid_search,
12686,2026-07-02,TH,paid_search,
12687,2025-10-20,TH,email,
12688,2026-03-31,ID,direct,
12689,2026-03-28,LA,organic,
12690,2026-05-15,TH,organic,
12691,2025-09-10,MY,organic,WELCOME10
12692,2025-11-11,TH,paid_search,
12693,2026-07-29,TH,affiliate,
12694,2026-11-10,TH,organic,WELCOME10
12695,2025-07-07,MY,paid_social,FLASH50
12696,2026-02-06,MY,organic,
12697,2026-10-13,ID,organic,
12698,2025-11-30,PH,paid_social,
12699,2026-02-24,TH,paid_social,
12700,2026-10-26,VN,organic,
12701,2026-11-29,ID,paid_search,
12702,2026-06-15,TH,paid_search,
12703,2026-07-05,TH,email,FLASH50
12704,2026-05-24,TH,email,
12705,2025-11-29,TH,paid_search,FLASH50
12706,2026-10-16,TH,direct,
12707,2025-07-19,TH,paid_social,FLASH50
12708,2025-08-01,LA,organic,FLASH50
12709,2026-05-17,LA,paid_search,FLASH50
12710,2026-09-20,MY,email,
12711,2026-09-07,VN,paid_social,WELCOME10
12712,2026-06-27,KR,direct,
12713,2026-01-17,TH,paid_search,
12714,2026-01-08,MY,email,
12715,2026-02-12,ID,affiliate,
12716,2025-11-14,MM,affiliate,
12717,2026-02-09,VN,direct,
12718,2025-08-25,TH,paid_search,
12719,2025-12-18,VN,paid_social,
12720,2026-11-14,TH,organic,
12721,2026-07-12,TH,email,
12722,2025-09-14,MY,paid_social,
12723,2025-11-30,ID,organic,
12724,2025-11-16,TH,paid_search,
12725,2025-11-28,TH,organic,SUMMER25
12726,2026-07-04,VN,paid_search,
12727,2026-10-21,TH,organic,
12728,2026-07-14,PH,direct,
12729,2026-03-18,SG,paid_social,
12730,2025-09-24,MY,direct,FLASH50
12731,2025-09-15,TH,organic,
12732,2026-09-07,AU,paid_search,
12733,2026-06-27,LA,direct,
12734,2026-03-29,TH,paid_social,
12735,2026-05-04,ID,organic,
12736,2026-09-26,VN,email,
12737,2026-09-07,TH,organic,
12738,2025-08-16,MY,organic,
12739,2026-01-27,PH,affiliate,
12740,2025-07-23,SG,paid_social,
12741,2026-01-22,MM,paid_social,
12742,2026-06-05,TH,organic,
12743,2025-10-20,MM,organic,
12744,2025-09-18,JP,paid_search,
12745,2026-03-19,TH,paid_search,
12746,2026-04-06,SG,organic,
12747,2026-07-16,ID,paid_social,WELCOME10
12748,2025-07-08,LA,email,WELCOME10
12749,2025-11-10,TH,direct,
12750,2026-08-20,TH,affiliate,
12751,2026-06-29,VN,organic,WELCOME10
12752,2026-10-23,TH,paid_search,
12753,2026-09-08,MY,email,
12754,2026-09-21,MY,organic,
12755,2026-03-30,JP,organic,FLASH50
12756,2026-11-23,TH,organic,
12757,2026-02-07,AU,paid_social,
12758,2026-10-25,MY,direct,FLASH50
12759,2026-01-25,LA,paid_search,
12760,2026-02-22,TH,paid_social,
12761,2026-07-01,ID,paid_social,
12762,2026-01-29,PH,email,FLASH50
12763,2025-09-17,VN,organic,
12764,2026-10-21,TH,paid_social,
12765,2026-02-27,SG,email,
12766,2026-11-07,TH,direct,
12767,2026-01-29,TH,paid_search,
12768,2026-12-01,ID,organic,
12769,2026-05-18,AU,email,
12770,2026-08-14,ID,email,FLASH50
12771,2026-08-07,TH,organic,
12772,2025-10-16,TH,organic,
12773,2026-09-08,TH,organic,
12774,2026-11-16,TH,paid_social,
12775,2026-06-18,PH,paid_search,
12776,2026-11-17,TH,organic,
12777,2026-09-24,TH,affiliate,
12778,2026-06-21,VN,organic,
12779,2026-03-12,TH,direct,SUMMER25
12780,2026-09-30,TH,paid_search,
12781,2025-10-07,SG,paid_search,
12782,2026-04-26,TH,direct,
12783,2026-09-08,MY,organic,
12784,2026-11-16,SG,organic,
12785,2025-11-20,ID,paid_search,
12786,2025-08-20,TH,paid_social,
12787,2025-12-25,TH,paid_search,FLASH50
12788,2026-10-04,ID,direct,
12789,2026-04-06,TH,direct,
12790,2025-07-30,TH,organic,FLASH50
12791,2025-09-02,TH,organic,FLASH50
12792,2025-12-28,TH,paid_social,
12793,2025-12-30,TH,direct,
12794,2025-09-11,KR,organic,
12795,2026-03-21,SG,paid_search,
12796,2026-03-13,MY,organic,
12797,2025-10-15,TH,direct,
12798,2025-11-01,TH,organic,
12799,2026-06-20,VN,paid_social,
12800,2026-11-20,VN,organic,
12801,2026-12-14,JP,paid_social,
12802,2026-04-25,TH,paid_search,
12803,2025-07-21,TH,paid_social,
12804,2026-10-22,VN,organic,
12805,2026-11-19,TH,organic,
12806,2025-11-26,TH,organic,SUMMER25
12807,2026-01-30,TH,affiliate,
12808,2025-07-14,TH,paid_social,
12809,2026-09-01,PH,organic,FLASH50
12810,2026-08-18,KH,paid_search,
12811,2025-07-11,ID,paid_search,WELCOME10
12812,2026-07-10,TH,organic,
12813,2026-02-05,VN,affiliate,
12814,2026-04-17,ID,paid_search,
12815,2025-10-25,VN,paid_social,
12816,2026-09-08,SG,paid_social,
12817,2026-02-01,AU,email,
12818,2026-09-21,TH,affiliate,
12819,2025-09-18,MY,organic,
12820,2026-05-10,PH,organic,SUMMER25
12821,2025-12-13,LA,paid_search,
12822,2026-11-27,AU,organic,
12823,2026-04-23,TH,paid_search,
12824,2026-07-19,ID,direct,FLASH50
12825,2025-08-15,TH,organic,
12826,2026-06-26,ID,paid_social,
12827,2025-08-23,TH,organic,
12828,2026-01-09,SG,organic,
12829,2025-10-27,MM,organic,
12830,2025-07-02,PH,organic,
12831,2026-05-09,SG,organic,
12832,2025-11-06,TH,direct,SUMMER25
12833,2026-03-31,TH,paid_social,
12834,2026-08-12,TH,organic,SUMMER25
12835,2025-10-03,TH,organic,FLASH50
12836,2026-07-14,LA,direct,SUMMER25
12837,2025-12-06,SG,organic,WELCOME10
12838,2025-12-24,TH,organic,
12839,2026-05-04,VN,affiliate,WELCOME10
12840,2026-05-30,TH,paid_social,
12841,2026-06-15,TH,organic,FLASH50
12842,2025-10-13,TH,paid_social,
12843,2026-05-05,TH,paid_search,
12844,2025-11-18,MY,paid_social,
12845,2025-11-25,VN,organic,
12846,2026-11-17,SG,email,
12847,2025-08-23,PH,paid_social,
12848,2026-02-06,MM,organic,FLASH50
12849,2026-02-20,PH,paid_social,FLASH50
12850,2025-11-08,AU,paid_search,
12851,2026-08-23,MM,email,
12852,2026-03-17,PH,organic,
12853,2026-07-19,TH,paid_search,
12854,2026-01-23,TH,affiliate,
12855,2026-10-21,VN,organic,SUMMER25
12856,2026-07-24,PH,paid_search,SUMMER25
12857,2025-12-25,PH,affiliate,SUMMER25
12858,2026-11-25,ID,paid_social,
12859,2026-10-05,PH,paid_search,FLASH50
12860,2026-05-12,ID,paid_search,
12861,2025-07-09,ID,paid_social,
12862,2026-05-12,TH,email,
12863,2026-07-04,SG,paid_social,
12864,2026-01-11,TH,paid_social,FLASH50
12865,2025-09-15,TH,affiliate,
12866,2026-04-27,MY,paid_search,
12867,2026-09-01,TH,paid_search,
12868,2025-12-18,MM,paid_social,
12869,2026-03-01,SG,paid_search,
12870,2025-07-01,ID,paid_search,
12871,2026-07-11,TH,organic,
12872,2026-10-05,PH,paid_social,
12873,2026-08-18,SG,paid_social,
12874,2026-02-14,MY,email,
12875,2025-07-25,ID,organic,
12876,2026-03-20,MY,email,
12877,2026-11-14,MY,organic,
12878,2025-08-14,VN,affiliate,
12879,2025-10-23,PH,paid_social,
12880,2026-09-20,TH,paid_search,
12881,2026-04-29,MM,email,FLASH50
12882,2025-09-29,TH,paid_search,
12883,2025-07-13,TH,organic,
12884,2026-02-04,TH,paid_search,
12885,2026-05-14,TH,paid_search,
12886,2026-09-21,TH,affiliate,FLASH50
12887,2026-10-15,PH,paid_search,
12888,2026-03-01,MY,organic,
12889,2026-02-11,JP,paid_search,
12890,2026-11-09,TH,paid_social,SUMMER25
12891,2026-08-19,MY,paid_search,
12892,2025-10-20,TH,affiliate,
12893,2026-06-29,SG,organic,
12894,2026-07-17,TH,paid_social,
12895,2025-11-02,ID,direct,
12896,2026-12-04,VN,paid_search,
12897,2025-12-06,TH,paid_search,FLASH50
12898,2026-04-19,TH,direct,
12899,2026-03-21,TH,organic,
12900,2026-07-04,TH,paid_social,
12901,2026-10-24,ID,paid_search,
12902,2026-01-26,SG,organic,
12903,2026-01-21,PH,affiliate,
12904,2026-08-05,KR,organic,
12905,2026-11-20,TH,email,
12906,2026-10-28,MM,paid_search,FLASH50
12907,2026-08-06,VN,organic,
12908,2026-07-10,TH,organic,
12909,2026-08-14,PH,affiliate,
12910,2026-11-11,SG,paid_search,
12911,2025-07-06,ID,organic,FLASH50
12912,2026-05-10,ID,organic,
12913,2025-07-19,KH,paid_social,
12914,2026-05-04,VN,organic,
12915,2026-01-27,PH,direct,
12916,2025-12-10,TH,organic,FLASH50
12917,2026-10-18,JP,organic,
12918,2026-07-14,ID,paid_search,
12919,2026-04-29,VN,organic,
12920,2026-10-14,PH,affiliate,
12921,2025-08-22,TH,email,
12922,2026-06-10,TH,paid_social,
12923,2025-09-22,PH,email,FLASH50
12924,2025-11-02,MM,affiliate,
12925,2025-10-07,VN,organic,
12926,2026-04-17,SG,organic,
12927,2026-06-01,TH,paid_social,
12928,2026-08-07,MY,direct,
12929,2026-02-20,TH,affiliate,
12930,2026-11-13,KH,paid_social,
12931,2026-01-16,MY,organic,
12932,2025-09-22,TH,affiliate,FLASH50
12933,2025-07-20,SG,paid_social,FLASH50
12934,2025-09-06,AU,direct,
12935,2026-02-23,MY,paid_social,
12936,2026-02-06,TH,organic,
12937,2026-09-29,SG,paid_social,
12938,2025-09-05,SG,paid_search,
12939,2025-11-17,TH,paid_search,WELCOME10
12940,2026-12-05,VN,paid_social,
12941,2025-07-16,TH,email,
12942,2026-02-12,SG,affiliate,
12943,2025-10-14,SG,organic,
12944,2026-04-11,SG,organic,
12945,2026-12-01,MY,paid_search,
12946,2025-10-30,ID,paid_social,
12947,2026-01-14,TH,paid_social,
12948,2026-02-25,TH,paid_search,
12949,2026-08-30,VN,paid_search,
12950,2026-12-07,LA,affiliate,
12951,2025-08-21,TH,organic,
12952,2026-03-18,TH,paid_social,SUMMER25
12953,2026-08-06,AU,affiliate,
12954,2025-07-05,TH,organic,FLASH50
12955,2026-09-03,JP,organic,
12956,2025-11-07,PH,paid_social,
12957,2026-04-03,TH,organic,
12958,2026-12-04,TH,paid_search,SUMMER25
12959,2026-06-04,JP,email,
12960,2026-12-10,TH,organic,
12961,2026-05-18,MY,email,
12962,2025-10-21,TH,organic,
12963,2026-07-05,MY,paid_search,
12964,2026-05-24,PH,organic,
12965,2025-12-13,ID,paid_social,
12966,2025-08-10,TH,direct,
12967,2026-06-11,MY,paid_search,FLASH50
12968,2026-05-04,ID,email,
12969,2026-08-17,TH,paid_social,
12970,2025-09-06,VN,direct,
12971,2026-04-14,ID,paid_social,
12972,2026-09-10,TH,paid_social,
12973,2026-10-19,AU,direct,
12974,2026-11-13,SG,paid_social,FLASH50
12975,2025-10-21,TH,affiliate,
12976,2025-10-01,TH,organic,
12977,2026-05-04,TH,organic,FLASH50
12978,2026-03-04,TH,paid_social,FLASH50
12979,2025-11-02,TH,organic,FLASH50
12980,2025-08-24,VN,paid_search,
12981,2025-09-15,ID,email,
12982,2025-12-28,TH,paid_social,WELCOME10
12983,2026-07-30,ID,direct,
12984,2025-08-04,VN,paid_search,FLASH50
12985,2025-08-26,SG,organic,
12986,2025-11-19,KR,organic,
12987,2026-10-09,TH,direct,
12988,2026-12-10,TH,paid_search,WELCOME10
12989,2026-02-20,TH,email,
12990,2025-07-24,TH,paid_search,
12991,2025-07-07,SG,organic,
12992,2026-10-01,TH,affiliate,
12993,2026-02-23,MY,paid_social,
12994,2025-08-11,LA,paid_search,
12995,2026-09-18,VN,paid_search,
12996,2026-04-08,ID,paid_search,
12997,2026-01-03,ID,affiliate,
12998,2026-02-26,VN,organic,
12999,2025-10-28,SG,organic,
13000,2026-11-09,TH,organic,
13001,2026-08-24,TH,paid_search,SUMMER25
13002,2025-10-15,TH,affiliate,
13003,2026-07-27,MY,paid_social,
13004,2025-10-04,SG,direct,FLASH50
13005,2026-02-27,TH,paid_social,FLASH50
13006,2026-08-04,TH,paid_search,
13007,2025-07-20,VN,paid_social,
13008,2026-07-22,TH,email,WELCOME10
13009,2025-10-29,SG,organic,
13010,2026-07-08,TH,paid_search,SUMMER25
13011,2026-03-24,TH,paid_search,
13012,2025-07-14,VN,direct,
13013,2026-08-11,TH,organic,
13014,2025-11-16,TH,organic,
13015,2026-11-20,KR,paid_social,WELCOME10
13016,2026-09-21,SG,paid_social,
13017,2025-10-11,MY,paid_search,
13018,2026-05-17,ID,paid_search,
13019,2026-01-09,TH,paid_social,
13020,2026-05-17,TH,paid_search,FLASH50
13021,2026-04-23,TH,paid_search,FLASH50
13022,2025-12-05,TH,organic,SUMMER25
13023,2026-06-13,TH,affiliate,
13024,2025-11-16,MY,paid_search,WELCOME10
13025,2026-10-27,TH,paid_social,
13026,2026-11-17,TH,paid_search,
13027,2025-09-27,MY,organic,FLASH50
13028,2026-07-23,SG,paid_social,FLASH50
13029,2026-11-08,MY,paid_search,FLASH50
13030,2025-09-06,TH,organic,SUMMER25
13031,2026-07-30,ID,direct,
13032,2026-11-12,PH,email,FLASH50
13033,2025-10-28,MY,paid_social,
13034,2026-05-07,PH,paid_social,
13035,2026-08-30,TH,paid_social,
13036,2025-12-25,TH,paid_search,FLASH50
13037,2025-11-04,TH,organic,
13038,2026-01-28,SG,paid_social,
13039,2025-12-26,KH,affiliate,WELCOME10
13040,2026-07-22,TH,paid_search,
13041,2026-01-14,TH,email,
13042,2026-01-17,KH,paid_search,
13043,2026-11-16,TH,paid_search,FLASH50
13044,2026-05-05,ID,paid_search,
13045,2026-11-08,TH,paid_social,SUMMER25
13046,2026-07-14,AU,organic,
13047,2026-10-15,TH,paid_search,FLASH50
13048,2025-10-13,VN,affiliate,SUMMER25
13049,2026-11-13,MY,paid_social,
13050,2026-11-16,JP,paid_search,WELCOME10
13051,2025-07-22,KR,paid_social,
13052,2026-01-06,VN,email,
13053,2026-02-06,TH,paid_search,SUMMER25
13054,2026-02-09,SG,affiliate,
13055,2026-08-19,PH,organic,
13056,2026-07-08,ID,paid_search,
13057,2025-10-22,KH,organic,
13058,2026-05-21,VN,direct,
13059,2026-12-02,TH,organic,
13060,2026-02-20,TH,direct,
13061,2026-11-07,TH,paid_search,
13062,2026-06-12,ID,paid_search,WELCOME10
13063,2026-11-06,SG,paid_search,
13064,2026-10-25,TH,organic,
13065,2025-07-09,VN,organic,
13066,2026-08-31,TH,paid_search,WELCOME10
13067,2025-10-09,TH,affiliate,
13068,2026-09-13,SG,paid_social,
13069,2026-09-04,SG,direct,
13070,2025-11-15,TH,organic,
13071,2025-08-05,VN,affiliate,WELCOME10
13072,2026-02-09,PH,organic,
13073,2025-12-09,ID,paid_search,
13074,2026-04-22,AU,organic,
13075,2025-08-13,TH,direct,WELCOME10
13076,2025-07-24,TH,paid_search,
13077,2026-02-18,TH,paid_search,
13078,2026-08-15,VN,paid_search,
13079,2025-12-15,TH,paid_search,
13080,2025-12-20,AU,organic,FLASH50
13081,2025-09-26,MY,paid_social,
13082,2025-11-28,PH,paid_social,
13083,2025-12-07,SG,organic,
13084,2025-11-16,VN,organic,
13085,2025-12-31,SG,organic,
13086,2025-11-29,MY,paid_search,
13087,2026-06-28,VN,organic,
13088,2025-12-28,TH,organic,
13089,2026-08-07,KH,organic,
13090,2026-05-19,VN,paid_search,SUMMER25
13091,2026-06-07,VN,paid_social,
13092,2026-05-08,TH,paid_social,SUMMER25
13093,2026-11-04,TH,organic,FLASH50
13094,2025-11-14,TH,paid_search,
13095,2026-12-06,ID,paid_social,
13096,2025-10-19,TH,paid_search,WELCOME10
13097,2025-09-12,KR,direct,
13098,2026-09-14,JP,paid_social,
13099,2026-10-21,TH,paid_social,WELCOME10
13100,2025-08-19,VN,paid_search,
13101,2026-05-16,TH,paid_search,SUMMER25
13102,2026-03-31,TH,organic,
13103,2025-10-26,TH,organic,
13104,2026-04-04,PH,affiliate,
13105,2026-07-01,LA,email,
13106,2026-05-03,TH,direct,WELCOME10
13107,2026-04-04,TH,paid_search,
13108,2026-10-16,SG,direct,
13109,2025-10-29,MY,paid_social,
13110,2026-05-29,TH,paid_search,WELCOME10
13111,2025-12-16,PH,email,SUMMER25
13112,2026-12-01,AU,direct,FLASH50
13113,2025-11-12,TH,paid_search,
13114,2026-10-08,PH,affiliate,
13115,2026-06-02,ID,affiliate,
13116,2025-10-23,MY,paid_social,
13117,2026-08-09,PH,paid_search,
13118,2025-11-06,SG,organic,
13119,2025-11-17,MY,direct,SUMMER25
13120,2025-12-31,TH,organic,
13121,2026-06-29,VN,organic,FLASH50
13122,2026-01-25,TH,paid_search,
13123,2026-04-30,TH,paid_search,
13124,2026-04-21,SG,organic,SUMMER25
13125,2025-10-13,TH,organic,
13126,2025-11-01,TH,email,FLASH50
13127,2025-12-11,TH,paid_search,
13128,2025-10-27,KH,direct,WELCOME10
13129,2026-11-02,MY,email,
13130,2026-01-20,TH,paid_search,
13131,2026-02-01,PH,paid_search,
13132,2026-06-24,PH,organic,
13133,2026-08-25,TH,direct,
13134,2026-07-02,MY,paid_social,
13135,2026-04-20,TH,affiliate,
13136,2026-12-03,MY,direct,WELCOME10
13137,2026-10-23,VN,organic,
13138,2025-10-16,TH,email,FLASH50
13139,2025-09-24,SG,affiliate,WELCOME10
13140,2026-01-26,TH,paid_search,
13141,2026-09-19,MY,direct,
13142,2026-11-27,TH,paid_social,
13143,2026-07-10,PH,paid_search,
13144,2026-07-03,MY,organic,
13145,2025-11-02,TH,paid_social,FLASH50
13146,2026-05-12,VN,affiliate,
13147,2025-10-07,TH,organic,WELCOME10
13148,2026-04-14,MY,paid_search,
13149,2025-10-12,SG,organic,
13150,2025-08-10,TH,paid_social,
13151,2026-11-28,TH,paid_social,
13152,2026-10-20,TH,affiliate,SUMMER25
13153,2026-07-01,VN,organic,
13154,2026-05-30,ID,organic,
13155,2025-11-05,TH,organic,
13156,2026-05-01,TH,direct,
13157,2026-08-03,KH,paid_search,WELCOME10
13158,2026-04-14,TH,organic,
13159,2025-11-28,TH,organic,WELCOME10
13160,2026-01-25,ID,organic,
13161,2026-09-22,TH,paid_social,
13162,2025-11-13,AU,paid_search,
13163,2026-11-25,TH,affiliate,
13164,2026-08-07,PH,organic,
13165,2026-10-18,TH,paid_search,
13166,2026-03-29,TH,paid_social,
13167,2025-10-28,TH,organic,
13168,2025-07-19,JP,organic,
13169,2026-04-12,MY,organic,
13170,2026-01-29,TH,paid_social,FLASH50
13171,2025-08-30,AU,paid_social,
13172,2026-11-07,TH,paid_search,
13173,2026-11-30,TH,paid_social,
13174,2026-01-16,TH,organic,
13175,2026-06-22,PH,affiliate,
13176,2026-02-06,TH,affiliate,
13177,2026-03-22,TH,organic,FLASH50
13178,2026-05-29,AU,email,
13179,2026-02-07,MY,paid_search,
13180,2026-09-01,TH,paid_search,
13181,2025-10-09,MY,paid_search,
13182,2026-06-22,TH,affiliate,
13183,2026-12-07,SG,organic,
13184,2026-09-27,TH,organic,
13185,2025-07-25,ID,direct,
13186,2025-08-30,VN,direct,FLASH50
13187,2026-06-01,TH,affiliate,
13188,2026-11-05,TH,organic,
13189,2026-09-23,TH,paid_social,
13190,2026-10-25,VN,paid_search,FLASH50
13191,2025-09-18,VN,organic,
13192,2026-04-03,VN,organic,
13193,2026-07-22,JP,email,
13194,2026-05-29,PH,organic,
13195,2026-08-19,JP,organic,WELCOME10
13196,2025-10-22,ID,organic,WELCOME10
13197,2026-03-01,TH,paid_social,FLASH50
13198,2026-02-24,MY,affiliate,
13199,2026-11-13,TH,organic,
13200,2025-10-17,TH,affiliate,
13201,2025-12-21,TH,organic,
13202,2025-07-12,TH,paid_search,WELCOME10
13203,2025-09-19,ID,organic,
13204,2026-12-05,TH,paid_search,
13205,2026-09-25,TH,direct,
13206,2025-11-16,MM,affiliate,
13207,2026-07-10,MY,organic,
13208,2026-05-13,TH,direct,
13209,2026-10-27,TH,paid_social,
13210,2025-12-08,TH,paid_search,
13211,2026-12-12,LA,email,
13212,2026-01-14,TH,affiliate,SUMMER25
13213,2026-07-18,AU,paid_social,
13214,2026-01-29,TH,organic,
13215,2026-06-23,VN,organic,
13216,2025-12-26,TH,email,
13217,2026-09-23,SG,paid_social,
13218,2026-06-05,TH,affiliate,
13219,2025-12-01,TH,affiliate,
13220,2026-11-25,KR,email,
13221,2026-07-13,VN,paid_search,
13222,2026-02-14,TH,paid_search,
13223,2025-09-11,VN,organic,
13224,2026-12-01,TH,organic,
13225,2026-08-07,MM,paid_search,
13226,2026-06-21,SG,paid_search,WELCOME10
13227,2026-09-18,TH,organic,
13228,2026-05-20,TH,paid_social,
13229,2025-11-01,TH,paid_search,FLASH50
13230,2025-11-04,AU,paid_search,WELCOME10
13231,2025-08-12,TH,paid_search,
13232,2025-08-03,TH,paid_search,WELCOME10
13233,2026-07-24,PH,paid_social,SUMMER25
13234,2026-09-28,TH,paid_search,FLASH50
13235,2025-09-26,TH,paid_search,
13236,2026-05-02,ID,paid_search,
13237,2025-09-05,TH,organic,
13238,2026-02-06,PH,affiliate,FLASH50
13239,2026-08-26,MY,direct,
13240,2026-09-06,TH,organic,
13241,2026-11-18,SG,organic,
13242,2025-12-13,TH,affiliate,FLASH50
13243,2026-11-18,MY,paid_social,
13244,2026-08-22,MY,paid_search,
13245,2025-12-28,VN,paid_social,FLASH50
13246,2025-12-22,SG,email,
13247,2025-08-27,VN,organic,
13248,2026-11-03,TH,paid_social,
13249,2025-10-17,MM,affiliate,
13250,2025-11-20,TH,organic,FLASH50
13251,2026-02-06,PH,direct,
13252,2025-09-12,SG,direct,FLASH50
13253,2026-09-03,TH,affiliate,FLASH50
13254,2026-07-08,TH,paid_search,
13255,2025-09-22,MM,paid_social,
13256,2025-09-25,PH,paid_social,
13257,2025-07-12,VN,organic,
13258,2026-11-19,TH,organic,
13259,2026-02-18,MY,organic,
13260,2026-06-15,TH,paid_search,WELCOME10
13261,2025-09-18,ID,affiliate,
13262,2025-11-01,TH,email,
13263,2026-04-15,PH,paid_search,
13264,2025-10-20,ID,paid_social,FLASH50
13265,2026-05-23,TH,paid_social,WELCOME10
13266,2026-11-05,ID,paid_search,
13267,2025-12-10,TH,paid_social,WELCOME10
13268,2026-05-20,TH,organic,FLASH50
13269,2026-11-01,TH,organic,
13270,2026-10-20,TH,paid_search,
13271,2025-07-05,TH,direct,FLASH50
13272,2025-08-28,ID,direct,WELCOME10
13273,2026-12-08,VN,paid_social,
13274,2026-11-06,SG,paid_social,
13275,2025-12-19,KR,paid_social,SUMMER25
13276,2026-04-04,LA,paid_search,
13277,2026-05-02,TH,organic,WELCOME10
13278,2026-06-22,SG,organic,
13279,2026-08-04,LA,organic,
13280,2026-01-15,TH,direct,FLASH50
13281,2026-10-18,TH,affiliate,
13282,2025-08-01,AU,paid_social,
13283,2025-07-18,VN,affiliate,
13284,2026-11-23,PH,paid_social,
13285,2025-10-03,KH,paid_social,WELCOME10
13286,2026-12-13,TH,affiliate,
13287,2025-11-30,ID,organic,
13288,2026-01-11,PH,organic,
13289,2025-07-15,TH,paid_social,
13290,2026-11-16,TH,organic,
13291,2026-01-08,TH,paid_social,
13292,2025-09-28,VN,affiliate,WELCOME10
13293,2026-03-15,ID,affiliate,WELCOME10
13294,2025-09-21,LA,paid_search,
13295,2026-08-25,TH,organic,
13296,2025-08-08,ID,direct,
13297,2026-03-24,TH,email,
13298,2026-01-25,AU,paid_search,FLASH50
13299,2025-07-20,MY,email,
13300,2025-07-28,VN,email,SUMMER25
13301,2026-04-03,TH,paid_search,
13302,2026-01-27,TH,paid_search,
13303,2025-09-08,TH,direct,
13304,2025-09-12,PH,affiliate,
13305,2026-09-02,TH,paid_social,WELCOME10
13306,2026-07-25,PH,direct,FLASH50
13307,2026-05-20,TH,email,
13308,2026-09-18,MY,organic,WELCOME10
13309,2025-08-06,TH,paid_search,
13310,2026-07-02,TH,email,FLASH50
13311,2026-08-06,MY,organic,WELCOME10
13312,2025-10-15,TH,organic,
13313,2026-04-12,SG,email,FLASH50
13314,2026-08-13,MY,affiliate,
13315,2026-05-18,TH,organic,
13316,2025-11-10,MY,organic,
13317,2026-06-20,ID,affiliate,
13318,2026-08-09,TH,organic,WELCOME10
13319,2025-07-06,TH,organic,FLASH50
13320,2026-04-29,TH,email,WELCOME10
13321,2026-03-26,TH,affiliate,
13322,2026-01-12,TH,paid_search,
13323,2025-07-24,MY,paid_social,
13324,2025-08-14,TH,paid_search,
13325,2026-08-04,KH,organic,
13326,2026-09-15,VN,direct,
13327,2026-02-09,TH,paid_search,
13328,2026-11-13,MY,paid_social,
13329,2026-11-07,TH,paid_search,
13330,2026-06-20,TH,paid_search,WELCOME10
13331,2026-05-06,KR,organic,
13332,2026-11-27,SG,paid_search,
13333,2026-05-22,TH,paid_social,
13334,2026-11-10,PH,affiliate,
13335,2026-12-04,MM,affiliate,
13336,2025-10-12,MY,organic,FLASH50
13337,2026-06-18,ID,paid_search,SUMMER25
13338,2026-07-25,VN,paid_search,FLASH50
13339,2026-09-11,VN,paid_social,
13340,2026-01-03,SG,email,
13341,2026-10-03,PH,affiliate,
13342,2026-03-17,MY,paid_search,
13343,2026-01-23,TH,affiliate,
13344,2025-09-22,TH,organic,FLASH50
13345,2025-12-19,TH,organic,
13346,2026-12-02,TH,organic,FLASH50
13347,2026-07-17,TH,paid_search,
13348,2026-07-23,SG,paid_search,FLASH50
13349,2026-10-21,AU,paid_search,
13350,2025-11-20,TH,paid_social,
13351,2026-06-18,TH,organic,
13352,2026-01-14,PH,paid_search,
13353,2026-09-25,TH,organic,
13354,2026-02-11,VN,paid_search,SUMMER25
13355,2026-09-29,MY,paid_search,SUMMER25
13356,2026-08-03,MY,organic,
13357,2026-08-16,TH,paid_search,
13358,2026-11-06,TH,affiliate,
13359,2026-08-26,ID,organic,
13360,2025-12-19,TH,affiliate,
13361,2026-04-04,TH,organic,
13362,2026-03-09,TH,affiliate,
13363,2025-08-04,ID,organic,
13364,2026-05-13,SG,direct,
13365,2026-02-19,VN,organic,WELCOME10
13366,2026-01-26,VN,direct,
13367,2025-08-28,TH,organic,
13368,2026-03-26,LA,paid_social,
13369,2026-05-05,PH,paid_search,FLASH50
13370,2025-08-26,TH,organic,
13371,2026-06-04,SG,organic,
13372,2025-09-28,TH,organic,
13373,2025-09-16,LA,paid_search,FLASH50
13374,2026-01-30,TH,paid_social,
13375,2026-01-24,TH,paid_search,
13376,2026-10-31,MM,paid_social,
13377,2025-08-06,MY,organic,
13378,2026-01-03,TH,paid_social,FLASH50
13379,2026-07-27,ID,affiliate,
13380,2025-11-11,VN,organic,
13381,2026-12-06,TH,affiliate,WELCOME10
13382,2026-07-31,MY,organic,
13383,2026-11-17,ID,paid_search,
13384,2026-11-18,SG,affiliate,
13385,2025-08-28,KR,paid_social,
13386,2026-03-02,SG,paid_search,SUMMER25
13387,2026-08-01,ID,paid_search,SUMMER25
13388,2025-07-05,VN,paid_social,
13389,2026-02-26,TH,paid_search,WELCOME10
13390,2026-07-02,TH,direct,
13391,2026-08-27,JP,affiliate,
13392,2026-02-07,VN,organic,
13393,2026-10-03,TH,paid_search,FLASH50
13394,2026-06-25,TH,paid_social,
13395,2025-07-25,TH,paid_social,
13396,2025-11-26,TH,organic,
13397,2026-11-12,TH,affiliate,WELCOME10
13398,2025-07-02,MY,paid_social,
13399,2025-08-27,TH,organic,WELCOME10
13400,2025-12-31,ID,organic,
13401,2026-12-12,AU,paid_social,
13402,2026-07-11,KR,affiliate,
13403,2025-09-17,PH,paid_search,
13404,2026-01-26,SG,organic,
13405,2026-11-13,MY,organic,
13406,2025-10-25,SG,paid_search,
13407,2026-05-03,TH,paid_social,
13408,2026-03-05,PH,organic,
13409,2026-08-10,ID,affiliate,
13410,2026-08-06,ID,organic,
13411,2026-09-18,TH,affiliate,
13412,2025-09-02,TH,email,
13413,2026-02-27,KH,organic,
13414,2026-07-04,TH,email,
13415,2026-02-09,TH,paid_social,FLASH50
13416,2026-06-21,ID,email,
13417,2026-06-04,ID,paid_search,
13418,2026-01-14,TH,email,SUMMER25
13419,2025-08-23,TH,paid_search,
13420,2026-11-30,VN,organic,
13421,2026-09-14,MM,direct,WELCOME10
13422,2026-10-20,SG,direct,
13423,2025-12-07,VN,organic,
13424,2025-12-16,TH,paid_search,SUMMER25
13425,2025-12-20,ID,direct,
13426,2025-07-17,MY,paid_search,FLASH50
13427,2025-09-29,PH,paid_search,
13428,2025-12-12,VN,organic,
13429,2026-12-09,TH,paid_search,
13430,2025-10-18,TH,paid_search,
13431,2026-03-28,PH,paid_social,
13432,2026-04-18,TH,paid_search,
13433,2026-01-08,ID,paid_social,
13434,2026-11-02,SG,organic,
13435,2025-08-19,TH,affiliate,
13436,2026-10-07,ID,organic,
13437,2026-08-01,SG,paid_social,
13438,2025-12-11,KH,affiliate,
13439,2026-08-14,TH,affiliate,SUMMER25
13440,2026-02-14,TH,organic,FLASH50
13441,2026-11-30,TH,affiliate,
13442,2025-07-20,TH,organic,
13443,2025-07-16,ID,organic,
13444,2026-04-17,TH,affiliate,SUMMER25
13445,2026-11-09,TH,organic,
13446,2025-08-03,KR,paid_search,
13447,2026-08-19,TH,direct,
13448,2026-11-13,TH,organic,
13449,2026-03-17,KH,affiliate,
13450,2026-10-06,ID,paid_social,
13451,2026-08-08,TH,paid_search,
13452,2025-10-23,JP,paid_search,
13453,2026-09-29,SG,paid_search,
13454,2026-07-08,TH,affiliate,
13455,2025-07-07,TH,affiliate,
13456,2026-04-29,AU,paid_search,
13457,2026-06-14,TH,paid_social,
13458,2026-09-01,PH,paid_search,WELCOME10
13459,2026-08-16,TH,affiliate,
13460,2026-03-11,TH,organic,
13461,2025-12-07,PH,paid_search,
13462,2025-10-11,KR,paid_search,FLASH50
13463,2025-08-17,TH,paid_social,
13464,2026-06-07,TH,organic,
13465,2026-11-24,VN,paid_search,
13466,2025-08-12,MY,direct,FLASH50
13467,2026-07-10,TH,organic,
13468,2026-05-08,TH,paid_search,
13469,2025-09-30,AU,organic,
13470,2025-10-22,TH,paid_social,
13471,2025-11-29,TH,organic,
13472,2026-07-01,TH,email,FLASH50
13473,2025-12-07,TH,paid_search,FLASH50
13474,2026-09-15,MY,direct,
13475,2026-01-14,TH,organic,
13476,2025-08-28,MY,affiliate,
13477,2025-08-20,TH,organic,
13478,2026-01-30,TH,organic,
13479,2026-02-03,KH,email,
13480,2026-07-26,SG,paid_search,
13481,2026-03-13,TH,paid_social,
13482,2025-09-26,TH,affiliate,
13483,2025-10-22,MY,paid_search,WELCOME10
13484,2026-04-28,VN,organic,
13485,2025-12-26,ID,email,
13486,2026-06-24,VN,paid_social,
13487,2026-11-04,TH,email,
13488,2026-01-06,JP,affiliate,
13489,2026-04-21,TH,affiliate,
13490,2026-09-17,TH,paid_social,
13491,2025-10-21,SG,organic,
13492,2026-03-30,TH,email,
13493,2025-12-10,SG,affiliate,
13494,2026-05-31,TH,paid_social,
13495,2026-08-01,VN,email,WELCOME10
13496,2025-09-14,VN,organic,FLASH50
13497,2025-10-08,MY,organic,
13498,2025-07-13,SG,organic,
13499,2025-07-07,TH,paid_social,
13500,2025-07-28,PH,paid_search,
13501,2026-07-12,SG,organic,
13502,2026-10-25,SG,paid_social,
13503,2026-02-04,TH,paid_search,
13504,2026-10-14,TH,paid_search,
13505,2026-07-24,TH,organic,
13506,2026-09-04,ID,organic,SUMMER25
13507,2026-07-30,PH,paid_search,SUMMER25
13508,2025-10-15,KR,organic,
13509,2026-04-05,SG,paid_search,
13510,2026-04-07,SG,paid_search,
13511,2026-06-07,VN,direct,FLASH50
13512,2026-08-29,TH,organic,
13513,2025-08-30,MY,organic,
13514,2026-06-25,ID,affiliate,
13515,2026-09-18,TH,organic,SUMMER25
13516,2025-08-31,TH,paid_search,FLASH50
13517,2026-02-07,TH,affiliate,
13518,2026-10-21,MY,organic,
13519,2025-07-13,TH,direct,
13520,2025-09-24,TH,paid_search,WELCOME10
13521,2026-09-02,TH,affiliate,
13522,2025-09-30,PH,email,
13523,2026-07-10,KH,email,
13524,2026-10-24,LA,organic,
13525,2026-03-23,PH,paid_social,
13526,2026-03-16,TH,paid_search,
13527,2026-02-14,TH,paid_search,
13528,2026-01-15,SG,affiliate,
13529,2026-01-19,MY,paid_search,
13530,2026-04-22,VN,paid_search,
13531,2026-10-21,TH,paid_social,
13532,2026-12-06,AU,organic,
13533,2026-10-05,TH,paid_social,
13534,2025-09-02,MY,organic,
13535,2025-12-11,KH,paid_social,
13536,2026-08-08,MY,organic,WELCOME10
13537,2026-04-17,VN,affiliate,FLASH50
13538,2025-12-26,VN,organic,
13539,2025-12-13,VN,paid_social,FLASH50
13540,2025-09-01,PH,paid_social,WELCOME10
13541,2025-12-25,TH,paid_search,
13542,2026-02-10,TH,paid_social,
13543,2026-02-07,PH,affiliate,
13544,2026-04-19,MY,organic,FLASH50
13545,2025-11-23,MY,paid_social,
13546,2025-10-18,TH,paid_search,
13547,2026-10-17,TH,paid_social,
13548,2026-02-02,SG,email,
13549,2025-11-13,JP,paid_social,WELCOME10
13550,2026-06-04,TH,organic,
13551,2026-04-16,TH,paid_search,
13552,2026-05-04,TH,paid_search,FLASH50
13553,2025-10-27,SG,organic,
13554,2026-07-21,TH,paid_social,
13555,2025-10-11,ID,paid_social,FLASH50
13556,2026-09-19,TH,affiliate,
13557,2026-02-12,TH,organic,
13558,2026-02-04,TH,paid_social,
13559,2026-01-24,TH,paid_search,
13560,2026-02-11,PH,organic,
13561,2026-06-20,LA,paid_search,
13562,2026-03-22,VN,paid_social,
13563,2025-09-06,KH,paid_search,
13564,2026-04-28,TH,affiliate,WELCOME10
13565,2025-11-20,LA,organic,
13566,2025-08-27,SG,paid_search,WELCOME10
13567,2026-09-21,VN,organic,
13568,2025-12-14,MY,organic,
13569,2026-05-14,TH,paid_search,
13570,2025-09-30,TH,paid_social,
13571,2025-12-28,TH,paid_search,WELCOME10
13572,2026-01-22,TH,paid_search,
13573,2025-09-10,SG,paid_search,
13574,2026-12-01,KR,paid_search,WELCOME10
13575,2025-12-14,TH,organic,
13576,2026-05-07,MY,paid_social,FLASH50
13577,2026-04-28,MY,affiliate,
13578,2026-02-14,TH,affiliate,
13579,2026-05-09,TH,organic,
13580,2026-04-28,SG,paid_search,
13581,2025-08-12,SG,paid_social,
13582,2026-06-22,TH,affiliate,
13583,2025-08-30,TH,organic,FLASH50
13584,2026-02-17,TH,organic,FLASH50
13585,2026-01-11,PH,direct,FLASH50
13586,2026-02-24,PH,organic,
13587,2025-08-08,TH,direct,FLASH50
13588,2026-07-09,ID,paid_social,
13589,2026-02-09,MM,paid_search,
13590,2025-08-02,TH,organic,
13591,2025-07-02,TH,email,FLASH50
13592,2026-04-14,TH,organic,
13593,2026-06-21,TH,paid_search,
13594,2026-04-18,PH,organic,FLASH50
13595,2026-07-19,PH,organic,
13596,2026-08-08,MY,paid_social,
13597,2026-10-08,TH,organic,
13598,2026-12-06,PH,paid_social,
13599,2026-10-15,TH,paid_social,
13600,2026-08-29,TH,paid_search,
13601,2026-02-15,TH,paid_social,
13602,2026-03-26,PH,organic,
13603,2026-05-25,VN,affiliate,
13604,2025-09-29,ID,organic,
13605,2026-06-27,VN,paid_social,
13606,2026-05-10,TH,affiliate,
13607,2026-04-04,TH,affiliate,SUMMER25
13608,2026-09-18,PH,organic,
13609,2026-07-02,MM,paid_search,
13610,2026-11-09,SG,email,
13611,2026-12-03,TH,email,
13612,2026-09-13,JP,paid_social,WELCOME10
13613,2025-12-06,TH,organic,
13614,2025-10-09,TH,paid_search,FLASH50
13615,2025-12-07,TH,direct,
13616,2026-07-15,TH,organic,
13617,2026-10-04,MY,affiliate,WELCOME10
13618,2026-10-13,MY,paid_search,
13619,2026-06-30,TH,affiliate,
13620,2026-06-28,TH,organic,FLASH50
13621,2026-11-20,MY,organic,
13622,2026-07-01,SG,paid_search,
13623,2025-09-14,TH,email,
13624,2026-03-24,TH,paid_social,
13625,2026-01-08,PH,paid_social,SUMMER25
13626,2026-06-05,KR,direct,
13627,2026-06-04,TH,paid_search,
13628,2025-12-04,ID,email,
13629,2025-12-07,KH,organic,FLASH50
13630,2025-08-17,TH,organic,
13631,2025-12-04,LA,paid_search,
13632,2026-09-15,SG,direct,
13633,2026-06-15,MY,paid_social,
13634,2026-11-15,MY,organic,FLASH50
13635,2026-11-06,TH,direct,FLASH50
13636,2026-09-30,VN,affiliate,
13637,2025-10-04,VN,affiliate,
13638,2025-12-25,TH,paid_social,
13639,2025-07-31,MY,paid_search,WELCOME10
13640,2025-08-19,AU,organic,
13641,2025-11-01,KH,paid_social,
13642,2025-11-27,ID,organic,FLASH50
13643,2025-07-09,TH,paid_social,
13644,2026-09-23,TH,paid_search,SUMMER25
13645,2026-04-07,TH,paid_social,
13646,2026-06-15,PH,affiliate,
13647,2026-06-14,VN,paid_search,
13648,2026-11-28,MM,paid_search,SUMMER25
13649,2025-09-17,TH,organic,
13650,2025-12-30,JP,organic,
13651,2025-12-12,JP,organic,FLASH50
13652,2026-04-20,ID,organic,
13653,2026-04-07,KH,paid_search,WELCOME10
13654,2026-08-26,SG,paid_search,
13655,2026-04-25,TH,direct,
13656,2025-11-02,TH,organic,
13657,2026-04-28,TH,organic,
13658,2026-11-26,TH,affiliate,
13659,2026-05-05,ID,organic,FLASH50
13660,2026-05-12,TH,paid_social,
13661,2025-10-02,TH,affiliate,SUMMER25
13662,2025-07-05,TH,paid_social,
13663,2025-10-20,ID,organic,
13664,2025-07-14,AU,organic,FLASH50
13665,2026-02-27,TH,direct,
13666,2026-10-14,VN,email,
13667,2026-02-24,JP,affiliate,
13668,2026-06-09,ID,organic,SUMMER25
13669,2026-09-30,VN,paid_search,
13670,2026-08-11,MY,paid_social,
13671,2026-06-12,JP,organic,FLASH50
13672,2026-08-22,TH,direct,
13673,2025-11-27,VN,direct,
13674,2026-02-10,TH,organic,
13675,2026-01-29,TH,organic,
13676,2026-08-30,VN,paid_search,
13677,2026-02-03,PH,paid_search,
13678,2026-11-12,KH,paid_search,
13679,2025-10-08,MM,paid_social,
13680,2025-09-30,VN,paid_search,
13681,2026-07-17,MY,organic,
13682,2026-08-12,AU,organic,
13683,2026-06-27,TH,paid_search,
13684,2025-12-12,TH,paid_search,
13685,2025-07-05,SG,email,WELCOME10
13686,2025-12-19,MY,organic,
13687,2026-03-06,ID,affiliate,
13688,2026-02-05,PH,paid_search,
13689,2026-11-04,TH,paid_social,FLASH50
13690,2026-10-04,PH,organic,
13691,2026-08-18,MY,paid_search,FLASH50
13692,2025-07-12,AU,paid_search,
13693,2025-09-06,TH,affiliate,
13694,2026-02-17,MY,organic,
13695,2026-05-28,VN,paid_search,
13696,2026-06-28,SG,paid_search,
13697,2025-12-05,TH,paid_social,FLASH50
13698,2025-08-28,TH,organic,
13699,2025-12-22,TH,organic,
13700,2026-08-27,SG,paid_social,
13701,2026-12-08,ID,paid_search,
13702,2026-11-15,MY,organic,WELCOME10
13703,2026-05-13,VN,organic,FLASH50
13704,2025-08-18,TH,paid_social,
13705,2026-11-28,TH,direct,
13706,2025-09-20,VN,affiliate,
13707,2025-11-21,VN,affiliate,
13708,2026-12-02,ID,paid_social,
13709,2026-03-26,VN,paid_search,
13710,2025-10-14,JP,direct,
13711,2026-03-25,AU,organic,
13712,2025-08-12,ID,affiliate,
13713,2025-12-16,TH,organic,
13714,2026-11-20,TH,paid_social,
13715,2025-12-07,ID,direct,
13716,2026-10-19,SG,affiliate,
13717,2026-04-16,TH,email,
13718,2026-06-15,TH,affiliate,
13719,2026-07-10,AU,paid_search,FLASH50
13720,2026-04-20,TH,paid_search,
13721,2025-07-19,VN,paid_search,
13722,2026-11-02,LA,organic,
13723,2026-03-11,ID,paid_search,FLASH50
13724,2026-06-15,TH,organic,
13725,2026-04-22,PH,email,
13726,2026-06-16,ID,affiliate,SUMMER25
13727,2026-01-06,TH,organic,
13728,2026-09-23,ID,paid_social,
13729,2025-10-28,TH,affiliate,SUMMER25
13730,2026-06-14,ID,email,
13731,2026-05-05,LA,paid_search,
13732,2026-03-26,MY,paid_social,SUMMER25
13733,2025-07-12,AU,organic,FLASH50
13734,2026-01-24,SG,affiliate,
13735,2025-07-26,PH,email,
13736,2026-03-26,VN,organic,
13737,2026-07-02,TH,organic,
13738,2026-04-05,MM,organic,
13739,2026-08-08,MM,paid_search,
13740,2026-01-09,TH,organic,
13741,2025-12-11,VN,affiliate,
13742,2026-02-24,TH,paid_search,
13743,2025-10-31,TH,paid_search,
13744,2026-09-01,TH,affiliate,FLASH50
13745,2026-09-05,SG,paid_social,
13746,2026-02-08,TH,paid_search,
13747,2026-08-27,TH,affiliate,
13748,2025-07-14,AU,paid_social,
13749,2025-09-21,SG,organic,
13750,2025-11-28,PH,organic,
13751,2026-01-23,TH,affiliate,
13752,2025-11-01,TH,organic,
13753,2026-03-30,VN,organic,
13754,2026-08-27,TH,paid_search,
13755,2026-03-01,SG,email,
13756,2026-02-25,KR,paid_social,SUMMER25
13757,2025-08-01,TH,affiliate,
13758,2025-11-27,SG,organic,
13759,2026-09-04,ID,affiliate,
13760,2026-09-06,TH,paid_search,
13761,2025-08-25,VN,direct,
13762,2025-07-11,SG,paid_social,
13763,2026-09-16,TH,paid_social,FLASH50
13764,2025-10-01,SG,email,
13765,2026-05-03,SG,direct,SUMMER25
13766,2026-09-14,ID,organic,
13767,2026-08-24,AU,organic,
13768,2026-04-20,VN,paid_social,FLASH50
13769,2026-01-17,TH,organic,
13770,2026-08-17,JP,paid_search,
13771,2026-07-06,VN,organic,
13772,2026-09-20,TH,paid_search,SUMMER25
13773,2026-03-31,TH,paid_social,
13774,2026-11-15,TH,organic,SUMMER25
13775,2026-08-15,TH,paid_search,
13776,2025-08-03,SG,paid_search,
13777,2025-12-04,TH,direct,
13778,2026-08-30,JP,organic,SUMMER25
13779,2025-08-31,SG,affiliate,
13780,2026-07-13,TH,direct,
13781,2025-12-29,JP,paid_search,FLASH50
13782,2025-10-19,SG,paid_social,
13783,2026-04-14,TH,organic,FLASH50
13784,2026-11-09,TH,paid_search,
13785,2026-10-22,ID,organic,
13786,2026-02-01,SG,paid_social,
13787,2025-07-02,ID,direct,
13788,2026-10-17,PH,organic,
13789,2026-10-22,ID,paid_search,
13790,2026-05-19,KH,paid_social,SUMMER25
13791,2026-06-01,VN,paid_search,
13792,2026-04-07,ID,paid_search,
13793,2025-07-07,TH,paid_search,WELCOME10
13794,2025-09-24,SG,paid_social,
13795,2025-09-15,SG,organic,
13796,2026-10-31,MY,paid_search,
13797,2025-07-27,TH,paid_search,
13798,2026-04-23,ID,organic,
13799,2026-01-10,TH,paid_search,WELCOME10
13800,2025-07-04,MY,paid_search,
13801,2026-11-02,TH,paid_social,
13802,2025-07-10,LA,paid_social,
13803,2026-09-30,TH,paid_search,
13804,2026-08-19,VN,affiliate,WELCOME10
13805,2026-08-28,MY,paid_search,
13806,2025-09-25,TH,paid_search,
13807,2026-10-13,PH,paid_search,
13808,2026-05-16,MM,paid_search,
13809,2026-01-31,VN,affiliate,SUMMER25
13810,2026-06-29,AU,paid_social,SUMMER25
13811,2025-12-29,SG,organic,
13812,2025-11-26,MM,paid_search,FLASH50
13813,2025-12-01,KH,organic,
13814,2026-04-30,VN,paid_social,
13815,2026-05-17,PH,direct,
13816,2025-11-06,VN,paid_social,
13817,2025-11-08,SG,paid_search,
13818,2026-11-17,MY,organic,
13819,2026-04-01,TH,paid_search,SUMMER25
13820,2026-10-02,ID,paid_search,FLASH50
13821,2025-12-23,TH,email,
13822,2025-12-01,VN,paid_search,
13823,2025-11-28,SG,direct,
13824,2026-04-08,TH,paid_search,
13825,2026-08-20,TH,organic,
13826,2026-03-24,TH,paid_social,WELCOME10
13827,2025-12-05,ID,organic,FLASH50
13828,2026-11-24,TH,organic,
13829,2026-05-02,TH,organic,
13830,2026-01-27,TH,paid_search,
13831,2025-07-06,TH,organic,
13832,2026-04-26,TH,direct,
13833,2026-05-28,TH,affiliate,WELCOME10
13834,2026-11-08,ID,paid_social,
13835,2025-10-31,VN,paid_search,FLASH50
13836,2025-09-25,AU,organic,SUMMER25
13837,2026-12-15,TH,paid_social,
13838,2026-04-20,TH,organic,FLASH50
13839,2025-07-15,TH,paid_search,
13840,2025-08-26,MY,organic,SUMMER25
13841,2026-03-11,TH,paid_social,
13842,2026-05-26,TH,paid_social,
13843,2025-11-07,MY,paid_search,FLASH50
13844,2026-01-11,TH,paid_social,
13845,2026-07-28,MY,organic,FLASH50
13846,2026-11-28,ID,organic,
13847,2026-03-19,PH,paid_search,
13848,2026-02-07,TH,paid_social,
13849,2026-01-09,TH,organic,
13850,2025-09-11,MY,email,
13851,2025-07-29,TH,organic,WELCOME10
13852,2026-09-18,TH,organic,
13853,2025-07-20,SG,paid_social,
13854,2026-09-11,TH,organic,
13855,2025-11-09,TH,paid_search,
13856,2026-07-06,ID,organic,
13857,2026-11-20,PH,paid_search,
13858,2026-08-04,TH,paid_search,
13859,2026-07-24,MY,organic,FLASH50
13860,2025-11-19,KR,paid_search,
13861,2026-05-15,TH,affiliate,
13862,2026-06-08,VN,affiliate,
13863,2026-02-12,TH,paid_search,
13864,2025-07-21,AU,direct,WELCOME10
13865,2026-10-30,TH,organic,
13866,2025-10-13,TH,email,
13867,2026-12-01,JP,direct,
13868,2026-11-09,ID,paid_social,
13869,2025-07-11,TH,organic,WELCOME10
13870,2026-07-30,VN,email,
13871,2026-06-03,LA,paid_search,
13872,2025-10-31,SG,organic,
13873,2026-09-07,TH,email,
13874,2025-08-29,TH,paid_search,WELCOME10
13875,2025-11-10,AU,paid_search,
13876,2026-11-18,TH,paid_social,
13877,2026-07-31,TH,email,
13878,2025-08-29,TH,paid_search,
13879,2025-09-15,TH,email,
13880,2025-11-15,MY,organic,WELCOME10
13881,2025-08-07,TH,paid_social,FLASH50
13882,2025-10-06,TH,paid_search,
13883,2026-05-01,TH,paid_search,
13884,2025-07-04,TH,organic,FLASH50
13885,2025-12-01,TH,organic,FLASH50
13886,2025-12-15,TH,organic,
13887,2026-11-30,VN,paid_social,
13888,2026-12-02,TH,organic,
13889,2026-09-24,TH,paid_social,WELCOME10
13890,2025-12-30,MY,email,
13891,2026-04-08,VN,paid_social,FLASH50
13892,2026-03-26,ID,affiliate,
13893,2026-10-02,KR,paid_social,
13894,2026-08-02,TH,direct,
13895,2026-10-27,TH,affiliate,FLASH50
13896,2026-04-20,TH,paid_search,
13897,2026-11-02,TH,paid_social,
13898,2026-08-01,JP,paid_social,
13899,2026-07-29,MY,affiliate,
13900,2026-06-18,VN,paid_search,
13901,2025-12-26,KR,paid_search,
13902,2026-05-21,PH,email,
13903,2026-01-07,TH,direct,
13904,2026-06-12,KH,paid_search,
13905,2025-11-13,SG,paid_search,
13906,2026-08-30,TH,paid_search,SUMMER25
13907,2026-05-01,MY,paid_social,
13908,2026-07-14,MM,organic,FLASH50
13909,2025-10-27,VN,direct,
13910,2026-08-27,TH,paid_search,FLASH50
13911,2026-09-01,PH,organic,FLASH50
13912,2025-09-16,SG,organic,FLASH50
13913,2026-01-03,ID,paid_social,
13914,2026-06-27,TH,paid_social,SUMMER25
13915,2026-10-09,TH,paid_social,
13916,2026-07-28,TH,paid_search,
13917,2026-03-09,KH,paid_search,
13918,2025-12-07,KR,paid_search,
13919,2026-10-29,TH,organic,FLASH50
13920,2026-10-10,TH,organic,
13921,2026-10-22,TH,paid_search,FLASH50
13922,2025-12-10,VN,affiliate,WELCOME10
13923,2026-02-18,MY,organic,
13924,2025-11-07,MY,paid_social,
13925,2026-11-21,TH,organic,
13926,2026-10-06,TH,organic,
13927,2025-10-01,MM,organic,
13928,2025-11-09,MY,paid_search,FLASH50
13929,2026-04-21,TH,organic,
13930,2026-02-07,TH,email,
13931,2026-03-03,TH,paid_search,SUMMER25
13932,2026-01-13,TH,paid_search,
13933,2026-06-25,TH,direct,
13934,2026-10-22,VN,organic,
13935,2026-11-01,TH,paid_social,
13936,2026-02-28,TH,affiliate,
13937,2026-09-15,MY,organic,
13938,2026-07-06,TH,organic,FLASH50
13939,2025-10-13,SG,affiliate,
13940,2026-08-28,KH,organic,WELCOME10
13941,2026-01-03,TH,paid_search,
13942,2026-05-31,VN,paid_search,
13943,2026-07-20,TH,organic,
13944,2026-11-15,TH,email,
13945,2026-11-18,TH,email,FLASH50
13946,2026-09-01,ID,email,
13947,2026-03-27,TH,organic,
13948,2026-01-30,VN,direct,SUMMER25
13949,2026-02-21,TH,paid_social,SUMMER25
13950,2026-11-19,MY,paid_social,
13951,2025-10-18,TH,paid_social,
13952,2026-04-06,TH,affiliate,
13953,2026-06-28,MY,paid_search,WELCOME10
13954,2025-07-13,TH,paid_social,
13955,2026-06-04,TH,paid_social,WELCOME10
13956,2025-11-16,MY,organic,
13957,2025-11-27,VN,organic,
13958,2026-05-28,ID,paid_search,WELCOME10
13959,2025-07-05,TH,paid_social,
13960,2025-09-22,TH,paid_social,
13961,2026-02-28,TH,affiliate,
13962,2026-05-08,TH,paid_social,
13963,2025-08-28,TH,organic,
13964,2026-01-09,TH,paid_social,
13965,2025-12-11,TH,organic,
13966,2026-04-11,SG,affiliate,SUMMER25
13967,2025-12-08,TH,paid_search,
13968,2025-07-01,TH,email,
13969,2026-04-09,TH,organic,FLASH50
13970,2026-09-26,TH,paid_social,
13971,2026-05-08,VN,paid_search,FLASH50
13972,2026-01-09,TH,organic,
13973,2026-03-15,TH,paid_social,
13974,2025-09-13,PH,organic,
13975,2025-11-04,TH,organic,SUMMER25
13976,2026-02-19,TH,paid_search,
13977,2026-05-12,VN,paid_search,WELCOME10
13978,2026-03-17,ID,paid_search,
13979,2026-11-26,AU,paid_search,WELCOME10
13980,2026-06-05,KH,organic,
13981,2025-07-13,ID,paid_search,FLASH50
13982,2026-04-06,TH,paid_search,
13983,2026-05-07,SG,paid_social,
13984,2025-07-24,TH,paid_search,
13985,2026-01-22,MY,organic,
13986,2026-10-08,MM,paid_social,
13987,2026-01-07,TH,organic,
13988,2026-03-01,KH,paid_search,
13989,2025-10-26,MY,paid_social,
13990,2025-08-11,TH,paid_social,
13991,2025-12-17,PH,organic,WELCOME10
13992,2026-08-16,MY,paid_search,WELCOME10
13993,2026-12-07,SG,paid_search,
13994,2026-06-17,SG,paid_search,
13995,2026-09-16,TH,paid_social,FLASH50
13996,2026-06-12,TH,affiliate,SUMMER25
13997,2026-06-17,ID,organic,
13998,2026-02-13,KH,affiliate,
13999,2025-08-02,ID,email,WELCOME10
14000,2026-02-04,PH,email,
14001,2026-10-04,PH,organic,WELCOME10
14002,2026-04-12,TH,email,
14003,2026-08-11,VN,organic,
14004,2025-07-27,VN,paid_search,
14005,2025-10-16,TH,paid_search,
14006,2025-12-07,TH,organic,
14007,2026-01-08,VN,organic,
14008,2026-12-09,KR,organic,
14009,2026-03-04,KR,paid_social,
14010,2026-06-18,SG,paid_social,
14011,2026-06-09,VN,paid_social,
14012,2026-02-09,SG,paid_search,
14013,2026-11-28,KH,organic,
14014,2025-10-27,ID,paid_social,
14015,2025-07-19,AU,paid_social,
14016,2026-08-02,KR,organic,
14017,2026-06-14,TH,direct,FLASH50
14018,2025-11-16,JP,paid_social,
14019,2026-10-06,ID,paid_social,
14020,2025-09-25,TH,paid_social,WELCOME10
14021,2025-11-11,TH,paid_social,FLASH50
14022,2025-09-21,ID,paid_social,
14023,2025-10-08,TH,affiliate,
14024,2026-07-24,TH,organic,
14025,2026-07-10,MY,organic,FLASH50
14026,2026-06-08,TH,organic,
14027,2026-10-02,TH,direct,WELCOME10
14028,2025-08-07,VN,paid_search,FLASH50
14029,2026-05-27,TH,paid_search,
14030,2025-08-31,ID,organic,
14031,2026-11-22,TH,paid_search,FLASH50
14032,2026-06-03,KH,email,
14033,2026-08-10,TH,paid_social,
14034,2026-05-01,PH,organic,
14035,2026-01-21,VN,affiliate,FLASH50
14036,2026-07-01,KH,direct,
14037,2026-09-19,SG,paid_social,
14038,2025-10-03,SG,paid_social,
14039,2026-10-08,TH,paid_social,
14040,2026-07-23,MY,affiliate,
14041,2025-08-15,MY,email,
14042,2026-11-11,MY,paid_social,FLASH50
14043,2025-10-05,TH,paid_search,
14044,2026-05-17,MY,organic,FLASH50
14045,2025-09-08,SG,paid_search,FLASH50
14046,2025-10-13,MY,organic,
14047,2026-06-08,ID,paid_social,FLASH50
14048,2026-06-28,TH,direct,FLASH50
14049,2026-07-02,SG,organic,
14050,2025-12-30,TH,paid_search,
14051,2026-09-11,VN,paid_social,
14052,2025-07-27,VN,organic,
14053,2026-09-29,TH,paid_search,
14054,2025-12-09,TH,affiliate,
14055,2026-05-27,ID,organic,
14056,2026-10-26,VN,paid_social,
14057,2025-11-14,TH,paid_social,
14058,2026-02-05,SG,paid_social,
14059,2026-09-15,TH,organic,FLASH50
14060,2026-10-04,VN,organic,
14061,2025-11-03,TH,organic,
14062,2026-03-29,VN,paid_search,FLASH50
14063,2025-12-25,ID,organic,
14064,2026-04-02,PH,paid_social,
14065,2026-01-19,KR,paid_search,
14066,2025-07-03,SG,affiliate,
14067,2026-11-05,ID,affiliate,
14068,2026-06-05,ID,paid_search,
14069,2026-03-04,PH,organic,
14070,2025-08-27,SG,organic,
14071,2025-08-07,TH,affiliate,WELCOME10
14072,2026-03-13,JP,paid_search,
14073,2026-06-11,TH,paid_search,
14074,2025-11-16,JP,paid_social,
14075,2026-08-01,TH,organic,
14076,2026-01-26,SG,paid_search,
14077,2025-07-06,AU,paid_search,
14078,2026-04-13,ID,organic,
14079,2025-10-05,MY,affiliate,WELCOME10
14080,2025-07-08,TH,paid_social,
14081,2025-09-08,TH,paid_search,
14082,2025-11-29,TH,paid_social,FLASH50
14083,2026-04-01,MY,organic,
14084,2026-12-10,SG,paid_search,FLASH50
14085,2025-10-25,TH,paid_social,WELCOME10
14086,2025-07-31,TH,paid_search,
14087,2025-10-10,AU,paid_social,
14088,2025-12-18,PH,paid_search,
14089,2025-10-18,SG,paid_search,
14090,2025-12-19,JP,paid_search,
14091,2026-11-29,SG,paid_social,
14092,2026-01-19,TH,organic,WELCOME10
14093,2026-06-04,TH,affiliate,SUMMER25
14094,2026-06-30,KH,organic,
14095,2025-09-08,TH,organic,WELCOME10
14096,2025-11-10,TH,affiliate,
14097,2026-02-07,JP,paid_search,
14098,2026-03-03,VN,paid_search,FLASH50
14099,2025-07-08,VN,paid_search,
14100,2026-06-09,VN,organic,
14101,2025-12-08,ID,paid_social,
14102,2025-12-19,TH,paid_social,
14103,2026-05-18,VN,organic,
14104,2026-11-18,TH,affiliate,
14105,2026-10-05,TH,organic,
14106,2026-12-05,KR,affiliate,
14107,2026-02-06,TH,paid_social,SUMMER25
14108,2025-09-02,TH,email,
14109,2025-10-24,TH,affiliate,
14110,2025-12-31,PH,affiliate,
14111,2025-12-08,JP,direct,
14112,2025-10-19,TH,affiliate,SUMMER25
14113,2025-09-19,TH,affiliate,
14114,2025-10-08,VN,organic,
14115,2026-06-16,ID,affiliate,
14116,2026-03-19,TH,paid_social,
14117,2025-07-21,TH,direct,
14118,2026-04-27,MY,paid_social,
14119,2026-09-22,TH,organic,FLASH50
14120,2026-02-12,VN,organic,FLASH50
14121,2025-12-17,TH,organic,SUMMER25
14122,2025-11-23,PH,paid_search,
14123,2026-01-19,ID,paid_social,
14124,2025-11-26,ID,organic,SUMMER25
14125,2026-11-05,VN,organic,FLASH50
14126,2026-12-11,TH,paid_search,
14127,2025-12-30,TH,affiliate,
14128,2026-11-05,MY,paid_search,WELCOME10
14129,2026-09-28,VN,organic,
14130,2025-08-10,PH,paid_search,
14131,2026-03-19,TH,organic,
14132,2026-06-15,VN,paid_social,
14133,2026-02-10,TH,affiliate,
14134,2026-03-01,TH,organic,
14135,2026-03-21,TH,affiliate,
14136,2026-07-03,LA,paid_social,
14137,2025-12-04,MY,organic,
14138,2026-05-15,SG,organic,
14139,2025-11-07,VN,organic,
14140,2026-10-17,TH,organic,WELCOME10
14141,2025-08-15,TH,paid_search,WELCOME10
14142,2025-08-05,TH,email,
14143,2025-07-21,TH,organic,
14144,2026-01-03,SG,email,
14145,2026-05-20,TH,paid_search,
14146,2026-12-08,VN,paid_search,SUMMER25
14147,2026-02-28,PH,paid_social,
14148,2025-10-06,MM,affiliate,
14149,2026-01-13,TH,direct,
14150,2025-09-06,SG,organic,
14151,2026-03-09,TH,paid_search,
14152,2026-07-24,TH,organic,
14153,2025-07-19,MY,organic,
14154,2026-08-19,SG,organic,
14155,2025-10-30,ID,paid_social,
14156,2026-06-24,PH,organic,
14157,2026-09-08,TH,affiliate,
14158,2026-08-18,AU,affiliate,
14159,2026-06-23,TH,paid_search,
14160,2026-07-05,KR,paid_search,
14161,2025-10-09,ID,paid_social,
14162,2025-09-11,TH,organic,
14163,2026-01-20,TH,paid_search,
14164,2026-05-21,TH,organic,
14165,2026-05-26,VN,organic,
14166,2026-08-19,TH,paid_social,
14167,2025-12-12,PH,organic,
14168,2026-10-05,TH,paid_search,
14169,2026-02-25,KR,paid_social,WELCOME10
14170,2025-11-09,TH,paid_social,
14171,2026-07-27,ID,paid_search,
14172,2025-09-06,PH,organic,
14173,2026-02-02,TH,organic,
14174,2026-08-21,TH,paid_search,
14175,2026-08-15,MY,paid_search,WELCOME10
14176,2025-11-14,ID,affiliate,
14177,2025-09-27,PH,organic,
14178,2025-07-18,TH,affiliate,WELCOME10
14179,2025-08-17,KH,organic,
14180,2026-09-13,MM,paid_search,WELCOME10
14181,2026-08-22,VN,email,
14182,2026-03-27,TH,affiliate,
14183,2026-04-30,TH,paid_search,
14184,2025-12-22,KR,organic,
14185,2025-10-11,VN,paid_social,
14186,2025-07-07,ID,affiliate,SUMMER25
14187,2026-06-24,LA,organic,
14188,2025-07-19,TH,organic,SUMMER25
14189,2025-08-25,VN,paid_search,
14190,2026-08-27,ID,affiliate,
14191,2026-05-07,PH,paid_search,
14192,2026-03-19,VN,organic,
14193,2025-10-25,SG,email,
14194,2025-09-18,TH,email,
14195,2026-03-06,LA,paid_social,WELCOME10
14196,2026-01-08,VN,organic,
14197,2026-04-11,TH,organic,
14198,2025-09-27,KR,paid_social,
14199,2025-11-01,TH,affiliate,
14200,2025-08-30,TH,paid_search,
14201,2026-02-12,JP,paid_search,FLASH50
14202,2025-11-25,ID,email,SUMMER25
14203,2025-10-28,KH,paid_search,
14204,2026-04-19,KH,email,
14205,2026-03-23,MY,paid_search,
14206,2025-10-20,TH,paid_social,
14207,2026-07-08,PH,organic,
14208,2025-12-31,SG,organic,WELCOME10
14209,2025-12-29,MY,direct,
14210,2026-03-12,MY,paid_social,
14211,2025-09-13,TH,paid_search,WELCOME10
14212,2026-02-09,TH,paid_search,
14213,2026-05-07,MY,organic,
14214,2025-09-07,VN,affiliate,
14215,2026-04-28,SG,organic,FLASH50
14216,2025-07-21,TH,paid_search,
14217,2026-05-18,TH,paid_search,
14218,2025-07-19,VN,paid_social,
14219,2025-10-02,TH,paid_search,
14220,2026-01-03,MY,direct,WELCOME10
14221,2026-05-24,ID,affiliate,FLASH50
14222,2026-07-19,TH,direct,
14223,2026-03-07,MY,paid_search,
14224,2025-09-08,KH,paid_search,
14225,2026-01-23,TH,direct,
14226,2026-08-24,TH,organic,
14227,2025-08-18,TH,email,
14228,2026-07-17,VN,organic,
14229,2026-01-22,LA,affiliate,
14230,2025-07-03,ID,affiliate,
14231,2026-07-06,JP,paid_social,WELCOME10
14232,2025-07-15,ID,affiliate,
14233,2026-01-14,TH,organic,
14234,2025-10-12,TH,paid_search,
14235,2026-05-08,ID,paid_search,
14236,2025-07-30,ID,direct,
14237,2025-08-18,MY,paid_search,FLASH50
14238,2026-04-10,MY,organic,
14239,2026-12-12,TH,organic,
14240,2025-07-22,TH,affiliate,
14241,2026-03-03,ID,email,
14242,2026-09-01,VN,email,
14243,2025-12-02,PH,organic,
14244,2026-03-20,TH,paid_social,
14245,2026-09-21,PH,paid_search,WELCOME10
14246,2026-07-23,TH,affiliate,
14247,2025-12-04,TH,affiliate,
14248,2026-08-05,PH,organic,
14249,2026-06-26,JP,paid_search,WELCOME10
14250,2026-03-28,AU,paid_search,
14251,2026-02-21,TH,paid_search,
14252,2026-11-06,TH,organic,FLASH50
14253,2026-10-09,VN,paid_search,FLASH50
14254,2026-12-10,PH,organic,
14255,2026-06-25,SG,organic,
14256,2026-01-08,TH,paid_social,
14257,2025-08-28,SG,paid_social,
14258,2025-09-06,TH,email,
14259,2026-11-19,TH,paid_search,
14260,2026-01-10,ID,paid_social,FLASH50
14261,2025-08-28,TH,direct,FLASH50
14262,2025-10-28,VN,paid_search,
14263,2025-07-12,ID,affiliate,
14264,2026-04-10,SG,direct,
14265,2026-05-11,TH,affiliate,
14266,2026-01-18,MM,organic,SUMMER25
14267,2026-08-01,MY,organic,FLASH50
14268,2026-03-14,KH,organic,
14269,2026-11-24,TH,paid_social,
14270,2026-08-11,MY,paid_social,
14271,2025-08-10,AU,organic,
14272,2025-11-24,TH,paid_search,FLASH50
14273,2026-08-07,TH,paid_search,
14274,2026-04-13,MM,paid_social,
14275,2026-08-06,SG,organic,FLASH50
14276,2025-12-26,TH,organic,
14277,2025-07-21,KR,paid_social,
14278,2026-08-23,TH,organic,SUMMER25
14279,2026-08-23,MY,paid_social,
14280,2026-06-06,VN,paid_search,
14281,2026-02-01,VN,paid_search,
14282,2025-07-05,SG,affiliate,
14283,2026-07-23,TH,organic,
14284,2026-06-17,PH,organic,
14285,2026-06-21,PH,email,
14286,2025-09-29,TH,affiliate,
14287,2026-07-25,TH,organic,
14288,2026-07-22,SG,paid_social,
14289,2026-10-01,TH,paid_search,
14290,2026-04-29,PH,paid_social,
14291,2026-07-25,MM,affiliate,
14292,2026-01-30,TH,organic,
14293,2026-07-07,MM,paid_social,
14294,2026-07-05,PH,paid_search,
14295,2026-08-20,VN,paid_search,FLASH50
14296,2026-09-30,JP,paid_search,
14297,2025-07-02,TH,direct,
14298,2026-08-20,MM,paid_social,
14299,2026-08-27,TH,affiliate,
14300,2026-04-17,SG,organic,FLASH50
14301,2026-04-03,MY,paid_search,WELCOME10
14302,2026-07-21,TH,affiliate,
14303,2026-02-28,VN,organic,WELCOME10
14304,2026-02-06,SG,direct,FLASH50
14305,2026-09-02,SG,paid_social,
14306,2026-08-25,MY,email,FLASH50
14307,2025-10-19,TH,organic,
14308,2026-09-15,TH,paid_search,
14309,2025-12-22,TH,paid_search,SUMMER25
14310,2025-09-12,AU,direct,
14311,2026-10-12,VN,organic,
14312,2025-11-04,MY,affiliate,
14313,2025-10-17,ID,paid_social,
14314,2025-11-21,ID,email,FLASH50
14315,2026-03-19,TH,direct,
14316,2025-09-27,TH,affiliate,FLASH50
14317,2025-09-24,MY,organic,
14318,2026-01-26,TH,affiliate,
14319,2025-10-25,KH,paid_search,
14320,2025-10-11,TH,paid_social,
14321,2026-10-30,MY,organic,
14322,2026-05-14,SG,affiliate,
14323,2025-07-08,VN,paid_search,
14324,2025-08-24,AU,affiliate,
14325,2026-09-07,TH,paid_search,
14326,2025-11-21,TH,paid_social,
14327,2025-09-20,ID,organic,
14328,2026-06-20,TH,organic,
14329,2026-09-20,TH,direct,
14330,2026-01-29,ID,paid_social,
14331,2026-07-31,TH,organic,
14332,2026-02-10,TH,paid_social,
14333,2025-08-27,SG,affiliate,SUMMER25
14334,2026-08-30,SG,paid_social,
14335,2026-11-02,MM,paid_search,
14336,2026-12-07,TH,affiliate,
14337,2025-08-23,TH,organic,
14338,2026-04-28,ID,paid_social,
14339,2026-05-29,PH,paid_search,
14340,2025-08-12,TH,paid_social,
14341,2026-11-20,ID,organic,
14342,2025-08-24,ID,organic,WELCOME10
14343,2025-11-21,TH,direct,SUMMER25
14344,2026-11-29,TH,email,
14345,2026-04-23,ID,email,
14346,2026-06-28,TH,affiliate,
14347,2026-03-21,TH,organic,
14348,2026-08-06,MY,paid_social,
14349,2025-08-13,TH,paid_search,
14350,2026-06-26,TH,paid_search,
14351,2025-08-05,SG,organic,
14352,2025-10-04,KH,organic,
14353,2026-03-27,VN,organic,
14354,2026-02-24,TH,organic,
14355,2025-09-20,TH,paid_social,WELCOME10
14356,2026-08-30,KR,direct,
14357,2025-12-08,ID,paid_search,
14358,2026-10-05,ID,organic,
14359,2025-07-08,TH,organic,
14360,2025-11-04,TH,affiliate,
14361,2025-12-06,TH,paid_search,SUMMER25
14362,2026-05-14,PH,paid_social,
14363,2026-01-30,MM,organic,WELCOME10
14364,2025-09-22,TH,affiliate,
14365,2026-05-01,VN,paid_social,FLASH50
14366,2026-11-23,KH,organic,
14367,2025-09-10,KH,direct,
14368,2025-11-12,SG,paid_search,
14369,2026-03-13,TH,organic,
14370,2026-07-23,AU,paid_social,
14371,2025-09-11,TH,paid_search,
14372,2025-11-01,TH,email,
14373,2025-11-03,TH,paid_search,FLASH50
14374,2026-05-25,MY,email,
14375,2025-08-13,TH,affiliate,FLASH50
14376,2026-06-17,MY,paid_social,
14377,2026-02-12,AU,organic,FLASH50
14378,2025-12-23,SG,organic,
14379,2026-10-03,JP,email,SUMMER25
14380,2026-09-10,LA,paid_social,
14381,2026-09-01,VN,direct,
14382,2026-10-15,MY,paid_search,
14383,2025-11-02,KH,paid_social,
14384,2026-09-29,MY,direct,
14385,2025-10-02,TH,paid_social,
14386,2025-12-24,MM,paid_search,FLASH50
14387,2026-04-23,SG,affiliate,
14388,2026-08-01,LA,organic,SUMMER25
14389,2026-05-04,TH,paid_search,
14390,2026-04-25,TH,organic,WELCOME10
14391,2026-01-17,VN,direct,
14392,2026-05-12,ID,direct,WELCOME10
14393,2026-03-11,SG,email,
14394,2026-03-12,KH,paid_search,
14395,2026-05-09,SG,paid_social,WELCOME10
14396,2026-05-16,TH,organic,
14397,2025-12-23,ID,paid_search,
14398,2025-09-11,TH,affiliate,
14399,2025-12-07,SG,organic,
14400,2026-02-03,TH,organic,
14401,2025-09-24,TH,paid_social,
14402,2025-10-03,JP,affiliate,WELCOME10
14403,2026-11-19,TH,paid_search,
14404,2025-11-27,VN,paid_social,
14405,2026-07-29,ID,email,
14406,2025-09-07,TH,organic,FLASH50
14407,2026-12-01,AU,affiliate,
14408,2025-10-22,TH,paid_social,
14409,2026-01-26,SG,paid_search,WELCOME10
14410,2026-08-21,VN,organic,
14411,2025-10-16,VN,paid_search,SUMMER25
14412,2026-04-20,TH,affiliate,
14413,2026-08-23,PH,paid_search,FLASH50
14414,2025-07-13,JP,organic,FLASH50
14415,2025-07-14,SG,organic,
14416,2026-08-25,ID,affiliate,
14417,2025-11-18,TH,paid_search,
14418,2026-10-28,TH,organic,
14419,2026-11-07,SG,direct,
14420,2026-10-13,TH,organic,
14421,2026-12-14,ID,affiliate,
14422,2026-09-12,TH,organic,
14423,2026-01-21,TH,organic,WELCOME10
14424,2026-12-11,SG,paid_search,FLASH50
14425,2026-01-01,TH,email,
14426,2026-05-09,MY,affiliate,SUMMER25
14427,2025-07-04,MY,paid_search,
14428,2026-11-26,TH,affiliate,
14429,2026-05-12,TH,affiliate,
14430,2026-11-18,TH,paid_search,WELCOME10
14431,2026-01-05,MY,paid_search,
14432,2025-12-14,TH,paid_search,
14433,2026-04-05,VN,organic,
14434,2026-10-04,ID,affiliate,SUMMER25
14435,2026-04-19,TH,paid_social,
14436,2026-08-27,TH,affiliate,
14437,2025-10-23,TH,affiliate,
14438,2026-08-18,TH,affiliate,
14439,2026-07-26,TH,affiliate,
14440,2026-10-21,AU,direct,
14441,2025-07-31,TH,paid_social,
14442,2026-01-21,TH,affiliate,
14443,2025-08-17,PH,affiliate,
14444,2026-01-30,MM,organic,
14445,2026-08-09,SG,paid_social,
14446,2026-06-07,MY,paid_social,
14447,2026-08-06,TH,organic,
14448,2026-07-29,PH,paid_search,
14449,2026-12-11,MY,organic,
14450,2026-10-12,SG,organic,
14451,2026-05-09,TH,paid_search,
14452,2026-10-10,SG,paid_search,
14453,2025-07-26,VN,affiliate,FLASH50
14454,2026-07-20,TH,paid_social,
14455,2026-04-05,SG,organic,
14456,2026-11-23,TH,organic,
14457,2026-03-26,VN,organic,
14458,2025-10-04,TH,paid_search,
14459,2026-07-21,LA,affiliate,FLASH50
14460,2026-11-19,SG,paid_social,
14461,2025-07-09,SG,organic,
14462,2025-08-04,TH,paid_search,SUMMER25
14463,2026-06-18,SG,direct,
14464,2026-04-23,TH,email,
14465,2026-04-19,TH,affiliate,
14466,2025-08-18,TH,organic,
14467,2026-05-01,TH,organic,WELCOME10
14468,2026-04-29,PH,paid_search,FLASH50
14469,2026-09-26,TH,paid_search,FLASH50
14470,2026-01-24,PH,paid_social,
14471,2026-01-02,KH,organic,
14472,2025-08-13,ID,email,
14473,2026-04-29,TH,affiliate,
14474,2026-06-11,MY,direct,WELCOME10
14475,2025-11-27,PH,email,
14476,2026-07-25,TH,paid_search,
14477,2026-11-12,TH,paid_social,WELCOME10
14478,2025-10-01,TH,affiliate,FLASH50
14479,2026-05-02,SG,organic,
14480,2026-07-06,TH,organic,
14481,2025-07-10,TH,paid_search,
14482,2025-10-04,ID,paid_search,SUMMER25
14483,2026-01-27,SG,paid_social,
14484,2025-09-12,TH,organic,
14485,2026-01-06,AU,paid_search,
14486,2025-09-17,TH,paid_social,
14487,2026-10-21,TH,affiliate,SUMMER25
14488,2026-05-16,TH,organic,
14489,2025-12-23,TH,affiliate,
14490,2026-08-20,MY,direct,
14491,2025-07-10,TH,paid_search,
14492,2026-05-15,PH,paid_social,
14493,2026-06-30,KH,organic,
14494,2026-09-05,TH,paid_social,FLASH50
14495,2025-10-27,VN,email,FLASH50
14496,2026-05-12,MY,organic,
14497,2026-08-14,PH,affiliate,
14498,2026-08-29,TH,organic,
14499,2025-10-02,MY,affiliate,
14500,2026-12-03,TH,paid_search,FLASH50
14501,2025-11-24,TH,paid_search,
14502,2026-01-25,KH,direct,FLASH50
14503,2025-10-11,TH,paid_social,
14504,2025-09-18,SG,organic,
14505,2025-11-14,TH,affiliate,
14506,2025-09-11,KH,organic,
14507,2026-07-26,TH,email,
14508,2026-05-15,TH,organic,
14509,2026-01-24,MY,paid_search,
14510,2026-04-18,TH,paid_search,FLASH50
14511,2026-05-19,TH,paid_social,
14512,2025-10-07,ID,paid_search,FLASH50
14513,2025-12-06,AU,paid_search,
14514,2026-10-14,VN,paid_social,FLASH50
14515,2025-07-07,TH,organic,
14516,2026-11-22,TH,affiliate,
14517,2026-11-26,VN,organic,
14518,2025-11-12,TH,affiliate,
14519,2025-12-18,VN,affiliate,
14520,2025-10-19,SG,affiliate,
14521,2026-04-25,KH,organic,
14522,2025-10-23,TH,affiliate,FLASH50
14523,2026-08-26,AU,paid_social,
14524,2026-01-23,TH,direct,
14525,2026-11-28,VN,organic,
14526,2026-09-28,TH,affiliate,
14527,2026-01-30,MY,paid_social,
14528,2026-05-14,TH,direct,
14529,2025-07-13,TH,paid_search,WELCOME10
14530,2025-08-06,SG,organic,WELCOME10
14531,2026-03-27,TH,email,WELCOME10
14532,2026-03-10,AU,paid_search,
14533,2026-01-29,PH,paid_social,
14534,2025-08-18,VN,paid_search,
14535,2026-09-21,SG,direct,
14536,2026-02-02,TH,paid_search,
14537,2026-03-08,TH,paid_search,WELCOME10
14538,2026-02-01,TH,affiliate,
14539,2026-03-23,MY,organic,
14540,2026-06-11,PH,organic,
14541,2026-08-12,TH,affiliate,
14542,2026-04-19,TH,paid_search,
14543,2025-09-27,TH,organic,FLASH50
14544,2026-10-10,SG,paid_social,FLASH50
14545,2025-11-29,TH,organic,
14546,2025-07-09,TH,direct,
14547,2025-07-21,TH,affiliate,
14548,2026-08-17,TH,email,
14549,2026-01-23,VN,affiliate,FLASH50
14550,2025-07-13,KR,email,
14551,2026-09-06,TH,paid_search,
14552,2025-12-10,TH,paid_social,
14553,2026-12-04,TH,email,FLASH50
14554,2026-10-12,VN,paid_social,
14555,2025-07-26,SG,direct,
14556,2026-07-03,MY,email,FLASH50
14557,2026-05-18,MY,organic,
14558,2025-09-30,AU,paid_search,
14559,2025-12-30,TH,organic,
14560,2026-03-19,TH,email,
14561,2025-09-16,TH,direct,WELCOME10
14562,2026-07-20,SG,paid_social,
14563,2025-11-25,TH,organic,
14564,2026-11-12,LA,paid_search,
14565,2026-09-01,ID,organic,FLASH50
14566,2026-06-04,AU,paid_search,
14567,2025-09-02,AU,direct,
14568,2025-07-14,SG,paid_search,
14569,2025-09-16,PH,affiliate,
14570,2026-03-24,VN,affiliate,
14571,2026-08-21,TH,affiliate,
14572,2025-09-20,ID,organic,
14573,2026-07-13,AU,organic,
14574,2025-07-26,VN,organic,SUMMER25
14575,2025-11-19,ID,organic,
14576,2026-05-16,TH,organic,
14577,2026-09-15,PH,paid_search,WELCOME10
14578,2026-08-19,TH,affiliate,
14579,2026-04-10,ID,organic,
14580,2025-07-20,ID,paid_social,FLASH50
14581,2025-12-04,SG,paid_search,
14582,2026-08-22,TH,organic,
14583,2025-08-13,ID,organic,FLASH50
14584,2026-07-12,TH,organic,
14585,2026-07-11,TH,paid_search,
14586,2026-08-05,TH,paid_social,FLASH50
14587,2025-10-24,MY,paid_search,
14588,2025-11-08,TH,organic,
14589,2025-10-14,TH,organic,
14590,2026-01-26,KH,organic,WELCOME10
14591,2026-04-06,SG,affiliate,
14592,2025-09-02,LA,paid_social,FLASH50
14593,2026-04-29,SG,paid_social,
14594,2025-11-05,TH,paid_social,
14595,2026-04-26,VN,organic,
14596,2025-12-09,TH,organic,
14597,2026-11-21,JP,paid_social,
14598,2025-12-18,TH,affiliate,
14599,2026-10-08,PH,affiliate,
14600,2025-10-02,SG,paid_social,
14601,2025-08-15,PH,paid_social,
14602,2025-10-09,TH,affiliate,
14603,2026-02-09,ID,affiliate,
14604,2026-10-24,TH,direct,
14605,2025-10-02,PH,organic,FLASH50
14606,2026-08-22,TH,organic,
14607,2026-07-07,SG,paid_social,
14608,2025-12-31,ID,paid_search,WELCOME10
14609,2025-12-27,SG,paid_search,FLASH50
14610,2026-11-18,VN,affiliate,
14611,2026-07-16,ID,paid_search,WELCOME10
14612,2025-11-05,TH,paid_search,WELCOME10
14613,2026-10-30,VN,organic,
14614,2026-02-02,SG,paid_search,SUMMER25
14615,2025-08-12,MY,paid_social,WELCOME10
14616,2026-09-07,TH,organic,
14617,2026-10-07,SG,organic,
14618,2026-02-22,PH,paid_social,
14619,2026-07-11,MM,email,
14620,2025-11-03,AU,organic,WELCOME10
14621,2026-09-27,ID,paid_search,
14622,2026-01-13,TH,organic,
14623,2025-11-20,SG,paid_search,FLASH50
14624,2026-03-24,TH,paid_social,FLASH50
14625,2025-11-20,ID,paid_search,SUMMER25
14626,2026-05-27,TH,paid_search,
14627,2026-08-03,JP,direct,
14628,2026-02-02,TH,paid_search,
14629,2026-08-22,TH,paid_search,
14630,2026-02-15,PH,direct,
14631,2026-11-30,TH,paid_search,WELCOME10
14632,2025-11-18,TH,organic,
14633,2026-07-11,MY,organic,
14634,2026-04-12,JP,email,
14635,2026-11-15,TH,email,
14636,2025-10-25,TH,organic,
14637,2025-10-13,TH,paid_social,
14638,2026-10-06,MY,organic,
14639,2026-10-24,TH,organic,
14640,2026-08-03,MY,email,
14641,2026-03-11,SG,paid_search,
14642,2026-02-04,MM,organic,
14643,2026-06-21,ID,paid_search,WELCOME10
14644,2026-08-03,ID,email,
14645,2025-11-25,SG,affiliate,
14646,2025-07-04,TH,paid_social,
14647,2025-08-09,TH,affiliate,
14648,2025-12-31,SG,affiliate,
14649,2026-06-29,TH,direct,
14650,2026-02-20,TH,paid_social,
14651,2026-05-26,TH,paid_social,
14652,2026-03-08,TH,email,
14653,2025-11-12,TH,paid_search,
14654,2026-08-04,MY,paid_search,
14655,2026-07-21,VN,email,
14656,2026-11-26,TH,direct,FLASH50
14657,2026-09-14,VN,paid_search,
14658,2026-01-19,TH,paid_social,WELCOME10
14659,2026-07-11,KR,affiliate,WELCOME10
14660,2026-01-03,SG,paid_search,
14661,2026-10-09,SG,paid_search,
14662,2026-05-22,ID,organic,
14663,2026-09-18,SG,organic,
14664,2025-11-27,TH,paid_search,
14665,2025-07-08,TH,paid_search,
14666,2025-09-14,JP,affiliate,
14667,2026-04-10,KH,organic,
14668,2026-11-25,SG,organic,FLASH50
14669,2026-05-31,PH,paid_social,
14670,2026-09-05,TH,organic,
14671,2026-03-08,MY,direct,
14672,2026-11-23,SG,organic,
14673,2026-11-14,TH,affiliate,FLASH50
14674,2025-10-25,MM,paid_search,FLASH50
14675,2026-10-03,PH,direct,
14676,2025-07-10,LA,paid_search,
14677,2026-05-12,ID,direct,
14678,2026-02-19,TH,paid_search,WELCOME10
14679,2025-12-08,VN,paid_social,
14680,2026-11-10,TH,organic,
14681,2026-06-19,PH,paid_search,
14682,2025-09-12,TH,organic,
14683,2025-09-13,PH,affiliate,
14684,2025-09-01,ID,paid_search,
14685,2025-12-10,TH,paid_social,
14686,2025-08-06,TH,organic,FLASH50
14687,2025-11-18,SG,organic,
14688,2026-08-12,TH,paid_social,
14689,2026-10-09,KH,paid_search,SUMMER25
14690,2026-08-23,TH,paid_search,WELCOME10
14691,2026-03-22,TH,direct,
14692,2026-07-06,TH,organic,
14693,2026-11-16,TH,paid_social,
14694,2025-07-29,TH,organic,
14695,2026-10-26,PH,paid_social,
14696,2026-07-21,VN,paid_social,FLASH50
14697,2026-01-22,MM,paid_social,
14698,2026-02-25,TH,affiliate,
14699,2026-02-19,TH,organic,
14700,2025-09-23,TH,organic,
14701,2025-10-31,SG,organic,
14702,2025-12-05,TH,paid_social,
14703,2025-07-04,TH,organic,
14704,2026-03-25,MY,paid_search,FLASH50
14705,2026-03-11,TH,paid_search,
14706,2025-12-23,MY,paid_social,
14707,2025-10-03,MY,paid_search,
14708,2026-11-29,VN,email,SUMMER25
14709,2026-06-27,TH,direct,WELCOME10
14710,2026-03-11,ID,paid_search,
14711,2026-07-21,TH,email,
14712,2026-01-15,TH,affiliate,
14713,2025-10-23,TH,organic,
14714,2026-06-24,TH,paid_social,
14715,2026-08-15,SG,paid_search,
14716,2026-06-12,VN,affiliate,FLASH50
14717,2026-04-28,VN,email,
14718,2025-07-02,TH,paid_social,FLASH50
14719,2026-06-05,TH,paid_social,
14720,2026-05-26,TH,paid_social,FLASH50
14721,2026-02-05,KR,paid_search,
14722,2025-11-07,TH,paid_search,
14723,2026-12-04,SG,paid_social,
14724,2026-01-16,TH,affiliate,FLASH50
14725,2025-11-22,VN,paid_social,
14726,2026-07-12,SG,organic,SUMMER25
14727,2026-03-14,TH,organic,
14728,2026-04-24,SG,paid_search,
14729,2026-06-11,VN,paid_social,
14730,2026-01-13,SG,paid_search,
14731,2025-09-20,JP,paid_search,FLASH50
14732,2025-09-28,KH,email,
14733,2026-11-13,SG,email,FLASH50
14734,2026-03-27,AU,paid_search,
14735,2026-02-08,PH,paid_social,
14736,2025-12-18,TH,paid_search,FLASH50
14737,2026-07-20,VN,paid_social,
14738,2026-10-30,SG,organic,FLASH50
14739,2026-08-14,MY,paid_search,WELCOME10
14740,2026-04-11,MY,paid_social,SUMMER25
14741,2026-03-11,PH,paid_search,WELCOME10
14742,2026-10-05,MM,affiliate,SUMMER25
14743,2026-09-30,TH,organic,FLASH50
14744,2026-01-24,ID,organic,WELCOME10
14745,2026-11-26,ID,email,
14746,2026-09-15,KH,paid_search,
14747,2026-09-25,SG,organic,
14748,2025-07-31,TH,paid_search,
14749,2025-09-08,TH,organic,
14750,2025-12-06,TH,affiliate,
14751,2026-08-10,TH,paid_search,SUMMER25
14752,2025-08-11,TH,direct,
14753,2025-08-14,TH,organic,SUMMER25
14754,2025-07-17,KH,paid_search,
14755,2025-10-11,TH,paid_search,
14756,2026-11-02,TH,organic,
14757,2026-07-20,VN,organic,SUMMER25
14758,2026-07-18,TH,organic,FLASH50
14759,2025-12-03,VN,organic,
14760,2026-05-30,PH,affiliate,
14761,2026-08-20,TH,email,
14762,2026-04-10,SG,paid_search,
14763,2026-09-30,TH,paid_search,
14764,2026-04-30,SG,paid_social,
14765,2025-12-21,MY,organic,WELCOME10
14766,2026-06-06,TH,paid_search,FLASH50
14767,2026-11-15,SG,direct,
14768,2026-09-14,SG,organic,
14769,2026-03-23,TH,organic,SUMMER25
14770,2026-05-15,TH,organic,FLASH50
14771,2026-12-03,MY,paid_search,
14772,2026-08-03,TH,email,
14773,2026-03-25,ID,paid_search,
14774,2025-11-27,LA,paid_search,
14775,2026-10-26,VN,paid_search,
14776,2026-12-03,TH,affiliate,
14777,2025-08-07,SG,paid_search,
14778,2025-07-18,ID,paid_search,WELCOME10
14779,2025-08-31,ID,organic,
14780,2026-01-23,JP,organic,
14781,2025-09-24,SG,direct,
14782,2026-10-14,TH,paid_search,SUMMER25
14783,2026-10-31,TH,organic,WELCOME10
14784,2025-10-05,MM,email,
14785,2026-09-15,ID,direct,
14786,2025-09-14,KH,organic,
14787,2026-08-24,VN,paid_search,
14788,2026-01-11,JP,direct,
14789,2025-07-22,SG,organic,
14790,2026-02-14,AU,paid_search,
14791,2026-09-12,KH,paid_search,FLASH50
14792,2026-11-10,PH,affiliate,
14793,2025-09-03,AU,paid_search,
14794,2026-09-19,MY,paid_search,
14795,2025-12-04,VN,paid_social,
14796,2026-03-05,MY,affiliate,
14797,2025-08-27,VN,organic,FLASH50
14798,2026-12-01,VN,organic,WELCOME10
14799,2026-08-26,VN,paid_social,
14800,2026-06-08,SG,paid_search,FLASH50
14801,2026-07-23,VN,paid_social,
14802,2026-10-09,KH,organic,
14803,2025-09-15,ID,affiliate,WELCOME10
14804,2025-11-09,SG,paid_search,SUMMER25
14805,2025-07-20,PH,paid_search,
14806,2026-03-18,VN,organic,
14807,2026-03-21,SG,organic,
14808,2025-07-16,MY,paid_social,SUMMER25
14809,2026-06-18,ID,paid_social,FLASH50
14810,2025-07-05,ID,affiliate,
14811,2026-08-27,TH,paid_social,
14812,2026-07-12,TH,paid_search,FLASH50
14813,2026-09-08,KH,affiliate,
14814,2025-09-02,AU,organic,
14815,2026-10-07,TH,paid_social,
14816,2026-04-18,MM,paid_search,
14817,2026-10-04,SG,organic,
14818,2026-07-06,TH,paid_social,
14819,2026-06-15,VN,direct,
14820,2025-07-18,TH,paid_search,
14821,2026-07-04,TH,paid_social,
14822,2026-02-25,AU,paid_search,
14823,2026-09-26,SG,paid_search,
14824,2026-06-30,TH,paid_search,
14825,2025-08-09,SG,organic,
14826,2026-10-18,MY,organic,
14827,2025-08-03,ID,affiliate,
14828,2025-12-07,TH,paid_search,
14829,2025-10-24,TH,paid_search,
14830,2026-12-02,MY,organic,
14831,2025-09-20,ID,organic,
14832,2026-09-24,MM,paid_social,
14833,2025-10-27,TH,paid_social,
14834,2026-06-12,KH,paid_search,FLASH50
14835,2025-08-18,KR,paid_social,WELCOME10
14836,2026-01-25,TH,paid_social,SUMMER25
14837,2026-05-29,TH,organic,WELCOME10
14838,2026-07-15,MY,organic,
14839,2026-10-09,LA,organic,SUMMER25
14840,2026-09-09,TH,paid_search,
14841,2026-04-03,TH,organic,
14842,2025-12-09,ID,paid_search,
14843,2025-11-17,PH,organic,
14844,2026-12-12,TH,paid_search,
14845,2026-05-21,TH,paid_search,WELCOME10
14846,2026-10-28,TH,direct,
14847,2026-02-17,JP,email,SUMMER25
14848,2026-03-16,ID,direct,
14849,2026-09-14,SG,paid_social,
14850,2026-07-21,KH,direct,
14851,2025-10-16,MY,organic,FLASH50
14852,2026-04-06,MM,paid_search,
14853,2025-10-22,TH,affiliate,
14854,2026-08-10,TH,paid_search,
14855,2025-07-16,SG,organic,
14856,2026-09-14,TH,paid_social,SUMMER25
14857,2026-11-08,PH,direct,
14858,2025-07-13,MY,paid_search,
14859,2026-06-01,TH,organic,WELCOME10
14860,2025-08-12,VN,organic,WELCOME10
14861,2026-01-08,MY,organic,SUMMER25
14862,2025-12-27,SG,affiliate,
14863,2026-04-04,TH,paid_search,
14864,2026-11-02,KR,organic,WELCOME10
14865,2026-03-04,ID,email,
14866,2026-01-29,PH,paid_search,
14867,2025-08-19,VN,affiliate,WELCOME10
14868,2026-10-17,SG,affiliate,
14869,2025-12-15,TH,paid_social,
14870,2026-03-04,ID,direct,
14871,2025-08-19,TH,email,
14872,2025-12-01,JP,organic,FLASH50
14873,2026-04-21,TH,paid_search,
14874,2026-10-24,TH,direct,
14875,2025-12-23,MY,paid_social,
14876,2026-04-25,SG,paid_search,
14877,2026-10-10,ID,email,
14878,2026-01-09,VN,paid_social,
14879,2025-12-05,VN,paid_search,WELCOME10
14880,2025-07-24,LA,organic,FLASH50
14881,2026-10-27,SG,email,
14882,2025-08-29,MY,affiliate,
14883,2025-10-23,KH,email,
14884,2025-09-13,TH,affiliate,
14885,2026-07-13,TH,organic,
14886,2026-01-11,TH,paid_search,
14887,2026-07-11,VN,paid_search,WELCOME10
14888,2026-05-20,ID,organic,
14889,2025-07-09,TH,affiliate,
14890,2025-12-11,TH,organic,
14891,2025-07-03,TH,paid_search,FLASH50
14892,2025-08-04,SG,email,
14893,2026-03-10,TH,affiliate,
14894,2025-11-19,VN,organic,
14895,2025-08-17,AU,organic,
14896,2026-02-03,VN,paid_search,FLASH50
14897,2026-02-26,PH,paid_social,
14898,2026-12-11,KR,email,
14899,2026-06-18,VN,paid_search,
14900,2026-01-26,MY,organic,
14901,2026-03-10,PH,paid_social,
14902,2025-08-17,MY,paid_search,
14903,2026-01-23,SG,affiliate,
14904,2026-05-06,TH,organic,
14905,2025-07-12,ID,paid_search,
14906,2026-11-03,LA,paid_search,
14907,2026-04-01,ID,paid_social,FLASH50
14908,2026-08-24,TH,paid_search,
14909,2025-11-24,MY,paid_search,
14910,2026-09-19,PH,affiliate,
14911,2026-01-12,VN,organic,
14912,2026-11-07,SG,organic,SUMMER25
14913,2026-04-05,TH,organic,WELCOME10
14914,2026-06-05,TH,organic,
14915,2025-10-17,LA,paid_search,
14916,2026-12-13,TH,organic,
14917,2025-10-11,KH,organic,
14918,2025-07-18,TH,direct,
14919,2026-02-20,KR,paid_search,
14920,2026-09-18,SG,affiliate,
14921,2026-11-03,VN,affiliate,
14922,2026-09-30,VN,organic,FLASH50
14923,2026-04-21,VN,paid_search,
14924,2026-11-01,VN,paid_social,
14925,2026-03-20,TH,organic,FLASH50
14926,2026-03-12,TH,organic,
14927,2025-10-05,TH,organic,
14928,2026-08-24,ID,organic,
14929,2025-12-16,ID,organic,
14930,2025-10-12,TH,organic,
14931,2026-01-13,VN,paid_search,
14932,2026-05-18,TH,organic,
14933,2025-11-21,TH,affiliate,
14934,2026-01-08,TH,organic,
14935,2025-12-23,VN,paid_social,
14936,2026-05-14,TH,affiliate,
14937,2026-07-16,LA,paid_search,
14938,2026-06-26,ID,paid_search,
14939,2025-09-14,MY,paid_search,
14940,2026-01-01,TH,paid_search,
14941,2026-06-11,VN,organic,
14942,2025-10-24,KH,paid_social,FLASH50
14943,2025-08-07,SG,paid_social,
14944,2025-12-19,TH,paid_search,
14945,2026-06-27,TH,direct,
14946,2026-06-19,TH,email,FLASH50
14947,2025-09-08,TH,organic,
14948,2026-06-26,VN,affiliate,FLASH50
14949,2025-10-12,TH,organic,
14950,2026-07-31,PH,affiliate,FLASH50
14951,2026-04-28,SG,affiliate,
14952,2025-09-06,ID,paid_search,
14953,2026-01-03,AU,paid_search,
14954,2026-09-10,SG,paid_social,
14955,2026-02-16,TH,organic,
14956,2026-07-02,MY,paid_social,
14957,2026-08-03,SG,email,
14958,2025-07-17,VN,paid_search,
14959,2026-11-09,KH,organic,
14960,2025-12-26,VN,paid_social,
14961,2026-08-27,JP,paid_social,SUMMER25
14962,2026-03-06,TH,paid_search,
14963,2026-05-04,TH,organic,
14964,2026-01-09,TH,paid_social,
14965,2026-09-28,ID,organic,
14966,2025-09-01,TH,paid_search,
14967,2026-10-21,TH,paid_search,
14968,2025-10-19,JP,affiliate,SUMMER25
14969,2026-10-14,TH,email,
14970,2025-07-14,TH,affiliate,
14971,2025-07-08,TH,affiliate,WELCOME10
14972,2025-08-19,TH,organic,FLASH50
14973,2026-04-19,TH,paid_social,FLASH50
14974,2025-11-19,TH,affiliate,
14975,2026-05-15,TH,affiliate,
14976,2026-09-11,PH,affiliate,
14977,2025-07-15,SG,organic,
14978,2026-04-07,VN,organic,
14979,2026-07-30,VN,affiliate,
14980,2026-02-12,VN,organic,
14981,2026-11-06,MM,organic,
14982,2026-06-18,SG,direct,
14983,2025-07-19,TH,direct,FLASH50
14984,2026-04-15,TH,paid_search,
14985,2026-01-21,TH,organic,
14986,2025-09-09,PH,paid_search,
14987,2026-11-19,MY,organic,
14988,2025-10-27,TH,organic,FLASH50
14989,2025-08-14,TH,organic,
14990,2025-10-27,LA,affiliate,
14991,2026-09-12,MY,paid_search,WELCOME10
14992,2026-05-16,TH,organic,FLASH50
14993,2026-09-11,LA,paid_social,
14994,2026-03-04,VN,organic,
14995,2025-09-01,SG,email,
14996,2026-01-23,SG,organic,
14997,2025-10-15,ID,organic,
14998,2026-04-23,TH,paid_search,
14999,2025-11-21,KR,organic,
15000,2026-11-30,VN,organic,
15001,2026-01-18,ID,email,
15002,2025-12-15,ID,email,
15003,2026-12-07,KR,email,
15004,2026-04-04,TH,paid_social,
15005,2025-09-29,TH,organic,
15006,2026-03-14,VN,direct,WELCOME10
15007,2025-11-13,TH,paid_social,
15008,2026-07-17,ID,paid_search,
15009,2026-05-02,SG,affiliate,
15010,2026-07-25,TH,paid_social,WELCOME10
15011,2026-11-14,TH,paid_social,
15012,2026-07-24,VN,affiliate,
15013,2025-12-29,TH,direct,
15014,2025-10-16,TH,affiliate,SUMMER25
15015,2026-04-09,SG,email,
15016,2026-02-25,TH,paid_social,
15017,2025-12-14,ID,paid_search,
15018,2026-09-06,KR,paid_social,
15019,2026-10-28,VN,paid_social,
15020,2026-01-20,MY,organic,FLASH50
15021,2026-06-28,TH,paid_social,
15022,2026-12-07,KR,paid_search,
15023,2025-07-07,KH,paid_search,WELCOME10
15024,2026-01-11,PH,paid_social,
15025,2026-07-29,TH,email,
15026,2026-03-23,TH,organic,
15027,2026-08-27,TH,affiliate,
15028,2026-03-10,TH,organic,
15029,2025-08-04,TH,paid_social,
15030,2026-02-17,KH,affiliate,
15031,2026-02-01,TH,email,FLASH50
15032,2026-09-24,TH,paid_search,
15033,2025-09-17,KH,affiliate,
15034,2025-09-21,AU,email,
15035,2025-09-14,TH,organic,
15036,2026-04-29,TH,paid_search,FLASH50
15037,2026-12-13,PH,affiliate,
15038,2026-05-26,JP,organic,
15039,2026-09-09,ID,paid_social,WELCOME10
15040,2026-09-27,SG,paid_search,
15041,2026-05-17,ID,paid_search,FLASH50
15042,2026-05-21,VN,paid_search,
15043,2025-11-07,TH,organic,SUMMER25
15044,2026-11-24,SG,paid_search,
15045,2026-08-24,PH,email,
15046,2026-10-08,ID,paid_social,
15047,2026-12-07,TH,paid_search,
15048,2026-01-02,VN,paid_social,
15049,2025-09-15,ID,organic,
15050,2026-10-02,TH,organic,FLASH50
15051,2026-03-10,TH,paid_search,
15052,2026-11-23,TH,organic,
15053,2026-07-06,KR,organic,FLASH50
15054,2025-11-15,TH,paid_social,
15055,2026-01-06,PH,email,
15056,2026-05-22,MY,organic,
15057,2026-01-27,KH,paid_search,FLASH50
15058,2025-11-28,KR,paid_social,SUMMER25
15059,2025-10-20,JP,affiliate,
15060,2026-06-12,PH,organic,FLASH50
15061,2025-07-19,TH,affiliate,
15062,2025-08-19,TH,direct,
15063,2025-07-23,TH,organic,
15064,2026-07-27,ID,organic,
15065,2025-07-16,TH,paid_social,
15066,2026-02-09,SG,organic,
15067,2025-09-03,TH,organic,FLASH50
15068,2026-05-10,VN,affiliate,
15069,2025-07-19,TH,paid_social,
15070,2025-07-14,TH,paid_social,
15071,2026-02-05,MY,paid_social,
15072,2026-07-06,MY,paid_search,FLASH50
15073,2025-08-28,LA,affiliate,
15074,2026-03-22,ID,email,
15075,2026-09-05,VN,affiliate,
15076,2026-05-30,TH,paid_search,
15077,2026-08-04,TH,affiliate,
15078,2025-12-16,VN,affiliate,
15079,2026-11-15,TH,paid_search,
15080,2025-09-16,PH,paid_search,
15081,2026-05-19,AU,paid_search,FLASH50
15082,2026-02-18,TH,paid_search,
15083,2025-07-17,VN,organic,
15084,2026-11-16,SG,organic,
15085,2026-07-10,TH,organic,
15086,2025-10-30,SG,organic,
15087,2025-07-28,ID,paid_social,FLASH50
15088,2026-06-26,KR,paid_social,
15089,2026-04-17,TH,paid_social,FLASH50
15090,2025-07-27,ID,paid_social,WELCOME10
15091,2026-12-08,TH,paid_search,
15092,2026-07-18,TH,affiliate,
15093,2026-03-04,ID,affiliate,
15094,2025-11-05,VN,paid_social,WELCOME10
15095,2025-11-22,VN,affiliate,
15096,2026-02-26,AU,organic,
15097,2025-07-31,TH,paid_social,
15098,2026-01-13,MY,affiliate,
15099,2025-10-24,TH,organic,FLASH50
15100,2025-08-30,PH,organic,
15101,2025-09-06,TH,paid_search,WELCOME10
15102,2026-01-01,TH,paid_search,
15103,2026-01-20,VN,email,
15104,2026-01-03,TH,affiliate,
15105,2026-07-03,ID,organic,
15106,2026-04-05,KR,paid_search,WELCOME10
15107,2025-10-11,SG,affiliate,
15108,2026-12-01,MY,paid_social,
15109,2026-07-25,JP,paid_search,WELCOME10
15110,2026-03-08,VN,organic,
15111,2025-07-27,TH,email,
15112,2026-10-31,PH,paid_search,
15113,2026-08-01,SG,organic,
15114,2026-03-04,VN,organic,
15115,2025-09-25,MY,affiliate,WELCOME10
15116,2025-08-27,TH,paid_social,SUMMER25
15117,2025-12-02,PH,organic,
15118,2025-10-31,TH,paid_search,
15119,2025-10-20,KH,direct,
15120,2026-02-03,PH,paid_search,
15121,2025-07-25,JP,paid_search,
15122,2025-12-21,TH,paid_search,
15123,2026-10-08,SG,organic,FLASH50
15124,2026-10-05,TH,email,WELCOME10
15125,2025-07-05,TH,organic,
15126,2026-06-27,TH,organic,
15127,2026-12-11,MY,organic,WELCOME10
15128,2026-05-05,SG,organic,
15129,2026-01-25,JP,paid_search,
15130,2026-03-19,TH,email,
15131,2025-10-22,TH,organic,
15132,2026-01-28,ID,organic,
15133,2026-11-12,TH,paid_search,
15134,2026-05-23,VN,email,
15135,2026-02-15,ID,email,FLASH50
15136,2025-09-05,VN,direct,
15137,2026-10-27,ID,organic,
15138,2025-09-25,PH,paid_social,
15139,2026-07-20,KR,paid_social,
15140,2025-12-09,TH,organic,
15141,2025-11-26,SG,paid_social,
15142,2025-09-30,PH,paid_social,
15143,2026-01-16,TH,paid_social,WELCOME10
15144,2026-06-26,MY,organic,
15145,2026-02-08,ID,paid_search,
15146,2025-07-14,TH,paid_social,
15147,2025-11-18,TH,organic,
15148,2025-09-24,VN,organic,
15149,2026-01-31,TH,paid_social,
15150,2026-10-25,TH,organic,SUMMER25
15151,2026-11-26,PH,organic,FLASH50
15152,2026-12-14,PH,organic,SUMMER25
15153,2025-08-30,MY,organic,
15154,2026-03-17,TH,organic,FLASH50
15155,2025-07-25,TH,affiliate,
15156,2026-03-22,PH,affiliate,
15157,2026-05-04,TH,organic,
15158,2026-08-17,MM,paid_social,WELCOME10
15159,2025-12-27,VN,organic,
15160,2025-07-20,TH,organic,
15161,2026-02-28,ID,affiliate,
15162,2026-02-13,MM,direct,
15163,2026-05-29,KH,organic,SUMMER25
15164,2025-08-23,MY,affiliate,
15165,2026-05-23,TH,paid_search,FLASH50
15166,2026-01-30,ID,affiliate,
15167,2026-07-29,ID,paid_social,
15168,2026-12-07,MY,paid_search,FLASH50
15169,2025-10-30,TH,affiliate,
15170,2026-08-06,LA,paid_social,FLASH50
15171,2025-09-07,SG,direct,
15172,2026-12-08,TH,paid_search,
15173,2026-03-14,TH,direct,
15174,2026-08-02,TH,affiliate,
15175,2026-08-19,SG,paid_search,
15176,2026-05-21,TH,paid_search,
15177,2026-01-21,SG,email,
15178,2026-08-06,TH,paid_social,FLASH50
15179,2026-03-11,TH,paid_search,
15180,2026-06-17,TH,organic,
15181,2026-05-23,TH,organic,WELCOME10
15182,2026-03-05,TH,organic,
15183,2025-09-01,TH,organic,
15184,2025-12-03,VN,paid_social,
15185,2026-11-12,SG,paid_search,WELCOME10
15186,2026-04-04,ID,organic,FLASH50
15187,2026-06-05,TH,paid_search,WELCOME10
15188,2025-11-15,SG,organic,WELCOME10
15189,2026-07-12,TH,paid_social,WELCOME10
15190,2026-03-17,SG,paid_search,
15191,2025-10-25,MY,direct,
15192,2025-09-16,VN,paid_social,FLASH50
15193,2026-01-27,MY,affiliate,
15194,2026-04-28,TH,paid_search,
15195,2025-11-27,TH,affiliate,WELCOME10
15196,2025-11-08,AU,affiliate,
15197,2025-11-21,TH,direct,
15198,2025-12-04,TH,paid_social,
15199,2026-07-29,TH,email,
15200,2026-03-23,KR,email,FLASH50
15201,2026-03-08,LA,email,
15202,2025-09-25,TH,paid_social,
15203,2026-04-17,TH,organic,
15204,2026-11-25,VN,paid_social,
15205,2026-08-02,TH,email,FLASH50
15206,2026-02-24,TH,direct,WELCOME10
15207,2025-12-11,SG,direct,
15208,2026-01-04,SG,paid_search,
15209,2025-07-15,TH,affiliate,SUMMER25
15210,2025-07-16,ID,paid_search,
15211,2026-08-18,VN,paid_social,WELCOME10
15212,2026-09-23,MY,paid_search,
15213,2026-11-29,TH,paid_search,
15214,2026-05-30,TH,paid_search,
15215,2026-11-08,KH,paid_search,
15216,2026-02-07,TH,paid_search,
15217,2025-11-13,TH,paid_social,
15218,2025-11-08,TH,organic,SUMMER25
15219,2025-11-04,TH,paid_social,
15220,2026-08-02,SG,organic,
15221,2025-07-06,TH,organic,
15222,2026-11-16,ID,organic,FLASH50
15223,2026-08-17,TH,organic,FLASH50
15224,2026-01-19,VN,affiliate,
15225,2026-07-10,MY,affiliate,FLASH50
15226,2025-09-10,TH,paid_social,
15227,2026-02-15,PH,paid_social,
15228,2025-08-28,AU,paid_social,
15229,2025-08-29,TH,affiliate,WELCOME10
15230,2025-07-04,ID,paid_search,
15231,2026-08-29,ID,organic,
15232,2026-08-01,ID,email,
15233,2026-10-19,TH,paid_search,
15234,2026-12-06,TH,email,WELCOME10
15235,2026-11-27,TH,email,
15236,2026-12-12,TH,paid_search,SUMMER25
15237,2025-07-09,TH,direct,
15238,2026-08-22,KH,organic,
15239,2026-07-21,TH,paid_social,
15240,2025-09-25,TH,paid_social,FLASH50
15241,2025-09-11,TH,affiliate,FLASH50
15242,2026-12-04,SG,paid_search,SUMMER25
15243,2026-10-14,VN,organic,SUMMER25
15244,2025-12-22,PH,organic,
15245,2025-08-09,SG,paid_search,WELCOME10
15246,2025-12-25,TH,paid_search,SUMMER25
15247,2025-07-03,TH,paid_search,
15248,2026-07-02,JP,paid_social,
15249,2026-01-19,TH,paid_search,WELCOME10
15250,2025-07-27,TH,organic,
15251,2026-12-05,SG,organic,
15252,2026-09-14,TH,email,
15253,2026-10-26,TH,affiliate,
15254,2026-12-14,AU,paid_search,
15255,2025-07-08,TH,paid_search,
15256,2026-08-18,TH,organic,
15257,2026-08-24,TH,organic,
15258,2026-08-21,TH,affiliate,FLASH50
15259,2025-11-19,AU,organic,
15260,2026-01-25,ID,organic,
15261,2026-11-08,MM,paid_social,
15262,2025-08-05,PH,affiliate,
15263,2026-06-07,ID,paid_search,
15264,2026-08-27,MY,paid_social,
15265,2026-08-30,SG,email,
15266,2026-05-15,ID,email,FLASH50
15267,2026-08-13,ID,paid_search,
15268,2026-10-28,MY,organic,
15269,2026-08-13,SG,paid_social,
15270,2025-08-31,ID,email,
15271,2025-11-08,TH,paid_social,
15272,2025-12-10,MY,direct,
15273,2025-12-30,SG,paid_social,
15274,2026-01-09,MY,organic,
15275,2025-10-26,SG,paid_search,
15276,2026-06-30,VN,email,
15277,2025-08-28,VN,organic,
15278,2026-08-24,TH,paid_social,FLASH50
15279,2026-06-17,TH,paid_search,
15280,2026-11-25,TH,paid_search,
15281,2025-07-04,TH,paid_social,
15282,2025-12-05,TH,paid_search,
15283,2026-10-22,VN,email,
15284,2026-03-21,VN,paid_search,
15285,2026-04-25,TH,affiliate,
15286,2025-07-16,KH,organic,
15287,2026-08-11,TH,paid_search,
15288,2025-11-12,VN,organic,
15289,2026-11-26,SG,organic,WELCOME10
15290,2026-01-16,VN,paid_social,
15291,2025-10-09,TH,paid_search,
15292,2026-05-13,TH,organic,
15293,2026-03-12,TH,email,WELCOME10
15294,2026-03-08,ID,paid_social,
15295,2026-11-19,MM,direct,
15296,2026-01-11,ID,affiliate,
15297,2026-01-28,VN,paid_social,SUMMER25
15298,2026-05-29,TH,paid_search,FLASH50
15299,2025-09-29,VN,direct,
15300,2026-09-15,PH,paid_search,
15301,2025-10-31,TH,paid_search,
15302,2025-11-06,SG,paid_search,WELCOME10
15303,2025-07-06,TH,organic,FLASH50
15304,2025-12-30,TH,affiliate,FLASH50
15305,2026-05-07,TH,organic,
15306,2026-07-11,VN,organic,WELCOME10
15307,2026-10-22,VN,paid_social,WELCOME10
15308,2026-08-19,TH,affiliate,
15309,2025-12-19,MM,email,FLASH50
15310,2026-09-13,PH,paid_social,
15311,2025-10-12,MY,paid_search,
15312,2025-10-20,JP,paid_search,
15313,2026-01-07,KH,organic,
15314,2026-04-14,TH,organic,
15315,2025-10-17,AU,email,FLASH50
15316,2026-10-23,SG,affiliate,
15317,2025-11-22,TH,organic,
15318,2026-01-25,TH,paid_search,
15319,2026-05-19,ID,direct,
15320,2026-02-15,KR,paid_search,
15321,2026-02-01,SG,paid_search,FLASH50
15322,2026-12-07,MY,organic,
15323,2026-02-18,TH,paid_search,SUMMER25
15324,2025-08-30,PH,paid_search,WELCOME10
15325,2026-07-25,TH,affiliate,SUMMER25
15326,2026-07-12,MY,paid_search,WELCOME10
15327,2025-10-25,MY,paid_search,WELCOME10
15328,2026-09-27,TH,paid_search,
15329,2026-01-25,AU,paid_search,
15330,2025-09-19,JP,organic,FLASH50
15331,2025-09-30,SG,paid_search,
15332,2026-07-16,VN,paid_search,
15333,2025-10-24,PH,organic,
15334,2026-03-08,TH,direct,FLASH50
15335,2026-07-27,TH,paid_search,WELCOME10
15336,2026-09-28,ID,affiliate,
15337,2026-03-18,MY,email,
15338,2026-10-27,ID,organic,
15339,2025-12-09,MY,organic,
15340,2026-10-09,VN,organic,
15341,2025-11-11,TH,email,
15342,2025-08-04,TH,paid_search,FLASH50
15343,2026-07-22,TH,paid_search,SUMMER25
15344,2026-08-08,TH,organic,
15345,2026-11-06,VN,organic,
15346,2026-11-04,PH,paid_social,
15347,2025-08-24,TH,paid_social,
15348,2026-05-28,MY,paid_search,WELCOME10
15349,2026-07-11,TH,organic,
15350,2026-05-17,SG,affiliate,
15351,2025-07-10,AU,email,
15352,2025-07-24,TH,paid_search,
15353,2026-06-23,VN,affiliate,
15354,2026-09-30,TH,email,SUMMER25
15355,2025-10-04,TH,paid_search,SUMMER25
15356,2025-07-25,ID,organic,WELCOME10
15357,2026-02-01,VN,paid_search,FLASH50
15358,2025-12-15,MY,organic,
15359,2026-12-06,KH,organic,
15360,2026-11-06,PH,affiliate,
15361,2026-04-24,MY,email,FLASH50
15362,2026-11-19,TH,paid_social,WELCOME10
15363,2025-10-30,TH,email,
15364,2026-12-11,MY,direct,
15365,2026-02-24,ID,paid_social,
15366,2026-03-11,TH,email,SUMMER25
15367,2025-07-27,TH,email,
15368,2025-10-03,TH,organic,
15369,2025-10-12,TH,direct,
15370,2026-03-18,SG,direct,
15371,2025-10-10,PH,organic,
15372,2025-08-24,VN,paid_social,
15373,2026-05-19,KR,organic,WELCOME10
15374,2026-10-09,ID,paid_search,WELCOME10
15375,2025-08-07,TH,paid_social,FLASH50
15376,2026-04-25,ID,organic,
15377,2026-11-24,PH,paid_social,
15378,2026-02-01,ID,paid_search,
15379,2025-10-06,SG,organic,
15380,2025-08-12,MY,paid_social,
15381,2026-11-12,TH,direct,
15382,2026-02-01,TH,organic,
15383,2025-08-26,TH,paid_search,
15384,2026-10-05,TH,organic,SUMMER25
15385,2026-09-01,LA,organic,WELCOME10
15386,2026-07-10,TH,paid_search,
15387,2025-08-14,TH,organic,
15388,2025-08-13,VN,paid_social,
15389,2025-10-25,KH,organic,
15390,2025-09-24,MY,affiliate,
15391,2026-04-10,TH,organic,SUMMER25
15392,2026-01-26,SG,email,
15393,2026-08-12,ID,paid_search,
15394,2025-08-24,PH,organic,
15395,2026-07-24,TH,organic,
15396,2026-11-10,LA,paid_search,
15397,2025-09-08,ID,email,FLASH50
15398,2026-06-13,VN,paid_search,
15399,2026-03-29,TH,paid_search,
15400,2025-08-20,MM,affiliate,SUMMER25
15401,2025-12-04,MY,organic,
15402,2026-08-25,TH,paid_social,
15403,2026-10-07,TH,organic,
15404,2026-01-13,TH,affiliate,
15405,2025-08-26,TH,email,
15406,2025-11-08,TH,organic,
15407,2026-09-23,TH,organic,
15408,2026-04-30,SG,paid_social,
15409,2026-02-15,ID,paid_social,
15410,2025-07-08,VN,paid_social,
15411,2026-08-22,MY,paid_search,
15412,2026-03-06,TH,organic,
15413,2026-04-17,SG,paid_social,
15414,2026-09-23,ID,organic,
15415,2026-04-26,VN,paid_search,
15416,2026-11-07,TH,paid_search,
15417,2026-04-25,MM,paid_search,
15418,2025-12-30,VN,affiliate,
15419,2026-11-04,PH,paid_search,FLASH50
15420,2026-06-08,ID,paid_search,WELCOME10
15421,2026-08-10,TH,email,SUMMER25
15422,2025-10-29,AU,paid_social,
15423,2026-06-23,LA,affiliate,
15424,2026-04-25,PH,email,FLASH50
15425,2025-08-26,LA,paid_social,
15426,2025-11-13,MM,organic,
15427,2026-10-29,VN,organic,
15428,2026-05-01,TH,paid_search,WELCOME10
15429,2026-08-17,MY,organic,
15430,2025-09-30,MY,paid_search,FLASH50
15431,2025-10-25,VN,organic,
15432,2026-11-14,SG,organic,WELCOME10
15433,2026-02-09,SG,paid_search,
15434,2026-10-16,KR,organic,
15435,2026-09-04,SG,organic,
15436,2025-12-27,TH,affiliate,SUMMER25
15437,2026-11-19,ID,email,
15438,2026-08-18,TH,paid_social,
15439,2025-09-07,TH,email,WELCOME10
15440,2025-08-20,ID,organic,
15441,2025-09-06,AU,affiliate,FLASH50
15442,2026-07-30,TH,paid_search,FLASH50
15443,2025-09-15,TH,paid_search,FLASH50
15444,2025-11-28,SG,paid_social,
15445,2026-02-17,ID,affiliate,
15446,2025-09-11,TH,organic,
15447,2025-12-24,SG,paid_search,
15448,2026-06-27,ID,affiliate,
15449,2026-12-01,KR,paid_search,
15450,2026-03-08,TH,paid_search,
15451,2026-08-03,MY,organic,
15452,2026-04-09,VN,organic,WELCOME10
15453,2026-03-06,TH,paid_search,
15454,2026-04-04,PH,paid_search,FLASH50
15455,2026-11-23,TH,organic,FLASH50
15456,2025-08-01,TH,affiliate,
15457,2026-03-31,TH,paid_social,
15458,2025-07-28,TH,organic,
15459,2026-10-10,VN,organic,WELCOME10
15460,2026-05-17,ID,email,WELCOME10
15461,2025-07-26,VN,email,FLASH50
15462,2026-05-29,VN,direct,SUMMER25
15463,2026-02-18,TH,paid_social,
15464,2025-07-26,AU,email,
15465,2026-12-04,KH,organic,
15466,2026-01-18,TH,organic,FLASH50
15467,2025-07-13,VN,organic,
15468,2026-05-23,PH,paid_search,
15469,2026-01-17,SG,organic,SUMMER25
15470,2026-06-16,TH,paid_social,
15471,2025-09-25,TH,organic,
15472,2026-09-15,KR,paid_search,
15473,2026-02-09,VN,email,
15474,2026-02-10,VN,paid_social,
15475,2026-09-02,MM,paid_search,WELCOME10
15476,2026-04-19,TH,organic,
15477,2025-07-01,JP,organic,FLASH50
15478,2026-05-05,SG,paid_search,
15479,2026-06-10,VN,organic,
15480,2025-12-14,TH,affiliate,SUMMER25
15481,2025-10-05,TH,direct,
15482,2025-07-29,TH,organic,
15483,2026-09-25,TH,organic,WELCOME10
15484,2025-07-03,TH,organic,FLASH50
15485,2026-05-07,TH,affiliate,
15486,2026-09-19,ID,organic,
15487,2026-01-04,LA,affiliate,FLASH50
15488,2025-10-15,TH,paid_search,
15489,2026-07-17,TH,paid_search,SUMMER25
15490,2026-06-01,MY,affiliate,
15491,2025-07-08,ID,paid_search,FLASH50
15492,2026-05-04,MY,affiliate,WELCOME10
15493,2025-07-01,JP,organic,
15494,2026-01-30,TH,paid_social,
15495,2025-12-10,SG,email,FLASH50
15496,2026-09-18,MM,organic,
15497,2026-12-03,MY,paid_social,
15498,2026-07-08,MY,paid_social,SUMMER25
15499,2026-07-27,AU,organic,
15500,2025-07-13,TH,paid_search,SUMMER25
15501,2025-08-04,TH,organic,
15502,2026-08-18,TH,affiliate,
15503,2026-02-14,PH,paid_social,
15504,2026-03-28,PH,paid_search,
15505,2026-07-04,TH,affiliate,
15506,2026-01-01,SG,affiliate,
15507,2026-06-29,MY,organic,
15508,2026-07-23,TH,organic,SUMMER25
15509,2025-11-06,PH,organic,
15510,2026-07-01,TH,email,
15511,2025-09-29,KH,paid_search,
15512,2025-12-13,VN,organic,FLASH50
15513,2026-08-20,TH,paid_search,
15514,2026-12-06,VN,paid_search,
15515,2025-08-04,VN,paid_search,FLASH50
15516,2026-06-11,TH,paid_search,FLASH50
15517,2026-04-30,TH,organic,WELCOME10
15518,2026-05-19,PH,organic,
15519,2026-08-24,ID,affiliate,
15520,2025-08-07,VN,paid_social,
15521,2026-07-30,TH,paid_social,FLASH50
15522,2025-11-26,VN,organic,
15523,2025-09-21,VN,direct,
15524,2026-02-24,TH,organic,WELCOME10
15525,2025-07-15,TH,paid_social,
15526,2026-06-02,SG,affiliate,SUMMER25
15527,2026-04-28,VN,organic,
15528,2026-03-31,TH,organic,FLASH50
15529,2025-07-17,KH,affiliate,
15530,2026-08-11,TH,paid_social,
15531,2025-07-19,PH,direct,WELCOME10
15532,2025-11-17,TH,paid_social,SUMMER25
15533,2026-01-28,VN,email,
15534,2026-07-10,MY,paid_social,
15535,2026-02-03,ID,paid_search,
15536,2026-09-09,JP,direct,
15537,2026-11-11,TH,affiliate,
15538,2026-08-12,TH,organic,
15539,2025-07-21,TH,paid_social,
15540,2026-08-15,SG,organic,
15541,2025-10-18,PH,direct,
15542,2026-10-17,TH,paid_social,
15543,2026-12-04,VN,paid_search,
15544,2025-08-14,SG,direct,
15545,2025-08-22,AU,paid_search,
15546,2026-07-07,TH,paid_search,
15547,2025-09-15,KR,paid_search,FLASH50
15548,2026-11-29,MY,organic,
15549,2026-04-14,KR,organic,
15550,2026-05-02,ID,paid_social,
15551,2026-10-02,TH,organic,
15552,2025-10-24,PH,direct,
15553,2026-04-23,SG,paid_search,SUMMER25
15554,2026-12-15,TH,paid_search,
15555,2025-07-12,SG,organic,
15556,2025-10-02,KH,paid_search,
15557,2025-09-16,VN,paid_social,SUMMER25
15558,2025-12-26,TH,direct,FLASH50
15559,2025-09-08,PH,organic,FLASH50
15560,2025-09-30,SG,organic,FLASH50
15561,2026-09-28,TH,organic,
15562,2026-03-05,TH,paid_social,
15563,2026-01-07,TH,organic,
15564,2026-02-09,ID,organic,
15565,2026-11-30,TH,affiliate,WELCOME10
15566,2026-03-19,TH,affiliate,
15567,2026-03-07,TH,paid_search,
15568,2026-11-07,KH,paid_social,WELCOME10
15569,2025-07-20,ID,affiliate,FLASH50
15570,2026-03-12,SG,organic,
15571,2026-08-03,VN,paid_social,WELCOME10
15572,2026-04-01,TH,organic,
15573,2026-10-06,KH,paid_search,
15574,2026-10-16,TH,paid_search,FLASH50
15575,2025-12-27,TH,paid_social,
15576,2026-09-09,TH,paid_search,
15577,2025-11-08,TH,affiliate,
15578,2025-11-05,TH,paid_search,SUMMER25
15579,2026-12-03,VN,paid_search,
15580,2025-07-07,TH,email,
15581,2026-01-05,TH,paid_search,WELCOME10
15582,2026-06-01,ID,paid_social,WELCOME10
15583,2026-02-06,ID,paid_social,
15584,2026-09-24,LA,email,
15585,2025-11-12,TH,paid_social,SUMMER25
15586,2026-04-21,PH,paid_social,
15587,2025-09-05,ID,affiliate,
15588,2025-10-21,MY,direct,
15589,2025-10-01,TH,email,
15590,2026-07-31,SG,organic,
15591,2025-10-17,TH,paid_social,
15592,2026-06-22,VN,paid_search,
15593,2026-01-01,ID,paid_search,
15594,2026-04-28,TH,paid_social,
15595,2026-10-09,TH,organic,
15596,2026-10-04,LA,paid_social,
15597,2025-07-06,SG,organic,
15598,2026-08-23,MY,affiliate,
15599,2026-11-22,AU,paid_search,WELCOME10
15600,2026-06-22,TH,organic,
15601,2025-10-08,ID,paid_social,
15602,2026-06-20,VN,affiliate,
15603,2026-06-05,TH,paid_social,
15604,2026-06-18,TH,affiliate,
15605,2026-02-14,LA,affiliate,
15606,2026-04-06,TH,organic,
15607,2026-06-13,TH,organic,FLASH50
15608,2026-03-05,TH,organic,WELCOME10
15609,2026-08-17,VN,organic,
15610,2026-07-14,SG,paid_social,
15611,2025-12-09,TH,organic,
15612,2026-05-22,SG,paid_search,
15613,2026-08-08,SG,paid_search,FLASH50
15614,2026-03-19,VN,paid_social,
15615,2026-07-17,KH,direct,SUMMER25
15616,2025-09-06,TH,paid_social,
15617,2026-01-22,ID,organic,
15618,2026-07-10,ID,paid_search,
15619,2026-10-21,VN,organic,FLASH50
15620,2026-06-10,MY,paid_search,
15621,2026-06-19,TH,paid_social,WELCOME10
15622,2025-12-30,ID,direct,
15623,2026-07-09,MY,organic,
15624,2026-01-06,MY,organic,
15625,2025-07-28,TH,organic,
15626,2025-11-09,TH,paid_social,
15627,2026-05-22,TH,direct,
15628,2026-11-25,TH,paid_search,
15629,2026-03-22,TH,paid_search,FLASH50
15630,2026-10-02,TH,organic,
15631,2026-08-19,TH,paid_social,
15632,2026-04-26,TH,organic,
15633,2026-09-02,KR,organic,WELCOME10
15634,2026-01-31,SG,paid_social,
15635,2026-02-21,TH,organic,WELCOME10
15636,2026-07-28,VN,organic,FLASH50
15637,2026-06-06,SG,organic,
15638,2026-04-08,TH,organic,
15639,2026-02-16,MY,paid_social,
15640,2026-12-03,TH,organic,
15641,2025-08-05,MY,paid_social,
15642,2025-07-30,TH,paid_search,
15643,2026-03-13,SG,paid_search,
15644,2025-07-19,TH,organic,FLASH50
15645,2025-12-29,TH,paid_social,
15646,2026-04-30,ID,paid_search,
15647,2026-02-01,TH,paid_social,
15648,2025-10-17,TH,paid_search,
15649,2025-11-29,TH,affiliate,SUMMER25
15650,2026-05-19,ID,paid_search,
15651,2026-11-20,MY,affiliate,
15652,2026-08-21,PH,paid_search,WELCOME10
15653,2026-04-18,MY,direct,
15654,2025-09-12,KR,email,
15655,2025-11-07,TH,organic,
15656,2026-02-20,VN,paid_social,
15657,2025-11-09,SG,organic,
15658,2026-07-03,TH,email,
15659,2026-01-12,VN,paid_search,
15660,2026-09-18,AU,paid_search,
15661,2025-11-21,VN,organic,
15662,2026-03-22,TH,email,
15663,2026-07-16,SG,direct,
15664,2025-10-18,TH,paid_search,
15665,2026-08-10,ID,organic,
15666,2026-05-09,TH,paid_social,FLASH50
15667,2026-06-11,TH,organic,
15668,2026-02-28,TH,direct,
15669,2026-11-11,MM,paid_search,
15670,2026-08-16,TH,paid_social,
15671,2025-10-11,TH,organic,
15672,2026-04-23,TH,direct,
15673,2026-10-25,SG,paid_social,
15674,2025-11-26,TH,direct,FLASH50
15675,2026-04-12,VN,paid_search,WELCOME10
15676,2026-08-07,TH,paid_search,SUMMER25
15677,2025-11-23,TH,organic,
15678,2026-04-02,TH,affiliate,
15679,2026-04-21,TH,organic,WELCOME10
15680,2025-10-03,ID,paid_search,
15681,2025-10-03,TH,paid_social,FLASH50
15682,2026-04-27,ID,organic,
15683,2025-10-04,SG,affiliate,WELCOME10
15684,2026-11-18,TH,affiliate,
15685,2026-04-06,TH,paid_search,
15686,2026-07-12,MY,paid_social,
15687,2026-01-28,TH,organic,
15688,2025-12-07,SG,paid_search,FLASH50
15689,2026-03-17,PH,affiliate,
15690,2026-07-14,TH,organic,
15691,2026-01-28,TH,direct,
15692,2025-11-28,TH,paid_search,WELCOME10
15693,2025-09-15,TH,organic,
15694,2026-04-16,SG,paid_search,
15695,2026-06-28,MY,paid_search,
15696,2026-04-07,MY,direct,
15697,2025-11-13,ID,paid_social,WELCOME10
15698,2025-11-09,TH,paid_social,
15699,2026-01-17,SG,direct,
15700,2026-01-02,VN,organic,
15701,2025-10-17,SG,paid_search,
15702,2026-11-15,ID,affiliate,
15703,2025-12-23,MY,paid_social,
15704,2025-11-11,SG,organic,
15705,2026-05-20,TH,affiliate,
15706,2026-08-31,ID,organic,
15707,2026-03-05,MY,paid_social,
15708,2026-06-21,TH,email,
15709,2025-08-20,TH,organic,
15710,2026-04-10,TH,affiliate,
15711,2025-08-05,MY,email,SUMMER25
15712,2025-09-12,TH,paid_search,
15713,2026-05-12,PH,organic,FLASH50
15714,2025-10-18,AU,email,
15715,2025-07-20,JP,paid_search,
15716,2025-10-04,TH,paid_search,FLASH50
15717,2026-08-16,SG,organic,
15718,2026-05-09,LA,organic,
15719,2026-01-20,ID,paid_search,
15720,2026-12-01,TH,affiliate,
15721,2026-01-22,PH,paid_search,
15722,2026-10-11,MY,organic,FLASH50
15723,2025-12-31,VN,email,WELCOME10
15724,2025-07-14,JP,paid_search,
15725,2025-08-28,KR,organic,
15726,2025-11-23,SG,direct,
15727,2025-10-08,TH,paid_search,FLASH50
15728,2025-09-22,MY,paid_search,
15729,2026-01-21,ID,affiliate,
15730,2026-12-03,MY,organic,
15731,2025-10-15,SG,paid_search,
15732,2025-11-03,MY,email,
15733,2026-12-13,MY,organic,WELCOME10
15734,2025-10-16,AU,email,FLASH50
15735,2026-09-16,PH,organic,
15736,2026-05-27,TH,email,WELCOME10
15737,2026-11-07,MY,paid_search,
15738,2026-04-23,MY,paid_search,SUMMER25
15739,2026-05-13,SG,paid_social,WELCOME10
15740,2025-10-29,TH,organic,FLASH50
15741,2026-05-03,VN,organic,WELCOME10
15742,2026-06-23,VN,paid_social,WELCOME10
15743,2026-12-08,SG,affiliate,
15744,2025-08-21,LA,organic,
15745,2025-09-22,KR,affiliate,FLASH50
15746,2025-07-11,PH,paid_search,SUMMER25
15747,2026-08-26,MM,paid_social,
15748,2025-08-13,SG,paid_search,
15749,2026-10-31,MM,affiliate,
15750,2026-01-11,AU,paid_search,
15751,2025-12-01,ID,organic,
15752,2026-12-02,TH,organic,
15753,2026-07-19,TH,paid_search,
15754,2026-04-18,SG,paid_social,
15755,2026-10-17,VN,organic,
15756,2026-08-07,SG,paid_search,
15757,2026-06-05,VN,organic,
15758,2025-12-19,VN,paid_search,
15759,2026-12-08,TH,paid_search,
15760,2026-07-19,TH,direct,
15761,2026-11-17,ID,organic,FLASH50
15762,2026-11-27,TH,organic,
15763,2026-04-19,AU,paid_search,
15764,2026-01-07,KH,paid_social,
15765,2026-11-17,SG,paid_social,
15766,2026-12-15,MY,paid_search,
15767,2025-09-04,PH,organic,
15768,2026-06-06,KH,email,
15769,2026-05-18,MY,paid_search,
15770,2026-08-03,JP,affiliate,FLASH50
15771,2026-12-02,MY,paid_search,
15772,2025-11-12,TH,affiliate,
15773,2026-12-03,MY,affiliate,
15774,2026-06-08,VN,organic,
15775,2025-08-13,KR,organic,
15776,2026-03-30,TH,organic,
15777,2025-09-10,SG,affiliate,
15778,2026-11-22,MY,organic,
15779,2026-08-11,KH,paid_search,
15780,2026-10-26,VN,paid_social,
15781,2026-05-18,TH,paid_social,
15782,2026-01-28,PH,paid_search,
15783,2026-02-14,ID,paid_search,
15784,2026-11-17,LA,paid_search,FLASH50
15785,2025-09-19,PH,organic,
15786,2026-10-15,TH,organic,FLASH50
15787,2026-02-10,JP,email,
15788,2026-05-11,SG,direct,
15789,2026-06-21,KR,affiliate,
15790,2025-08-13,TH,paid_search,
15791,2025-09-18,VN,organic,
15792,2025-09-24,TH,paid_search,WELCOME10
15793,2026-08-20,TH,organic,FLASH50
15794,2025-08-10,KR,email,
15795,2026-05-22,TH,affiliate,
15796,2025-08-27,TH,direct,WELCOME10
15797,2026-08-14,KH,email,
15798,2026-12-03,SG,paid_search,
15799,2026-02-06,MY,paid_search,WELCOME10
15800,2025-10-22,KR,affiliate,
15801,2026-02-23,SG,paid_social,
15802,2026-07-04,TH,email,
15803,2026-07-23,ID,paid_search,
15804,2026-06-05,VN,paid_search,FLASH50
15805,2026-05-07,TH,paid_search,SUMMER25
15806,2026-06-02,MY,organic,
15807,2025-10-24,TH,paid_search,SUMMER25
15808,2025-10-19,TH,organic,SUMMER25
15809,2026-11-09,TH,paid_search,
15810,2026-05-05,LA,paid_search,
15811,2026-10-03,TH,organic,
15812,2026-05-30,TH,affiliate,
15813,2026-02-28,AU,organic,
15814,2026-05-01,TH,paid_social,
15815,2026-07-04,AU,organic,
15816,2025-10-08,KH,paid_social,
15817,2026-03-04,SG,paid_search,
15818,2026-07-21,TH,affiliate,
15819,2025-08-16,TH,paid_social,FLASH50
15820,2025-08-09,TH,paid_search,FLASH50
15821,2025-09-24,TH,paid_social,
15822,2026-05-12,SG,paid_search,
15823,2025-11-05,TH,paid_search,
15824,2026-02-18,PH,paid_search,
15825,2025-09-10,TH,paid_social,
15826,2025-11-11,SG,paid_social,
15827,2025-07-10,TH,email,
15828,2026-09-04,TH,organic,
15829,2026-03-06,VN,organic,
15830,2025-10-02,ID,paid_search,
15831,2026-04-07,TH,paid_social,
15832,2026-11-10,MY,organic,
15833,2026-09-13,SG,organic,FLASH50
15834,2026-10-15,LA,direct,SUMMER25
15835,2026-02-02,TH,paid_search,FLASH50
15836,2026-01-09,VN,paid_search,
15837,2025-12-16,TH,organic,
15838,2025-12-10,SG,organic,SUMMER25
15839,2026-11-03,MY,organic,
15840,2025-09-12,TH,organic,
15841,2026-09-27,MY,paid_search,
15842,2026-11-01,MY,organic,
15843,2026-09-23,TH,paid_search,
15844,2026-05-31,KR,organic,
15845,2026-09-30,TH,email,
15846,2025-07-17,LA,organic,WELCOME10
15847,2026-09-09,SG,organic,SUMMER25
15848,2026-03-30,TH,affiliate,
15849,2026-11-23,TH,affiliate,
15850,2025-08-15,ID,paid_social,WELCOME10
15851,2026-11-08,VN,paid_search,
15852,2026-05-02,ID,affiliate,
15853,2025-08-25,TH,paid_social,
15854,2026-03-29,TH,paid_search,SUMMER25
15855,2025-07-20,VN,paid_search,
15856,2025-08-14,KH,organic,SUMMER25
15857,2026-04-10,TH,organic,
15858,2026-09-08,PH,organic,
15859,2025-08-27,ID,organic,
15860,2025-11-17,MY,email,WELCOME10
15861,2026-01-25,MY,affiliate,
15862,2026-04-15,TH,organic,FLASH50
15863,2025-07-01,TH,organic,
15864,2026-06-06,VN,paid_social,
15865,2026-03-23,JP,paid_search,
15866,2026-11-25,SG,affiliate,
15867,2025-12-08,TH,direct,
15868,2026-03-21,TH,paid_search,FLASH50
15869,2025-08-13,SG,organic,
15870,2026-11-01,ID,email,
15871,2026-09-18,TH,paid_search,
15872,2026-01-06,TH,paid_search,
15873,2026-03-03,VN,paid_social,
15874,2026-10-01,TH,paid_search,
15875,2025-12-05,SG,organic,FLASH50
15876,2025-11-03,VN,affiliate,
15877,2025-11-06,TH,organic,
15878,2026-07-13,SG,organic,WELCOME10
15879,2025-10-21,TH,paid_search,
15880,2025-08-17,TH,organic,
15881,2025-09-27,MM,affiliate,
15882,2026-12-08,ID,direct,WELCOME10
15883,2026-10-09,TH,direct,
15884,2026-11-21,TH,organic,SUMMER25
15885,2025-11-25,TH,direct,
15886,2026-02-21,LA,organic,
15887,2026-03-19,VN,paid_search,
15888,2026-04-06,MY,organic,
15889,2025-07-15,TH,affiliate,
15890,2026-05-15,MM,organic,WELCOME10
15891,2025-07-21,PH,paid_social,
15892,2025-11-24,TH,affiliate,
15893,2025-12-03,TH,paid_search,SUMMER25
15894,2026-06-25,SG,affiliate,
15895,2026-10-21,MY,paid_search,
15896,2026-07-08,TH,organic,
15897,2026-02-18,TH,paid_search,
15898,2026-04-06,ID,paid_social,
15899,2026-03-31,ID,organic,
15900,2025-09-17,SG,affiliate,WELCOME10
15901,2026-11-23,SG,organic,
15902,2026-11-02,TH,paid_social,WELCOME10
15903,2025-11-05,SG,organic,
15904,2025-08-31,PH,paid_search,
15905,2025-09-26,MY,paid_search,
15906,2026-06-01,MM,paid_search,FLASH50
15907,2025-07-16,VN,organic,
15908,2025-08-24,VN,paid_search,
15909,2026-06-11,SG,organic,
15910,2025-09-16,TH,organic,
15911,2025-08-06,MM,organic,
15912,2025-07-11,ID,email,
15913,2026-07-12,LA,organic,
15914,2026-01-10,MY,paid_search,
15915,2025-11-29,SG,organic,
15916,2026-06-06,TH,paid_social,
15917,2025-09-29,TH,paid_search,
15918,2026-04-04,MY,organic,
15919,2026-03-15,AU,direct,FLASH50
15920,2026-06-25,PH,direct,
15921,2026-05-29,SG,organic,
15922,2026-06-25,SG,paid_social,SUMMER25
15923,2025-10-22,TH,email,
15924,2025-09-13,TH,direct,
15925,2026-04-11,KR,organic,
15926,2025-07-31,VN,affiliate,
15927,2026-02-28,MY,paid_search,
15928,2026-05-30,KH,paid_social,
15929,2026-09-11,TH,paid_search,
15930,2026-06-14,AU,paid_social,WELCOME10
15931,2026-12-13,ID,email,
15932,2026-04-23,TH,organic,SUMMER25
15933,2026-02-23,ID,organic,
15934,2025-11-08,TH,paid_social,
15935,2026-06-24,ID,paid_search,
15936,2026-09-06,TH,paid_social,
15937,2025-12-19,TH,affiliate,
15938,2025-08-10,ID,paid_social,
15939,2025-07-06,SG,affiliate,
15940,2026-06-03,TH,organic,FLASH50
15941,2026-06-19,PH,organic,
15942,2025-09-03,TH,email,
15943,2025-07-13,MY,paid_search,WELCOME10
15944,2026-06-14,MY,paid_social,
15945,2026-01-29,TH,organic,
15946,2026-02-08,KR,paid_social,
15947,2025-11-17,SG,organic,
15948,2026-07-18,TH,affiliate,
15949,2026-08-01,SG,organic,
15950,2025-07-28,MY,organic,
15951,2025-08-17,TH,paid_search,
15952,2026-04-22,TH,organic,FLASH50
15953,2026-05-18,MY,direct,
15954,2025-09-16,ID,paid_search,
15955,2025-09-23,TH,paid_search,
15956,2026-06-29,TH,organic,
15957,2026-02-28,TH,paid_search,FLASH50
15958,2025-09-02,TH,organic,
15959,2026-05-21,ID,paid_social,
15960,2025-08-09,TH,direct,
15961,2025-10-31,TH,paid_search,
15962,2026-07-16,TH,affiliate,SUMMER25
15963,2025-10-27,MY,direct,
15964,2025-08-03,MY,direct,
15965,2026-11-24,TH,affiliate,WELCOME10
15966,2025-10-28,ID,email,
15967,2026-04-01,ID,paid_search,
15968,2026-09-13,TH,paid_social,FLASH50
15969,2026-12-10,TH,paid_social,
15970,2026-09-05,TH,organic,
15971,2025-12-29,PH,paid_search,
15972,2026-09-29,TH,paid_search,SUMMER25
15973,2025-07-07,TH,organic,
15974,2025-12-21,MY,paid_search,
15975,2025-10-15,MY,affiliate,FLASH50
15976,2026-04-08,PH,paid_social,
15977,2026-10-19,TH,paid_social,FLASH50
15978,2026-08-17,TH,paid_social,WELCOME10
15979,2026-12-15,MY,organic,FLASH50
15980,2025-09-12,VN,organic,
15981,2026-08-05,KR,organic,
15982,2026-07-22,MY,email,
15983,2026-03-01,SG,email,WELCOME10
15984,2025-08-21,TH,paid_social,
15985,2025-08-25,KR,paid_search,
15986,2026-10-30,ID,direct,
15987,2025-12-05,TH,organic,FLASH50
15988,2026-06-05,SG,organic,
15989,2026-11-16,MY,paid_social,
15990,2026-03-20,TH,paid_search,
15991,2025-10-20,VN,direct,SUMMER25
15992,2026-03-16,ID,affiliate,SUMMER25
15993,2025-10-31,TH,direct,
15994,2025-10-05,KR,paid_social,
15995,2026-09-06,AU,email,
15996,2026-01-01,TH,paid_social,
15997,2026-07-01,SG,paid_search,
15998,2026-07-23,LA,paid_social,
15999,2026-04-19,TH,email,
16000,2026-04-15,AU,organic,
16001,2025-10-05,TH,paid_social,
16002,2026-04-09,VN,paid_search,
16003,2026-08-05,MY,paid_social,
16004,2025-10-13,TH,paid_social,WELCOME10
16005,2025-11-01,VN,paid_search,WELCOME10
16006,2026-07-03,TH,paid_social,
16007,2026-12-06,TH,paid_search,
16008,2026-01-25,TH,organic,
16009,2026-09-15,TH,paid_social,
16010,2025-10-06,TH,organic,
16011,2026-04-30,TH,affiliate,
16012,2026-11-16,TH,email,FLASH50
16013,2026-02-21,TH,organic,
16014,2026-03-28,TH,organic,
16015,2025-09-21,PH,organic,
16016,2026-04-08,TH,affiliate,
16017,2026-05-09,VN,organic,
16018,2026-12-06,TH,paid_search,WELCOME10
16019,2025-10-16,TH,paid_search,FLASH50
16020,2026-01-12,SG,affiliate,
16021,2026-06-10,TH,paid_social,SUMMER25
16022,2026-11-15,MY,paid_search,
16023,2025-11-04,ID,paid_search,
16024,2026-07-06,TH,affiliate,
16025,2026-10-12,TH,paid_search,FLASH50
16026,2026-06-03,PH,paid_search,
16027,2026-02-13,TH,organic,WELCOME10
16028,2025-11-02,VN,organic,FLASH50
16029,2025-12-01,MY,paid_search,
16030,2025-07-28,TH,paid_social,
16031,2025-09-20,TH,paid_social,
16032,2026-02-19,TH,direct,
16033,2025-09-13,MY,organic,
16034,2025-07-06,JP,paid_search,
16035,2026-07-05,TH,affiliate,FLASH50
16036,2025-08-07,AU,paid_search,
16037,2025-09-14,TH,paid_search,
16038,2026-05-14,TH,paid_search,
16039,2026-11-04,MY,paid_search,
16040,2026-07-22,JP,organic,
16041,2025-07-18,SG,organic,WELCOME10
16042,2025-09-28,VN,organic,
16043,2026-07-30,SG,email,
16044,2026-07-26,PH,organic,
16045,2026-01-25,PH,organic,WELCOME10
16046,2026-11-19,ID,paid_social,
16047,2026-10-17,MY,direct,
16048,2026-08-01,SG,organic,
16049,2026-08-03,AU,affiliate,
16050,2026-08-23,MY,organic,
16051,2025-09-18,TH,organic,FLASH50
16052,2026-07-09,KH,direct,SUMMER25
16053,2026-11-13,ID,paid_social,
16054,2025-10-28,MY,paid_social,
16055,2025-07-08,ID,organic,FLASH50
16056,2026-01-09,TH,paid_social,
16057,2025-11-21,SG,organic,
16058,2026-11-18,TH,paid_search,
16059,2026-02-23,PH,paid_social,FLASH50
16060,2026-06-18,ID,paid_social,
16061,2026-12-06,PH,paid_social,
16062,2026-08-25,TH,organic,
16063,2026-08-04,KR,affiliate,
16064,2026-11-29,TH,direct,SUMMER25
16065,2026-07-03,TH,email,
16066,2025-11-01,JP,organic,
16067,2026-07-23,ID,organic,
16068,2025-12-19,AU,paid_search,
16069,2025-12-24,ID,paid_search,SUMMER25
16070,2026-06-09,TH,email,FLASH50
16071,2025-12-16,TH,paid_search,
16072,2025-07-13,PH,paid_search,
16073,2026-12-15,SG,organic,
16074,2026-05-01,ID,direct,
16075,2026-06-23,TH,organic,
16076,2026-09-05,TH,email,
16077,2026-06-04,PH,email,
16078,2026-05-22,AU,organic,
16079,2026-08-27,TH,affiliate,
16080,2025-12-05,TH,paid_search,
16081,2026-09-15,TH,organic,WELCOME10
16082,2026-07-21,TH,paid_search,
16083,2025-10-06,PH,email,
16084,2025-09-16,SG,paid_search,
16085,2026-10-12,TH,organic,
16086,2026-10-20,VN,paid_search,
16087,2026-12-12,VN,paid_search,
16088,2025-08-23,TH,organic,
16089,2026-10-21,LA,organic,
16090,2026-10-04,SG,organic,FLASH50
16091,2026-08-14,TH,paid_search,
16092,2026-03-23,LA,paid_social,
16093,2026-03-29,TH,paid_social,FLASH50
16094,2026-02-14,KR,organic,
16095,2025-07-16,MY,affiliate,WELCOME10
16096,2026-03-24,MM,paid_search,
16097,2025-11-04,TH,organic,FLASH50
16098,2025-10-15,TH,email,
16099,2025-07-30,KH,paid_social,SUMMER25
16100,2026-03-01,PH,paid_social,
16101,2025-07-26,KH,organic,
16102,2026-09-26,TH,organic,SUMMER25
16103,2026-10-18,MY,paid_social,WELCOME10
16104,2026-08-31,TH,email,
16105,2025-12-08,TH,paid_social,FLASH50
16106,2025-09-25,MY,organic,FLASH50
16107,2026-03-26,VN,paid_social,
16108,2026-06-24,SG,paid_search,WELCOME10
16109,2025-07-11,TH,organic,FLASH50
16110,2026-09-30,PH,affiliate,
16111,2026-02-19,JP,paid_social,FLASH50
16112,2026-09-10,TH,paid_social,WELCOME10
16113,2025-08-11,PH,organic,WELCOME10
16114,2026-02-12,KH,organic,
16115,2026-03-02,TH,paid_search,
16116,2025-07-26,ID,paid_search,
16117,2026-07-13,AU,paid_social,
16118,2026-11-09,VN,affiliate,FLASH50
16119,2026-04-15,TH,paid_social,FLASH50
16120,2026-01-28,MY,paid_social,
16121,2026-06-05,VN,organic,
16122,2026-01-09,MY,paid_search,WELCOME10
16123,2026-01-08,TH,paid_social,SUMMER25
16124,2026-08-09,TH,paid_search,WELCOME10
16125,2026-05-11,PH,paid_search,FLASH50
16126,2025-11-18,SG,direct,
16127,2026-02-03,AU,organic,
16128,2026-09-18,TH,direct,FLASH50
16129,2026-04-08,PH,affiliate,
16130,2025-08-10,TH,paid_social,
16131,2026-09-30,PH,organic,
16132,2026-07-30,PH,paid_social,
16133,2025-11-20,TH,organic,
16134,2026-11-27,TH,direct,
16135,2026-11-20,LA,organic,
16136,2026-12-13,VN,paid_search,SUMMER25
16137,2026-01-18,MY,paid_social,
16138,2026-11-05,SG,organic,
16139,2026-09-03,MM,paid_search,WELCOME10
16140,2026-10-08,VN,paid_social,SUMMER25
16141,2026-04-18,TH,organic,
16142,2025-11-26,SG,organic,
16143,2025-10-29,TH,paid_search,FLASH50
16144,2026-11-28,PH,paid_search,
16145,2026-03-25,PH,paid_search,
16146,2026-11-07,TH,organic,
16147,2026-04-22,TH,paid_search,FLASH50
16148,2026-04-11,TH,paid_search,
16149,2025-08-09,TH,organic,
16150,2026-01-31,AU,paid_search,
16151,2026-04-23,VN,paid_search,
16152,2025-08-28,SG,paid_search,
16153,2025-09-25,TH,organic,
16154,2026-05-11,TH,paid_social,
16155,2025-11-10,ID,organic,FLASH50
16156,2026-07-09,TH,organic,
16157,2026-03-03,TH,affiliate,FLASH50
16158,2026-02-01,AU,direct,FLASH50
16159,2025-09-01,MY,direct,
16160,2026-02-02,PH,paid_social,
16161,2026-04-15,TH,organic,
16162,2026-05-02,TH,affiliate,
16163,2025-11-22,LA,paid_social,
16164,2025-07-15,PH,direct,
16165,2026-11-11,VN,paid_search,
16166,2026-11-23,MY,paid_search,
16167,2026-10-25,TH,organic,SUMMER25
16168,2025-12-02,MY,organic,
16169,2026-05-18,TH,paid_social,
16170,2025-09-14,TH,direct,WELCOME10
16171,2026-10-26,SG,paid_search,
16172,2025-07-03,TH,organic,
16173,2026-03-08,TH,paid_search,FLASH50
16174,2026-09-30,TH,organic,
16175,2026-07-22,TH,direct,
16176,2026-10-04,PH,organic,
16177,2026-03-22,AU,organic,
16178,2025-08-20,TH,paid_search,
16179,2025-07-05,TH,paid_search,FLASH50
16180,2025-09-20,PH,paid_social,
16181,2025-07-31,TH,paid_search,WELCOME10
16182,2026-02-24,VN,email,
16183,2025-07-27,TH,paid_social,
16184,2025-10-07,ID,organic,
16185,2026-02-09,TH,organic,
16186,2026-07-28,VN,paid_search,
16187,2026-06-25,SG,paid_search,
16188,2025-07-31,TH,paid_search,
16189,2026-10-25,TH,organic,
16190,2026-04-19,SG,organic,
16191,2026-01-02,KR,organic,
16192,2026-01-21,SG,affiliate,
16193,2026-09-26,TH,paid_social,FLASH50
16194,2026-03-05,MY,organic,
16195,2025-11-09,TH,paid_search,
16196,2026-02-12,KH,direct,
16197,2025-08-06,PH,organic,
16198,2025-09-20,TH,organic,
16199,2025-12-15,MY,paid_search,FLASH50
16200,2025-10-26,ID,organic,
16201,2026-01-03,TH,organic,
16202,2025-08-04,ID,direct,FLASH50
16203,2026-05-22,SG,affiliate,
16204,2025-08-31,SG,paid_social,
16205,2025-10-24,MY,direct,WELCOME10
16206,2026-12-04,MY,organic,
16207,2025-07-04,ID,email,
16208,2025-11-27,SG,direct,FLASH50
16209,2026-03-24,VN,paid_social,WELCOME10
16210,2025-12-11,SG,email,FLASH50
16211,2025-12-18,ID,affiliate,
16212,2025-09-06,TH,paid_search,SUMMER25
16213,2026-02-11,MY,paid_search,
16214,2026-08-07,SG,paid_social,
16215,2026-05-10,TH,paid_social,
16216,2026-11-05,TH,paid_search,WELCOME10
16217,2026-07-08,SG,organic,
16218,2026-08-25,TH,organic,
16219,2026-02-16,TH,organic,
16220,2026-05-23,TH,paid_search,
16221,2026-05-05,ID,organic,SUMMER25
16222,2026-09-07,KR,organic,
16223,2026-03-25,PH,direct,
16224,2026-02-01,JP,paid_search,WELCOME10
16225,2025-08-07,AU,direct,
16226,2026-10-02,TH,organic,SUMMER25
16227,2026-02-18,TH,paid_search,
16228,2026-08-30,TH,paid_social,
16229,2026-06-27,TH,direct,
16230,2025-07-01,PH,paid_social,SUMMER25
16231,2026-06-13,LA,email,
16232,2026-03-17,MY,organic,FLASH50
16233,2025-11-05,LA,paid_search,
16234,2025-11-19,VN,email,
16235,2026-06-06,SG,paid_search,
16236,2025-08-15,TH,organic,
16237,2026-05-20,AU,organic,
16238,2026-09-25,ID,affiliate,
16239,2025-08-16,TH,organic,
16240,2025-07-05,TH,paid_search,
16241,2025-08-02,VN,organic,
16242,2026-07-25,PH,organic,
16243,2026-09-25,MY,paid_search,
16244,2026-12-09,KR,organic,WELCOME10
16245,2025-07-16,TH,paid_social,
16246,2026-03-14,AU,organic,FLASH50
16247,2025-07-26,ID,affiliate,
16248,2026-01-14,VN,paid_search,FLASH50
16249,2025-12-12,MM,paid_search,
16250,2026-05-19,PH,paid_social,
16251,2026-10-28,TH,paid_search,
16252,2026-09-02,KH,organic,
16253,2025-08-03,MY,paid_search,
16254,2025-11-06,TH,paid_search,
16255,2025-11-24,ID,organic,WELCOME10
16256,2025-11-11,SG,affiliate,FLASH50
16257,2026-01-05,MY,paid_search,
16258,2026-05-20,TH,organic,FLASH50
16259,2026-07-30,TH,organic,
16260,2026-11-13,TH,organic,
16261,2026-07-10,VN,organic,
16262,2025-12-07,TH,paid_search,
16263,2025-10-07,ID,organic,
16264,2026-01-17,MY,paid_search,WELCOME10
16265,2026-08-31,TH,organic,WELCOME10
16266,2026-12-12,TH,direct,
16267,2026-01-26,TH,paid_social,
16268,2025-10-02,KH,affiliate,
16269,2025-07-03,AU,paid_search,
16270,2025-08-11,TH,organic,
16271,2026-06-05,TH,paid_search,WELCOME10
16272,2026-05-11,MY,paid_search,
16273,2026-06-08,TH,paid_social,FLASH50
16274,2025-07-13,SG,email,SUMMER25
16275,2026-02-18,SG,organic,
16276,2025-10-05,ID,organic,
16277,2025-12-27,TH,paid_social,
16278,2026-05-28,LA,organic,WELCOME10
16279,2025-11-24,SG,affiliate,
16280,2026-06-17,TH,paid_social,
16281,2025-12-02,MM,affiliate,WELCOME10
16282,2026-03-30,TH,organic,
16283,2026-03-02,TH,organic,
16284,2026-01-21,TH,paid_social,
16285,2025-09-06,VN,paid_search,FLASH50
16286,2026-05-04,MY,affiliate,FLASH50
16287,2026-12-10,MY,paid_search,
16288,2026-06-08,TH,paid_search,
16289,2026-08-02,TH,organic,
16290,2026-09-02,TH,paid_social,
16291,2025-07-21,SG,paid_search,SUMMER25
16292,2026-08-27,TH,paid_search,
16293,2025-11-07,SG,organic,
16294,2026-06-20,VN,paid_social,FLASH50
16295,2026-12-07,ID,affiliate,
16296,2026-10-20,MY,organic,
16297,2026-02-06,MY,organic,
16298,2026-09-20,TH,paid_social,
16299,2026-05-26,MY,paid_social,
16300,2025-09-10,TH,organic,
16301,2025-11-05,VN,organic,
16302,2026-11-22,SG,affiliate,
16303,2026-10-31,MY,paid_social,WELCOME10
16304,2026-10-19,KH,paid_search,
16305,2026-01-21,TH,organic,
16306,2025-12-19,TH,paid_social,
16307,2026-09-03,LA,organic,FLASH50
16308,2025-07-11,TH,paid_social,SUMMER25
16309,2026-10-22,TH,paid_social,
16310,2026-05-18,TH,paid_search,
16311,2026-06-03,SG,organic,
16312,2026-02-19,MY,organic,
16313,2026-12-04,PH,paid_social,
16314,2026-08-04,VN,email,FLASH50
16315,2025-07-29,SG,direct,
16316,2026-04-06,VN,affiliate,
16317,2026-10-02,PH,paid_social,
16318,2025-08-10,TH,email,
16319,2026-07-28,MY,paid_search,
16320,2025-11-08,TH,email,
16321,2026-03-27,TH,paid_search,
16322,2026-10-14,VN,paid_social,FLASH50
16323,2026-03-20,VN,organic,
16324,2025-07-21,KH,paid_search,
16325,2025-07-12,SG,paid_search,
16326,2026-07-28,TH,paid_search,
16327,2026-11-09,TH,paid_social,
16328,2025-12-03,TH,email,
16329,2026-11-11,TH,affiliate,
16330,2026-02-27,MY,paid_search,
16331,2025-08-01,ID,affiliate,
16332,2026-04-10,TH,paid_search,
16333,2026-12-01,TH,paid_search,
16334,2025-11-11,TH,email,WELCOME10
16335,2026-11-25,VN,organic,FLASH50
16336,2026-06-13,TH,affiliate,
16337,2026-01-28,TH,organic,
16338,2026-07-05,SG,email,
16339,2026-01-30,TH,paid_social,SUMMER25
16340,2025-08-15,TH,paid_search,
16341,2026-10-08,PH,organic,
16342,2026-01-16,TH,organic,WELCOME10
16343,2026-04-28,TH,organic,
16344,2026-08-01,TH,affiliate,
16345,2025-08-14,TH,paid_social,FLASH50
16346,2026-07-20,LA,organic,
16347,2026-01-11,ID,paid_search,
16348,2026-04-17,SG,paid_search,FLASH50
16349,2026-03-01,MY,paid_social,
16350,2026-08-19,TH,paid_search,WELCOME10
16351,2025-10-08,TH,affiliate,SUMMER25
16352,2025-08-27,TH,paid_social,
16353,2026-02-05,PH,organic,
16354,2025-09-02,VN,paid_search,
16355,2025-11-07,TH,paid_search,
16356,2026-06-16,VN,email,
16357,2026-09-10,TH,organic,
16358,2026-07-05,TH,paid_search,FLASH50
16359,2025-12-17,TH,paid_social,
16360,2026-09-08,TH,paid_search,
16361,2026-02-02,TH,organic,
16362,2025-10-05,LA,paid_search,
16363,2026-08-08,TH,organic,
16364,2026-04-02,TH,paid_social,
16365,2026-01-14,TH,email,
16366,2026-06-18,TH,email,
16367,2026-07-22,TH,paid_search,
16368,2025-10-28,TH,organic,
16369,2025-09-01,TH,paid_search,
16370,2026-04-02,TH,organic,SUMMER25
16371,2025-07-28,TH,paid_social,
16372,2026-06-06,ID,organic,
16373,2026-02-20,AU,paid_search,SUMMER25
16374,2025-10-23,TH,organic,
16375,2026-05-16,ID,organic,
16376,2026-01-17,ID,paid_social,SUMMER25
16377,2026-01-24,MY,direct,FLASH50
16378,2025-10-24,ID,paid_social,
16379,2026-06-26,SG,organic,
16380,2026-10-25,MM,paid_search,
16381,2026-05-26,TH,paid_social,
16382,2025-11-04,SG,email,
16383,2026-09-18,ID,paid_social,WELCOME10
16384,2025-09-03,LA,organic,
16385,2025-12-02,SG,paid_social,
16386,2025-07-19,JP,organic,
16387,2026-09-26,ID,paid_search,WELCOME10
16388,2025-07-24,ID,direct,
16389,2026-04-18,PH,email,
16390,2025-10-11,VN,organic,
16391,2025-10-22,MY,paid_social,
16392,2026-05-21,VN,paid_search,WELCOME10
16393,2026-09-02,TH,organic,
16394,2025-07-10,AU,email,
16395,2025-09-23,PH,affiliate,FLASH50
16396,2025-11-30,ID,organic,FLASH50
16397,2026-11-15,TH,affiliate,
16398,2025-08-01,TH,organic,
16399,2025-10-04,TH,paid_search,
16400,2026-02-01,TH,direct,SUMMER25
16401,2025-12-21,ID,affiliate,
16402,2025-07-26,KH,paid_social,
16403,2026-04-14,ID,paid_search,
16404,2026-05-20,TH,affiliate,
16405,2025-10-03,JP,direct,
16406,2026-07-02,KH,organic,
16407,2025-07-31,ID,organic,
16408,2026-07-25,TH,paid_search,SUMMER25
16409,2025-11-16,ID,paid_search,
16410,2025-10-28,TH,organic,
16411,2025-10-13,TH,paid_social,
16412,2026-10-06,MY,paid_search,
16413,2026-03-25,ID,direct,
16414,2026-07-03,TH,organic,
16415,2025-10-17,MM,affiliate,FLASH50
16416,2025-07-31,PH,direct,
16417,2025-07-21,MY,paid_search,
16418,2026-02-20,TH,organic,
16419,2025-12-21,TH,email,
16420,2026-08-14,ID,paid_search,
16421,2026-08-25,PH,paid_search,FLASH50
16422,2025-12-13,SG,organic,
16423,2026-02-17,TH,paid_search,
16424,2026-01-20,TH,paid_social,WELCOME10
16425,2026-06-25,TH,paid_social,
16426,2026-06-01,ID,direct,
16427,2026-06-13,SG,paid_social,
16428,2025-07-30,TH,organic,FLASH50
16429,2025-12-28,SG,paid_social,
16430,2026-11-28,KH,organic,
16431,2025-12-30,SG,organic,FLASH50
16432,2025-10-01,TH,paid_search,FLASH50
16433,2025-10-15,MY,organic,
16434,2025-07-15,MM,organic,
16435,2026-08-21,TH,organic,
16436,2025-07-03,TH,organic,
16437,2026-05-14,MY,affiliate,
16438,2026-01-29,TH,paid_search,
16439,2025-08-20,LA,email,
16440,2026-10-15,VN,email,
16441,2026-07-31,TH,email,WELCOME10
16442,2026-09-10,KH,organic,
16443,2026-11-12,ID,paid_search,
16444,2026-10-30,SG,paid_search,
16445,2026-07-09,TH,paid_search,
16446,2026-04-11,ID,organic,
16447,2026-07-07,LA,organic,
16448,2026-02-25,TH,paid_social,
16449,2025-10-05,TH,paid_social,
16450,2026-01-22,AU,paid_search,
16451,2026-03-06,TH,organic,
16452,2025-07-25,TH,paid_social,
16453,2026-09-25,TH,paid_social,
16454,2026-10-28,ID,paid_social,WELCOME10
16455,2026-02-09,ID,affiliate,
16456,2026-03-22,TH,paid_social,
16457,2026-09-22,TH,paid_search,FLASH50
16458,2026-02-28,MY,paid_search,
16459,2026-07-02,ID,organic,
16460,2026-04-01,TH,paid_search,SUMMER25
16461,2025-11-22,SG,email,
16462,2026-08-28,MY,paid_social,
16463,2025-10-11,TH,paid_social,
16464,2025-10-28,TH,organic,
16465,2026-07-04,MM,paid_social,
16466,2026-07-14,KH,organic,
16467,2026-11-21,TH,paid_search,
16468,2026-07-14,KH,paid_social,WELCOME10
16469,2025-07-14,ID,organic,
16470,2026-09-26,KR,paid_search,
16471,2026-02-06,JP,organic,
16472,2025-07-05,MY,organic,
16473,2026-05-05,SG,paid_search,
16474,2025-09-29,TH,paid_social,
16475,2026-02-07,MY,organic,
16476,2026-03-09,TH,organic,
16477,2025-08-09,ID,paid_search,
16478,2026-09-27,TH,organic,
16479,2026-03-30,PH,affiliate,FLASH50
16480,2026-11-27,JP,affiliate,
16481,2026-03-05,TH,paid_social,
16482,2026-05-14,ID,paid_social,
16483,2026-09-06,PH,affiliate,
16484,2025-10-22,MY,paid_search,
16485,2026-10-28,AU,paid_social,WELCOME10
16486,2025-10-07,SG,paid_search,FLASH50
16487,2026-12-13,TH,paid_search,
16488,2026-06-06,SG,affiliate,WELCOME10
16489,2026-04-03,SG,affiliate,FLASH50
16490,2025-10-20,TH,paid_search,
16491,2026-04-30,VN,direct,FLASH50
16492,2026-04-21,MY,paid_search,
16493,2026-12-07,TH,paid_search,
16494,2026-09-18,SG,paid_search,
16495,2026-03-15,TH,affiliate,
16496,2026-01-24,SG,direct,
16497,2026-01-23,MY,paid_social,
16498,2026-01-18,TH,paid_search,FLASH50
16499,2025-07-08,PH,paid_search,
16500,2025-07-20,MM,paid_search,
16501,2026-08-05,MY,paid_social,
16502,2025-11-13,VN,direct,
16503,2026-02-05,AU,email,
16504,2026-07-08,TH,paid_search,
16505,2026-05-20,TH,paid_search,
16506,2026-01-09,TH,paid_search,FLASH50
16507,2026-08-06,SG,paid_search,
16508,2025-09-23,TH,direct,
16509,2026-03-09,MY,organic,
16510,2025-08-26,SG,affiliate,
16511,2026-04-10,TH,paid_search,
16512,2025-08-20,TH,paid_social,
16513,2026-11-14,TH,email,
16514,2026-06-17,MY,paid_social,
16515,2025-11-08,TH,paid_social,
16516,2026-05-23,TH,organic,
16517,2026-01-03,TH,organic,
16518,2026-04-03,VN,paid_search,
16519,2025-09-28,TH,paid_search,
16520,2026-03-24,ID,paid_social,FLASH50
16521,2025-08-26,PH,paid_search,
16522,2025-09-20,SG,organic,
16523,2026-05-08,TH,affiliate,
16524,2026-03-24,MY,affiliate,
16525,2025-12-04,TH,direct,
16526,2025-08-01,PH,organic,
16527,2026-02-11,VN,paid_search,
16528,2026-11-06,TH,organic,WELCOME10
16529,2026-07-13,TH,direct,
16530,2025-07-31,ID,paid_social,FLASH50
16531,2026-11-12,MY,email,
16532,2026-02-11,TH,email,
16533,2026-05-03,VN,organic,
16534,2025-07-01,TH,paid_search,
16535,2025-12-13,LA,paid_search,FLASH50
16536,2026-08-24,PH,paid_search,
16537,2025-12-24,TH,direct,
16538,2025-09-27,TH,organic,FLASH50
16539,2025-08-18,TH,affiliate,
16540,2026-11-05,PH,organic,
16541,2026-09-07,TH,affiliate,
16542,2025-07-24,TH,organic,
16543,2026-11-06,ID,paid_search,
16544,2026-09-11,TH,paid_social,
16545,2026-01-08,TH,paid_search,
16546,2026-06-15,VN,direct,
16547,2025-11-15,MY,paid_social,
16548,2025-11-11,MY,organic,
16549,2026-07-16,TH,paid_search,FLASH50
16550,2025-10-16,MY,paid_search,
16551,2026-01-06,MY,organic,FLASH50
16552,2026-01-07,TH,organic,
16553,2025-09-19,JP,organic,
16554,2026-09-15,TH,email,
16555,2026-06-25,TH,direct,
16556,2026-10-03,PH,organic,
16557,2026-04-06,TH,affiliate,FLASH50
16558,2025-10-02,AU,organic,
16559,2025-11-26,SG,paid_search,
16560,2026-01-05,TH,organic,
16561,2026-11-15,TH,organic,WELCOME10
16562,2025-11-04,TH,paid_search,
16563,2026-07-05,MM,paid_social,
16564,2025-09-04,AU,paid_search,
16565,2026-11-22,MY,affiliate,SUMMER25
16566,2026-06-10,TH,organic,
16567,2026-02-15,SG,paid_social,
16568,2026-01-01,TH,organic,
16569,2026-01-05,TH,organic,
16570,2025-10-29,TH,paid_search,
16571,2026-05-16,TH,organic,
16572,2026-10-05,TH,affiliate,
16573,2025-11-06,ID,paid_search,SUMMER25
16574,2026-08-03,TH,paid_social,
16575,2026-04-28,TH,organic,FLASH50
16576,2026-08-17,TH,organic,
16577,2026-08-15,ID,paid_search,
16578,2025-07-21,ID,organic,FLASH50
16579,2025-07-12,TH,organic,WELCOME10
16580,2026-10-31,KH,organic,WELCOME10
16581,2025-09-21,ID,email,FLASH50
16582,2026-05-03,TH,paid_search,FLASH50
16583,2026-08-06,TH,organic,
16584,2026-03-26,JP,paid_search,WELCOME10
16585,2025-07-04,TH,email,
16586,2025-07-06,TH,organic,
16587,2026-06-22,MY,organic,
16588,2026-10-22,TH,direct,
16589,2025-12-31,VN,email,
16590,2026-04-16,VN,paid_search,
16591,2026-11-10,PH,organic,
16592,2026-09-13,MY,organic,
16593,2026-04-15,ID,email,
16594,2026-06-15,TH,paid_social,WELCOME10
16595,2026-11-25,KH,paid_search,WELCOME10
16596,2026-08-29,TH,organic,FLASH50
16597,2026-02-07,TH,organic,
16598,2026-07-05,KR,paid_social,
16599,2025-12-23,JP,paid_social,
16600,2026-11-03,SG,paid_search,
16601,2025-08-19,SG,paid_social,
16602,2025-10-29,TH,affiliate,
16603,2026-01-01,ID,paid_social,FLASH50
16604,2025-10-16,TH,organic,
16605,2026-05-14,TH,direct,WELCOME10
16606,2026-07-15,TH,organic,
16607,2026-10-18,LA,paid_social,WELCOME10
16608,2026-03-25,JP,organic,FLASH50
16609,2026-05-28,JP,paid_social,
16610,2026-05-16,VN,paid_social,FLASH50
16611,2025-07-02,TH,organic,
16612,2026-07-13,TH,paid_search,
16613,2025-07-13,SG,paid_search,FLASH50
16614,2026-04-18,TH,paid_search,
16615,2026-12-15,ID,organic,
16616,2026-08-24,TH,organic,
16617,2026-03-27,LA,direct,
16618,2025-12-17,TH,organic,
16619,2026-09-20,TH,paid_search,
16620,2026-10-01,VN,organic,FLASH50
16621,2026-01-13,MY,affiliate,
16622,2025-08-27,TH,paid_social,
16623,2026-05-07,ID,paid_social,
16624,2026-06-03,MY,paid_social,WELCOME10
16625,2026-11-10,TH,paid_search,
16626,2026-10-18,SG,direct,
16627,2025-10-31,MM,paid_social,
16628,2025-11-12,TH,paid_social,FLASH50
16629,2026-12-14,TH,paid_social,
16630,2025-12-22,TH,paid_search,
16631,2026-03-02,MY,paid_social,WELCOME10
16632,2025-12-10,JP,paid_social,WELCOME10
16633,2026-01-26,TH,email,FLASH50
16634,2026-04-27,PH,direct,SUMMER25
16635,2025-12-03,PH,paid_search,SUMMER25
16636,2026-02-06,TH,paid_social,
16637,2026-01-04,VN,organic,
16638,2025-08-27,KR,affiliate,
16639,2026-08-24,AU,paid_social,
16640,2026-10-19,MY,email,WELCOME10
16641,2026-03-20,TH,paid_social,FLASH50
16642,2025-10-18,TH,paid_social,
16643,2026-06-08,TH,organic,WELCOME10
16644,2026-04-11,MY,paid_social,
16645,2026-04-20,TH,paid_search,
16646,2026-05-14,ID,paid_search,
16647,2026-07-18,VN,paid_search,FLASH50
16648,2025-07-22,TH,organic,
16649,2025-08-22,LA,affiliate,
16650,2025-08-21,TH,paid_social,
16651,2025-09-21,TH,organic,
16652,2026-11-30,PH,affiliate,FLASH50
16653,2026-07-25,TH,organic,
16654,2026-06-20,TH,organic,
16655,2026-07-08,JP,paid_search,
16656,2025-07-18,MM,organic,
16657,2025-10-22,PH,affiliate,FLASH50
16658,2026-08-28,TH,paid_social,
16659,2026-03-04,TH,paid_social,WELCOME10
16660,2026-03-29,TH,paid_social,
16661,2026-08-04,TH,paid_search,FLASH50
16662,2025-08-10,JP,paid_social,
16663,2026-08-30,TH,affiliate,
16664,2026-06-28,VN,paid_search,
16665,2026-02-01,TH,paid_search,
16666,2026-03-24,MY,organic,FLASH50
16667,2025-08-09,TH,organic,WELCOME10
16668,2025-10-18,TH,organic,
16669,2025-11-09,TH,paid_social,
16670,2026-10-11,MM,paid_search,
16671,2025-08-30,ID,paid_social,
16672,2025-12-03,ID,paid_search,FLASH50
16673,2025-09-09,TH,paid_search,
16674,2025-11-29,VN,paid_social,
16675,2025-07-06,ID,organic,
16676,2025-11-23,SG,direct,
16677,2026-07-21,ID,paid_search,WELCOME10
16678,2026-08-14,KH,affiliate,SUMMER25
16679,2026-01-19,JP,organic,
16680,2026-07-12,KR,paid_search,FLASH50
16681,2026-05-26,SG,paid_search,
16682,2026-10-25,TH,paid_search,WELCOME10
16683,2026-09-02,TH,paid_search,
16684,2025-10-31,TH,paid_search,
16685,2026-05-10,TH,affiliate,
16686,2026-08-24,TH,paid_search,
16687,2025-12-10,ID,organic,
16688,2026-05-02,MY,organic,
16689,2026-01-30,ID,direct,
16690,2025-12-12,JP,organic,FLASH50
16691,2025-10-15,TH,paid_social,
16692,2025-07-19,TH,organic,
16693,2026-08-04,ID,paid_search,
16694,2026-09-10,MY,paid_search,
16695,2026-06-13,SG,direct,
16696,2025-11-06,PH,paid_social,SUMMER25
16697,2025-07-11,TH,organic,
16698,2026-06-02,MY,paid_social,SUMMER25
16699,2025-10-15,AU,organic,
16700,2026-04-19,SG,email,FLASH50
16701,2026-11-30,MY,paid_search,
16702,2025-07-03,TH,email,
16703,2026-05-04,TH,affiliate,
16704,2026-12-12,TH,organic,
16705,2025-12-26,MY,direct,FLASH50
16706,2026-09-08,MY,direct,
16707,2026-09-15,AU,affiliate,
16708,2026-03-17,ID,paid_search,
16709,2025-12-11,TH,paid_social,
16710,2026-06-28,PH,organic,WELCOME10
16711,2026-05-27,TH,email,
16712,2026-03-12,VN,organic,FLASH50
16713,2025-10-11,TH,paid_social,
16714,2026-08-01,VN,affiliate,
16715,2025-10-21,MM,direct,
16716,2025-09-10,TH,affiliate,
16717,2025-08-05,MY,affiliate,
16718,2026-02-23,MY,paid_social,
16719,2025-09-03,TH,paid_social,
16720,2025-12-26,TH,organic,FLASH50
16721,2025-11-06,ID,direct,WELCOME10
16722,2026-03-02,TH,paid_search,FLASH50
16723,2026-08-19,TH,affiliate,
16724,2026-02-26,VN,paid_search,
16725,2026-04-23,ID,paid_search,
16726,2025-09-15,TH,paid_search,
16727,2025-08-30,JP,direct,
16728,2026-12-03,LA,organic,
16729,2026-05-27,JP,paid_search,
16730,2025-07-09,SG,organic,FLASH50
16731,2026-04-28,TH,paid_search,
16732,2025-07-06,TH,paid_search,
16733,2025-08-11,AU,organic,
16734,2026-01-16,LA,paid_social,
16735,2026-06-15,VN,affiliate,
16736,2026-05-27,SG,affiliate,
16737,2026-08-26,TH,paid_social,
16738,2025-10-04,ID,organic,FLASH50
16739,2025-10-11,TH,paid_social,WELCOME10
16740,2026-04-11,MY,paid_social,
16741,2026-10-07,ID,affiliate,
16742,2026-07-21,VN,paid_social,
16743,2026-06-22,SG,paid_social,
16744,2025-08-20,VN,paid_social,FLASH50
16745,2026-10-11,TH,email,WELCOME10
16746,2026-12-07,TH,paid_social,
16747,2026-05-07,TH,organic,
16748,2025-12-27,TH,affiliate,
16749,2026-06-19,TH,paid_social,
16750,2026-06-08,TH,paid_social,FLASH50
16751,2026-11-08,SG,organic,WELCOME10
16752,2025-08-29,SG,organic,
16753,2026-04-01,SG,affiliate,
16754,2026-07-14,VN,organic,
16755,2026-01-03,TH,paid_search,
16756,2026-09-21,TH,paid_search,
16757,2025-08-04,TH,organic,WELCOME10
16758,2025-08-26,TH,paid_social,
16759,2026-08-26,MY,organic,
16760,2025-09-06,KH,organic,
16761,2026-02-09,TH,direct,
16762,2025-11-27,TH,paid_social,
16763,2026-07-02,TH,direct,
16764,2025-07-07,TH,paid_search,
16765,2026-01-07,KH,affiliate,
16766,2026-12-08,MY,organic,
16767,2026-01-13,ID,organic,
16768,2026-05-15,KH,organic,WELCOME10
16769,2026-12-09,MY,organic,SUMMER25
16770,2026-05-20,TH,direct,
16771,2026-08-07,VN,paid_search,WELCOME10
16772,2026-11-24,VN,paid_social,
16773,2026-05-25,TH,paid_search,
16774,2026-09-17,MY,organic,
16775,2026-03-28,SG,email,FLASH50
16776,2026-09-07,TH,paid_social,
16777,2026-06-08,ID,organic,SUMMER25
16778,2025-12-28,TH,paid_search,WELCOME10
16779,2026-04-24,TH,organic,
16780,2025-12-26,TH,paid_social,
16781,2026-01-28,MY,paid_search,
16782,2025-12-03,PH,email,
16783,2026-03-19,MY,direct,
16784,2026-01-01,VN,organic,
16785,2026-05-30,TH,organic,
16786,2026-01-13,MY,email,
16787,2026-03-19,TH,paid_search,
16788,2025-09-13,SG,paid_search,WELCOME10
16789,2026-01-23,ID,paid_social,FLASH50
16790,2026-01-06,TH,paid_search,
16791,2026-11-25,LA,paid_social,
16792,2026-02-24,TH,direct,
16793,2025-07-12,ID,paid_social,
16794,2025-12-12,SG,paid_search,FLASH50
16795,2026-07-24,VN,organic,
16796,2025-09-27,MY,direct,
16797,2025-09-25,TH,paid_social,
16798,2026-01-16,MM,paid_social,
16799,2026-01-07,ID,organic,WELCOME10
16800,2026-03-14,SG,email,
16801,2025-07-19,ID,paid_search,
16802,2026-07-20,TH,direct,FLASH50
16803,2025-10-23,VN,organic,
16804,2026-07-15,TH,paid_search,
16805,2026-04-27,PH,organic,
16806,2025-10-17,TH,paid_search,SUMMER25
16807,2026-03-08,VN,direct,
16808,2025-07-20,LA,paid_search,WELCOME10
16809,2026-07-10,KR,affiliate,
16810,2025-12-09,VN,affiliate,
16811,2026-01-21,ID,organic,
16812,2025-09-22,SG,paid_social,
16813,2026-01-11,TH,email,
16814,2026-01-27,MY,paid_social,FLASH50
16815,2025-10-28,MY,organic,
16816,2026-12-04,TH,email,FLASH50
16817,2025-11-27,ID,paid_social,
16818,2025-10-05,TH,direct,
16819,2026-04-19,MY,paid_social,
16820,2025-12-17,SG,paid_search,
16821,2026-02-27,KH,paid_search,
16822,2026-07-22,TH,email,FLASH50
16823,2025-08-11,TH,direct,WELCOME10
16824,2026-03-29,MY,paid_search,WELCOME10
16825,2025-07-12,SG,organic,
16826,2025-07-24,TH,organic,
16827,2025-08-19,MY,paid_search,
16828,2025-09-25,LA,paid_search,
16829,2026-01-03,VN,paid_search,
16830,2026-11-11,TH,organic,
16831,2026-10-27,TH,paid_search,
16832,2025-08-24,MY,direct,
16833,2026-12-11,ID,organic,
16834,2026-06-04,JP,paid_social,SUMMER25
16835,2026-04-22,TH,organic,
16836,2026-08-27,MY,paid_social,FLASH50
16837,2026-03-16,KR,direct,
16838,2025-11-19,TH,organic,
16839,2026-04-09,JP,affiliate,FLASH50
16840,2026-07-22,SG,organic,
16841,2026-06-29,VN,paid_search,FLASH50
16842,2025-09-29,SG,organic,
16843,2026-11-13,PH,paid_search,
16844,2025-11-29,LA,paid_search,
16845,2026-09-11,TH,paid_social,
16846,2025-12-14,VN,organic,
16847,2025-08-03,TH,affiliate,
16848,2026-12-14,TH,organic,
16849,2026-05-10,MY,organic,FLASH50
16850,2025-10-23,MY,paid_search,
16851,2025-07-01,TH,paid_social,
16852,2025-09-07,TH,email,
16853,2025-09-29,TH,affiliate,WELCOME10
16854,2026-11-06,TH,paid_search,
16855,2025-10-03,TH,direct,
16856,2025-09-25,TH,organic,
16857,2026-09-20,PH,direct,
16858,2026-10-12,TH,paid_search,FLASH50
16859,2025-10-20,LA,organic,
16860,2026-06-12,TH,paid_search,
16861,2026-04-11,SG,paid_social,
16862,2026-05-04,TH,paid_search,
16863,2025-12-13,TH,organic,
16864,2026-08-05,ID,paid_search,
16865,2026-10-13,TH,paid_search,
16866,2026-07-22,TH,paid_social,
16867,2026-10-25,TH,direct,SUMMER25
16868,2025-08-28,VN,direct,
16869,2026-06-16,TH,paid_search,
16870,2026-12-15,TH,paid_social,
16871,2026-04-12,TH,paid_social,
16872,2026-11-15,MY,affiliate,
16873,2026-01-02,KR,affiliate,
16874,2026-10-21,TH,paid_social,
16875,2026-11-13,TH,paid_search,
16876,2026-05-28,SG,email,
16877,2026-07-11,AU,paid_social,
16878,2026-04-05,TH,organic,
16879,2025-12-16,VN,paid_social,
16880,2026-04-12,VN,paid_search,
16881,2026-11-25,TH,organic,
16882,2025-07-08,VN,paid_social,WELCOME10
16883,2025-10-18,MY,paid_social,
16884,2026-03-24,TH,direct,FLASH50
16885,2025-12-28,TH,direct,
16886,2026-05-29,TH,paid_search,
16887,2026-01-09,TH,organic,
16888,2026-06-17,VN,organic,
16889,2025-08-26,ID,direct,
16890,2025-12-25,PH,paid_search,FLASH50
16891,2026-07-05,SG,paid_search,
16892,2026-03-09,TH,paid_social,
16893,2026-07-16,TH,organic,
16894,2026-06-05,VN,paid_social,
16895,2025-12-23,TH,email,
16896,2026-02-14,TH,paid_social,
16897,2026-11-27,ID,paid_search,
16898,2026-11-25,VN,organic,
16899,2025-07-19,TH,organic,
16900,2026-07-12,MY,organic,
16901,2026-03-19,TH,paid_search,SUMMER25
16902,2025-07-01,VN,organic,
16903,2026-06-03,VN,paid_social,
16904,2025-07-13,VN,paid_search,
16905,2025-12-17,TH,paid_search,
16906,2026-07-03,MY,organic,
16907,2026-09-07,TH,paid_search,
16908,2026-02-05,SG,paid_social,FLASH50
16909,2026-09-05,KR,organic,
16910,2026-09-21,TH,paid_search,
16911,2026-02-24,MY,paid_social,WELCOME10
16912,2025-10-01,TH,paid_social,FLASH50
16913,2026-06-17,SG,email,
16914,2025-07-08,MY,affiliate,
16915,2026-10-20,SG,affiliate,
16916,2026-01-23,ID,email,FLASH50
16917,2026-08-10,JP,email,WELCOME10
16918,2026-07-28,PH,affiliate,
16919,2026-03-10,AU,paid_social,
16920,2026-11-30,TH,affiliate,FLASH50
16921,2026-08-29,KR,paid_search,SUMMER25
16922,2026-10-14,TH,direct,
16923,2025-08-20,TH,organic,
16924,2026-03-16,SG,organic,
16925,2026-11-20,TH,organic,
16926,2026-09-07,VN,affiliate,FLASH50
16927,2026-02-28,TH,paid_search,
16928,2025-08-07,MY,affiliate,
16929,2025-11-28,TH,paid_search,
16930,2026-05-02,TH,paid_search,WELCOME10
16931,2026-06-08,KH,email,
16932,2026-11-05,SG,paid_search,
16933,2025-08-19,TH,paid_social,
16934,2026-01-28,VN,email,
16935,2025-11-23,PH,organic,SUMMER25
16936,2026-11-24,SG,paid_search,
16937,2025-09-27,TH,organic,SUMMER25
16938,2025-10-26,KR,paid_search,
16939,2025-12-06,TH,affiliate,
16940,2025-08-26,TH,organic,
16941,2026-06-08,TH,organic,
16942,2026-04-06,TH,affiliate,
16943,2026-04-24,AU,paid_social,
16944,2026-10-27,AU,paid_search,
16945,2026-02-16,SG,paid_search,
16946,2025-12-13,ID,organic,
16947,2026-01-17,PH,organic,FLASH50
16948,2026-08-31,MY,paid_search,WELCOME10
16949,2026-04-08,ID,paid_social,
16950,2025-09-29,JP,email,
16951,2026-07-03,TH,paid_search,
16952,2026-08-02,TH,organic,WELCOME10
16953,2025-11-11,VN,paid_search,FLASH50
16954,2026-04-23,ID,affiliate,FLASH50
16955,2026-04-27,TH,paid_social,
16956,2025-10-02,TH,affiliate,SUMMER25
16957,2025-07-05,ID,paid_search,FLASH50
16958,2026-07-18,SG,organic,
16959,2026-05-25,LA,email,SUMMER25
16960,2026-07-16,PH,paid_search,
16961,2026-01-18,SG,organic,
16962,2026-04-01,ID,paid_social,FLASH50
16963,2026-12-06,ID,affiliate,
16964,2025-10-29,TH,paid_search,
16965,2026-06-13,SG,paid_social,FLASH50
16966,2025-09-09,SG,paid_search,
16967,2025-08-05,LA,affiliate,
16968,2026-11-23,KH,affiliate,
16969,2025-09-08,TH,paid_social,
16970,2026-06-15,PH,organic,
16971,2026-04-01,MY,paid_search,
16972,2026-09-05,TH,affiliate,
16973,2026-04-18,TH,organic,
16974,2026-07-07,KH,organic,
16975,2026-10-20,TH,email,
16976,2026-09-16,ID,affiliate,
16977,2026-07-20,MY,direct,WELCOME10
16978,2025-09-25,MY,paid_search,
16979,2025-09-29,SG,organic,
16980,2026-03-22,SG,organic,
16981,2026-06-17,LA,paid_social,
16982,2026-06-21,TH,affiliate,SUMMER25
16983,2026-08-24,TH,paid_search,
16984,2025-08-25,TH,paid_search,
16985,2025-10-01,VN,affiliate,
16986,2025-09-18,SG,organic,
16987,2026-04-15,VN,organic,
16988,2026-06-03,TH,direct,
16989,2025-08-31,MY,paid_search,
16990,2026-10-07,KH,affiliate,
16991,2025-12-09,MY,direct,
16992,2026-06-18,ID,affiliate,FLASH50
16993,2026-08-05,ID,paid_search,
16994,2025-07-20,VN,paid_social,
16995,2026-10-04,TH,paid_social,
16996,2026-11-30,ID,email,FLASH50
16997,2026-11-23,TH,organic,WELCOME10
16998,2025-09-13,TH,paid_social,SUMMER25
16999,2026-01-26,SG,email,SUMMER25
17000,2025-11-01,TH,paid_search,
17001,2026-02-26,TH,paid_social,
17002,2026-12-02,VN,organic,
17003,2026-08-11,MY,organic,
17004,2026-08-15,TH,organic,
17005,2026-02-10,TH,paid_search,
17006,2026-11-12,MY,organic,
17007,2026-11-03,SG,paid_social,
17008,2026-09-03,VN,paid_search,
17009,2026-09-08,SG,organic,
17010,2026-06-13,PH,organic,
17011,2025-08-20,TH,affiliate,
17012,2025-11-29,MY,paid_search,
17013,2026-08-14,TH,paid_social,WELCOME10
17014,2025-12-22,TH,affiliate,
17015,2025-09-30,AU,affiliate,
17016,2026-11-17,KH,paid_social,
17017,2026-03-18,TH,affiliate,
17018,2026-10-02,TH,paid_social,
17019,2025-11-29,KH,paid_search,SUMMER25
17020,2026-01-08,TH,organic,
17021,2025-12-30,MM,direct,
17022,2026-01-15,TH,affiliate,WELCOME10
17023,2026-02-19,TH,paid_social,
17024,2025-12-06,TH,paid_social,
17025,2026-09-07,MY,paid_social,
17026,2025-12-21,TH,organic,
17027,2026-02-21,SG,paid_search,
17028,2026-10-02,MM,paid_search,
17029,2026-02-19,TH,affiliate,
17030,2025-07-06,ID,paid_social,
17031,2025-07-01,TH,paid_search,
17032,2026-02-18,MY,paid_search,
17033,2026-06-11,TH,email,
17034,2026-11-15,ID,affiliate,
17035,2025-09-08,VN,affiliate,
17036,2026-04-16,KH,paid_search,
17037,2025-12-02,MM,paid_search,
17038,2026-02-26,TH,paid_social,
17039,2026-02-21,TH,organic,FLASH50
17040,2025-12-14,TH,paid_search,
17041,2025-07-10,VN,paid_search,
17042,2025-08-09,TH,paid_social,WELCOME10
17043,2026-04-05,PH,paid_search,FLASH50
17044,2025-10-28,JP,organic,WELCOME10
17045,2025-12-22,TH,paid_search,
17046,2025-08-18,TH,paid_search,
17047,2025-07-27,MY,paid_social,
17048,2025-09-06,SG,email,
17049,2026-01-18,SG,organic,
17050,2025-09-26,TH,paid_social,
17051,2025-11-01,KH,paid_search,
17052,2025-12-08,ID,paid_social,FLASH50
17053,2025-12-03,TH,email,
17054,2025-07-06,TH,paid_search,SUMMER25
17055,2025-09-01,VN,affiliate,
17056,2026-11-19,TH,organic,SUMMER25
17057,2026-06-22,KH,email,
17058,2025-09-04,MY,affiliate,
17059,2025-11-29,AU,organic,SUMMER25
17060,2026-01-21,VN,paid_social,
17061,2026-10-26,LA,paid_search,
17062,2026-10-12,VN,direct,WELCOME10
17063,2026-08-15,MY,paid_search,
17064,2025-08-26,TH,paid_social,
17065,2026-03-19,VN,paid_search,
17066,2026-03-15,MY,organic,
17067,2026-06-05,SG,affiliate,
17068,2026-09-24,MY,affiliate,SUMMER25
17069,2025-12-19,TH,paid_search,SUMMER25
17070,2026-04-23,TH,direct,
17071,2025-11-18,TH,email,
17072,2025-10-21,TH,affiliate,
17073,2025-12-15,SG,organic,
17074,2026-07-28,PH,email,
17075,2026-02-19,MY,paid_search,FLASH50
17076,2026-06-29,LA,paid_social,FLASH50
17077,2026-07-04,JP,direct,
17078,2026-01-10,TH,organic,
17079,2026-11-22,MY,organic,FLASH50
17080,2025-07-25,TH,email,
17081,2026-10-22,PH,organic,SUMMER25
17082,2025-07-05,SG,organic,
17083,2026-01-20,TH,paid_search,
17084,2026-09-13,TH,affiliate,
17085,2026-06-30,ID,paid_search,WELCOME10
17086,2025-12-19,TH,paid_search,
17087,2026-10-16,TH,email,
17088,2025-09-12,KH,affiliate,FLASH50
17089,2026-06-23,TH,paid_social,WELCOME10
17090,2026-04-03,ID,paid_search,
17091,2025-10-19,ID,email,
17092,2026-11-03,TH,organic,
17093,2026-08-13,TH,direct,
17094,2025-07-05,TH,organic,
17095,2025-08-16,JP,affiliate,SUMMER25
17096,2025-07-30,ID,email,WELCOME10
17097,2026-02-07,TH,organic,
17098,2026-02-08,PH,organic,
17099,2026-07-21,TH,organic,
17100,2026-06-26,TH,paid_search,
17101,2025-07-09,TH,paid_search,
17102,2026-03-11,VN,organic,
17103,2026-08-23,TH,organic,FLASH50
17104,2026-10-22,ID,paid_search,
17105,2025-12-03,TH,organic,
17106,2025-07-24,VN,affiliate,FLASH50
17107,2025-09-20,PH,paid_search,
17108,2025-12-29,TH,organic,FLASH50
17109,2026-02-22,TH,organic,
17110,2026-01-04,ID,paid_search,
17111,2025-08-18,TH,organic,
17112,2025-12-29,TH,organic,FLASH50
17113,2025-12-02,MY,organic,
17114,2026-03-17,SG,paid_search,WELCOME10
17115,2025-08-12,VN,paid_search,
17116,2026-08-26,TH,paid_social,SUMMER25
17117,2026-02-08,TH,email,
17118,2025-12-17,ID,paid_social,
17119,2026-10-27,ID,organic,
17120,2026-08-01,TH,paid_search,
17121,2025-09-11,SG,paid_social,
17122,2025-09-17,TH,paid_social,
17123,2025-07-02,SG,organic,
17124,2026-04-25,JP,affiliate,
17125,2026-01-06,TH,organic,WELCOME10
17126,2026-01-16,MY,paid_search,
17127,2026-03-29,TH,affiliate,
17128,2026-04-14,TH,direct,FLASH50
17129,2025-07-01,VN,email,
17130,2025-08-27,MY,direct,
17131,2026-08-25,TH,paid_search,
17132,2026-11-21,SG,paid_search,FLASH50
17133,2026-09-20,TH,organic,
17134,2026-10-27,TH,paid_search,
17135,2026-03-05,VN,affiliate,
17136,2026-09-14,TH,organic,
17137,2026-10-14,SG,paid_search,FLASH50
17138,2026-10-19,SG,email,
17139,2025-09-18,PH,organic,
17140,2025-09-17,TH,organic,
17141,2026-01-31,MY,direct,
17142,2026-03-26,TH,paid_search,FLASH50
17143,2026-11-23,TH,affiliate,
17144,2025-12-17,TH,organic,
17145,2026-09-17,VN,organic,
17146,2026-10-16,TH,organic,
17147,2026-11-27,AU,organic,
17148,2025-10-09,SG,paid_search,
17149,2025-11-06,PH,paid_social,
17150,2025-10-26,TH,paid_search,WELCOME10
17151,2026-07-27,TH,paid_search,
17152,2026-07-02,VN,organic,WELCOME10
17153,2026-02-02,TH,paid_social,
17154,2025-08-17,SG,organic,
17155,2026-04-04,PH,organic,
17156,2026-07-26,ID,direct,
17157,2026-03-10,PH,direct,SUMMER25
17158,2025-11-20,TH,organic,
17159,2026-05-12,MY,organic,FLASH50
17160,2026-06-18,MY,paid_social,
17161,2026-05-12,MY,paid_search,
17162,2026-10-09,MY,email,SUMMER25
17163,2025-12-15,VN,paid_search,SUMMER25
17164,2026-05-21,PH,organic,
17165,2026-09-29,TH,paid_search,
17166,2025-10-22,TH,organic,
17167,2025-11-28,TH,paid_search,
17168,2025-07-27,TH,paid_social,WELCOME10
17169,2026-01-16,ID,direct,
17170,2025-07-24,TH,organic,
17171,2026-08-02,TH,paid_social,
17172,2025-08-17,LA,organic,
17173,2026-07-05,LA,email,
17174,2026-05-06,MY,paid_search,
17175,2026-12-09,SG,organic,
17176,2026-01-02,TH,organic,
17177,2025-12-31,SG,affiliate,
17178,2025-11-07,TH,organic,WELCOME10
17179,2026-04-13,TH,paid_social,
17180,2025-10-25,VN,paid_search,
17181,2025-08-30,SG,paid_social,
17182,2026-11-18,TH,direct,
17183,2026-06-27,ID,organic,WELCOME10
17184,2025-09-02,SG,paid_social,FLASH50
17185,2026-05-26,TH,paid_search,FLASH50
17186,2025-12-10,TH,paid_search,
17187,2025-10-04,TH,organic,
17188,2026-03-09,SG,organic,
17189,2026-08-24,TH,affiliate,
17190,2025-07-01,TH,paid_search,
17191,2026-01-06,PH,organic,
17192,2026-11-03,PH,paid_search,FLASH50
17193,2026-01-27,SG,paid_social,
17194,2025-08-22,PH,direct,
17195,2026-02-14,SG,email,
17196,2026-06-29,TH,affiliate,
17197,2026-12-14,SG,email,
17198,2026-06-01,TH,paid_social,
17199,2025-07-27,SG,paid_search,FLASH50
17200,2026-09-05,JP,paid_search,
17201,2026-08-20,TH,direct,WELCOME10
17202,2026-06-13,TH,organic,FLASH50
17203,2026-10-21,TH,paid_search,
17204,2026-08-15,KH,affiliate,WELCOME10
17205,2025-11-01,TH,organic,
17206,2026-02-10,LA,affiliate,FLASH50
17207,2026-03-28,TH,affiliate,
17208,2026-03-18,VN,paid_search,
17209,2026-06-06,TH,affiliate,
17210,2026-07-09,TH,organic,
17211,2025-08-25,TH,direct,SUMMER25
17212,2026-04-29,TH,organic,
17213,2025-07-21,TH,organic,WELCOME10
17214,2026-03-30,TH,paid_search,
17215,2026-02-11,MY,affiliate,
17216,2025-10-18,MY,paid_social,
17217,2026-12-11,TH,paid_social,
17218,2025-11-15,ID,affiliate,
17219,2025-07-31,VN,paid_social,
17220,2026-01-08,KR,email,
17221,2026-08-08,SG,organic,
17222,2025-07-05,TH,direct,
17223,2026-03-20,JP,email,
17224,2026-02-08,AU,email,
17225,2026-10-05,MM,paid_search,FLASH50
17226,2025-07-02,MY,direct,
17227,2025-07-10,MY,organic,SUMMER25
17228,2026-04-28,MM,organic,FLASH50
17229,2025-10-04,SG,paid_search,
17230,2026-07-11,TH,direct,
17231,2025-11-26,KR,direct,SUMMER25
17232,2026-04-26,PH,paid_search,
17233,2025-07-21,TH,affiliate,FLASH50
17234,2026-07-05,TH,paid_search,
17235,2026-04-03,KH,organic,
17236,2025-07-01,TH,paid_social,
17237,2025-11-19,ID,organic,
17238,2025-08-01,TH,paid_social,
17239,2025-07-24,TH,organic,
17240,2026-07-08,VN,organic,
17241,2026-02-14,JP,paid_social,
17242,2026-09-01,SG,paid_search,WELCOME10
17243,2025-11-15,TH,affiliate,
17244,2026-07-18,TH,paid_social,
17245,2026-05-24,TH,organic,SUMMER25
17246,2026-06-19,AU,affiliate,
17247,2026-09-15,TH,organic,
17248,2026-07-13,AU,affiliate,
17249,2026-08-02,PH,paid_search,
17250,2026-07-30,SG,paid_search,
17251,2026-02-24,TH,paid_search,
17252,2026-07-22,JP,email,
17253,2026-09-22,TH,organic,
17254,2026-07-29,PH,direct,
17255,2026-05-20,TH,paid_social,
17256,2025-08-09,TH,organic,WELCOME10
17257,2026-02-18,TH,paid_social,
17258,2025-08-03,TH,affiliate,FLASH50
17259,2025-08-25,ID,paid_search,
17260,2026-01-09,MY,organic,
17261,2026-03-05,TH,affiliate,
17262,2026-04-08,MY,affiliate,
17263,2026-10-23,TH,affiliate,WELCOME10
17264,2026-08-11,MM,affiliate,
17265,2026-02-11,LA,paid_search,
17266,2025-12-26,MY,paid_search,
17267,2026-07-15,JP,paid_social,FLASH50
17268,2025-11-24,TH,organic,
17269,2026-10-14,TH,paid_social,
17270,2026-08-21,TH,organic,
17271,2026-06-29,PH,affiliate,
17272,2025-11-10,TH,organic,SUMMER25
17273,2026-05-28,KH,affiliate,
17274,2026-09-11,SG,organic,
17275,2025-08-08,TH,email,
17276,2025-10-03,MY,paid_social,
17277,2026-04-01,MY,paid_search,WELCOME10
17278,2026-01-08,SG,organic,
17279,2026-07-14,PH,paid_social,
17280,2026-01-30,ID,paid_search,
17281,2026-12-14,TH,affiliate,
17282,2025-12-07,VN,affiliate,
17283,2026-01-08,TH,paid_social,SUMMER25
17284,2025-07-02,PH,organic,FLASH50
17285,2025-11-09,TH,organic,
17286,2025-11-03,ID,paid_search,
17287,2026-08-11,TH,paid_search,
17288,2025-12-27,TH,paid_social,FLASH50
17289,2025-10-17,ID,paid_search,
17290,2025-12-15,TH,paid_search,
17291,2026-04-26,ID,paid_search,
17292,2026-08-23,MY,paid_search,
17293,2026-12-04,TH,email,
17294,2025-07-26,TH,organic,
17295,2026-09-22,ID,organic,
17296,2026-01-24,SG,organic,
17297,2026-09-04,SG,paid_search,
17298,2025-07-20,TH,paid_social,
17299,2026-05-30,TH,affiliate,
17300,2026-11-09,ID,paid_social,SUMMER25
17301,2025-07-21,KH,direct,FLASH50
17302,2026-08-26,MY,organic,
17303,2025-08-30,MY,organic,
17304,2026-12-06,SG,organic,
17305,2026-08-01,ID,paid_social,
17306,2026-10-29,VN,paid_search,FLASH50
17307,2026-10-22,TH,paid_search,
17308,2025-12-16,VN,paid_search,
17309,2026-02-07,TH,email,
17310,2026-07-04,TH,organic,
17311,2025-10-02,TH,paid_search,
17312,2025-12-11,TH,paid_search,FLASH50
17313,2025-08-22,TH,paid_search,SUMMER25
17314,2026-10-17,TH,paid_social,SUMMER25
17315,2025-11-10,TH,paid_social,
17316,2026-02-04,TH,affiliate,FLASH50
17317,2026-02-27,TH,affiliate,WELCOME10
17318,2026-01-17,TH,paid_search,
17319,2026-08-19,PH,email,
17320,2026-10-31,MY,paid_social,
17321,2026-05-02,TH,email,
17322,2026-09-19,TH,paid_search,FLASH50
17323,2025-08-29,SG,organic,
17324,2026-11-28,TH,paid_social,
17325,2025-08-31,TH,direct,
17326,2025-08-05,TH,direct,
17327,2025-07-12,SG,organic,
17328,2025-11-07,ID,paid_search,
17329,2026-09-20,SG,email,
17330,2025-12-08,TH,paid_search,FLASH50
17331,2026-08-26,TH,paid_search,SUMMER25
17332,2026-02-12,KH,direct,
17333,2025-08-25,ID,paid_search,FLASH50
17334,2026-03-10,ID,organic,
17335,2025-11-01,MM,organic,
17336,2025-12-03,MY,paid_search,
17337,2026-04-02,TH,paid_search,WELCOME10
17338,2026-08-26,VN,email,
17339,2026-05-09,TH,affiliate,SUMMER25
17340,2025-10-27,ID,organic,
17341,2026-07-18,TH,affiliate,
17342,2026-07-07,TH,organic,
17343,2025-11-04,TH,organic,
17344,2026-09-27,TH,paid_search,
17345,2026-09-23,MY,paid_search,
17346,2026-05-18,TH,paid_search,
17347,2025-12-05,TH,paid_search,
17348,2026-01-05,TH,email,
17349,2026-02-20,PH,paid_social,
17350,2025-10-09,VN,paid_search,
17351,2025-12-11,ID,direct,
17352,2025-09-10,SG,organic,WELCOME10
17353,2025-09-21,SG,organic,WELCOME10
17354,2026-08-01,TH,organic,
17355,2025-09-07,TH,organic,
17356,2026-03-08,TH,organic,FLASH50
17357,2026-02-14,KH,paid_search,
17358,2025-07-25,SG,paid_search,
17359,2026-09-17,TH,organic,
17360,2026-12-07,MY,organic,
17361,2026-06-06,TH,paid_social,
17362,2026-06-23,SG,paid_search,
17363,2025-11-02,ID,paid_social,SUMMER25
17364,2026-09-23,PH,organic,FLASH50
17365,2026-08-23,ID,affiliate,
17366,2026-02-19,LA,direct,
17367,2026-07-12,TH,organic,SUMMER25
17368,2026-11-22,ID,paid_social,
17369,2026-05-18,KH,affiliate,
17370,2025-10-15,TH,paid_search,
17371,2025-12-24,VN,organic,
17372,2025-10-07,AU,organic,
17373,2025-12-24,ID,paid_social,
17374,2026-10-18,TH,paid_search,
17375,2025-10-10,TH,affiliate,
17376,2026-10-19,ID,organic,FLASH50
17377,2025-11-29,KH,organic,
17378,2026-03-23,TH,paid_search,
17379,2026-04-08,TH,paid_search,
17380,2025-09-06,TH,paid_social,
17381,2025-10-07,SG,organic,FLASH50
17382,2025-12-10,VN,paid_social,FLASH50
17383,2025-08-01,SG,affiliate,
17384,2026-08-06,SG,email,
17385,2026-04-18,MY,email,
17386,2026-09-24,SG,paid_search,WELCOME10
17387,2026-10-04,ID,email,
17388,2026-01-02,TH,paid_search,
17389,2026-09-09,TH,organic,
17390,2025-08-02,PH,direct,
17391,2026-02-15,SG,organic,
17392,2026-06-20,TH,organic,
17393,2026-03-06,SG,organic,WELCOME10
17394,2026-07-30,ID,paid_search,
17395,2026-10-01,TH,paid_social,
17396,2026-02-11,MY,paid_social,
17397,2025-11-24,TH,organic,
17398,2026-05-07,PH,organic,
17399,2026-10-06,MY,organic,WELCOME10
17400,2026-12-09,PH,organic,
17401,2026-09-08,VN,organic,
17402,2025-11-08,PH,organic,
17403,2025-10-18,TH,direct,FLASH50
17404,2026-05-02,TH,affiliate,
17405,2026-01-31,LA,paid_search,
17406,2026-05-22,KH,paid_search,
17407,2026-11-05,KH,email,
17408,2026-04-19,KR,paid_social,
17409,2026-01-06,MY,affiliate,
17410,2026-10-07,SG,email,FLASH50
17411,2026-02-20,VN,organic,
17412,2026-05-19,TH,organic,FLASH50
17413,2025-09-11,VN,organic,
17414,2026-03-28,PH,paid_social,
17415,2026-02-13,MY,email,
17416,2025-09-04,TH,paid_search,
17417,2025-10-21,ID,email,
17418,2026-07-10,MM,paid_social,WELCOME10
17419,2025-10-05,TH,paid_social,SUMMER25
17420,2025-09-09,TH,paid_social,WELCOME10
17421,2025-07-31,ID,paid_search,SUMMER25
17422,2025-07-15,PH,paid_social,WELCOME10
17423,2026-02-17,ID,affiliate,
17424,2026-03-18,MY,paid_social,
17425,2026-05-29,TH,organic,
17426,2026-05-02,SG,paid_search,
17427,2026-04-13,LA,paid_social,SUMMER25
17428,2026-12-15,TH,email,
17429,2025-11-11,TH,organic,
17430,2026-07-15,TH,organic,WELCOME10
17431,2025-08-12,TH,paid_search,FLASH50
17432,2026-09-26,TH,affiliate,
17433,2026-01-10,VN,paid_search,
17434,2026-01-01,SG,paid_search,
17435,2025-09-11,MY,paid_social,
17436,2026-03-29,SG,paid_search,
17437,2026-01-29,KH,paid_social,WELCOME10
17438,2026-12-02,TH,paid_search,
17439,2025-10-03,TH,paid_social,
17440,2026-02-08,TH,organic,
17441,2026-10-23,JP,organic,
17442,2026-09-04,ID,paid_social,FLASH50
17443,2026-08-12,MY,organic,FLASH50
17444,2026-04-07,TH,paid_search,
17445,2026-10-09,TH,paid_search,
17446,2025-10-28,AU,paid_social,WELCOME10
17447,2026-09-05,SG,affiliate,WELCOME10
17448,2026-05-06,VN,affiliate,WELCOME10
17449,2026-01-03,PH,organic,WELCOME10
17450,2025-10-25,ID,organic,
17451,2026-04-05,TH,direct,FLASH50
17452,2025-07-02,TH,organic,
17453,2026-07-16,TH,affiliate,FLASH50
17454,2025-11-03,JP,organic,FLASH50
17455,2026-01-24,PH,paid_search,
17456,2025-10-11,TH,paid_social,SUMMER25
17457,2026-03-06,LA,paid_search,
17458,2026-01-14,TH,paid_social,WELCOME10
17459,2025-10-09,TH,organic,
17460,2026-10-17,TH,organic,
17461,2026-08-09,KH,paid_social,
17462,2026-01-23,TH,affiliate,
17463,2025-07-31,TH,paid_search,
17464,2026-09-24,TH,paid_search,FLASH50
17465,2026-07-07,TH,direct,
17466,2026-04-23,SG,paid_search,
17467,2026-05-19,TH,paid_search,
17468,2025-07-05,PH,organic,
17469,2026-03-10,AU,affiliate,
17470,2025-10-09,TH,organic,
17471,2026-06-13,AU,organic,
17472,2026-11-09,PH,organic,
17473,2026-04-09,KH,organic,
17474,2026-05-19,TH,paid_search,
17475,2026-06-21,PH,organic,
17476,2026-11-08,MY,paid_search,FLASH50
17477,2025-07-21,TH,paid_search,
17478,2025-12-13,VN,organic,
17479,2025-11-21,TH,organic,
17480,2026-07-17,VN,paid_search,
17481,2026-02-24,ID,paid_social,
17482,2026-08-16,SG,paid_social,
17483,2026-03-09,TH,organic,
17484,2026-12-03,KH,organic,
17485,2026-08-13,TH,organic,
17486,2025-07-10,PH,email,SUMMER25
17487,2026-12-09,ID,direct,
17488,2026-11-20,TH,paid_search,
17489,2025-07-24,MY,email,
17490,2026-01-25,JP,organic,FLASH50
17491,2026-11-30,MM,paid_social,
17492,2026-09-20,TH,paid_social,
17493,2026-03-07,TH,paid_search,
17494,2026-04-17,TH,affiliate,
17495,2025-07-16,VN,paid_search,FLASH50
17496,2026-04-27,TH,email,
17497,2026-06-21,TH,organic,
17498,2026-01-08,TH,organic,
17499,2025-12-11,JP,paid_search,
17500,2026-09-15,TH,organic,
17501,2026-02-25,VN,organic,
17502,2025-11-18,TH,organic,
17503,2026-01-16,ID,paid_search,
17504,2026-03-20,MY,affiliate,
17505,2025-11-16,LA,paid_social,
17506,2026-04-25,VN,paid_search,
17507,2026-10-03,TH,organic,
17508,2026-07-31,TH,paid_search,
17509,2025-11-01,TH,paid_search,FLASH50
17510,2026-03-09,TH,organic,FLASH50
17511,2026-04-16,JP,paid_search,
17512,2026-06-28,SG,organic,WELCOME10
17513,2026-08-08,KH,paid_search,FLASH50
17514,2026-03-16,TH,email,WELCOME10
17515,2025-12-15,KH,paid_social,WELCOME10
17516,2026-06-17,KH,direct,
17517,2025-09-06,ID,paid_social,FLASH50
17518,2026-06-25,TH,organic,
17519,2026-10-21,KH,paid_social,SUMMER25
17520,2026-07-14,LA,email,
17521,2026-02-17,TH,email,SUMMER25
17522,2026-09-12,AU,paid_social,
17523,2026-04-10,KH,organic,
17524,2026-04-15,TH,paid_social,
17525,2026-09-28,TH,organic,FLASH50
17526,2025-10-12,TH,organic,
17527,2026-08-20,SG,organic,
17528,2026-06-28,KH,organic,
17529,2026-04-08,KH,paid_search,SUMMER25
17530,2025-08-11,TH,direct,
17531,2026-08-13,MY,paid_social,
17532,2025-10-25,MY,paid_social,
17533,2026-10-21,SG,affiliate,
17534,2026-08-27,VN,organic,
17535,2026-01-10,ID,paid_social,
17536,2026-02-17,TH,paid_social,
17537,2025-07-14,TH,paid_search,
17538,2026-03-23,KH,paid_search,
17539,2025-07-31,TH,paid_social,
17540,2026-12-09,SG,affiliate,
17541,2026-06-07,JP,paid_search,
17542,2025-11-03,PH,paid_social,
17543,2026-09-02,ID,paid_social,
17544,2025-07-11,TH,email,
17545,2026-04-19,ID,affiliate,
17546,2025-08-29,ID,organic,
17547,2025-07-30,TH,paid_social,SUMMER25
17548,2025-11-08,TH,direct,WELCOME10
17549,2025-12-04,TH,paid_search,
17550,2026-07-22,SG,affiliate,
17551,2026-10-18,AU,paid_search,
17552,2026-08-18,VN,paid_search,
17553,2026-07-30,TH,paid_social,
17554,2026-04-28,TH,paid_search,
17555,2026-01-14,MY,paid_search,
17556,2025-11-13,SG,affiliate,
17557,2026-11-17,TH,paid_search,SUMMER25
17558,2026-04-05,AU,direct,SUMMER25
17559,2026-04-27,LA,organic,
17560,2025-07-08,MM,affiliate,
17561,2026-03-02,SG,organic,
17562,2026-06-29,PH,affiliate,WELCOME10
17563,2026-03-21,ID,email,
17564,2026-05-24,SG,affiliate,
17565,2026-09-05,TH,paid_social,
17566,2025-07-12,TH,organic,
17567,2026-10-26,TH,direct,
17568,2026-09-09,LA,paid_search,
17569,2026-02-09,ID,organic,
17570,2026-08-11,KR,organic,SUMMER25
17571,2025-08-05,MY,affiliate,
17572,2025-12-12,TH,affiliate,FLASH50
17573,2025-08-27,SG,affiliate,WELCOME10
17574,2026-06-04,TH,paid_social,
17575,2026-09-30,LA,paid_social,
17576,2026-05-17,TH,email,
17577,2026-07-15,TH,paid_social,
17578,2025-09-15,SG,paid_search,
17579,2026-11-10,PH,direct,
17580,2025-10-12,SG,direct,
17581,2026-04-07,TH,paid_social,WELCOME10
17582,2026-06-30,VN,paid_social,
17583,2026-09-30,TH,direct,SUMMER25
17584,2026-11-10,MY,affiliate,
17585,2026-05-16,MY,organic,
17586,2026-05-04,TH,direct,
17587,2026-02-08,SG,paid_social,
17588,2026-04-29,TH,affiliate,FLASH50
17589,2026-06-25,TH,paid_search,
17590,2026-06-10,MY,organic,WELCOME10
17591,2026-05-12,TH,organic,SUMMER25
17592,2026-02-20,TH,paid_search,SUMMER25
17593,2025-10-13,ID,paid_search,
17594,2025-07-29,VN,paid_social,FLASH50
17595,2026-02-10,KH,paid_search,
17596,2026-01-28,KH,paid_search,
17597,2026-05-21,SG,organic,
17598,2026-10-23,TH,affiliate,FLASH50
17599,2026-07-09,MY,affiliate,FLASH50
17600,2026-09-03,VN,paid_search,
17601,2026-05-05,SG,organic,FLASH50
17602,2026-11-07,KR,organic,FLASH50
17603,2026-11-13,ID,paid_social,
17604,2025-09-20,TH,affiliate,FLASH50
17605,2026-06-06,VN,affiliate,
17606,2026-03-27,TH,email,
17607,2026-12-01,AU,affiliate,
17608,2026-05-08,TH,paid_search,
17609,2025-07-09,ID,organic,
17610,2025-10-20,ID,paid_search,
17611,2025-09-08,TH,organic,
17612,2025-10-16,VN,organic,FLASH50
17613,2025-08-21,TH,organic,
17614,2026-08-21,TH,organic,FLASH50
17615,2026-03-21,TH,organic,WELCOME10
17616,2026-06-24,PH,affiliate,FLASH50
17617,2026-12-15,KH,paid_search,
17618,2026-06-10,TH,paid_search,FLASH50
17619,2026-03-13,PH,organic,FLASH50
17620,2025-11-20,LA,paid_social,
17621,2026-08-07,TH,direct,
17622,2026-03-28,KR,paid_search,
17623,2026-08-08,TH,affiliate,
17624,2025-07-13,PH,direct,
17625,2025-09-25,MY,affiliate,
17626,2025-09-08,AU,paid_social,FLASH50
17627,2026-06-29,TH,paid_search,WELCOME10
17628,2026-04-03,TH,organic,
17629,2025-12-16,PH,affiliate,
17630,2025-12-13,VN,direct,
17631,2026-05-20,MY,paid_social,FLASH50
17632,2026-11-27,ID,organic,
17633,2026-12-13,ID,organic,
17634,2026-03-09,TH,paid_search,FLASH50
17635,2026-06-23,TH,direct,
17636,2025-08-14,TH,organic,
17637,2026-11-16,TH,paid_search,
17638,2025-07-10,PH,paid_social,
17639,2025-12-30,TH,organic,SUMMER25
17640,2026-07-22,SG,organic,
17641,2026-11-29,TH,organic,
17642,2025-09-30,KH,paid_search,FLASH50
17643,2026-06-18,TH,organic,
17644,2025-10-09,TH,organic,
17645,2025-07-27,PH,paid_search,
17646,2026-02-11,TH,affiliate,
17647,2026-05-04,VN,paid_social,
17648,2025-11-18,TH,paid_social,SUMMER25
17649,2026-12-01,VN,paid_social,SUMMER25
17650,2026-05-25,TH,affiliate,
17651,2026-02-19,TH,organic,FLASH50
17652,2026-03-16,SG,organic,
17653,2026-03-05,ID,paid_social,
17654,2025-08-29,PH,paid_search,
17655,2026-05-20,TH,organic,SUMMER25
17656,2026-08-23,ID,organic,
17657,2026-02-10,TH,email,
17658,2026-02-12,VN,affiliate,
17659,2026-10-29,AU,organic,
17660,2026-05-22,TH,paid_search,FLASH50
17661,2025-12-06,TH,organic,
17662,2025-07-03,VN,organic,
17663,2026-09-12,KH,organic,
17664,2026-05-30,ID,organic,FLASH50
17665,2026-05-30,SG,paid_social,FLASH50
17666,2025-11-28,VN,direct,
17667,2025-10-08,TH,organic,
17668,2026-03-21,KR,paid_search,
17669,2026-08-08,PH,paid_social,
17670,2025-12-06,KH,paid_search,
17671,2026-04-07,PH,organic,
17672,2026-12-14,AU,organic,
17673,2025-10-25,TH,paid_social,
17674,2025-11-01,LA,organic,
17675,2025-11-03,TH,organic,
17676,2026-10-30,TH,affiliate,WELCOME10
17677,2026-04-08,TH,paid_search,SUMMER25
17678,2026-11-02,TH,email,
17679,2026-11-18,SG,paid_search,
17680,2026-02-10,SG,organic,
17681,2025-07-30,TH,organic,
17682,2025-12-10,TH,email,
17683,2026-04-16,TH,organic,SUMMER25
17684,2026-01-20,ID,paid_search,
17685,2025-07-02,MY,paid_search,FLASH50
17686,2026-12-10,VN,direct,WELCOME10
17687,2025-12-09,VN,direct,FLASH50
17688,2026-05-26,ID,paid_social,
17689,2026-11-17,TH,organic,FLASH50
17690,2026-04-17,SG,organic,SUMMER25
17691,2026-07-06,SG,organic,
17692,2025-07-20,TH,organic,FLASH50
17693,2026-07-07,LA,direct,
17694,2026-09-25,TH,paid_social,
17695,2026-11-02,JP,organic,FLASH50
17696,2025-08-14,TH,affiliate,
17697,2025-10-30,VN,organic,
17698,2025-07-26,TH,paid_search,WELCOME10
17699,2026-11-02,LA,organic,
17700,2025-11-24,PH,paid_search,
17701,2026-04-10,TH,organic,
17702,2026-03-11,TH,organic,
17703,2026-07-03,MY,email,WELCOME10
17704,2026-10-21,TH,email,
17705,2025-12-20,TH,paid_search,
17706,2026-08-26,JP,affiliate,
17707,2025-12-03,ID,organic,
17708,2025-10-14,TH,paid_search,SUMMER25
17709,2025-08-26,SG,organic,
17710,2026-01-15,TH,organic,
17711,2026-04-25,PH,paid_search,
17712,2026-08-20,TH,affiliate,
17713,2026-09-26,TH,affiliate,
17714,2026-04-07,TH,paid_search,
17715,2026-02-03,KR,paid_search,
17716,2025-10-02,TH,paid_social,
17717,2026-10-31,VN,direct,
17718,2026-01-28,SG,organic,
17719,2026-08-12,PH,paid_search,
17720,2026-05-30,TH,email,
17721,2026-11-09,PH,paid_search,
17722,2026-12-01,AU,affiliate,
17723,2026-07-12,TH,paid_search,
17724,2026-06-18,TH,email,
17725,2025-09-12,JP,email,
17726,2025-07-09,SG,paid_search,
17727,2026-04-18,PH,organic,
17728,2026-07-11,PH,paid_social,
17729,2026-08-02,TH,organic,
17730,2025-11-11,TH,organic,
17731,2026-03-26,TH,paid_search,
17732,2026-10-03,MY,paid_search,
17733,2025-08-21,SG,email,FLASH50
17734,2026-01-21,VN,organic,FLASH50
17735,2026-11-16,MY,organic,
17736,2025-10-15,PH,paid_social,
17737,2025-12-16,TH,paid_social,
17738,2026-03-07,SG,paid_search,FLASH50
17739,2026-07-02,TH,organic,
17740,2025-11-14,TH,organic,
17741,2026-08-27,TH,email,
17742,2025-11-03,LA,organic,
17743,2026-01-13,TH,paid_search,
17744,2026-05-02,TH,direct,FLASH50
17745,2025-07-07,ID,organic,
17746,2026-08-13,ID,email,
17747,2026-06-22,SG,affiliate,
17748,2026-09-19,TH,paid_search,FLASH50
17749,2025-11-24,TH,direct,SUMMER25
17750,2026-01-28,TH,organic,
17751,2026-10-22,TH,email,
17752,2025-08-05,TH,organic,FLASH50
17753,2026-03-19,ID,paid_search,WELCOME10
17754,2026-03-15,LA,organic,
17755,2026-02-24,TH,paid_search,
17756,2026-02-17,TH,organic,
17757,2026-08-03,LA,organic,
17758,2025-10-13,MY,organic,
17759,2026-10-18,VN,paid_search,
17760,2026-10-21,KH,organic,
17761,2025-10-04,ID,paid_social,
17762,2026-12-02,VN,paid_social,
17763,2025-11-17,TH,paid_social,
17764,2025-07-28,AU,paid_social,
17765,2026-01-29,ID,organic,WELCOME10
17766,2026-08-29,TH,organic,SUMMER25
17767,2026-09-24,MY,affiliate,
17768,2026-06-10,TH,paid_search,
17769,2026-09-06,MY,paid_social,
17770,2025-11-17,TH,organic,
17771,2026-10-12,ID,paid_search,
17772,2026-06-04,SG,paid_search,
17773,2025-09-10,MY,paid_social,
17774,2025-09-07,ID,email,
17775,2025-11-20,TH,paid_social,FLASH50
17776,2025-08-06,TH,affiliate,
17777,2025-11-28,SG,paid_social,
17778,2026-12-12,MY,email,
17779,2025-11-05,MM,affiliate,
17780,2026-06-05,TH,organic,
17781,2026-12-04,MY,organic,FLASH50
17782,2025-11-12,MM,email,
17783,2026-07-07,VN,paid_social,
17784,2026-02-25,TH,paid_search,SUMMER25
17785,2025-11-30,TH,paid_social,
17786,2026-11-19,KH,organic,
17787,2026-06-16,SG,affiliate,
17788,2026-02-19,TH,paid_search,
17789,2026-09-06,MY,email,
17790,2026-10-23,TH,paid_social,
17791,2026-08-21,MY,organic,WELCOME10
17792,2026-10-07,KR,direct,WELCOME10
17793,2025-12-19,JP,paid_search,WELCOME10
17794,2025-12-31,MY,affiliate,
17795,2025-11-02,KH,organic,
17796,2026-07-06,PH,paid_search,
17797,2026-09-02,AU,affiliate,
17798,2026-06-18,KH,paid_social,FLASH50
17799,2026-05-16,LA,direct,SUMMER25
17800,2026-08-16,TH,affiliate,WELCOME10
17801,2025-10-05,TH,paid_search,FLASH50
17802,2026-01-12,TH,email,
17803,2026-07-12,ID,email,
17804,2025-07-28,AU,direct,
17805,2026-10-29,KR,email,SUMMER25
17806,2025-09-30,PH,paid_social,
17807,2026-08-24,PH,affiliate,
17808,2026-05-25,SG,paid_social,
17809,2026-09-25,SG,paid_search,
17810,2026-08-18,ID,affiliate,FLASH50
17811,2026-04-01,TH,organic,
17812,2026-08-07,VN,paid_search,
17813,2026-01-01,ID,paid_search,
17814,2026-05-08,TH,organic,WELCOME10
17815,2026-10-31,ID,affiliate,WELCOME10
17816,2025-08-15,MY,paid_search,SUMMER25
17817,2026-01-06,VN,paid_search,
17818,2025-07-10,PH,paid_search,
17819,2026-04-11,TH,paid_social,FLASH50
17820,2026-08-21,PH,organic,
17821,2025-07-21,TH,paid_search,
17822,2026-04-19,TH,organic,
17823,2026-02-07,SG,direct,WELCOME10
17824,2026-08-22,PH,organic,
17825,2025-10-26,LA,email,
17826,2025-09-25,TH,organic,
17827,2025-08-20,VN,organic,
17828,2026-02-03,KH,email,WELCOME10
17829,2026-03-17,AU,paid_social,
17830,2026-11-02,TH,paid_search,
17831,2026-03-06,TH,paid_social,
17832,2025-09-30,SG,organic,FLASH50
17833,2026-07-08,LA,organic,
17834,2025-08-02,TH,organic,FLASH50
17835,2026-01-01,SG,organic,FLASH50
17836,2026-06-14,KR,organic,
17837,2025-11-13,SG,paid_search,
17838,2026-05-13,ID,email,
17839,2026-02-27,KR,paid_search,
17840,2026-11-20,TH,paid_search,
17841,2025-12-01,TH,organic,
17842,2026-10-27,TH,direct,
17843,2026-05-30,MY,organic,
17844,2026-08-04,TH,paid_search,
17845,2025-09-28,TH,direct,
17846,2025-07-11,TH,paid_search,
17847,2026-07-25,MY,paid_search,
17848,2026-03-14,PH,paid_social,
17849,2025-12-12,MY,organic,FLASH50
17850,2026-10-21,VN,paid_search,
17851,2025-12-22,AU,paid_social,
17852,2026-02-17,VN,direct,
17853,2026-07-21,ID,direct,
17854,2026-11-25,TH,paid_social,
17855,2026-10-23,SG,paid_search,
17856,2026-06-13,TH,paid_social,
17857,2025-08-28,SG,direct,
17858,2025-08-28,AU,paid_social,
17859,2026-07-05,TH,organic,
17860,2026-03-29,TH,direct,
17861,2025-09-09,PH,email,
17862,2026-07-06,KR,organic,
17863,2026-11-15,VN,paid_social,
17864,2025-08-04,TH,email,
17865,2026-09-14,MY,organic,
17866,2025-12-31,TH,email,
17867,2026-01-29,ID,organic,FLASH50
17868,2026-07-18,ID,paid_search,
17869,2025-11-09,PH,direct,
17870,2025-09-22,TH,direct,
17871,2026-11-26,JP,organic,
17872,2026-01-02,TH,email,
17873,2025-09-29,TH,paid_social,
17874,2026-07-03,PH,email,
17875,2025-10-24,SG,paid_search,
17876,2026-08-18,SG,direct,SUMMER25
17877,2025-08-07,TH,affiliate,
17878,2026-04-03,TH,affiliate,
17879,2026-01-31,TH,paid_search,
17880,2026-11-23,VN,paid_search,
17881,2026-04-04,TH,organic,SUMMER25
17882,2026-11-06,KR,organic,
17883,2025-11-10,VN,email,
17884,2026-03-10,PH,paid_social,
17885,2026-09-07,KH,paid_social,FLASH50
17886,2025-09-24,VN,paid_search,
17887,2026-11-07,SG,affiliate,
17888,2026-08-16,MM,paid_search,
17889,2026-06-26,SG,affiliate,SUMMER25
17890,2025-11-07,TH,organic,
17891,2026-09-10,MY,organic,
17892,2026-09-23,TH,organic,
17893,2025-12-03,ID,organic,SUMMER25
17894,2026-05-09,KR,paid_social,FLASH50
17895,2025-08-02,ID,paid_social,WELCOME10
17896,2026-01-27,TH,paid_search,
17897,2025-09-19,TH,affiliate,
17898,2026-04-23,TH,direct,
17899,2026-04-19,TH,affiliate,SUMMER25
17900,2026-04-10,MY,paid_social,
17901,2026-06-26,VN,paid_search,
17902,2026-11-05,ID,paid_social,FLASH50
17903,2025-10-13,MY,organic,SUMMER25
17904,2025-10-23,SG,organic,
17905,2025-10-23,TH,organic,SUMMER25
17906,2026-11-07,ID,paid_search,FLASH50
17907,2025-08-19,TH,organic,
17908,2025-07-17,TH,paid_search,FLASH50
17909,2025-09-24,ID,affiliate,SUMMER25
17910,2026-08-14,TH,paid_search,FLASH50
17911,2026-05-05,TH,paid_search,FLASH50
17912,2026-11-03,SG,paid_search,
17913,2025-10-17,TH,paid_search,FLASH50
17914,2026-01-27,VN,organic,
17915,2026-04-23,TH,paid_social,
17916,2025-08-08,PH,organic,SUMMER25
17917,2026-11-02,SG,paid_search,
17918,2026-09-02,TH,paid_social,
17919,2025-09-15,TH,paid_search,
17920,2026-09-23,AU,direct,
17921,2026-02-25,MY,organic,
17922,2025-12-27,VN,paid_search,
17923,2026-11-17,KH,organic,
17924,2026-04-03,TH,email,
17925,2025-10-30,MY,organic,WELCOME10
17926,2026-09-05,ID,paid_search,
17927,2026-07-17,PH,paid_search,
17928,2025-10-11,SG,email,
17929,2026-06-27,AU,paid_social,FLASH50
17930,2026-06-01,MY,paid_search,
17931,2025-11-24,KH,paid_social,
17932,2026-02-15,TH,paid_social,FLASH50
17933,2026-09-21,SG,organic,
17934,2025-10-01,TH,organic,
17935,2026-07-21,MM,organic,
17936,2026-09-17,TH,paid_search,
17937,2026-11-12,VN,paid_social,WELCOME10
17938,2025-12-21,TH,email,
17939,2025-11-20,TH,paid_social,
17940,2026-11-11,TH,organic,
17941,2026-03-04,VN,paid_search,
17942,2026-04-30,TH,paid_search,
17943,2026-03-31,PH,paid_social,
17944,2026-04-01,VN,paid_social,FLASH50
17945,2026-05-29,KR,paid_social,FLASH50
17946,2026-02-11,ID,direct,
17947,2026-01-25,ID,organic,
17948,2026-01-30,MY,affiliate,FLASH50
17949,2026-06-15,TH,email,
17950,2026-09-09,SG,organic,FLASH50
17951,2026-04-22,PH,affiliate,
17952,2026-06-27,TH,organic,
17953,2026-02-06,TH,paid_search,
17954,2026-08-17,MY,paid_search,FLASH50
17955,2026-01-26,PH,organic,
17956,2026-02-10,TH,paid_social,FLASH50
17957,2025-07-30,KH,paid_search,
17958,2025-11-17,TH,organic,WELCOME10
17959,2026-07-29,SG,paid_social,
17960,2025-08-16,AU,paid_search,
17961,2025-10-28,TH,organic,
17962,2026-08-18,MY,affiliate,
17963,2026-10-09,AU,direct,
17964,2026-02-07,TH,paid_search,
17965,2026-02-02,TH,direct,
17966,2026-03-29,AU,direct,
17967,2026-08-15,MY,paid_search,
17968,2026-03-08,JP,email,WELCOME10
17969,2025-10-01,KH,affiliate,
17970,2026-02-15,MY,affiliate,
17971,2025-11-13,SG,organic,FLASH50
17972,2026-06-30,SG,affiliate,
17973,2025-09-15,TH,organic,WELCOME10
17974,2026-05-21,SG,affiliate,
17975,2025-09-08,PH,organic,
17976,2026-12-01,KR,affiliate,
17977,2026-06-07,JP,email,
17978,2025-09-13,JP,paid_search,
17979,2026-11-24,TH,paid_search,
17980,2026-05-02,SG,organic,
17981,2026-05-20,TH,organic,
17982,2025-08-03,MY,direct,
17983,2025-10-09,AU,affiliate,
17984,2026-09-04,KH,affiliate,
17985,2026-03-07,KH,affiliate,FLASH50
17986,2026-05-25,TH,paid_social,
17987,2026-12-09,SG,paid_search,
17988,2026-02-14,TH,paid_search,
17989,2026-01-20,MY,organic,
17990,2026-09-01,TH,affiliate,
17991,2025-08-05,PH,email,
17992,2026-02-28,SG,paid_search,SUMMER25
17993,2026-09-29,ID,paid_search,
17994,2025-10-30,KH,paid_social,
17995,2025-12-10,TH,paid_social,FLASH50
17996,2026-03-09,ID,paid_social,
17997,2025-08-09,PH,organic,
17998,2025-08-07,AU,paid_social,
17999,2025-11-12,TH,affiliate,
18000,2026-10-22,ID,organic,
18001,2025-10-27,SG,paid_social,
18002,2026-07-25,TH,paid_search,FLASH50
18003,2026-02-13,TH,email,
18004,2026-08-10,MY,direct,SUMMER25
18005,2025-12-23,TH,paid_social,
18006,2026-10-10,ID,paid_search,
18007,2026-01-14,TH,direct,
18008,2026-08-26,TH,organic,FLASH50
18009,2026-09-17,VN,paid_search,WELCOME10
18010,2026-02-16,TH,paid_search,SUMMER25
18011,2026-06-21,TH,organic,SUMMER25
18012,2025-09-02,TH,email,
18013,2026-03-22,TH,organic,
18014,2026-01-16,SG,affiliate,
18015,2026-11-21,PH,affiliate,WELCOME10
18016,2026-11-10,ID,paid_social,FLASH50
18017,2026-08-22,TH,organic,
18018,2026-11-18,TH,paid_search,FLASH50
18019,2026-12-03,PH,email,
18020,2026-08-14,TH,paid_search,
18021,2026-05-13,TH,organic,FLASH50
18022,2025-10-17,TH,paid_social,
18023,2026-09-08,VN,paid_social,
18024,2025-10-12,VN,paid_social,
18025,2025-10-07,TH,paid_search,FLASH50
18026,2026-10-12,TH,paid_search,
18027,2025-08-30,VN,organic,WELCOME10
18028,2025-09-14,TH,paid_social,
18029,2026-03-30,SG,direct,
18030,2026-05-08,PH,affiliate,
18031,2025-07-25,TH,paid_social,SUMMER25
18032,2026-01-18,TH,paid_social,
18033,2025-10-29,ID,paid_social,
18034,2025-12-08,ID,paid_search,
18035,2025-10-05,SG,affiliate,
18036,2026-06-27,SG,paid_social,
18037,2026-03-10,TH,organic,
18038,2026-11-24,SG,paid_social,
18039,2025-07-05,TH,organic,WELCOME10
18040,2026-08-19,TH,paid_search,SUMMER25
18041,2026-10-28,TH,affiliate,
18042,2026-03-17,SG,paid_social,
18043,2026-07-08,TH,organic,WELCOME10
18044,2026-02-20,MY,paid_social,FLASH50
18045,2026-05-14,ID,organic,
18046,2026-10-27,KR,paid_social,
18047,2026-04-09,MY,paid_search,
18048,2026-05-05,VN,paid_social,
18049,2026-12-08,TH,email,WELCOME10
18050,2026-03-22,VN,organic,
18051,2025-10-01,SG,paid_social,
18052,2026-06-29,KH,paid_social,WELCOME10
18053,2026-07-05,JP,affiliate,
18054,2025-11-04,TH,direct,
18055,2026-07-24,MM,paid_search,
18056,2025-08-03,ID,organic,FLASH50
18057,2025-12-18,VN,paid_social,
18058,2026-09-29,SG,paid_search,WELCOME10
18059,2026-05-26,TH,affiliate,
18060,2026-05-20,PH,affiliate,
18061,2026-05-27,TH,affiliate,
18062,2025-09-26,MY,paid_search,
18063,2026-11-25,TH,paid_search,WELCOME10
18064,2025-12-06,TH,email,FLASH50
18065,2026-08-24,VN,paid_search,
18066,2026-12-10,VN,paid_social,
18067,2025-11-06,KH,paid_social,
18068,2026-06-04,VN,organic,
18069,2025-07-23,ID,affiliate,SUMMER25
18070,2026-06-05,AU,organic,
18071,2026-02-21,MY,direct,
18072,2025-08-08,ID,paid_social,
18073,2026-06-24,KH,organic,
18074,2026-11-29,VN,affiliate,
18075,2025-08-14,VN,affiliate,
18076,2026-10-19,MY,organic,
18077,2026-09-23,MY,organic,SUMMER25
18078,2026-04-18,ID,paid_search,
18079,2026-10-24,ID,paid_social,
18080,2025-12-12,MY,organic,
18081,2026-07-19,TH,paid_social,
18082,2026-07-08,TH,paid_search,
18083,2026-05-06,SG,email,SUMMER25
18084,2026-09-18,TH,affiliate,
18085,2026-10-11,SG,organic,WELCOME10
18086,2026-08-24,TH,paid_social,FLASH50
18087,2026-05-10,TH,paid_search,
18088,2026-12-03,PH,paid_search,WELCOME10
18089,2026-04-23,MY,organic,
18090,2026-06-05,VN,affiliate,
18091,2025-10-09,TH,email,
18092,2025-12-19,TH,organic,
18093,2026-10-26,TH,organic,
18094,2026-03-23,TH,paid_social,
18095,2026-03-30,TH,direct,FLASH50
18096,2026-09-09,MY,paid_social,
18097,2025-12-21,TH,organic,
18098,2025-11-19,VN,email,
18099,2025-07-05,SG,paid_search,
18100,2025-11-01,TH,paid_search,
18101,2026-03-30,PH,organic,
18102,2026-07-22,SG,organic,
18103,2025-12-23,TH,paid_social,FLASH50
18104,2026-02-22,MY,affiliate,
18105,2025-10-27,ID,affiliate,
18106,2026-09-09,MY,direct,
18107,2026-04-06,AU,paid_search,WELCOME10
18108,2025-09-15,TH,paid_social,
18109,2026-05-21,TH,paid_social,
18110,2025-12-26,PH,paid_search,
18111,2026-10-05,ID,organic,
18112,2025-11-20,JP,affiliate,
18113,2026-10-04,VN,organic,WELCOME10
18114,2026-07-07,SG,direct,
18115,2025-09-11,ID,affiliate,FLASH50
18116,2026-08-09,TH,organic,
18117,2026-07-20,TH,organic,WELCOME10
18118,2026-03-01,TH,affiliate,
18119,2025-09-24,TH,paid_search,
18120,2026-03-12,ID,paid_social,WELCOME10
18121,2026-05-21,ID,organic,
18122,2025-09-09,AU,email,
18123,2025-12-29,TH,paid_search,FLASH50
18124,2026-07-10,SG,paid_social,
18125,2026-04-21,TH,direct,
18126,2026-12-11,MY,affiliate,
18127,2025-10-24,TH,paid_social,
18128,2026-08-19,SG,email,
18129,2026-02-12,ID,direct,
18130,2025-10-27,TH,affiliate,
18131,2026-11-19,ID,affiliate,WELCOME10
18132,2026-05-29,TH,organic,WELCOME10
18133,2026-04-12,TH,email,
18134,2025-12-05,LA,email,
18135,2026-10-13,TH,paid_social,FLASH50
18136,2025-07-17,TH,paid_social,
18137,2025-08-31,AU,paid_social,
18138,2025-10-04,TH,paid_search,
18139,2026-06-14,TH,organic,
18140,2025-08-24,SG,paid_social,
18141,2026-08-29,ID,paid_search,WELCOME10
18142,2025-10-13,MY,paid_search,FLASH50
18143,2026-06-26,ID,email,WELCOME10
18144,2026-08-29,AU,organic,WELCOME10
18145,2026-10-12,TH,direct,
18146,2025-12-04,SG,paid_social,WELCOME10
18147,2025-08-09,JP,direct,
18148,2026-08-08,TH,organic,
18149,2026-02-25,AU,organic,
18150,2026-11-18,AU,paid_social,
18151,2025-10-09,AU,paid_search,
18152,2026-05-03,TH,affiliate,FLASH50
18153,2025-09-02,MY,paid_social,
18154,2026-03-16,PH,paid_search,
18155,2025-07-01,TH,email,
18156,2026-08-04,MY,paid_search,WELCOME10
18157,2026-05-19,TH,organic,
18158,2025-08-21,TH,affiliate,FLASH50
18159,2026-03-24,PH,paid_search,
18160,2026-02-14,KR,paid_social,
18161,2026-06-25,TH,paid_social,SUMMER25
18162,2026-03-23,TH,organic,FLASH50
18163,2026-03-02,MY,paid_search,
18164,2026-09-16,TH,organic,
18165,2026-04-03,ID,organic,
18166,2026-09-07,VN,paid_search,
18167,2026-10-15,TH,organic,
18168,2026-09-26,VN,affiliate,
18169,2026-11-22,TH,email,
18170,2026-07-07,TH,organic,FLASH50
18171,2026-04-26,PH,paid_social,WELCOME10
18172,2026-04-09,TH,paid_search,
18173,2025-10-17,TH,organic,WELCOME10
18174,2026-09-15,ID,organic,
18175,2026-07-05,TH,paid_social,
18176,2026-10-09,SG,organic,SUMMER25
18177,2026-07-09,PH,email,
18178,2026-03-14,TH,affiliate,
18179,2025-12-05,SG,paid_social,
18180,2026-12-08,TH,affiliate,
18181,2026-07-27,ID,organic,
18182,2026-10-10,TH,paid_social,
18183,2026-05-08,KH,organic,
18184,2026-03-30,TH,paid_search,
18185,2025-07-19,VN,paid_search,
18186,2025-08-06,PH,organic,
18187,2026-07-12,VN,affiliate,WELCOME10
18188,2025-10-28,VN,paid_search,WELCOME10
18189,2025-08-13,TH,organic,
18190,2026-08-18,TH,email,
18191,2026-05-27,TH,organic,
18192,2025-08-29,TH,organic,WELCOME10
18193,2026-03-24,SG,organic,
18194,2026-03-08,ID,paid_search,
18195,2025-07-02,SG,affiliate,
18196,2026-05-19,JP,email,
18197,2026-01-28,ID,affiliate,
18198,2026-10-12,SG,paid_search,FLASH50
18199,2025-08-31,TH,email,
18200,2026-09-25,MY,affiliate,WELCOME10
18201,2025-07-04,SG,email,
18202,2026-08-12,TH,organic,
18203,2026-08-22,MY,paid_social,
18204,2026-02-03,ID,organic,
18205,2025-11-27,TH,paid_search,WELCOME10
18206,2025-09-14,TH,email,
18207,2025-12-29,TH,affiliate,
18208,2026-06-22,TH,affiliate,SUMMER25
18209,2026-07-22,TH,paid_search,
18210,2025-10-05,VN,paid_search,FLASH50
18211,2025-07-06,ID,direct,WELCOME10
18212,2026-04-26,TH,organic,
18213,2026-05-06,KR,organic,
18214,2026-12-05,ID,paid_search,
18215,2026-08-10,TH,affiliate,
18216,2026-04-20,PH,paid_search,
18217,2026-05-12,VN,organic,
18218,2026-06-10,SG,paid_social,
18219,2026-02-26,TH,affiliate,FLASH50
18220,2026-06-27,PH,paid_social,WELCOME10
18221,2025-10-13,TH,organic,
18222,2026-09-16,TH,organic,
18223,2026-10-03,PH,paid_search,
18224,2026-02-17,PH,paid_search,
18225,2026-03-01,ID,organic,
18226,2026-03-23,TH,email,
18227,2026-09-09,TH,email,
18228,2025-10-02,PH,organic,SUMMER25
18229,2025-12-30,VN,paid_social,
18230,2026-05-24,PH,paid_search,
18231,2026-07-05,TH,paid_search,
18232,2025-12-05,AU,paid_social,
18233,2025-09-01,TH,paid_search,
18234,2026-03-28,TH,paid_search,
18235,2026-06-06,PH,organic,
18236,2026-08-13,TH,paid_social,
18237,2025-07-02,ID,paid_social,
18238,2025-07-10,MY,organic,FLASH50
18239,2026-01-23,KH,paid_search,SUMMER25
18240,2026-04-27,TH,organic,
18241,2025-07-02,TH,paid_search,
18242,2025-10-01,ID,organic,
18243,2026-02-09,PH,paid_social,WELCOME10
18244,2025-11-26,MM,paid_social,FLASH50
18245,2026-07-14,TH,paid_social,
18246,2025-07-19,VN,paid_search,
18247,2026-10-17,TH,paid_social,
18248,2025-09-29,TH,affiliate,
18249,2026-02-20,TH,paid_search,WELCOME10
18250,2026-12-08,TH,paid_search,WELCOME10
18251,2026-06-19,TH,email,
18252,2026-12-15,TH,paid_social,
18253,2025-07-11,TH,paid_search,
18254,2026-07-19,PH,affiliate,SUMMER25
18255,2025-08-10,TH,paid_search,FLASH50
18256,2026-05-23,PH,organic,
18257,2025-12-21,PH,paid_social,
18258,2026-08-19,SG,paid_social,
18259,2025-09-05,VN,paid_search,
18260,2026-10-21,TH,organic,
18261,2026-03-14,TH,direct,
18262,2026-04-03,ID,affiliate,
18263,2026-05-01,MY,paid_search,WELCOME10
18264,2025-07-19,SG,organic,
18265,2025-12-13,LA,paid_social,
18266,2026-07-14,VN,organic,
18267,2026-11-25,SG,paid_search,
18268,2026-12-07,TH,direct,
18269,2026-04-12,KH,affiliate,
18270,2025-11-15,KR,direct,
18271,2026-03-12,ID,paid_search,FLASH50
18272,2026-03-05,VN,organic,
18273,2026-01-28,SG,direct,
18274,2026-01-09,TH,email,
18275,2026-10-06,MM,paid_social,
18276,2026-01-25,ID,organic,FLASH50
18277,2025-07-16,MY,affiliate,WELCOME10
18278,2026-07-20,ID,organic,WELCOME10
18279,2026-06-20,SG,email,
18280,2026-01-18,TH,paid_social,
18281,2026-06-01,ID,organic,
18282,2026-11-14,TH,organic,WELCOME10
18283,2026-11-05,TH,organic,
18284,2026-08-25,TH,affiliate,WELCOME10
18285,2026-05-07,TH,organic,
18286,2025-07-15,LA,paid_search,
18287,2026-03-31,TH,paid_search,
18288,2026-09-10,TH,paid_search,
18289,2026-09-24,VN,paid_social,
18290,2026-08-16,KH,organic,
18291,2026-12-08,VN,organic,
18292,2026-04-02,JP,paid_search,WELCOME10
18293,2025-08-28,ID,direct,
18294,2026-03-22,VN,paid_search,
18295,2025-12-17,SG,organic,
18296,2026-09-19,TH,paid_search,
18297,2026-08-19,SG,organic,
18298,2026-02-12,VN,affiliate,
18299,2026-01-23,ID,paid_search,
18300,2025-09-23,VN,direct,
18301,2025-07-24,ID,paid_social,
18302,2025-12-14,VN,paid_social,
18303,2025-11-06,TH,organic,
18304,2025-11-19,TH,organic,
18305,2026-12-15,MY,organic,
18306,2026-06-29,TH,email,FLASH50
18307,2026-04-20,MM,direct,
18308,2025-10-04,TH,organic,
18309,2026-09-22,TH,direct,
18310,2026-06-09,ID,paid_social,WELCOME10
18311,2026-04-01,TH,affiliate,FLASH50
18312,2026-03-06,MY,direct,WELCOME10
18313,2026-04-21,TH,direct,
18314,2026-09-21,TH,paid_social,
18315,2026-07-19,VN,paid_search,
18316,2026-03-16,TH,paid_social,
18317,2026-06-21,MY,organic,
18318,2026-11-08,TH,paid_search,
18319,2025-12-21,MY,affiliate,
18320,2026-10-23,SG,organic,
18321,2026-05-20,TH,paid_search,FLASH50
18322,2025-10-07,VN,paid_search,
18323,2026-11-28,MY,paid_social,
18324,2026-07-01,MM,organic,WELCOME10
18325,2026-01-22,PH,email,
18326,2025-10-23,MY,affiliate,
18327,2026-11-01,TH,organic,
18328,2026-09-12,VN,paid_search,FLASH50
18329,2025-07-24,MY,organic,
18330,2026-06-04,PH,organic,WELCOME10
18331,2025-08-31,MY,paid_search,FLASH50
18332,2025-12-04,TH,paid_search,
18333,2026-04-29,PH,paid_search,WELCOME10
18334,2025-11-10,VN,organic,FLASH50
18335,2026-03-31,TH,paid_search,
18336,2026-02-14,ID,direct,FLASH50
18337,2026-05-06,MY,email,
18338,2026-08-31,MY,organic,SUMMER25
18339,2025-09-21,KH,paid_social,
18340,2026-08-29,TH,organic,
18341,2025-10-27,TH,affiliate,
18342,2025-07-18,TH,affiliate,
18343,2026-02-23,MM,paid_social,WELCOME10
18344,2025-12-09,TH,paid_social,WELCOME10
18345,2025-10-07,ID,email,
18346,2026-02-11,VN,organic,
18347,2026-10-07,PH,paid_social,
18348,2026-05-09,TH,organic,
18349,2026-07-23,TH,organic,
18350,2025-09-18,KR,paid_social,SUMMER25
18351,2025-08-10,MY,organic,
18352,2025-12-26,TH,organic,
18353,2026-08-17,TH,organic,
18354,2026-10-16,PH,direct,
18355,2025-08-24,LA,organic,
18356,2026-03-11,MY,paid_search,
18357,2026-01-28,TH,organic,
18358,2026-08-01,ID,direct,
18359,2025-10-18,TH,organic,
18360,2026-03-16,LA,paid_search,FLASH50
18361,2026-09-26,TH,paid_search,
18362,2026-03-05,TH,paid_social,
18363,2026-08-21,TH,email,
18364,2026-05-28,TH,organic,
18365,2026-05-15,TH,organic,WELCOME10
18366,2025-11-16,VN,paid_search,FLASH50
18367,2026-12-11,SG,paid_search,FLASH50
18368,2025-11-11,ID,email,
18369,2026-11-09,TH,organic,
18370,2026-12-10,TH,affiliate,
18371,2026-03-30,SG,organic,
18372,2026-10-07,MY,organic,
18373,2026-07-17,TH,affiliate,
18374,2026-07-29,PH,affiliate,
18375,2025-08-06,TH,organic,WELCOME10
18376,2025-09-12,TH,direct,
18377,2025-08-07,TH,organic,
18378,2025-07-17,ID,email,
18379,2026-09-19,TH,organic,
18380,2025-10-02,TH,organic,
18381,2025-07-04,SG,email,
18382,2026-11-12,TH,organic,WELCOME10
18383,2025-11-26,TH,paid_search,FLASH50
18384,2026-09-09,ID,affiliate,FLASH50
18385,2026-11-24,ID,organic,
18386,2026-04-05,TH,affiliate,
18387,2026-11-06,TH,paid_search,
18388,2026-11-29,TH,organic,
18389,2025-09-15,KR,organic,FLASH50
18390,2025-09-17,VN,organic,
18391,2026-01-14,TH,paid_search,
18392,2026-04-25,JP,paid_search,
18393,2026-08-23,SG,paid_social,
18394,2025-10-06,TH,paid_search,
18395,2025-10-12,AU,paid_search,SUMMER25
18396,2025-12-11,VN,affiliate,FLASH50
18397,2025-11-22,MY,paid_search,
18398,2026-11-14,MY,direct,
18399,2026-01-28,JP,paid_social,
18400,2026-10-06,TH,direct,
18401,2025-07-30,TH,email,
18402,2025-08-24,SG,paid_search,
18403,2026-09-02,KR,paid_social,
18404,2025-11-11,TH,organic,
18405,2025-08-14,TH,paid_search,
18406,2026-05-13,SG,paid_search,
18407,2025-09-17,TH,paid_search,
18408,2025-08-02,ID,organic,
18409,2026-02-02,TH,email,FLASH50
18410,2026-04-20,PH,organic,
18411,2026-04-08,VN,affiliate,
18412,2026-05-08,SG,direct,FLASH50
18413,2025-07-13,PH,organic,
18414,2025-12-03,TH,paid_search,WELCOME10
18415,2025-12-31,MY,paid_social,
18416,2025-12-04,MY,direct,
18417,2026-04-24,TH,email,
18418,2025-10-31,TH,paid_search,
18419,2026-06-02,MY,direct,
18420,2026-11-11,SG,paid_search,
18421,2026-06-18,ID,paid_search,FLASH50
18422,2026-01-24,TH,paid_search,
18423,2026-02-17,TH,affiliate,
18424,2026-05-08,JP,organic,WELCOME10
18425,2026-07-21,TH,affiliate,
18426,2025-12-08,KR,organic,SUMMER25
18427,2025-07-21,VN,organic,
18428,2026-07-10,ID,direct,WELCOME10
18429,2026-06-18,TH,paid_social,
18430,2025-08-24,KH,paid_search,
18431,2026-05-30,MM,affiliate,
18432,2025-08-08,VN,paid_search,
18433,2026-06-08,ID,organic,
18434,2026-08-01,SG,paid_search,SUMMER25
18435,2025-07-09,TH,direct,
18436,2026-07-23,KR,organic,FLASH50
18437,2025-09-03,TH,organic,WELCOME10
18438,2025-11-19,SG,affiliate,
18439,2026-07-11,TH,paid_search,
18440,2026-01-06,VN,paid_search,FLASH50
18441,2026-12-03,VN,paid_search,
18442,2026-11-23,ID,email,
18443,2026-12-09,TH,organic,
18444,2025-08-25,TH,organic,
18445,2025-10-02,TH,paid_search,
18446,2025-10-06,JP,paid_search,
18447,2026-05-08,TH,organic,SUMMER25
18448,2026-02-15,JP,paid_social,
18449,2026-08-02,TH,paid_social,
18450,2025-11-28,KH,paid_social,
18451,2025-10-15,MY,paid_search,
18452,2026-06-11,PH,organic,SUMMER25
18453,2026-05-26,ID,paid_search,
18454,2026-07-04,VN,affiliate,
18455,2025-12-14,VN,paid_social,FLASH50
18456,2026-04-07,TH,paid_search,
18457,2026-11-07,AU,paid_social,
18458,2026-05-22,ID,paid_search,
18459,2026-11-10,TH,email,
18460,2026-02-17,TH,paid_social,
18461,2025-07-24,MY,organic,
18462,2026-08-10,KH,organic,WELCOME10
18463,2026-03-03,VN,organic,
18464,2025-07-23,TH,organic,
18465,2025-09-12,ID,paid_search,FLASH50
18466,2025-12-14,TH,organic,
18467,2025-10-10,TH,paid_social,FLASH50
18468,2026-06-30,PH,paid_search,
18469,2026-05-22,TH,organic,
18470,2025-12-23,TH,organic,
18471,2025-08-15,TH,organic,WELCOME10
18472,2025-08-11,TH,paid_search,
18473,2026-11-17,TH,paid_social,
18474,2025-12-31,TH,paid_search,WELCOME10
18475,2025-08-27,SG,organic,
18476,2026-07-15,LA,direct,
18477,2026-10-07,TH,paid_search,WELCOME10
18478,2025-09-04,KH,paid_search,
18479,2026-11-16,ID,paid_search,
18480,2026-07-22,TH,organic,FLASH50
18481,2025-11-12,TH,paid_social,WELCOME10
18482,2026-08-18,TH,paid_social,FLASH50
18483,2026-02-09,VN,organic,FLASH50
18484,2026-06-04,VN,organic,FLASH50
18485,2025-09-06,TH,paid_search,SUMMER25
18486,2025-11-08,TH,paid_search,FLASH50
18487,2026-08-17,TH,direct,
18488,2026-09-03,ID,paid_search,
18489,2025-07-06,TH,email,FLASH50
18490,2025-10-23,MY,organic,
18491,2026-05-20,MY,paid_social,
18492,2026-10-26,ID,paid_search,
18493,2026-06-25,TH,direct,
18494,2026-07-12,SG,paid_social,
18495,2026-01-24,SG,paid_social,
18496,2025-07-30,PH,organic,
18497,2026-08-13,SG,paid_search,
18498,2026-08-31,TH,paid_social,
18499,2026-02-22,TH,organic,
18500,2026-03-27,ID,affiliate,WELCOME10
18501,2025-11-03,MY,paid_search,
18502,2026-02-27,VN,paid_social,
18503,2025-11-06,ID,paid_search,
18504,2026-02-10,KH,paid_social,
18505,2025-09-10,KH,organic,SUMMER25
18506,2026-05-20,TH,paid_search,
18507,2025-11-09,TH,email,WELCOME10
18508,2026-07-22,MM,organic,
18509,2026-04-02,VN,email,
18510,2026-10-21,JP,email,
18511,2025-10-26,SG,organic,FLASH50
18512,2025-11-23,JP,organic,FLASH50
18513,2025-11-07,TH,affiliate,
18514,2026-06-02,MY,direct,
18515,2025-08-26,SG,organic,
18516,2026-07-01,TH,email,
18517,2026-09-10,TH,organic,FLASH50
18518,2026-06-25,TH,paid_search,
18519,2025-09-10,TH,email,
18520,2026-03-20,AU,paid_search,
18521,2026-04-11,JP,affiliate,WELCOME10
18522,2026-01-25,LA,organic,
18523,2026-03-06,KR,paid_search,
18524,2026-08-11,PH,direct,SUMMER25
18525,2026-09-18,AU,organic,
18526,2025-12-07,TH,paid_social,
18527,2025-12-23,TH,email,
18528,2025-10-19,KH,affiliate,
18529,2026-01-31,SG,direct,FLASH50
18530,2026-04-17,VN,direct,FLASH50
18531,2026-07-16,MY,organic,
18532,2025-11-20,TH,paid_social,SUMMER25
18533,2025-10-24,TH,paid_search,FLASH50
18534,2025-07-18,VN,paid_social,
18535,2025-08-20,MY,affiliate,
18536,2025-07-28,TH,organic,
18537,2025-10-19,MY,affiliate,
18538,2026-07-06,TH,paid_search,
18539,2026-08-17,SG,paid_social,
18540,2026-12-01,ID,paid_search,
18541,2026-04-17,SG,paid_search,FLASH50
18542,2026-02-28,AU,paid_social,
18543,2026-10-23,SG,paid_search,
18544,2025-09-17,JP,email,FLASH50
18545,2026-06-01,PH,affiliate,SUMMER25
18546,2026-09-10,LA,email,WELCOME10
18547,2026-03-25,VN,affiliate,
18548,2025-11-17,MY,email,
18549,2026-05-27,MY,organic,
18550,2026-12-13,MY,paid_social,
18551,2025-11-03,TH,organic,
18552,2026-04-27,TH,paid_search,WELCOME10
18553,2025-07-28,TH,email,
18554,2025-11-01,VN,paid_social,
18555,2026-08-13,TH,paid_social,FLASH50
18556,2026-03-22,MY,paid_social,FLASH50
18557,2025-10-15,TH,organic,SUMMER25
18558,2025-12-26,TH,direct,
18559,2025-09-03,MY,organic,
18560,2026-08-20,KH,organic,
18561,2026-11-15,TH,organic,
18562,2025-08-26,MM,direct,WELCOME10
18563,2025-11-04,TH,paid_search,
18564,2026-09-30,SG,paid_search,
18565,2026-10-12,TH,paid_search,WELCOME10
18566,2026-08-13,TH,organic,WELCOME10
18567,2026-07-17,TH,organic,
18568,2026-10-03,TH,organic,
18569,2026-01-16,VN,paid_search,FLASH50
18570,2026-10-21,ID,organic,FLASH50
18571,2026-10-16,TH,paid_search,WELCOME10
18572,2025-10-31,LA,paid_search,SUMMER25
18573,2025-08-08,ID,paid_search,
18574,2026-04-04,TH,email,
18575,2026-08-09,TH,organic,
18576,2026-09-27,TH,paid_search,
18577,2025-09-14,PH,organic,
18578,2026-01-18,SG,email,
18579,2026-08-14,TH,email,
18580,2025-08-02,TH,organic,
18581,2026-07-21,TH,organic,
18582,2025-12-03,TH,organic,
18583,2025-07-12,MY,organic,FLASH50
18584,2025-11-06,JP,organic,
18585,2026-07-31,TH,organic,
18586,2026-10-07,TH,organic,
18587,2025-08-13,TH,organic,
18588,2026-03-05,TH,paid_search,
18589,2025-10-16,ID,organic,
18590,2026-06-30,JP,paid_search,
18591,2026-08-21,VN,email,
18592,2026-11-25,TH,paid_search,
18593,2026-01-06,LA,organic,
18594,2025-12-07,PH,email,FLASH50
18595,2025-12-13,TH,paid_search,FLASH50
18596,2026-08-10,AU,organic,
18597,2026-02-23,VN,paid_social,SUMMER25
18598,2025-07-13,VN,organic,WELCOME10
18599,2026-11-18,SG,paid_search,
18600,2025-08-25,TH,affiliate,
18601,2026-11-07,VN,paid_social,
18602,2025-09-25,SG,affiliate,
18603,2026-04-13,JP,paid_search,FLASH50
18604,2025-12-14,TH,organic,
18605,2026-07-02,TH,paid_search,
18606,2026-01-31,VN,paid_search,
18607,2026-01-12,MY,paid_social,FLASH50
18608,2026-03-12,SG,paid_social,
18609,2026-11-30,ID,paid_search,
18610,2025-11-08,VN,email,
18611,2025-10-26,MY,organic,
18612,2025-08-05,TH,direct,
18613,2026-07-29,MY,organic,
18614,2026-06-27,MY,paid_social,
18615,2026-05-21,VN,paid_social,FLASH50
18616,2025-07-13,ID,paid_social,
18617,2026-08-26,SG,affiliate,
18618,2026-09-05,TH,paid_social,
18619,2026-11-16,TH,paid_social,
18620,2026-11-08,TH,email,
18621,2025-11-18,MY,organic,WELCOME10
18622,2026-07-14,VN,paid_search,
18623,2026-01-31,AU,paid_social,
18624,2026-05-14,MY,paid_search,FLASH50
18625,2025-12-25,VN,organic,
18626,2026-06-16,ID,organic,
18627,2026-11-20,SG,organic,
18628,2026-06-13,MY,paid_social,
18629,2026-11-03,TH,paid_social,SUMMER25
18630,2026-11-09,SG,organic,
18631,2025-09-02,MM,paid_search,
18632,2026-11-26,MY,organic,WELCOME10
18633,2026-09-10,TH,direct,
18634,2026-02-13,MY,paid_social,
18635,2026-05-16,AU,organic,
18636,2026-05-25,TH,organic,
18637,2026-08-24,JP,email,
18638,2026-09-01,KR,paid_social,FLASH50
18639,2025-08-24,MY,paid_search,
18640,2025-07-01,TH,paid_social,WELCOME10
18641,2025-11-09,TH,paid_search,
18642,2026-04-07,TH,email,FLASH50
18643,2026-09-26,TH,email,
18644,2026-06-13,VN,organic,
18645,2025-09-11,AU,paid_social,WELCOME10
18646,2026-07-18,TH,affiliate,
18647,2026-03-07,SG,organic,SUMMER25
18648,2026-01-13,SG,email,
18649,2026-08-16,TH,paid_search,
18650,2025-12-05,MY,paid_search,
18651,2026-05-26,MM,direct,
18652,2025-10-06,SG,paid_social,
18653,2026-01-20,TH,organic,
18654,2026-04-24,ID,paid_search,
18655,2026-05-29,TH,paid_social,WELCOME10
18656,2026-11-02,AU,paid_social,FLASH50
18657,2025-12-02,AU,organic,
18658,2026-10-21,TH,paid_social,
18659,2026-09-09,MY,affiliate,
18660,2026-01-08,VN,affiliate,
18661,2025-09-13,SG,organic,
18662,2025-11-15,SG,direct,
18663,2026-06-16,JP,organic,
18664,2026-08-25,TH,affiliate,
18665,2026-05-23,MY,paid_search,
18666,2026-07-22,TH,direct,
18667,2025-08-24,TH,email,
18668,2026-03-27,PH,email,
18669,2026-10-09,VN,organic,
18670,2026-01-24,MY,affiliate,
18671,2026-10-23,TH,paid_search,
18672,2025-09-04,PH,paid_search,
18673,2026-12-04,TH,email,FLASH50
18674,2026-08-23,MY,paid_social,
18675,2026-05-30,TH,paid_social,
18676,2026-05-26,MY,organic,SUMMER25
18677,2026-11-12,MY,paid_search,
18678,2026-01-17,TH,organic,
18679,2025-09-26,SG,organic,
18680,2026-11-02,TH,direct,
18681,2025-08-24,ID,paid_social,
18682,2026-06-17,MY,organic,
18683,2025-11-19,KH,paid_search,
18684,2026-11-08,TH,organic,
18685,2026-12-01,TH,organic,
18686,2026-03-10,TH,affiliate,FLASH50
18687,2026-04-11,TH,organic,
18688,2026-02-28,MY,organic,FLASH50
18689,2026-02-12,TH,organic,
18690,2026-11-12,TH,paid_social,
18691,2025-12-01,TH,organic,FLASH50
18692,2026-11-24,SG,paid_search,SUMMER25
18693,2026-06-12,VN,email,
18694,2026-11-25,SG,paid_social,
18695,2026-05-23,JP,organic,
18696,2026-09-10,TH,email,
18697,2026-03-19,SG,paid_search,FLASH50
18698,2026-03-04,TH,affiliate,
18699,2025-11-15,PH,organic,
18700,2025-10-21,TH,organic,
18701,2025-07-21,JP,organic,
18702,2026-01-21,VN,paid_search,
18703,2026-12-09,MY,paid_search,WELCOME10
18704,2026-11-13,MY,paid_search,
18705,2026-07-03,TH,paid_search,
18706,2026-01-10,TH,paid_search,
18707,2026-04-04,MM,paid_search,WELCOME10
18708,2026-08-08,VN,organic,
18709,2025-07-02,TH,paid_social,FLASH50
18710,2026-11-04,TH,email,
18711,2026-10-07,TH,direct,
18712,2026-11-30,VN,organic,
18713,2025-08-20,SG,paid_search,
18714,2026-11-18,ID,organic,
18715,2026-05-23,TH,paid_social,
18716,2026-04-22,MM,paid_search,
18717,2025-10-04,TH,email,WELCOME10
18718,2026-03-20,TH,direct,
18719,2026-01-10,AU,paid_search,
18720,2026-12-09,VN,paid_search,
18721,2025-12-29,SG,paid_search,
18722,2025-10-25,KH,paid_social,
18723,2026-11-17,TH,affiliate,
18724,2025-10-08,TH,organic,
18725,2026-10-26,TH,organic,
18726,2026-11-26,TH,paid_social,
18727,2025-12-11,ID,paid_search,
18728,2026-07-03,MY,paid_social,FLASH50
18729,2026-08-29,SG,paid_search,
18730,2026-04-12,VN,organic,
18731,2026-07-07,TH,organic,
18732,2025-09-09,TH,affiliate,
18733,2026-04-02,TH,paid_search,SUMMER25
18734,2026-03-31,VN,organic,
18735,2026-04-28,SG,organic,
18736,2026-11-16,JP,email,
18737,2026-09-13,PH,paid_search,WELCOME10
18738,2026-05-18,VN,email,
18739,2026-01-31,VN,direct,WELCOME10
18740,2026-02-01,MY,organic,
18741,2025-07-11,LA,direct,
18742,2026-04-20,MY,paid_search,
18743,2025-11-12,TH,paid_social,
18744,2026-10-16,TH,paid_search,FLASH50
18745,2026-08-17,PH,paid_social,
18746,2026-10-30,TH,paid_social,
18747,2026-12-13,VN,organic,
18748,2026-01-30,KR,paid_search,
18749,2026-02-14,TH,organic,WELCOME10
18750,2026-05-21,TH,organic,
18751,2026-02-15,TH,paid_social,
18752,2025-11-26,SG,paid_social,
18753,2026-07-12,ID,organic,
18754,2026-02-26,TH,organic,
18755,2026-11-15,SG,direct,
18756,2025-10-26,MY,paid_search,
18757,2026-02-22,TH,paid_social,
18758,2026-04-10,TH,organic,
18759,2026-10-27,TH,paid_social,FLASH50
18760,2026-05-05,PH,affiliate,
18761,2025-08-06,TH,organic,SUMMER25
18762,2025-12-28,TH,paid_search,
18763,2026-10-16,SG,organic,
18764,2025-11-23,ID,organic,
18765,2025-12-29,VN,paid_social,
18766,2025-09-19,TH,paid_social,SUMMER25
18767,2026-07-19,MY,paid_social,
18768,2025-09-13,VN,paid_search,
18769,2026-01-13,KH,paid_search,
18770,2026-07-15,ID,paid_search,
18771,2026-10-21,ID,paid_search,
18772,2025-10-27,TH,organic,WELCOME10
18773,2025-12-25,SG,organic,
18774,2025-09-01,KH,email,FLASH50
18775,2026-02-19,TH,organic,
18776,2026-12-15,TH,paid_search,
18777,2025-12-10,ID,paid_search,
18778,2025-11-16,LA,affiliate,
18779,2026-01-30,TH,affiliate,FLASH50
18780,2026-10-21,KH,paid_social,WELCOME10
18781,2026-04-18,TH,paid_search,
18782,2026-05-21,KH,organic,
18783,2026-08-21,KH,affiliate,
18784,2026-07-17,VN,email,FLASH50
18785,2026-05-16,MM,email,
18786,2026-04-25,JP,email,
18787,2026-04-11,MM,paid_search,
18788,2025-10-05,SG,organic,
18789,2026-02-06,SG,paid_social,SUMMER25
18790,2026-09-25,TH,paid_social,WELCOME10
18791,2025-07-21,TH,organic,FLASH50
18792,2026-09-15,ID,paid_social,WELCOME10
18793,2026-04-28,TH,direct,FLASH50
18794,2026-01-03,AU,organic,
18795,2025-08-30,TH,paid_search,
18796,2026-08-12,TH,paid_search,
18797,2025-07-01,TH,organic,
18798,2026-04-16,TH,affiliate,
18799,2025-09-25,TH,paid_social,
18800,2026-10-28,MY,organic,FLASH50
18801,2025-10-06,TH,email,
18802,2026-09-01,PH,paid_search,SUMMER25
18803,2026-05-02,TH,paid_social,
18804,2025-07-22,VN,paid_social,
18805,2026-07-19,ID,email,FLASH50
18806,2026-10-12,TH,organic,SUMMER25
18807,2025-10-27,TH,paid_social,
18808,2026-11-29,PH,paid_social,
18809,2026-08-30,ID,email,
18810,2026-07-31,TH,affiliate,
18811,2025-12-27,ID,email,
18812,2025-09-02,TH,organic,
18813,2026-02-14,TH,paid_search,
18814,2026-09-04,TH,paid_search,
18815,2026-05-09,VN,paid_search,
18816,2026-06-11,TH,affiliate,FLASH50
18817,2026-08-21,MY,paid_search,WELCOME10
18818,2025-12-28,TH,organic,
18819,2025-07-20,TH,paid_social,
18820,2026-10-15,TH,organic,
18821,2026-05-23,SG,organic,
18822,2026-04-28,PH,paid_social,
18823,2026-05-02,VN,affiliate,
18824,2026-09-28,TH,paid_search,
18825,2026-08-15,TH,paid_social,
18826,2026-06-23,TH,paid_search,
18827,2026-08-21,PH,organic,
18828,2025-12-01,SG,paid_search,
18829,2026-07-15,PH,organic,
18830,2026-12-02,TH,affiliate,
18831,2025-11-03,MY,affiliate,
18832,2026-05-01,MY,organic,
18833,2026-06-29,ID,organic,
18834,2026-04-02,SG,organic,
18835,2026-11-29,TH,direct,
18836,2026-02-01,SG,affiliate,
18837,2025-10-25,JP,affiliate,
18838,2025-09-11,TH,paid_search,
18839,2026-09-26,VN,affiliate,FLASH50
18840,2026-07-01,AU,paid_social,
18841,2026-05-05,MY,organic,
18842,2026-02-15,SG,paid_search,
18843,2026-02-04,TH,paid_search,
18844,2026-11-11,VN,paid_search,
18845,2026-06-28,MM,organic,
18846,2026-11-27,KR,paid_search,FLASH50
18847,2026-09-01,TH,paid_social,WELCOME10
18848,2026-08-14,MM,organic,
18849,2026-04-22,TH,organic,
18850,2025-11-07,MY,paid_social,
18851,2026-06-14,TH,paid_search,
18852,2026-07-17,TH,paid_search,
18853,2026-04-05,MY,email,
18854,2025-07-11,SG,paid_search,
18855,2026-11-24,JP,paid_search,
18856,2026-09-14,TH,organic,SUMMER25
18857,2026-01-04,KH,paid_search,
18858,2026-03-21,SG,organic,SUMMER25
18859,2025-09-04,TH,email,
18860,2026-11-12,TH,email,
18861,2025-10-31,VN,paid_search,
18862,2026-01-18,PH,organic,
18863,2026-02-14,TH,organic,
18864,2025-11-18,TH,paid_social,
18865,2026-06-04,SG,email,
18866,2026-12-13,MY,paid_search,FLASH50
18867,2026-09-29,ID,email,
18868,2026-04-09,PH,organic,
18869,2025-09-08,TH,paid_social,
18870,2026-10-04,TH,organic,
18871,2025-11-14,TH,paid_social,
18872,2026-10-29,AU,paid_social,
18873,2026-01-27,MY,paid_social,
18874,2026-04-03,TH,affiliate,
18875,2026-02-18,VN,organic,
18876,2026-02-28,MY,organic,FLASH50
18877,2025-09-26,TH,paid_social,
18878,2026-04-21,TH,paid_social,
18879,2026-01-31,VN,direct,
18880,2026-09-25,VN,affiliate,
18881,2026-03-12,TH,paid_search,
18882,2026-11-27,TH,paid_search,WELCOME10
18883,2025-12-06,TH,paid_social,
18884,2025-12-22,ID,organic,WELCOME10
18885,2025-07-20,TH,paid_search,
18886,2026-07-29,TH,organic,
18887,2025-08-09,TH,organic,FLASH50
18888,2025-11-30,KR,affiliate,
18889,2026-10-29,SG,paid_search,
18890,2026-05-22,TH,email,FLASH50
18891,2026-04-24,SG,email,
18892,2026-09-02,VN,affiliate,WELCOME10
18893,2026-08-16,KH,affiliate,
18894,2026-10-16,KR,organic,FLASH50
18895,2026-06-20,SG,organic,
18896,2026-02-25,SG,paid_social,
18897,2025-09-08,TH,paid_search,
18898,2026-01-14,VN,paid_search,
18899,2026-07-11,ID,direct,
18900,2025-11-13,TH,paid_social,
18901,2026-06-23,SG,organic,FLASH50
18902,2025-09-10,TH,paid_social,
18903,2025-08-02,ID,affiliate,
18904,2026-01-11,TH,email,
18905,2025-10-31,TH,paid_social,WELCOME10
18906,2026-10-08,TH,organic,
18907,2026-01-18,TH,affiliate,FLASH50
18908,2026-02-09,TH,paid_social,
18909,2026-02-01,VN,paid_search,
18910,2025-12-17,ID,affiliate,
18911,2026-11-02,MY,paid_search,
18912,2026-07-29,TH,direct,
18913,2025-09-23,KH,direct,WELCOME10
18914,2025-10-23,KH,organic,
18915,2025-08-13,MY,paid_search,FLASH50
18916,2025-11-14,ID,organic,
18917,2026-06-15,VN,paid_search,WELCOME10
18918,2026-11-11,VN,organic,
18919,2026-03-14,TH,paid_search,
18920,2025-08-13,SG,organic,SUMMER25
18921,2025-07-26,TH,affiliate,SUMMER25
18922,2026-02-06,PH,organic,
18923,2025-11-19,ID,organic,FLASH50
18924,2026-05-04,JP,organic,
18925,2025-09-02,TH,paid_search,
18926,2025-10-31,SG,organic,
18927,2026-04-23,VN,email,WELCOME10
18928,2025-11-27,KH,paid_search,
18929,2026-01-11,PH,email,
18930,2025-10-27,TH,organic,
18931,2025-07-28,KR,organic,
18932,2025-12-31,KR,affiliate,
18933,2025-12-23,JP,paid_search,FLASH50
18934,2026-10-22,MY,organic,
18935,2026-10-19,PH,organic,
18936,2026-02-16,TH,email,
18937,2025-12-01,TH,organic,
18938,2026-02-08,TH,paid_search,
18939,2026-05-21,SG,email,
18940,2026-01-23,JP,paid_social,
18941,2026-08-08,ID,affiliate,
18942,2026-11-26,SG,paid_search,
18943,2026-01-31,VN,paid_social,
18944,2025-09-01,MY,paid_social,FLASH50
18945,2025-09-03,SG,organic,
18946,2026-10-08,ID,paid_social,SUMMER25
18947,2026-02-07,SG,email,
18948,2025-12-22,ID,paid_search,
18949,2026-05-27,PH,paid_search,
18950,2026-11-22,SG,paid_search,
18951,2026-02-12,TH,paid_social,
18952,2025-12-16,MY,paid_social,
18953,2026-10-03,LA,paid_search,
18954,2025-08-14,SG,organic,
18955,2026-09-23,PH,organic,WELCOME10
18956,2026-04-04,MY,paid_search,SUMMER25
18957,2025-07-11,TH,affiliate,
18958,2025-10-30,SG,paid_search,
18959,2026-06-28,TH,paid_search,
18960,2026-08-06,TH,paid_search,FLASH50
18961,2025-10-13,TH,paid_search,
18962,2026-06-16,VN,paid_social,
18963,2026-12-10,ID,paid_social,
18964,2026-07-01,MY,affiliate,FLASH50
18965,2026-07-10,SG,organic,
18966,2025-10-12,TH,affiliate,
18967,2026-06-05,KH,organic,
18968,2026-07-13,AU,organic,
18969,2025-08-28,VN,paid_social,
18970,2025-12-13,TH,organic,
18971,2026-10-14,MM,organic,
18972,2026-12-15,PH,organic,WELCOME10
18973,2025-10-01,TH,paid_social,FLASH50
18974,2026-07-26,TH,organic,WELCOME10
18975,2026-03-25,TH,affiliate,
18976,2026-05-11,VN,paid_search,SUMMER25
18977,2026-03-30,MY,paid_search,WELCOME10
18978,2026-10-06,TH,paid_search,
18979,2026-02-23,TH,affiliate,
18980,2026-05-11,SG,paid_social,
18981,2026-06-22,ID,organic,SUMMER25
18982,2026-04-21,SG,affiliate,
18983,2026-10-12,TH,paid_search,FLASH50
18984,2025-11-04,MY,direct,SUMMER25
18985,2026-11-18,KR,paid_search,
18986,2026-06-27,TH,organic,
18987,2026-11-24,MY,affiliate,FLASH50
18988,2026-01-16,TH,organic,
18989,2026-03-13,TH,paid_social,
18990,2025-07-23,KH,paid_search,
18991,2026-11-05,AU,organic,
18992,2026-09-08,TH,organic,
18993,2025-12-05,TH,organic,
18994,2025-07-28,TH,organic,FLASH50
18995,2026-07-07,MY,paid_search,SUMMER25
18996,2026-06-24,TH,paid_social,
18997,2026-04-08,SG,organic,
18998,2025-09-22,TH,organic,
18999,2026-11-02,ID,affiliate,WELCOME10
19000,2026-02-16,MM,organic,FLASH50
19001,2026-07-22,TH,affiliate,
19002,2026-10-01,VN,organic,
19003,2026-04-19,PH,affiliate,
19004,2025-08-20,TH,affiliate,
19005,2026-10-17,MM,organic,
19006,2026-06-21,ID,paid_search,
19007,2026-10-20,MY,paid_search,
19008,2026-05-23,ID,organic,
19009,2026-10-27,TH,paid_search,
19010,2026-10-06,TH,paid_social,
19011,2025-10-23,SG,affiliate,
19012,2025-10-01,VN,organic,FLASH50
19013,2025-09-24,MM,paid_social,FLASH50
19014,2026-08-31,SG,organic,
19015,2025-11-06,TH,organic,FLASH50
19016,2026-02-25,TH,organic,WELCOME10
19017,2026-08-24,AU,paid_search,
19018,2026-02-14,TH,organic,
19019,2025-08-02,MM,organic,
19020,2026-01-09,TH,paid_search,
19021,2025-08-20,TH,email,
19022,2026-01-22,TH,paid_social,
19023,2026-07-28,SG,direct,
19024,2026-04-04,TH,organic,FLASH50
19025,2026-06-25,LA,email,
19026,2025-08-26,MY,organic,FLASH50
19027,2026-08-04,TH,organic,
19028,2026-02-12,ID,organic,
19029,2025-11-30,TH,paid_search,
19030,2026-06-13,ID,organic,
19031,2025-09-10,VN,affiliate,SUMMER25
19032,2026-03-23,KR,affiliate,
19033,2026-02-11,MY,organic,
19034,2025-09-27,TH,affiliate,
19035,2026-11-20,SG,organic,
19036,2026-01-10,TH,organic,
19037,2025-07-22,SG,organic,
19038,2026-02-22,TH,organic,
19039,2026-11-28,TH,organic,
19040,2026-06-22,KR,organic,
19041,2026-06-05,MM,paid_search,
19042,2026-10-24,TH,email,
19043,2025-08-14,JP,email,
19044,2026-04-20,VN,direct,
19045,2025-12-18,TH,organic,WELCOME10
19046,2026-06-26,MM,organic,FLASH50
19047,2026-09-28,JP,paid_social,WELCOME10
19048,2025-08-11,ID,paid_social,
19049,2025-09-23,VN,organic,
19050,2026-11-21,TH,affiliate,
19051,2026-03-20,MY,direct,FLASH50
19052,2025-12-16,VN,paid_search,
19053,2025-09-20,MY,direct,
19054,2026-01-05,TH,organic,
19055,2025-07-03,ID,paid_search,
19056,2025-10-27,PH,organic,
19057,2025-10-06,PH,paid_social,
19058,2025-08-15,TH,organic,
19059,2026-11-29,SG,paid_search,
19060,2026-08-26,TH,organic,WELCOME10
19061,2026-11-14,ID,paid_search,SUMMER25
19062,2025-11-06,TH,paid_social,SUMMER25
19063,2025-12-01,AU,paid_search,WELCOME10
19064,2025-11-28,MY,paid_search,
19065,2026-04-24,TH,direct,SUMMER25
19066,2025-10-05,VN,email,
19067,2025-11-03,TH,direct,
19068,2026-12-02,TH,organic,
19069,2026-01-04,TH,paid_search,WELCOME10
19070,2026-08-21,MY,affiliate,
19071,2025-10-31,KH,email,
19072,2026-11-08,TH,organic,
19073,2026-07-05,VN,direct,
19074,2026-10-03,TH,paid_search,
19075,2026-04-02,TH,affiliate,WELCOME10
19076,2026-10-27,ID,paid_search,
19077,2026-01-10,PH,organic,
19078,2026-03-13,AU,organic,
19079,2025-08-02,ID,organic,FLASH50
19080,2025-09-29,SG,paid_social,
19081,2026-08-16,TH,paid_social,
19082,2025-12-22,TH,paid_search,
19083,2025-08-24,MM,paid_social,
19084,2025-12-03,MY,paid_search,
19085,2026-01-05,TH,organic,
19086,2026-07-18,TH,organic,
19087,2025-08-18,TH,paid_search,SUMMER25
19088,2025-07-14,VN,paid_search,
19089,2026-07-21,TH,email,
19090,2025-09-14,AU,direct,
19091,2026-02-09,SG,paid_search,
19092,2026-06-29,PH,organic,
19093,2026-04-01,TH,affiliate,
19094,2025-09-04,TH,organic,
19095,2026-07-20,TH,paid_search,
19096,2025-07-26,TH,direct,SUMMER25
19097,2025-11-01,JP,email,
19098,2025-08-28,PH,email,SUMMER25
19099,2026-03-31,TH,organic,
19100,2026-07-04,SG,paid_search,
19101,2026-06-12,MY,affiliate,WELCOME10
19102,2025-09-13,MY,organic,SUMMER25
19103,2025-12-31,TH,affiliate,
19104,2025-09-16,TH,paid_search,
19105,2025-12-30,TH,email,
19106,2025-10-31,MM,paid_search,
19107,2026-07-30,TH,organic,
19108,2026-08-05,VN,email,WELCOME10
19109,2026-09-10,MM,paid_social,
19110,2025-10-15,TH,paid_search,WELCOME10
19111,2025-07-08,TH,direct,
19112,2025-07-19,TH,paid_social,
19113,2026-09-23,ID,paid_social,
19114,2026-10-26,SG,paid_search,
19115,2025-10-21,TH,affiliate,
19116,2026-10-11,TH,paid_social,WELCOME10
19117,2026-04-09,ID,paid_social,WELCOME10
19118,2025-10-07,VN,direct,
19119,2025-12-14,TH,organic,
19120,2025-11-19,VN,affiliate,
19121,2026-08-12,TH,affiliate,
19122,2025-10-09,TH,organic,FLASH50
19123,2025-10-06,TH,paid_social,
19124,2026-07-19,VN,affiliate,WELCOME10
19125,2025-12-09,ID,paid_search,
19126,2025-11-11,SG,organic,WELCOME10
19127,2026-09-04,TH,organic,
19128,2026-11-09,TH,organic,
19129,2026-04-23,TH,paid_search,
19130,2026-09-15,TH,paid_social,
19131,2026-09-22,SG,paid_social,
19132,2026-05-10,SG,paid_search,
19133,2026-09-16,TH,paid_search,
19134,2025-07-05,TH,paid_social,
19135,2025-07-19,TH,email,
19136,2026-10-14,MY,affiliate,
19137,2025-09-13,SG,paid_social,
19138,2026-07-23,ID,organic,
19139,2026-02-09,TH,direct,
19140,2026-08-24,TH,email,
19141,2026-06-20,TH,direct,FLASH50
19142,2025-08-08,TH,paid_social,
19143,2025-12-27,VN,paid_search,
19144,2026-07-13,TH,paid_search,
19145,2026-11-04,TH,paid_search,
19146,2026-09-02,TH,paid_search,WELCOME10
19147,2026-10-19,TH,paid_search,
19148,2026-11-22,MM,direct,WELCOME10
19149,2026-10-20,KR,paid_search,
19150,2026-05-06,SG,paid_search,
19151,2025-12-27,TH,paid_social,SUMMER25
19152,2026-03-28,SG,organic,
19153,2026-08-29,SG,organic,
19154,2026-02-12,SG,paid_social,
19155,2026-09-16,TH,paid_search,
19156,2026-07-09,TH,organic,
19157,2025-10-20,TH,paid_search,SUMMER25
19158,2026-11-03,TH,organic,
19159,2026-09-25,MY,organic,WELCOME10
19160,2026-05-16,KH,paid_search,
19161,2025-10-12,TH,direct,FLASH50
19162,2025-10-30,VN,organic,
19163,2026-09-21,TH,paid_search,
19164,2025-07-10,TH,paid_search,
19165,2026-03-15,ID,paid_social,
19166,2026-05-26,TH,paid_search,
19167,2025-11-01,MM,affiliate,
19168,2026-10-04,AU,email,FLASH50
19169,2026-04-05,TH,organic,
19170,2025-08-05,TH,affiliate,
19171,2025-12-18,TH,organic,WELCOME10
19172,2026-01-28,MM,affiliate,
19173,2025-10-27,TH,paid_social,
19174,2026-11-14,VN,paid_social,
19175,2026-01-09,TH,paid_search,
19176,2026-03-25,MY,paid_search,
19177,2026-04-12,TH,organic,
19178,2025-10-26,PH,paid_search,
19179,2026-04-29,ID,paid_social,
19180,2026-01-05,TH,paid_search,
19181,2025-07-06,TH,paid_search,
19182,2026-02-03,SG,paid_search,
19183,2026-05-08,MY,affiliate,
19184,2025-09-01,PH,paid_search,
19185,2026-08-20,TH,paid_social,
19186,2026-06-18,MM,direct,
19187,2025-12-13,TH,organic,
19188,2026-05-12,PH,organic,
19189,2025-12-09,LA,email,
19190,2026-06-11,ID,paid_social,
19191,2025-09-21,JP,paid_search,
19192,2026-05-22,TH,organic,SUMMER25
19193,2025-07-30,ID,paid_search,
19194,2025-07-09,TH,affiliate,
19195,2025-11-13,TH,paid_search,
19196,2025-10-01,MY,affiliate,
19197,2026-03-19,KH,organic,
19198,2025-09-27,AU,paid_search,
19199,2025-11-08,MY,organic,FLASH50
19200,2025-08-22,PH,paid_search,
19201,2026-10-16,VN,email,
19202,2026-07-28,VN,organic,SUMMER25
19203,2025-10-25,TH,paid_social,
19204,2025-09-03,SG,paid_search,
19205,2026-09-27,SG,paid_search,
19206,2026-06-22,VN,organic,
19207,2026-10-16,MY,paid_search,
19208,2025-10-04,PH,direct,
19209,2026-01-08,AU,organic,WELCOME10
19210,2025-09-02,MY,organic,
19211,2026-02-11,VN,organic,
19212,2025-09-25,MY,paid_social,
19213,2025-07-03,ID,organic,
19214,2026-03-28,SG,direct,
19215,2026-12-04,AU,paid_social,
19216,2026-06-10,PH,paid_social,
19217,2026-08-08,VN,organic,
19218,2026-09-06,TH,paid_search,
19219,2026-12-01,SG,affiliate,
19220,2025-09-07,KH,paid_search,FLASH50
19221,2025-11-11,AU,affiliate,
19222,2026-05-25,KR,paid_social,
19223,2026-09-11,VN,email,
19224,2026-08-17,VN,paid_search,FLASH50
19225,2026-07-23,TH,affiliate,
19226,2025-12-14,VN,organic,
19227,2026-01-11,TH,paid_social,FLASH50
19228,2025-08-12,KH,paid_social,
19229,2025-12-15,TH,paid_search,
19230,2025-09-22,AU,organic,FLASH50
19231,2026-11-13,SG,paid_search,
19232,2025-08-18,TH,organic,
19233,2026-01-10,MY,paid_search,WELCOME10
19234,2026-10-16,ID,organic,
19235,2026-11-22,VN,paid_search,
19236,2026-01-17,ID,paid_search,
19237,2026-03-06,MY,organic,
19238,2026-04-05,TH,paid_social,
19239,2026-09-12,KH,paid_search,
19240,2026-08-14,KR,paid_social,
19241,2026-04-06,VN,email,
19242,2026-01-15,TH,email,WELCOME10
19243,2026-01-15,VN,paid_search,
19244,2026-06-11,TH,paid_search,
19245,2026-09-19,JP,paid_search,
19246,2025-08-10,TH,paid_search,
19247,2026-08-14,TH,organic,
19248,2026-03-14,TH,organic,
19249,2025-09-16,VN,email,
19250,2025-08-21,ID,organic,
19251,2025-12-27,VN,paid_search,
19252,2025-11-10,TH,organic,
19253,2025-08-25,KH,organic,
19254,2025-12-04,SG,organic,
19255,2026-09-18,TH,paid_search,FLASH50
19256,2026-07-18,VN,paid_social,FLASH50
19257,2025-10-20,MY,email,
19258,2026-06-25,MY,paid_social,
19259,2026-02-26,TH,affiliate,FLASH50
19260,2026-08-03,VN,paid_social,WELCOME10
19261,2025-11-09,TH,organic,
19262,2025-08-02,SG,affiliate,
19263,2025-12-14,SG,paid_search,
19264,2026-12-12,VN,affiliate,FLASH50
19265,2026-04-23,TH,organic,
19266,2025-07-30,TH,paid_search,WELCOME10
19267,2026-12-02,TH,paid_search,
19268,2026-09-14,SG,organic,FLASH50
19269,2026-04-16,TH,paid_social,
19270,2026-07-30,ID,affiliate,
19271,2025-10-07,TH,email,WELCOME10
19272,2026-05-12,SG,affiliate,WELCOME10
19273,2026-10-30,MY,affiliate,
19274,2026-02-19,TH,affiliate,FLASH50
19275,2025-07-21,ID,paid_social,
19276,2026-08-08,ID,affiliate,
19277,2026-07-25,VN,organic,
19278,2026-07-30,MY,direct,
19279,2026-06-11,TH,paid_search,
19280,2025-09-12,TH,organic,
19281,2025-08-31,SG,paid_search,
19282,2026-08-27,KH,affiliate,FLASH50
19283,2026-09-29,TH,paid_social,WELCOME10
19284,2025-08-11,TH,organic,WELCOME10
19285,2026-05-06,ID,paid_search,
19286,2026-03-24,MY,affiliate,
19287,2026-01-03,MM,paid_social,SUMMER25
19288,2026-06-09,TH,organic,FLASH50
19289,2026-10-31,KH,affiliate,
19290,2026-09-11,VN,paid_social,
19291,2025-09-20,VN,organic,
19292,2026-03-04,TH,paid_search,
19293,2026-11-11,TH,paid_search,
19294,2025-11-04,TH,paid_social,
19295,2026-09-29,VN,direct,
19296,2026-03-19,TH,direct,
19297,2026-04-04,TH,paid_social,
19298,2025-11-11,TH,paid_search,
19299,2026-11-02,KH,organic,
19300,2026-04-08,TH,paid_social,
19301,2026-05-03,SG,paid_search,
19302,2026-03-04,VN,paid_social,
19303,2025-08-17,LA,direct,
19304,2026-08-21,VN,organic,
19305,2025-12-23,MY,paid_search,
19306,2025-11-05,TH,paid_social,SUMMER25
19307,2026-08-21,TH,paid_search,SUMMER25
19308,2025-10-15,TH,organic,FLASH50
19309,2026-06-29,TH,paid_social,
19310,2026-03-10,TH,organic,FLASH50
19311,2026-08-31,SG,paid_search,FLASH50
19312,2025-07-27,TH,direct,
19313,2026-08-17,VN,paid_search,WELCOME10
19314,2025-10-31,TH,organic,
19315,2026-10-08,KR,affiliate,
19316,2026-01-05,PH,organic,
19317,2025-07-04,TH,organic,
19318,2026-03-17,TH,direct,
19319,2025-07-30,JP,affiliate,
19320,2025-11-21,AU,paid_search,FLASH50
19321,2026-07-17,TH,paid_social,
19322,2026-04-25,TH,paid_search,
19323,2026-07-13,KR,email,
19324,2026-10-12,ID,paid_social,
19325,2026-03-07,ID,paid_social,
19326,2026-04-16,TH,organic,
19327,2025-08-01,PH,organic,
19328,2025-11-30,MY,organic,FLASH50
19329,2026-07-22,SG,paid_social,FLASH50
19330,2025-08-03,VN,paid_social,
19331,2026-01-08,TH,paid_search,
19332,2025-09-11,SG,organic,
19333,2026-09-30,ID,paid_search,SUMMER25
19334,2026-04-26,ID,organic,
19335,2026-06-09,JP,email,WELCOME10
19336,2026-06-30,MY,affiliate,
19337,2025-10-28,TH,paid_social,
19338,2025-07-27,TH,email,FLASH50
19339,2026-01-29,MY,paid_social,WELCOME10
19340,2025-10-07,TH,paid_search,
19341,2025-12-19,MY,paid_social,
19342,2025-12-18,TH,organic,
19343,2026-08-21,TH,organic,
19344,2025-12-18,TH,paid_social,SUMMER25
19345,2025-09-19,SG,organic,FLASH50
19346,2026-11-23,TH,affiliate,
19347,2025-07-27,MY,organic,
19348,2025-10-17,TH,paid_search,
19349,2026-01-02,LA,paid_search,
19350,2025-08-03,MY,organic,
19351,2026-10-23,VN,organic,
19352,2026-01-05,PH,paid_search,
19353,2026-08-21,KH,organic,WELCOME10
19354,2025-09-10,KH,organic,
19355,2026-04-05,TH,organic,
19356,2025-09-06,TH,paid_search,SUMMER25
19357,2025-11-01,ID,affiliate,
19358,2026-02-03,MY,affiliate,
19359,2026-10-03,MY,paid_search,
19360,2025-12-11,ID,paid_social,
19361,2026-08-07,TH,direct,FLASH50
19362,2025-08-18,TH,paid_search,
19363,2025-11-12,ID,email,FLASH50
19364,2026-05-19,ID,affiliate,
19365,2026-03-07,PH,organic,
19366,2026-03-25,ID,paid_search,
19367,2026-06-27,TH,direct,
19368,2025-08-11,TH,organic,
19369,2026-07-06,TH,organic,
19370,2026-10-03,TH,organic,
19371,2026-08-13,VN,organic,
19372,2025-11-29,ID,organic,WELCOME10
19373,2026-01-04,KH,paid_search,WELCOME10
19374,2026-11-25,SG,affiliate,
19375,2026-08-26,TH,organic,
19376,2026-11-09,SG,affiliate,
19377,2026-10-30,TH,direct,
19378,2026-02-17,TH,paid_search,
19379,2025-09-07,SG,direct,
19380,2025-10-30,TH,paid_social,
19381,2025-12-04,TH,organic,
19382,2026-09-18,VN,organic,
19383,2025-11-25,ID,paid_search,
19384,2026-01-09,TH,email,WELCOME10
19385,2026-09-27,VN,organic,FLASH50
19386,2025-09-26,TH,paid_social,
19387,2026-06-19,SG,affiliate,
19388,2026-04-21,ID,direct,
19389,2026-12-07,SG,email,
19390,2026-03-18,VN,organic,
19391,2026-04-04,TH,organic,
19392,2026-09-27,TH,organic,WELCOME10
19393,2026-12-11,SG,organic,WELCOME10
19394,2026-07-24,TH,email,
19395,2026-07-08,TH,paid_social,FLASH50
19396,2026-10-10,SG,direct,
19397,2026-12-05,TH,paid_search,WELCOME10
19398,2026-07-27,SG,paid_search,
19399,2025-12-03,MY,organic,
19400,2026-06-08,VN,paid_search,
19401,2025-11-03,PH,affiliate,
19402,2026-03-24,ID,paid_social,
19403,2026-02-22,LA,affiliate,
19404,2026-12-09,MY,affiliate,FLASH50
19405,2026-04-22,VN,organic,WELCOME10
19406,2026-11-24,VN,organic,
19407,2026-09-04,PH,paid_social,
19408,2026-09-26,VN,paid_search,FLASH50
19409,2025-09-29,LA,organic,FLASH50
19410,2026-08-18,SG,organic,
19411,2025-11-12,AU,direct,
19412,2026-05-04,TH,affiliate,
19413,2026-03-17,TH,paid_search,
19414,2025-11-16,TH,paid_social,FLASH50
19415,2026-12-07,MY,organic,
19416,2026-10-10,TH,organic,
19417,2026-05-03,TH,paid_search,FLASH50
19418,2025-07-06,TH,organic,SUMMER25
19419,2025-10-06,ID,direct,
19420,2025-10-30,TH,organic,
19421,2026-12-01,MY,paid_search,WELCOME10
19422,2026-02-01,ID,email,
19423,2025-07-25,VN,organic,WELCOME10
19424,2026-05-09,ID,paid_social,
19425,2026-11-19,TH,paid_search,
19426,2026-04-25,KR,organic,
19427,2026-02-22,KH,organic,
19428,2025-10-02,TH,affiliate,
19429,2026-10-12,TH,paid_search,
19430,2025-08-25,MY,organic,
19431,2026-11-10,KH,paid_search,
19432,2025-10-27,PH,affiliate,FLASH50
19433,2025-09-12,LA,paid_social,WELCOME10
19434,2026-01-02,JP,direct,FLASH50
19435,2025-07-03,VN,affiliate,WELCOME10
19436,2025-07-08,TH,organic,FLASH50
19437,2025-10-08,TH,organic,
19438,2026-07-05,TH,paid_search,
19439,2026-09-08,TH,paid_search,
19440,2025-11-10,TH,paid_search,
19441,2026-06-09,SG,paid_social,
19442,2026-01-04,VN,organic,
19443,2026-02-16,TH,direct,WELCOME10
19444,2025-12-26,PH,paid_search,SUMMER25
19445,2026-10-19,MM,paid_social,WELCOME10
19446,2026-03-30,TH,paid_search,
19447,2026-03-27,TH,paid_social,FLASH50
19448,2026-10-02,SG,direct,
19449,2026-06-16,KH,organic,
19450,2025-09-18,VN,paid_search,
19451,2025-10-09,TH,paid_social,
19452,2025-12-29,ID,email,
19453,2025-08-22,PH,paid_social,
19454,2026-07-04,TH,organic,
19455,2026-03-22,ID,paid_social,
19456,2025-07-24,SG,paid_social,
19457,2026-01-30,TH,organic,FLASH50
19458,2026-09-16,LA,paid_social,
19459,2026-10-27,TH,paid_search,WELCOME10
19460,2026-11-25,PH,organic,
19461,2026-11-04,ID,organic,
19462,2026-05-20,TH,affiliate,
19463,2026-11-07,VN,organic,FLASH50
19464,2026-11-22,TH,organic,
19465,2026-06-04,TH,paid_social,
19466,2026-02-06,TH,organic,FLASH50
19467,2026-11-27,KH,organic,WELCOME10
19468,2026-02-07,MM,direct,
19469,2025-09-27,TH,paid_social,
19470,2025-08-26,SG,organic,
19471,2026-04-29,KR,organic,
19472,2025-07-19,ID,organic,SUMMER25
19473,2025-09-02,TH,affiliate,
19474,2025-11-08,TH,paid_search,
19475,2026-04-09,SG,organic,
19476,2026-03-12,TH,email,
19477,2026-03-30,SG,paid_social,
19478,2026-03-28,VN,affiliate,
19479,2026-12-12,ID,paid_social,
19480,2025-10-24,TH,email,WELCOME10
19481,2026-03-10,VN,paid_search,
19482,2026-05-23,MY,organic,
19483,2025-11-24,VN,organic,
19484,2025-10-05,TH,organic,WELCOME10
19485,2025-07-25,TH,email,
19486,2025-12-21,TH,paid_social,FLASH50
19487,2025-11-13,TH,organic,WELCOME10
19488,2025-10-13,ID,organic,
19489,2025-11-22,MY,paid_social,
19490,2026-07-07,TH,paid_search,
19491,2026-09-15,MY,affiliate,FLASH50
19492,2026-04-02,ID,direct,
19493,2025-08-05,ID,affiliate,
19494,2026-07-28,VN,organic,
19495,2025-09-20,PH,paid_social,
19496,2025-07-31,VN,paid_social,WELCOME10
19497,2026-04-29,TH,affiliate,SUMMER25
19498,2026-02-12,PH,organic,
19499,2025-12-14,TH,paid_social,FLASH50
19500,2026-11-28,ID,paid_social,WELCOME10
19501,2025-08-18,KR,paid_search,
19502,2025-07-29,TH,organic,
19503,2026-05-10,TH,organic,WELCOME10
19504,2026-02-08,TH,affiliate,
19505,2026-09-01,KR,organic,FLASH50
19506,2025-07-22,SG,paid_search,
19507,2026-02-09,VN,paid_search,
19508,2025-09-17,TH,paid_search,
19509,2025-07-22,TH,paid_social,FLASH50
19510,2026-03-04,TH,paid_search,
19511,2026-07-27,PH,paid_search,
19512,2025-09-22,TH,organic,
19513,2026-09-22,MM,paid_search,
19514,2026-04-03,ID,paid_social,FLASH50
19515,2026-03-14,LA,email,FLASH50
19516,2026-11-04,TH,organic,
19517,2025-12-23,MY,paid_search,
19518,2025-10-15,TH,organic,
19519,2026-08-24,SG,organic,
19520,2025-08-27,MY,paid_search,
19521,2026-10-08,TH,email,
19522,2026-09-13,KR,paid_search,
19523,2026-12-03,TH,organic,
19524,2026-03-03,TH,direct,FLASH50
19525,2026-05-28,MY,paid_social,
19526,2026-10-14,SG,paid_search,
19527,2025-09-09,TH,affiliate,
19528,2025-12-11,KR,paid_social,FLASH50
19529,2026-03-09,TH,email,
19530,2026-05-31,MY,organic,
19531,2026-06-27,TH,paid_search,SUMMER25
19532,2026-11-05,TH,paid_social,
19533,2026-03-18,SG,direct,WELCOME10
19534,2025-09-30,PH,paid_social,
19535,2025-10-10,MY,organic,FLASH50
19536,2026-08-31,TH,direct,
19537,2026-03-03,TH,paid_search,
19538,2026-06-02,AU,paid_search,
19539,2026-04-27,TH,organic,
19540,2026-09-07,MY,affiliate,WELCOME10
19541,2025-10-25,TH,paid_search,
19542,2025-09-29,TH,direct,FLASH50
19543,2026-07-26,TH,paid_search,
19544,2026-02-17,TH,organic,
19545,2026-09-08,MY,affiliate,
19546,2025-09-07,TH,organic,
19547,2025-11-22,PH,organic,WELCOME10
19548,2026-11-24,TH,direct,FLASH50
19549,2026-09-23,SG,direct,WELCOME10
19550,2025-08-03,SG,affiliate,
19551,2026-09-09,TH,organic,WELCOME10
19552,2025-08-04,TH,affiliate,SUMMER25
19553,2025-09-03,TH,paid_social,
19554,2026-10-22,TH,paid_search,
19555,2025-09-06,TH,paid_search,FLASH50
19556,2025-12-08,TH,paid_search,SUMMER25
19557,2025-09-11,TH,paid_search,
19558,2026-05-15,SG,paid_search,FLASH50
19559,2025-07-31,SG,organic,
19560,2025-12-01,TH,affiliate,
19561,2025-12-21,SG,email,
19562,2026-06-11,TH,paid_search,WELCOME10
19563,2026-03-22,KR,direct,FLASH50
19564,2025-10-11,TH,affiliate,
19565,2026-03-05,TH,affiliate,
19566,2026-03-02,PH,email,
19567,2026-01-05,TH,paid_search,
19568,2026-04-11,TH,affiliate,
19569,2025-12-21,KH,organic,
19570,2025-12-25,MY,direct,FLASH50
19571,2026-08-22,MY,paid_social,
19572,2025-11-12,TH,paid_social,
19573,2025-12-23,TH,paid_search,
19574,2025-09-13,TH,organic,
19575,2026-07-08,VN,organic,
19576,2026-07-12,TH,organic,
19577,2026-06-27,MY,paid_search,
19578,2025-09-28,AU,organic,FLASH50
19579,2026-02-26,KR,direct,
19580,2025-12-03,TH,affiliate,
19581,2026-08-12,MY,paid_search,
19582,2025-12-27,ID,email,
19583,2026-02-07,VN,paid_social,
19584,2026-02-28,MM,email,
19585,2026-08-10,VN,affiliate,
19586,2026-07-10,ID,affiliate,
19587,2026-09-11,TH,organic,SUMMER25
19588,2026-02-14,MY,affiliate,FLASH50
19589,2026-09-10,MY,affiliate,
19590,2026-10-08,ID,organic,FLASH50
19591,2026-04-06,MY,organic,
19592,2026-06-28,TH,email,
19593,2026-10-28,SG,direct,
19594,2026-09-20,JP,paid_social,
19595,2025-11-25,TH,organic,FLASH50
19596,2026-07-17,VN,paid_search,
19597,2026-02-23,MY,organic,
19598,2025-09-18,SG,affiliate,WELCOME10
19599,2026-01-15,TH,organic,
19600,2026-12-04,MY,paid_search,
19601,2026-11-23,VN,paid_social,
19602,2026-08-24,TH,paid_social,WELCOME10
19603,2026-12-10,MM,email,
19604,2026-05-02,VN,paid_search,
19605,2026-08-08,TH,organic,
19606,2025-09-27,TH,organic,
19607,2025-12-07,TH,paid_social,
19608,2025-10-01,TH,organic,
19609,2026-11-12,TH,paid_social,
19610,2026-05-24,TH,paid_search,
19611,2026-11-10,JP,paid_search,
19612,2026-02-07,ID,organic,
19613,2026-02-01,PH,email,FLASH50
19614,2026-06-26,MY,paid_social,
19615,2026-04-29,MY,paid_search,
19616,2026-01-15,KH,paid_search,
19617,2025-12-17,TH,paid_search,
19618,2026-03-31,ID,paid_search,
19619,2025-08-10,LA,email,
19620,2025-10-09,AU,paid_search,
19621,2025-07-24,SG,organic,
19622,2025-09-21,PH,email,WELCOME10
19623,2025-10-14,SG,paid_social,
19624,2025-08-10,TH,organic,
19625,2025-07-30,TH,organic,
19626,2026-09-10,SG,paid_search,FLASH50
19627,2025-10-06,TH,paid_social,
19628,2026-04-23,TH,direct,
19629,2025-08-22,TH,organic,
19630,2026-11-17,PH,paid_search,
19631,2025-11-05,KH,organic,
19632,2026-08-04,KH,paid_search,WELCOME10
19633,2026-06-07,MY,affiliate,FLASH50
19634,2026-08-14,AU,organic,
19635,2026-06-01,SG,direct,
19636,2026-03-29,SG,organic,
19637,2026-08-16,SG,affiliate,
19638,2026-09-08,TH,paid_social,
19639,2026-01-19,MY,paid_search,
19640,2026-11-15,SG,affiliate,FLASH50
19641,2026-12-09,JP,paid_social,
19642,2026-07-20,TH,affiliate,
19643,2026-11-08,TH,paid_social,
19644,2025-08-26,TH,paid_social,
19645,2026-04-14,TH,organic,
19646,2026-06-12,KR,paid_social,FLASH50
19647,2026-11-07,MY,email,
19648,2025-09-03,TH,paid_social,
19649,2026-09-03,ID,affiliate,FLASH50
19650,2025-08-11,SG,direct,SUMMER25
19651,2026-01-07,TH,organic,FLASH50
19652,2026-07-05,TH,paid_social,
19653,2025-12-03,TH,email,
19654,2026-09-18,ID,organic,
19655,2026-11-08,PH,organic,FLASH50
19656,2025-09-23,TH,organic,
19657,2025-11-15,ID,email,SUMMER25
19658,2025-08-09,ID,direct,
19659,2026-07-14,TH,email,WELCOME10
19660,2026-10-16,SG,paid_search,
19661,2026-05-17,TH,paid_social,
19662,2025-09-09,TH,organic,
19663,2025-10-01,SG,direct,
19664,2025-07-19,TH,direct,
19665,2026-03-19,SG,paid_social,
19666,2026-07-20,VN,organic,
19667,2025-09-18,TH,direct,
19668,2026-09-25,AU,email,
19669,2025-11-12,TH,direct,
19670,2026-04-01,SG,paid_search,
19671,2026-06-21,MY,paid_search,
19672,2026-04-14,MY,paid_search,
19673,2026-03-12,AU,paid_search,WELCOME10
19674,2025-12-27,TH,email,WELCOME10
19675,2026-02-15,TH,organic,
19676,2025-11-05,MY,paid_social,SUMMER25
19677,2025-12-04,MY,email,
19678,2026-08-07,VN,organic,
19679,2026-10-14,VN,paid_search,
19680,2026-09-26,TH,affiliate,
19681,2025-12-24,VN,paid_search,WELCOME10
19682,2025-12-19,VN,paid_search,
19683,2025-08-01,MY,affiliate,
19684,2025-11-23,TH,organic,
19685,2026-05-09,LA,paid_social,
19686,2025-11-20,VN,email,
19687,2026-07-26,TH,organic,
19688,2025-07-27,TH,organic,
19689,2026-02-05,VN,organic,FLASH50
19690,2025-11-27,MM,affiliate,FLASH50
19691,2026-03-21,SG,paid_search,
19692,2025-07-14,KH,paid_search,
19693,2026-02-09,TH,paid_social,
19694,2026-08-25,TH,paid_search,
19695,2026-09-30,ID,paid_social,
19696,2025-11-14,TH,email,
19697,2026-02-14,TH,paid_search,
19698,2026-07-03,VN,email,
19699,2026-03-05,TH,paid_search,
19700,2026-04-16,TH,paid_search,
19701,2025-12-30,TH,organic,
19702,2026-09-20,TH,affiliate,
19703,2026-06-02,TH,paid_social,FLASH50
19704,2026-11-24,TH,affiliate,
19705,2026-08-20,AU,paid_search,
19706,2026-01-12,ID,email,WELCOME10
19707,2025-12-22,ID,organic,
19708,2025-08-17,TH,affiliate,
19709,2026-05-28,TH,paid_search,
19710,2026-08-04,LA,organic,FLASH50
19711,2026-01-05,ID,paid_search,
19712,2025-07-12,PH,organic,
19713,2026-09-14,TH,organic,SUMMER25
19714,2025-10-27,MY,paid_search,
19715,2026-05-07,SG,direct,
19716,2025-07-29,TH,email,
19717,2025-08-03,PH,direct,WELCOME10
19718,2026-10-22,TH,organic,WELCOME10
19719,2026-06-24,SG,organic,
19720,2025-07-03,TH,organic,
19721,2025-08-23,ID,affiliate,
19722,2026-03-20,VN,direct,
19723,2026-06-28,TH,paid_search,FLASH50
19724,2026-02-11,JP,paid_social,
19725,2026-10-09,TH,organic,WELCOME10
19726,2026-06-13,KH,paid_social,
19727,2026-05-24,VN,email,WELCOME10
19728,2025-12-02,MM,paid_social,
19729,2026-06-29,VN,paid_social,
19730,2026-10-09,SG,paid_search,
19731,2025-07-27,TH,paid_search,
19732,2026-07-27,PH,paid_search,FLASH50
19733,2026-10-12,PH,affiliate,FLASH50
19734,2026-02-16,MY,paid_social,
19735,2026-08-13,ID,organic,
19736,2026-01-07,SG,paid_search,
19737,2025-10-11,TH,organic,FLASH50
19738,2026-09-08,TH,organic,FLASH50
19739,2025-12-13,ID,organic,
19740,2026-08-08,ID,email,
19741,2025-12-16,ID,organic,
19742,2026-01-29,MY,direct,
19743,2026-07-01,TH,paid_search,WELCOME10
19744,2025-12-29,TH,paid_search,SUMMER25
19745,2026-09-04,TH,affiliate,
19746,2025-07-21,TH,organic,
19747,2025-07-07,ID,email,
19748,2025-08-13,VN,paid_social,FLASH50
19749,2025-11-14,LA,organic,FLASH50
19750,2025-07-29,TH,direct,FLASH50
19751,2026-01-19,PH,organic,
19752,2025-07-14,MY,organic,WELCOME10
19753,2026-08-08,TH,email,
19754,2025-09-20,VN,paid_search,
19755,2026-12-01,KR,paid_social,
19756,2026-09-30,TH,organic,WELCOME10
19757,2026-07-06,ID,email,
19758,2026-08-30,TH,paid_search,SUMMER25
19759,2026-08-18,TH,organic,
19760,2026-09-24,TH,direct,
19761,2026-04-23,TH,affiliate,
19762,2026-05-29,VN,affiliate,
19763,2026-03-07,TH,paid_search,
19764,2026-05-29,ID,paid_social,
19765,2026-01-20,KH,organic,
19766,2025-09-05,PH,paid_search,
19767,2026-11-09,TH,paid_search,
19768,2026-07-08,TH,paid_search,WELCOME10
19769,2026-07-11,SG,organic,
19770,2025-11-27,TH,affiliate,WELCOME10
19771,2026-08-15,TH,organic,
19772,2026-04-03,MY,paid_search,
19773,2025-08-10,ID,paid_social,
19774,2026-11-21,TH,organic,
19775,2026-12-11,TH,paid_search,WELCOME10
19776,2026-10-08,KH,organic,
19777,2026-03-11,AU,organic,
19778,2025-11-02,ID,affiliate,
19779,2025-07-06,MY,paid_search,
19780,2026-07-28,ID,paid_search,
19781,2026-10-18,TH,organic,SUMMER25
19782,2025-08-25,LA,paid_search,WELCOME10
19783,2026-06-30,TH,organic,
19784,2025-07-15,ID,organic,
19785,2026-08-18,TH,paid_search,
19786,2025-07-16,ID,paid_social,FLASH50
19787,2026-12-02,VN,organic,
19788,2025-09-29,VN,organic,FLASH50
19789,2026-01-30,SG,affiliate,
19790,2026-07-06,MY,organic,
19791,2026-09-25,MY,organic,
19792,2026-01-10,VN,direct,
19793,2026-12-05,SG,organic,WELCOME10
19794,2025-07-09,SG,paid_social,
19795,2026-03-09,ID,affiliate,
19796,2026-12-09,TH,paid_search,
19797,2025-11-24,ID,paid_search,
19798,2026-04-11,TH,paid_social,
19799,2026-02-22,VN,organic,
19800,2026-01-26,TH,organic,WELCOME10
19801,2026-08-14,PH,direct,
19802,2026-04-03,TH,organic,
19803,2026-07-16,SG,affiliate,FLASH50
19804,2026-04-04,TH,paid_search,
19805,2026-12-14,KH,paid_social,
19806,2026-03-08,TH,paid_search,
19807,2026-08-29,SG,paid_social,
19808,2026-05-23,TH,paid_search,
19809,2026-09-01,VN,paid_search,
19810,2026-10-16,TH,affiliate,FLASH50
19811,2025-10-29,MY,email,WELCOME10
19812,2025-12-08,TH,organic,SUMMER25
19813,2025-12-08,TH,organic,
19814,2026-03-17,TH,affiliate,
19815,2026-03-20,MY,organic,
19816,2025-07-02,TH,email,
19817,2026-10-21,KR,organic,
19818,2026-10-02,TH,organic,FLASH50
19819,2026-05-17,ID,organic,
19820,2025-12-11,TH,organic,
19821,2026-09-14,TH,affiliate,
19822,2025-11-22,PH,paid_search,
19823,2025-12-10,VN,direct,WELCOME10
19824,2026-12-14,ID,paid_search,SUMMER25
19825,2026-11-05,VN,paid_social,FLASH50
19826,2026-05-08,TH,paid_social,
19827,2025-09-29,AU,paid_search,
19828,2025-09-04,SG,email,
19829,2026-11-26,KH,paid_search,FLASH50
19830,2025-11-19,VN,paid_social,FLASH50
19831,2026-06-29,TH,paid_search,
19832,2026-01-05,MY,paid_search,
19833,2026-03-22,JP,organic,WELCOME10
19834,2026-12-08,TH,paid_search,
19835,2026-05-13,SG,direct,
19836,2026-02-15,ID,affiliate,
19837,2026-02-07,TH,email,WELCOME10
19838,2025-10-31,TH,paid_social,
19839,2026-04-23,VN,paid_social,
19840,2026-04-30,MM,email,
19841,2025-08-20,MY,paid_search,
19842,2026-02-01,AU,email,
19843,2026-06-09,TH,paid_search,
19844,2025-07-30,TH,paid_social,
19845,2026-12-03,TH,paid_search,
19846,2026-10-02,SG,organic,
19847,2026-06-05,ID,organic,FLASH50
19848,2025-07-09,TH,email,
19849,2026-04-03,SG,paid_social,FLASH50
19850,2026-10-22,ID,organic,
19851,2025-07-13,ID,direct,
19852,2026-08-27,ID,email,FLASH50
19853,2026-09-21,MY,paid_social,WELCOME10
19854,2025-08-10,KR,organic,
19855,2025-10-31,VN,organic,
19856,2026-07-21,LA,email,
19857,2026-10-29,AU,organic,
19858,2026-08-15,PH,organic,
19859,2026-04-07,TH,organic,
19860,2026-05-18,MY,paid_social,
19861,2026-04-06,TH,paid_search,
19862,2026-05-04,TH,email,
19863,2026-08-15,MY,affiliate,SUMMER25
19864,2025-07-27,TH,direct,
19865,2025-10-20,MY,organic,
19866,2025-08-01,PH,paid_search,
19867,2026-08-29,TH,paid_social,
19868,2026-07-23,AU,direct,
19869,2025-07-29,VN,paid_search,
19870,2025-08-26,PH,paid_search,
19871,2025-11-19,TH,paid_social,WELCOME10
19872,2025-11-06,AU,paid_social,
19873,2026-04-03,TH,organic,
19874,2026-03-23,PH,paid_search,
19875,2026-01-07,TH,paid_search,FLASH50
19876,2025-09-26,TH,paid_search,
19877,2026-06-12,TH,organic,FLASH50
19878,2026-08-25,VN,paid_social,
19879,2026-06-07,LA,organic,
19880,2026-09-04,ID,organic,WELCOME10
19881,2026-10-31,VN,paid_search,
19882,2026-09-22,TH,organic,
19883,2026-06-13,JP,paid_social,SUMMER25
19884,2025-07-27,TH,paid_social,
19885,2025-12-26,MM,paid_social,
19886,2026-02-14,VN,organic,FLASH50
19887,2026-07-15,TH,organic,
19888,2026-09-25,TH,paid_social,
19889,2026-06-07,ID,organic,
19890,2026-01-10,AU,organic,FLASH50
19891,2026-08-24,ID,affiliate,
19892,2026-07-06,PH,organic,
19893,2026-08-30,JP,paid_search,
19894,2026-05-11,TH,organic,
19895,2026-06-10,MY,organic,
19896,2026-01-02,MY,email,WELCOME10
19897,2026-01-30,TH,affiliate,
19898,2025-11-25,VN,organic,
19899,2025-11-14,TH,organic,
19900,2026-06-13,ID,paid_search,
19901,2026-01-21,MY,paid_social,
19902,2025-09-10,PH,paid_social,
19903,2025-07-19,SG,organic,
19904,2026-10-02,MY,direct,
19905,2026-02-18,TH,affiliate,SUMMER25
19906,2026-05-04,PH,paid_social,
19907,2026-10-26,TH,email,WELCOME10
19908,2025-08-29,MY,organic,FLASH50
19909,2026-11-12,PH,organic,SUMMER25
19910,2026-07-10,SG,paid_search,
19911,2026-06-07,TH,organic,WELCOME10
19912,2026-02-15,TH,organic,
19913,2026-07-12,MY,email,FLASH50
19914,2025-10-17,TH,email,
19915,2025-12-09,TH,paid_search,
19916,2026-11-25,TH,paid_social,SUMMER25
19917,2025-11-24,SG,organic,WELCOME10
19918,2026-07-19,SG,organic,
19919,2026-11-08,MY,paid_search,
19920,2026-05-13,MY,paid_social,
19921,2025-12-06,MY,paid_social,FLASH50
19922,2026-09-26,TH,paid_social,
19923,2026-09-14,LA,email,
19924,2026-04-16,SG,organic,
19925,2025-08-31,PH,organic,
19926,2026-02-21,MY,organic,
19927,2026-02-16,TH,direct,
19928,2025-10-09,VN,paid_search,
19929,2026-01-31,TH,paid_search,
19930,2025-09-20,JP,direct,
19931,2026-07-05,MY,paid_search,
19932,2026-02-16,TH,paid_search,
19933,2026-07-25,SG,organic,FLASH50
19934,2026-03-01,VN,paid_search,
19935,2026-07-16,TH,paid_social,
19936,2026-07-26,TH,email,
19937,2025-09-24,MM,organic,
19938,2026-02-21,TH,paid_social,
19939,2026-08-04,TH,organic,FLASH50
19940,2026-05-13,TH,affiliate,
19941,2025-10-27,MY,organic,
19942,2026-09-17,MY,organic,
19943,2025-10-15,ID,paid_search,
19944,2026-12-12,AU,email,
19945,2026-07-12,TH,organic,WELCOME10
19946,2025-12-19,TH,organic,
19947,2025-10-12,TH,organic,
19948,2026-10-24,SG,direct,
19949,2026-04-06,TH,paid_search,
19950,2026-09-03,TH,direct,
19951,2026-09-17,PH,organic,FLASH50
19952,2025-08-06,TH,paid_search,
19953,2026-06-30,MM,paid_search,
19954,2025-12-26,MM,organic,
19955,2026-10-27,SG,paid_search,SUMMER25
19956,2025-10-25,KH,paid_search,
19957,2025-07-18,VN,organic,
19958,2026-06-20,TH,paid_search,
19959,2026-04-21,MY,paid_social,
19960,2026-04-22,TH,paid_search,
19961,2025-11-18,SG,paid_search,
19962,2026-03-21,PH,email,
19963,2026-11-26,MY,paid_social,
19964,2026-08-11,TH,paid_social,SUMMER25
19965,2026-12-07,ID,organic,
19966,2025-12-25,JP,affiliate,
19967,2026-10-07,TH,organic,
19968,2026-01-21,TH,organic,
19969,2026-11-11,TH,paid_search,
19970,2026-10-05,AU,email,
19971,2025-09-26,MY,organic,
19972,2026-12-01,TH,paid_search,
19973,2026-05-20,MY,organic,
19974,2026-08-18,SG,organic,
19975,2026-05-05,TH,paid_search,
19976,2025-10-24,KH,organic,
19977,2026-12-07,ID,affiliate,SUMMER25
19978,2025-08-30,TH,organic,
19979,2026-09-05,AU,paid_social,
19980,2025-10-20,TH,organic,
19981,2026-08-23,TH,organic,
19982,2026-02-11,SG,paid_search,
19983,2025-11-04,TH,paid_search,FLASH50
19984,2025-11-04,MY,organic,
19985,2025-12-18,TH,organic,
19986,2026-10-24,TH,organic,FLASH50
19987,2026-08-15,KR,affiliate,
19988,2026-06-23,TH,email,
19989,2026-06-01,TH,organic,
19990,2026-02-08,TH,organic,
19991,2026-10-24,PH,paid_search,
19992,2025-11-23,TH,paid_social,
19993,2026-11-15,TH,organic,
19994,2026-01-19,KH,organic,
19995,2025-12-29,TH,paid_social,
19996,2026-03-11,PH,paid_social,
19997,2026-08-03,MY,paid_search,
19998,2026-07-16,PH,paid_social,
19999,2026-08-13,TH,organic,
20000,2025-08-17,JP,paid_search,
